[0.035s] Invoking command in '/home/benongnuel/dev_ws/build/xarm_msgs': CMAKE_PREFIX_PATH=${CMAKE_PREFIX_PATH}:/home/benongnuel/dev_ws/install/uf_ros_lib:/home/benongnuel/dev_ws/install/my_gripper_scripts:/opt/ros/humble /usr/bin/cmake --build /home/benongnuel/dev_ws/build/xarm_msgs -- -j16 -l16
[0.361s] [  0%] Built target ament_cmake_python_symlink_xarm_msgs
[0.361s] [  0%] Built target xarm_msgs__cpp
[0.361s] [ 12%] Built target xarm_msgs__rosidl_generator_c
[0.362s] [35m[1mConsolidate compiler generated dependencies of target xarm_msgs__rosidl_typesupport_cpp[0m
[0.362s] [35m[1mConsolidate compiler generated dependencies of target xarm_msgs__rosidl_typesupport_introspection_cpp[0m
[0.362s] [35m[1mConsolidate compiler generated dependencies of target xarm_msgs__rosidl_typesupport_fastrtps_cpp[0m
[0.362s] [35m[1mConsolidate compiler generated dependencies of target xarm_msgs__rosidl_typesupport_c[0m
[0.362s] [35m[1mConsolidate compiler generated dependencies of target xarm_msgs__rosidl_typesupport_introspection_c[0m
[0.362s] [35m[1mConsolidate compiler generated dependencies of target xarm_msgs__rosidl_typesupport_fastrtps_c[0m
[0.362s] [ 25%] Built target xarm_msgs__rosidl_typesupport_c
[0.362s] [ 38%] Built target xarm_msgs__rosidl_typesupport_introspection_cpp
[0.362s] [ 51%] Built target xarm_msgs__rosidl_typesupport_introspection_c
[0.363s] [ 63%] Built target xarm_msgs__rosidl_typesupport_fastrtps_cpp
[0.363s] [ 75%] Built target xarm_msgs__rosidl_typesupport_cpp
[0.363s] [ 88%] Built target xarm_msgs__rosidl_typesupport_fastrtps_c
[0.363s] [ 88%] Built target xarm_msgs
[0.363s] [ 88%] Built target xarm_msgs__py
[0.363s] running egg_info
[0.363s] writing xarm_msgs.egg-info/PKG-INFO
[0.364s] writing dependency_links to xarm_msgs.egg-info/dependency_links.txt
[0.364s] writing top-level names to xarm_msgs.egg-info/top_level.txt
[0.364s] reading manifest file 'xarm_msgs.egg-info/SOURCES.txt'
[0.364s] writing manifest file 'xarm_msgs.egg-info/SOURCES.txt'
[0.364s] [35m[1mConsolidate compiler generated dependencies of target xarm_msgs__rosidl_generator_py[0m
[0.364s] [ 88%] Built target ament_cmake_python_build_xarm_msgs_egg
[0.364s] [100%] Built target xarm_msgs__rosidl_generator_py
[0.365s] [35m[1mConsolidate compiler generated dependencies of target xarm_msgs__rosidl_typesupport_fastrtps_c__pyext[0m
[0.365s] [35m[1mConsolidate compiler generated dependencies of target xarm_msgs__rosidl_typesupport_c__pyext[0m
[0.365s] [35m[1mConsolidate compiler generated dependencies of target xarm_msgs__rosidl_typesupport_introspection_c__pyext[0m
[0.365s] [100%] [32m[1mLinking C shared library rosidl_generator_py/xarm_msgs/xarm_msgs_s__rosidl_typesupport_fastrtps_c.cpython-310-x86_64-linux-gnu.so[0m
[0.365s] [100%] [32m[1mLinking C shared library rosidl_generator_py/xarm_msgs/xarm_msgs_s__rosidl_typesupport_c.cpython-310-x86_64-linux-gnu.so[0m
[0.365s] [100%] [32m[1mLinking C shared library rosidl_generator_py/xarm_msgs/xarm_msgs_s__rosidl_typesupport_introspection_c.cpython-310-x86_64-linux-gnu.so[0m
[0.365s] [100%] Built target xarm_msgs__rosidl_typesupport_c__pyext
[0.365s] [100%] Built target xarm_msgs__rosidl_typesupport_introspection_c__pyext
[0.366s] [100%] Built target xarm_msgs__rosidl_typesupport_fastrtps_c__pyext
[0.421s] Invoked command in '/home/benongnuel/dev_ws/build/xarm_msgs' returned '0': CMAKE_PREFIX_PATH=${CMAKE_PREFIX_PATH}:/home/benongnuel/dev_ws/install/uf_ros_lib:/home/benongnuel/dev_ws/install/my_gripper_scripts:/opt/ros/humble /usr/bin/cmake --build /home/benongnuel/dev_ws/build/xarm_msgs -- -j16 -l16
[0.429s] Invoking command in '/home/benongnuel/dev_ws/build/xarm_msgs': CMAKE_PREFIX_PATH=${CMAKE_PREFIX_PATH}:/home/benongnuel/dev_ws/install/uf_ros_lib:/home/benongnuel/dev_ws/install/my_gripper_scripts:/opt/ros/humble /usr/bin/cmake --install /home/benongnuel/dev_ws/build/xarm_msgs
[0.436s] -- Install configuration: ""
[0.436s] -- Execute custom install script
[0.436s] -- Symlinking: /home/benongnuel/dev_ws/install/xarm_msgs/share/ament_index/resource_index/rosidl_interfaces/xarm_msgs
[0.436s] -- Symlinking: /home/benongnuel/dev_ws/install/xarm_msgs/include/xarm_msgs/xarm_msgs/msg/cio_state.h
[0.436s] -- Symlinking: /home/benongnuel/dev_ws/install/xarm_msgs/include/xarm_msgs/xarm_msgs/msg/detail/cio_state__functions.h
[0.436s] -- Symlinking: /home/benongnuel/dev_ws/install/xarm_msgs/include/xarm_msgs/xarm_msgs/msg/detail/cio_state__struct.h
[0.436s] -- Symlinking: /home/benongnuel/dev_ws/install/xarm_msgs/include/xarm_msgs/xarm_msgs/msg/detail/cio_state__type_support.h
[0.438s] -- Symlinking: /home/benongnuel/dev_ws/install/xarm_msgs/include/xarm_msgs/xarm_msgs/msg/detail/io_state__functions.h
[0.447s] -- Symlinking: /home/benongnuel/dev_ws/install/xarm_msgs/include/xarm_msgs/xarm_msgs/msg/detail/io_state__struct.h
[0.457s] -- Symlinking: /home/benongnuel/dev_ws/install/xarm_msgs/include/xarm_msgs/xarm_msgs/msg/detail/io_state__type_support.h
[0.464s] -- Symlinking: /home/benongnuel/dev_ws/install/xarm_msgs/include/xarm_msgs/xarm_msgs/msg/detail/move_velocity__functions.h
[0.475s] -- Symlinking: /home/benongnuel/dev_ws/install/xarm_msgs/include/xarm_msgs/xarm_msgs/msg/detail/move_velocity__struct.h
[0.483s] -- Symlinking: /home/benongnuel/dev_ws/install/xarm_msgs/include/xarm_msgs/xarm_msgs/msg/detail/move_velocity__type_support.h
[0.492s] -- Symlinking: /home/benongnuel/dev_ws/install/xarm_msgs/include/xarm_msgs/xarm_msgs/msg/detail/robot_msg__functions.h
[0.498s] -- Symlinking: /home/benongnuel/dev_ws/install/xarm_msgs/include/xarm_msgs/xarm_msgs/msg/detail/robot_msg__struct.h
[0.504s] -- Symlinking: /home/benongnuel/dev_ws/install/xarm_msgs/include/xarm_msgs/xarm_msgs/msg/detail/robot_msg__type_support.h
[0.513s] -- Symlinking: /home/benongnuel/dev_ws/install/xarm_msgs/include/xarm_msgs/xarm_msgs/msg/io_state.h
[0.520s] -- Symlinking: /home/benongnuel/dev_ws/install/xarm_msgs/include/xarm_msgs/xarm_msgs/msg/move_velocity.h
[0.528s] -- Symlinking: /home/benongnuel/dev_ws/install/xarm_msgs/include/xarm_msgs/xarm_msgs/msg/robot_msg.h
[0.537s] -- Symlinking: /home/benongnuel/dev_ws/install/xarm_msgs/include/xarm_msgs/xarm_msgs/msg/rosidl_generator_c__visibility_control.h
[0.542s] -- Symlinking: /home/benongnuel/dev_ws/install/xarm_msgs/include/xarm_msgs/xarm_msgs/srv/bio_gripper_ctrl.h
[0.551s] -- Symlinking: /home/benongnuel/dev_ws/install/xarm_msgs/include/xarm_msgs/xarm_msgs/srv/bio_gripper_enable.h
[0.557s] -- Symlinking: /home/benongnuel/dev_ws/install/xarm_msgs/include/xarm_msgs/xarm_msgs/srv/call.h
[0.565s] -- Symlinking: /home/benongnuel/dev_ws/install/xarm_msgs/include/xarm_msgs/xarm_msgs/srv/detail/bio_gripper_ctrl__functions.h
[0.572s] -- Symlinking: /home/benongnuel/dev_ws/install/xarm_msgs/include/xarm_msgs/xarm_msgs/srv/detail/bio_gripper_ctrl__struct.h
[0.578s] -- Symlinking: /home/benongnuel/dev_ws/install/xarm_msgs/include/xarm_msgs/xarm_msgs/srv/detail/bio_gripper_ctrl__type_support.h
[0.588s] -- Symlinking: /home/benongnuel/dev_ws/install/xarm_msgs/include/xarm_msgs/xarm_msgs/srv/detail/bio_gripper_enable__functions.h
[0.594s] -- Symlinking: /home/benongnuel/dev_ws/install/xarm_msgs/include/xarm_msgs/xarm_msgs/srv/detail/bio_gripper_enable__struct.h
[0.603s] -- Symlinking: /home/benongnuel/dev_ws/install/xarm_msgs/include/xarm_msgs/xarm_msgs/srv/detail/bio_gripper_enable__type_support.h
[0.611s] -- Symlinking: /home/benongnuel/dev_ws/install/xarm_msgs/include/xarm_msgs/xarm_msgs/srv/detail/call__functions.h
[0.618s] -- Symlinking: /home/benongnuel/dev_ws/install/xarm_msgs/include/xarm_msgs/xarm_msgs/srv/detail/call__struct.h
[0.625s] -- Symlinking: /home/benongnuel/dev_ws/install/xarm_msgs/include/xarm_msgs/xarm_msgs/srv/detail/call__type_support.h
[0.635s] -- Symlinking: /home/benongnuel/dev_ws/install/xarm_msgs/include/xarm_msgs/xarm_msgs/srv/detail/ft_cali_load__functions.h
[0.643s] -- Symlinking: /home/benongnuel/dev_ws/install/xarm_msgs/include/xarm_msgs/xarm_msgs/srv/detail/ft_cali_load__struct.h
[0.652s] -- Symlinking: /home/benongnuel/dev_ws/install/xarm_msgs/include/xarm_msgs/xarm_msgs/srv/detail/ft_cali_load__type_support.h
[0.658s] -- Symlinking: /home/benongnuel/dev_ws/install/xarm_msgs/include/xarm_msgs/xarm_msgs/srv/detail/ft_force_config__functions.h
[0.667s] -- Symlinking: /home/benongnuel/dev_ws/install/xarm_msgs/include/xarm_msgs/xarm_msgs/srv/detail/ft_force_config__struct.h
[0.673s] -- Symlinking: /home/benongnuel/dev_ws/install/xarm_msgs/include/xarm_msgs/xarm_msgs/srv/detail/ft_force_config__type_support.h
[0.681s] -- Symlinking: /home/benongnuel/dev_ws/install/xarm_msgs/include/xarm_msgs/xarm_msgs/srv/detail/ft_force_pid__functions.h
[0.687s] -- Symlinking: /home/benongnuel/dev_ws/install/xarm_msgs/include/xarm_msgs/xarm_msgs/srv/detail/ft_force_pid__struct.h
[0.696s] -- Symlinking: /home/benongnuel/dev_ws/install/xarm_msgs/include/xarm_msgs/xarm_msgs/srv/detail/ft_force_pid__type_support.h
[0.702s] -- Symlinking: /home/benongnuel/dev_ws/install/xarm_msgs/include/xarm_msgs/xarm_msgs/srv/detail/ft_impedance__functions.h
[0.709s] -- Symlinking: /home/benongnuel/dev_ws/install/xarm_msgs/include/xarm_msgs/xarm_msgs/srv/detail/ft_impedance__struct.h
[0.717s] -- Symlinking: /home/benongnuel/dev_ws/install/xarm_msgs/include/xarm_msgs/xarm_msgs/srv/detail/ft_impedance__type_support.h
[0.725s] -- Symlinking: /home/benongnuel/dev_ws/install/xarm_msgs/include/xarm_msgs/xarm_msgs/srv/detail/get_analog_io__functions.h
[0.732s] -- Symlinking: /home/benongnuel/dev_ws/install/xarm_msgs/include/xarm_msgs/xarm_msgs/srv/detail/get_analog_io__struct.h
[0.740s] -- Symlinking: /home/benongnuel/dev_ws/install/xarm_msgs/include/xarm_msgs/xarm_msgs/srv/detail/get_analog_io__type_support.h
[0.748s] -- Symlinking: /home/benongnuel/dev_ws/install/xarm_msgs/include/xarm_msgs/xarm_msgs/srv/detail/get_digital_io__functions.h
[0.755s] -- Symlinking: /home/benongnuel/dev_ws/install/xarm_msgs/include/xarm_msgs/xarm_msgs/srv/detail/get_digital_io__struct.h
[0.763s] -- Symlinking: /home/benongnuel/dev_ws/install/xarm_msgs/include/xarm_msgs/xarm_msgs/srv/detail/get_digital_io__type_support.h
[0.771s] -- Symlinking: /home/benongnuel/dev_ws/install/xarm_msgs/include/xarm_msgs/xarm_msgs/srv/detail/get_float32__functions.h
[0.779s] -- Symlinking: /home/benongnuel/dev_ws/install/xarm_msgs/include/xarm_msgs/xarm_msgs/srv/detail/get_float32__struct.h
[0.785s] -- Symlinking: /home/benongnuel/dev_ws/install/xarm_msgs/include/xarm_msgs/xarm_msgs/srv/detail/get_float32__type_support.h
[0.794s] -- Symlinking: /home/benongnuel/dev_ws/install/xarm_msgs/include/xarm_msgs/xarm_msgs/srv/detail/get_float32_list__functions.h
[0.801s] -- Symlinking: /home/benongnuel/dev_ws/install/xarm_msgs/include/xarm_msgs/xarm_msgs/srv/detail/get_float32_list__struct.h
[0.808s] -- Symlinking: /home/benongnuel/dev_ws/install/xarm_msgs/include/xarm_msgs/xarm_msgs/srv/detail/get_float32_list__type_support.h
[0.815s] -- Symlinking: /home/benongnuel/dev_ws/install/xarm_msgs/include/xarm_msgs/xarm_msgs/srv/detail/get_int16__functions.h
[0.823s] -- Symlinking: /home/benongnuel/dev_ws/install/xarm_msgs/include/xarm_msgs/xarm_msgs/srv/detail/get_int16__struct.h
[0.830s] -- Symlinking: /home/benongnuel/dev_ws/install/xarm_msgs/include/xarm_msgs/xarm_msgs/srv/detail/get_int16__type_support.h
[0.839s] -- Symlinking: /home/benongnuel/dev_ws/install/xarm_msgs/include/xarm_msgs/xarm_msgs/srv/detail/get_int16_list__functions.h
[0.846s] -- Symlinking: /home/benongnuel/dev_ws/install/xarm_msgs/include/xarm_msgs/xarm_msgs/srv/detail/get_int16_list__struct.h
[0.851s] -- Symlinking: /home/benongnuel/dev_ws/install/xarm_msgs/include/xarm_msgs/xarm_msgs/srv/detail/get_int16_list__type_support.h
[0.858s] -- Symlinking: /home/benongnuel/dev_ws/install/xarm_msgs/include/xarm_msgs/xarm_msgs/srv/detail/get_int32__functions.h
[0.864s] -- Symlinking: /home/benongnuel/dev_ws/install/xarm_msgs/include/xarm_msgs/xarm_msgs/srv/detail/get_int32__struct.h
[0.871s] -- Symlinking: /home/benongnuel/dev_ws/install/xarm_msgs/include/xarm_msgs/xarm_msgs/srv/detail/get_int32__type_support.h
[0.878s] -- Symlinking: /home/benongnuel/dev_ws/install/xarm_msgs/include/xarm_msgs/xarm_msgs/srv/detail/get_int32_by_type__functions.h
[0.885s] -- Symlinking: /home/benongnuel/dev_ws/install/xarm_msgs/include/xarm_msgs/xarm_msgs/srv/detail/get_int32_by_type__struct.h
[0.891s] -- Symlinking: /home/benongnuel/dev_ws/install/xarm_msgs/include/xarm_msgs/xarm_msgs/srv/detail/get_int32_by_type__type_support.h
[0.897s] -- Symlinking: /home/benongnuel/dev_ws/install/xarm_msgs/include/xarm_msgs/xarm_msgs/srv/detail/get_set_modbus_data__functions.h
[0.905s] -- Symlinking: /home/benongnuel/dev_ws/install/xarm_msgs/include/xarm_msgs/xarm_msgs/srv/detail/get_set_modbus_data__struct.h
[0.912s] -- Symlinking: /home/benongnuel/dev_ws/install/xarm_msgs/include/xarm_msgs/xarm_msgs/srv/detail/get_set_modbus_data__type_support.h
[0.920s] -- Symlinking: /home/benongnuel/dev_ws/install/xarm_msgs/include/xarm_msgs/xarm_msgs/srv/detail/gripper_move__functions.h
[0.927s] -- Symlinking: /home/benongnuel/dev_ws/install/xarm_msgs/include/xarm_msgs/xarm_msgs/srv/detail/gripper_move__struct.h
[0.932s] -- Symlinking: /home/benongnuel/dev_ws/install/xarm_msgs/include/xarm_msgs/xarm_msgs/srv/detail/gripper_move__type_support.h
[0.940s] -- Symlinking: /home/benongnuel/dev_ws/install/xarm_msgs/include/xarm_msgs/xarm_msgs/srv/detail/iden_load__functions.h
[0.946s] -- Symlinking: /home/benongnuel/dev_ws/install/xarm_msgs/include/xarm_msgs/xarm_msgs/srv/detail/iden_load__struct.h
[0.954s] -- Symlinking: /home/benongnuel/dev_ws/install/xarm_msgs/include/xarm_msgs/xarm_msgs/srv/detail/iden_load__type_support.h
[0.959s] -- Symlinking: /home/benongnuel/dev_ws/install/xarm_msgs/include/xarm_msgs/xarm_msgs/srv/detail/linear_track_back_origin__functions.h
[0.964s] -- Symlinking: /home/benongnuel/dev_ws/install/xarm_msgs/include/xarm_msgs/xarm_msgs/srv/detail/linear_track_back_origin__struct.h
[0.971s] -- Symlinking: /home/benongnuel/dev_ws/install/xarm_msgs/include/xarm_msgs/xarm_msgs/srv/detail/linear_track_back_origin__type_support.h
[0.976s] -- Symlinking: /home/benongnuel/dev_ws/install/xarm_msgs/include/xarm_msgs/xarm_msgs/srv/detail/linear_track_set_pos__functions.h
[0.981s] -- Symlinking: /home/benongnuel/dev_ws/install/xarm_msgs/include/xarm_msgs/xarm_msgs/srv/detail/linear_track_set_pos__struct.h
[0.988s] -- Symlinking: /home/benongnuel/dev_ws/install/xarm_msgs/include/xarm_msgs/xarm_msgs/srv/detail/linear_track_set_pos__type_support.h
[0.994s] -- Symlinking: /home/benongnuel/dev_ws/install/xarm_msgs/include/xarm_msgs/xarm_msgs/srv/detail/move_cartesian__functions.h
[1.002s] -- Symlinking: /home/benongnuel/dev_ws/install/xarm_msgs/include/xarm_msgs/xarm_msgs/srv/detail/move_cartesian__struct.h
[1.007s] -- Symlinking: /home/benongnuel/dev_ws/install/xarm_msgs/include/xarm_msgs/xarm_msgs/srv/detail/move_cartesian__type_support.h
[1.015s] -- Symlinking: /home/benongnuel/dev_ws/install/xarm_msgs/include/xarm_msgs/xarm_msgs/srv/detail/move_circle__functions.h
[1.022s] -- Symlinking: /home/benongnuel/dev_ws/install/xarm_msgs/include/xarm_msgs/xarm_msgs/srv/detail/move_circle__struct.h
[1.028s] -- Symlinking: /home/benongnuel/dev_ws/install/xarm_msgs/include/xarm_msgs/xarm_msgs/srv/detail/move_circle__type_support.h
[1.036s] -- Symlinking: /home/benongnuel/dev_ws/install/xarm_msgs/include/xarm_msgs/xarm_msgs/srv/detail/move_home__functions.h
[1.044s] -- Symlinking: /home/benongnuel/dev_ws/install/xarm_msgs/include/xarm_msgs/xarm_msgs/srv/detail/move_home__struct.h
[1.052s] -- Symlinking: /home/benongnuel/dev_ws/install/xarm_msgs/include/xarm_msgs/xarm_msgs/srv/detail/move_home__type_support.h
[1.059s] -- Symlinking: /home/benongnuel/dev_ws/install/xarm_msgs/include/xarm_msgs/xarm_msgs/srv/detail/move_joint__functions.h
[1.066s] -- Symlinking: /home/benongnuel/dev_ws/install/xarm_msgs/include/xarm_msgs/xarm_msgs/srv/detail/move_joint__struct.h
[1.075s] -- Symlinking: /home/benongnuel/dev_ws/install/xarm_msgs/include/xarm_msgs/xarm_msgs/srv/detail/move_joint__type_support.h
[1.082s] -- Symlinking: /home/benongnuel/dev_ws/install/xarm_msgs/include/xarm_msgs/xarm_msgs/srv/detail/move_velocity__functions.h
[1.090s] -- Symlinking: /home/benongnuel/dev_ws/install/xarm_msgs/include/xarm_msgs/xarm_msgs/srv/detail/move_velocity__struct.h
[1.099s] -- Symlinking: /home/benongnuel/dev_ws/install/xarm_msgs/include/xarm_msgs/xarm_msgs/srv/detail/move_velocity__type_support.h
[1.107s] -- Symlinking: /home/benongnuel/dev_ws/install/xarm_msgs/include/xarm_msgs/xarm_msgs/srv/detail/plan_exec__functions.h
[1.114s] -- Symlinking: /home/benongnuel/dev_ws/install/xarm_msgs/include/xarm_msgs/xarm_msgs/srv/detail/plan_exec__struct.h
[1.122s] -- Symlinking: /home/benongnuel/dev_ws/install/xarm_msgs/include/xarm_msgs/xarm_msgs/srv/detail/plan_exec__type_support.h
[1.130s] -- Symlinking: /home/benongnuel/dev_ws/install/xarm_msgs/include/xarm_msgs/xarm_msgs/srv/detail/plan_joint__functions.h
[1.136s] -- Symlinking: /home/benongnuel/dev_ws/install/xarm_msgs/include/xarm_msgs/xarm_msgs/srv/detail/plan_joint__struct.h
[1.143s] -- Symlinking: /home/benongnuel/dev_ws/install/xarm_msgs/include/xarm_msgs/xarm_msgs/srv/detail/plan_joint__type_support.h
[1.149s] -- Symlinking: /home/benongnuel/dev_ws/install/xarm_msgs/include/xarm_msgs/xarm_msgs/srv/detail/plan_pose__functions.h
[1.155s] -- Symlinking: /home/benongnuel/dev_ws/install/xarm_msgs/include/xarm_msgs/xarm_msgs/srv/detail/plan_pose__struct.h
[1.164s] -- Symlinking: /home/benongnuel/dev_ws/install/xarm_msgs/include/xarm_msgs/xarm_msgs/srv/detail/plan_pose__type_support.h
[1.171s] -- Symlinking: /home/benongnuel/dev_ws/install/xarm_msgs/include/xarm_msgs/xarm_msgs/srv/detail/plan_single_straight__functions.h
[1.179s] -- Symlinking: /home/benongnuel/dev_ws/install/xarm_msgs/include/xarm_msgs/xarm_msgs/srv/detail/plan_single_straight__struct.h
[1.186s] -- Symlinking: /home/benongnuel/dev_ws/install/xarm_msgs/include/xarm_msgs/xarm_msgs/srv/detail/plan_single_straight__type_support.h
[1.194s] -- Symlinking: /home/benongnuel/dev_ws/install/xarm_msgs/include/xarm_msgs/xarm_msgs/srv/detail/robotiq_activate__functions.h
[1.202s] -- Symlinking: /home/benongnuel/dev_ws/install/xarm_msgs/include/xarm_msgs/xarm_msgs/srv/detail/robotiq_activate__struct.h
[1.210s] -- Symlinking: /home/benongnuel/dev_ws/install/xarm_msgs/include/xarm_msgs/xarm_msgs/srv/detail/robotiq_activate__type_support.h
[1.216s] -- Symlinking: /home/benongnuel/dev_ws/install/xarm_msgs/include/xarm_msgs/xarm_msgs/srv/detail/robotiq_get_status__functions.h
[1.223s] -- Symlinking: /home/benongnuel/dev_ws/install/xarm_msgs/include/xarm_msgs/xarm_msgs/srv/detail/robotiq_get_status__struct.h
[1.229s] -- Symlinking: /home/benongnuel/dev_ws/install/xarm_msgs/include/xarm_msgs/xarm_msgs/srv/detail/robotiq_get_status__type_support.h
[1.237s] -- Symlinking: /home/benongnuel/dev_ws/install/xarm_msgs/include/xarm_msgs/xarm_msgs/srv/detail/robotiq_move__functions.h
[1.242s] -- Symlinking: /home/benongnuel/dev_ws/install/xarm_msgs/include/xarm_msgs/xarm_msgs/srv/detail/robotiq_move__struct.h
[1.248s] -- Symlinking: /home/benongnuel/dev_ws/install/xarm_msgs/include/xarm_msgs/xarm_msgs/srv/detail/robotiq_move__type_support.h
[1.253s] -- Symlinking: /home/benongnuel/dev_ws/install/xarm_msgs/include/xarm_msgs/xarm_msgs/srv/detail/robotiq_reset__functions.h
[1.260s] -- Symlinking: /home/benongnuel/dev_ws/install/xarm_msgs/include/xarm_msgs/xarm_msgs/srv/detail/robotiq_reset__struct.h
[1.265s] -- Symlinking: /home/benongnuel/dev_ws/install/xarm_msgs/include/xarm_msgs/xarm_msgs/srv/detail/robotiq_reset__type_support.h
[1.272s] -- Symlinking: /home/benongnuel/dev_ws/install/xarm_msgs/include/xarm_msgs/xarm_msgs/srv/detail/set_analog_io__functions.h
[1.279s] -- Symlinking: /home/benongnuel/dev_ws/install/xarm_msgs/include/xarm_msgs/xarm_msgs/srv/detail/set_analog_io__struct.h
[1.284s] -- Symlinking: /home/benongnuel/dev_ws/install/xarm_msgs/include/xarm_msgs/xarm_msgs/srv/detail/set_analog_io__type_support.h
[1.289s] -- Symlinking: /home/benongnuel/dev_ws/install/xarm_msgs/include/xarm_msgs/xarm_msgs/srv/detail/set_digital_io__functions.h
[1.296s] -- Symlinking: /home/benongnuel/dev_ws/install/xarm_msgs/include/xarm_msgs/xarm_msgs/srv/detail/set_digital_io__struct.h
[1.303s] -- Symlinking: /home/benongnuel/dev_ws/install/xarm_msgs/include/xarm_msgs/xarm_msgs/srv/detail/set_digital_io__type_support.h
[1.310s] -- Symlinking: /home/benongnuel/dev_ws/install/xarm_msgs/include/xarm_msgs/xarm_msgs/srv/detail/set_float32__functions.h
[1.316s] -- Symlinking: /home/benongnuel/dev_ws/install/xarm_msgs/include/xarm_msgs/xarm_msgs/srv/detail/set_float32__struct.h
[1.321s] -- Symlinking: /home/benongnuel/dev_ws/install/xarm_msgs/include/xarm_msgs/xarm_msgs/srv/detail/set_float32__type_support.h
[1.328s] -- Symlinking: /home/benongnuel/dev_ws/install/xarm_msgs/include/xarm_msgs/xarm_msgs/srv/detail/set_float32_list__functions.h
[1.333s] -- Symlinking: /home/benongnuel/dev_ws/install/xarm_msgs/include/xarm_msgs/xarm_msgs/srv/detail/set_float32_list__struct.h
[1.338s] -- Symlinking: /home/benongnuel/dev_ws/install/xarm_msgs/include/xarm_msgs/xarm_msgs/srv/detail/set_float32_list__type_support.h
[1.344s] -- Symlinking: /home/benongnuel/dev_ws/install/xarm_msgs/include/xarm_msgs/xarm_msgs/srv/detail/set_int16__functions.h
[1.349s] -- Symlinking: /home/benongnuel/dev_ws/install/xarm_msgs/include/xarm_msgs/xarm_msgs/srv/detail/set_int16__struct.h
[1.357s] -- Symlinking: /home/benongnuel/dev_ws/install/xarm_msgs/include/xarm_msgs/xarm_msgs/srv/detail/set_int16__type_support.h
[1.364s] -- Symlinking: /home/benongnuel/dev_ws/install/xarm_msgs/include/xarm_msgs/xarm_msgs/srv/detail/set_int16_by_id__functions.h
[1.371s] -- Symlinking: /home/benongnuel/dev_ws/install/xarm_msgs/include/xarm_msgs/xarm_msgs/srv/detail/set_int16_by_id__struct.h
[1.378s] -- Symlinking: /home/benongnuel/dev_ws/install/xarm_msgs/include/xarm_msgs/xarm_msgs/srv/detail/set_int16_by_id__type_support.h
[1.385s] -- Symlinking: /home/benongnuel/dev_ws/install/xarm_msgs/include/xarm_msgs/xarm_msgs/srv/detail/set_int16_list__functions.h
[1.392s] -- Symlinking: /home/benongnuel/dev_ws/install/xarm_msgs/include/xarm_msgs/xarm_msgs/srv/detail/set_int16_list__struct.h
[1.397s] -- Symlinking: /home/benongnuel/dev_ws/install/xarm_msgs/include/xarm_msgs/xarm_msgs/srv/detail/set_int16_list__type_support.h
[1.403s] -- Symlinking: /home/benongnuel/dev_ws/install/xarm_msgs/include/xarm_msgs/xarm_msgs/srv/detail/set_int32__functions.h
[1.409s] -- Symlinking: /home/benongnuel/dev_ws/install/xarm_msgs/include/xarm_msgs/xarm_msgs/srv/detail/set_int32__struct.h
[1.414s] -- Symlinking: /home/benongnuel/dev_ws/install/xarm_msgs/include/xarm_msgs/xarm_msgs/srv/detail/set_int32__type_support.h
[1.419s] -- Symlinking: /home/benongnuel/dev_ws/install/xarm_msgs/include/xarm_msgs/xarm_msgs/srv/detail/set_int32_by_type__functions.h
[1.426s] -- Symlinking: /home/benongnuel/dev_ws/install/xarm_msgs/include/xarm_msgs/xarm_msgs/srv/detail/set_int32_by_type__struct.h
[1.432s] -- Symlinking: /home/benongnuel/dev_ws/install/xarm_msgs/include/xarm_msgs/xarm_msgs/srv/detail/set_int32_by_type__type_support.h
[1.438s] -- Symlinking: /home/benongnuel/dev_ws/install/xarm_msgs/include/xarm_msgs/xarm_msgs/srv/detail/set_modbus_timeout__functions.h
[1.444s] -- Symlinking: /home/benongnuel/dev_ws/install/xarm_msgs/include/xarm_msgs/xarm_msgs/srv/detail/set_modbus_timeout__struct.h
[1.452s] -- Symlinking: /home/benongnuel/dev_ws/install/xarm_msgs/include/xarm_msgs/xarm_msgs/srv/detail/set_modbus_timeout__type_support.h
[1.457s] -- Symlinking: /home/benongnuel/dev_ws/install/xarm_msgs/include/xarm_msgs/xarm_msgs/srv/detail/set_tcp_load__functions.h
[1.462s] -- Symlinking: /home/benongnuel/dev_ws/install/xarm_msgs/include/xarm_msgs/xarm_msgs/srv/detail/set_tcp_load__struct.h
[1.469s] -- Symlinking: /home/benongnuel/dev_ws/install/xarm_msgs/include/xarm_msgs/xarm_msgs/srv/detail/set_tcp_load__type_support.h
[1.475s] -- Symlinking: /home/benongnuel/dev_ws/install/xarm_msgs/include/xarm_msgs/xarm_msgs/srv/detail/traj_ctrl__functions.h
[1.483s] -- Symlinking: /home/benongnuel/dev_ws/install/xarm_msgs/include/xarm_msgs/xarm_msgs/srv/detail/traj_ctrl__struct.h
[1.490s] -- Symlinking: /home/benongnuel/dev_ws/install/xarm_msgs/include/xarm_msgs/xarm_msgs/srv/detail/traj_ctrl__type_support.h
[1.497s] -- Symlinking: /home/benongnuel/dev_ws/install/xarm_msgs/include/xarm_msgs/xarm_msgs/srv/detail/traj_play__functions.h
[1.505s] -- Symlinking: /home/benongnuel/dev_ws/install/xarm_msgs/include/xarm_msgs/xarm_msgs/srv/detail/traj_play__struct.h
[1.510s] -- Symlinking: /home/benongnuel/dev_ws/install/xarm_msgs/include/xarm_msgs/xarm_msgs/srv/detail/traj_play__type_support.h
[1.518s] -- Symlinking: /home/benongnuel/dev_ws/install/xarm_msgs/include/xarm_msgs/xarm_msgs/srv/detail/vacuum_gripper_ctrl__functions.h
[1.523s] -- Symlinking: /home/benongnuel/dev_ws/install/xarm_msgs/include/xarm_msgs/xarm_msgs/srv/detail/vacuum_gripper_ctrl__struct.h
[1.530s] -- Symlinking: /home/benongnuel/dev_ws/install/xarm_msgs/include/xarm_msgs/xarm_msgs/srv/detail/vacuum_gripper_ctrl__type_support.h
[1.535s] -- Symlinking: /home/benongnuel/dev_ws/install/xarm_msgs/include/xarm_msgs/xarm_msgs/srv/ft_cali_load.h
[1.541s] -- Symlinking: /home/benongnuel/dev_ws/install/xarm_msgs/include/xarm_msgs/xarm_msgs/srv/ft_force_config.h
[1.548s] -- Symlinking: /home/benongnuel/dev_ws/install/xarm_msgs/include/xarm_msgs/xarm_msgs/srv/ft_force_pid.h
[1.554s] -- Symlinking: /home/benongnuel/dev_ws/install/xarm_msgs/include/xarm_msgs/xarm_msgs/srv/ft_impedance.h
[1.562s] -- Symlinking: /home/benongnuel/dev_ws/install/xarm_msgs/include/xarm_msgs/xarm_msgs/srv/get_analog_io.h
[1.569s] -- Symlinking: /home/benongnuel/dev_ws/install/xarm_msgs/include/xarm_msgs/xarm_msgs/srv/get_digital_io.h
[1.574s] -- Symlinking: /home/benongnuel/dev_ws/install/xarm_msgs/include/xarm_msgs/xarm_msgs/srv/get_float32.h
[1.581s] -- Symlinking: /home/benongnuel/dev_ws/install/xarm_msgs/include/xarm_msgs/xarm_msgs/srv/get_float32_list.h
[1.586s] -- Symlinking: /home/benongnuel/dev_ws/install/xarm_msgs/include/xarm_msgs/xarm_msgs/srv/get_int16.h
[1.594s] -- Symlinking: /home/benongnuel/dev_ws/install/xarm_msgs/include/xarm_msgs/xarm_msgs/srv/get_int16_list.h
[1.600s] -- Symlinking: /home/benongnuel/dev_ws/install/xarm_msgs/include/xarm_msgs/xarm_msgs/srv/get_int32.h
[1.608s] -- Symlinking: /home/benongnuel/dev_ws/install/xarm_msgs/include/xarm_msgs/xarm_msgs/srv/get_int32_by_type.h
[1.614s] -- Symlinking: /home/benongnuel/dev_ws/install/xarm_msgs/include/xarm_msgs/xarm_msgs/srv/get_set_modbus_data.h
[1.619s] -- Symlinking: /home/benongnuel/dev_ws/install/xarm_msgs/include/xarm_msgs/xarm_msgs/srv/gripper_move.h
[1.625s] -- Symlinking: /home/benongnuel/dev_ws/install/xarm_msgs/include/xarm_msgs/xarm_msgs/srv/iden_load.h
[1.632s] -- Symlinking: /home/benongnuel/dev_ws/install/xarm_msgs/include/xarm_msgs/xarm_msgs/srv/linear_track_back_origin.h
[1.638s] -- Symlinking: /home/benongnuel/dev_ws/install/xarm_msgs/include/xarm_msgs/xarm_msgs/srv/linear_track_set_pos.h
[1.646s] -- Symlinking: /home/benongnuel/dev_ws/install/xarm_msgs/include/xarm_msgs/xarm_msgs/srv/move_cartesian.h
[1.651s] -- Symlinking: /home/benongnuel/dev_ws/install/xarm_msgs/include/xarm_msgs/xarm_msgs/srv/move_circle.h
[1.656s] -- Symlinking: /home/benongnuel/dev_ws/install/xarm_msgs/include/xarm_msgs/xarm_msgs/srv/move_home.h
[1.662s] -- Symlinking: /home/benongnuel/dev_ws/install/xarm_msgs/include/xarm_msgs/xarm_msgs/srv/move_joint.h
[1.668s] -- Symlinking: /home/benongnuel/dev_ws/install/xarm_msgs/include/xarm_msgs/xarm_msgs/srv/move_velocity.h
[1.673s] -- Symlinking: /home/benongnuel/dev_ws/install/xarm_msgs/include/xarm_msgs/xarm_msgs/srv/plan_exec.h
[1.679s] -- Symlinking: /home/benongnuel/dev_ws/install/xarm_msgs/include/xarm_msgs/xarm_msgs/srv/plan_joint.h
[1.687s] -- Symlinking: /home/benongnuel/dev_ws/install/xarm_msgs/include/xarm_msgs/xarm_msgs/srv/plan_pose.h
[1.696s] -- Symlinking: /home/benongnuel/dev_ws/install/xarm_msgs/include/xarm_msgs/xarm_msgs/srv/plan_single_straight.h
[1.704s] -- Symlinking: /home/benongnuel/dev_ws/install/xarm_msgs/include/xarm_msgs/xarm_msgs/srv/robotiq_activate.h
[1.711s] -- Symlinking: /home/benongnuel/dev_ws/install/xarm_msgs/include/xarm_msgs/xarm_msgs/srv/robotiq_get_status.h
[1.717s] -- Symlinking: /home/benongnuel/dev_ws/install/xarm_msgs/include/xarm_msgs/xarm_msgs/srv/robotiq_move.h
[1.724s] -- Symlinking: /home/benongnuel/dev_ws/install/xarm_msgs/include/xarm_msgs/xarm_msgs/srv/robotiq_reset.h
[1.732s] -- Symlinking: /home/benongnuel/dev_ws/install/xarm_msgs/include/xarm_msgs/xarm_msgs/srv/set_analog_io.h
[1.740s] -- Symlinking: /home/benongnuel/dev_ws/install/xarm_msgs/include/xarm_msgs/xarm_msgs/srv/set_digital_io.h
[1.747s] -- Symlinking: /home/benongnuel/dev_ws/install/xarm_msgs/include/xarm_msgs/xarm_msgs/srv/set_float32.h
[1.757s] -- Symlinking: /home/benongnuel/dev_ws/install/xarm_msgs/include/xarm_msgs/xarm_msgs/srv/set_float32_list.h
[1.764s] -- Symlinking: /home/benongnuel/dev_ws/install/xarm_msgs/include/xarm_msgs/xarm_msgs/srv/set_int16.h
[1.773s] -- Symlinking: /home/benongnuel/dev_ws/install/xarm_msgs/include/xarm_msgs/xarm_msgs/srv/set_int16_by_id.h
[1.779s] -- Symlinking: /home/benongnuel/dev_ws/install/xarm_msgs/include/xarm_msgs/xarm_msgs/srv/set_int16_list.h
[1.785s] -- Symlinking: /home/benongnuel/dev_ws/install/xarm_msgs/include/xarm_msgs/xarm_msgs/srv/set_int32.h
[1.792s] -- Symlinking: /home/benongnuel/dev_ws/install/xarm_msgs/include/xarm_msgs/xarm_msgs/srv/set_int32_by_type.h
[1.799s] -- Symlinking: /home/benongnuel/dev_ws/install/xarm_msgs/include/xarm_msgs/xarm_msgs/srv/set_modbus_timeout.h
[1.806s] -- Symlinking: /home/benongnuel/dev_ws/install/xarm_msgs/include/xarm_msgs/xarm_msgs/srv/set_tcp_load.h
[1.812s] -- Symlinking: /home/benongnuel/dev_ws/install/xarm_msgs/include/xarm_msgs/xarm_msgs/srv/traj_ctrl.h
[1.818s] -- Symlinking: /home/benongnuel/dev_ws/install/xarm_msgs/include/xarm_msgs/xarm_msgs/srv/traj_play.h
[1.824s] -- Symlinking: /home/benongnuel/dev_ws/install/xarm_msgs/include/xarm_msgs/xarm_msgs/srv/vacuum_gripper_ctrl.h
[1.832s] -- Symlinking: /home/benongnuel/dev_ws/install/xarm_msgs/share/xarm_msgs/environment/library_path.sh
[1.842s] -- Symlinking: /home/benongnuel/dev_ws/install/xarm_msgs/share/xarm_msgs/environment/library_path.dsv
[1.850s] -- Symlinking: /home/benongnuel/dev_ws/install/xarm_msgs/include/xarm_msgs/xarm_msgs/msg/detail/cio_state__rosidl_typesupport_fastrtps_c.h
[1.856s] -- Symlinking: /home/benongnuel/dev_ws/install/xarm_msgs/include/xarm_msgs/xarm_msgs/msg/detail/io_state__rosidl_typesupport_fastrtps_c.h
[1.861s] -- Symlinking: /home/benongnuel/dev_ws/install/xarm_msgs/include/xarm_msgs/xarm_msgs/msg/detail/move_velocity__rosidl_typesupport_fastrtps_c.h
[1.867s] -- Symlinking: /home/benongnuel/dev_ws/install/xarm_msgs/include/xarm_msgs/xarm_msgs/msg/detail/robot_msg__rosidl_typesupport_fastrtps_c.h
[1.874s] -- Symlinking: /home/benongnuel/dev_ws/install/xarm_msgs/include/xarm_msgs/xarm_msgs/msg/rosidl_typesupport_fastrtps_c__visibility_control.h
[1.881s] -- Symlinking: /home/benongnuel/dev_ws/install/xarm_msgs/include/xarm_msgs/xarm_msgs/srv/detail/bio_gripper_ctrl__rosidl_typesupport_fastrtps_c.h
[1.888s] -- Symlinking: /home/benongnuel/dev_ws/install/xarm_msgs/include/xarm_msgs/xarm_msgs/srv/detail/bio_gripper_enable__rosidl_typesupport_fastrtps_c.h
[1.893s] -- Symlinking: /home/benongnuel/dev_ws/install/xarm_msgs/include/xarm_msgs/xarm_msgs/srv/detail/call__rosidl_typesupport_fastrtps_c.h
[1.898s] -- Symlinking: /home/benongnuel/dev_ws/install/xarm_msgs/include/xarm_msgs/xarm_msgs/srv/detail/ft_cali_load__rosidl_typesupport_fastrtps_c.h
[1.906s] -- Symlinking: /home/benongnuel/dev_ws/install/xarm_msgs/include/xarm_msgs/xarm_msgs/srv/detail/ft_force_config__rosidl_typesupport_fastrtps_c.h
[1.913s] -- Symlinking: /home/benongnuel/dev_ws/install/xarm_msgs/include/xarm_msgs/xarm_msgs/srv/detail/ft_force_pid__rosidl_typesupport_fastrtps_c.h
[1.920s] -- Symlinking: /home/benongnuel/dev_ws/install/xarm_msgs/include/xarm_msgs/xarm_msgs/srv/detail/ft_impedance__rosidl_typesupport_fastrtps_c.h
[1.925s] -- Symlinking: /home/benongnuel/dev_ws/install/xarm_msgs/include/xarm_msgs/xarm_msgs/srv/detail/get_analog_io__rosidl_typesupport_fastrtps_c.h
[1.930s] -- Symlinking: /home/benongnuel/dev_ws/install/xarm_msgs/include/xarm_msgs/xarm_msgs/srv/detail/get_digital_io__rosidl_typesupport_fastrtps_c.h
[1.938s] -- Symlinking: /home/benongnuel/dev_ws/install/xarm_msgs/include/xarm_msgs/xarm_msgs/srv/detail/get_float32__rosidl_typesupport_fastrtps_c.h
[1.944s] -- Symlinking: /home/benongnuel/dev_ws/install/xarm_msgs/include/xarm_msgs/xarm_msgs/srv/detail/get_float32_list__rosidl_typesupport_fastrtps_c.h
[1.952s] -- Symlinking: /home/benongnuel/dev_ws/install/xarm_msgs/include/xarm_msgs/xarm_msgs/srv/detail/get_int16__rosidl_typesupport_fastrtps_c.h
[1.959s] -- Symlinking: /home/benongnuel/dev_ws/install/xarm_msgs/include/xarm_msgs/xarm_msgs/srv/detail/get_int16_list__rosidl_typesupport_fastrtps_c.h
[1.971s] -- Symlinking: /home/benongnuel/dev_ws/install/xarm_msgs/include/xarm_msgs/xarm_msgs/srv/detail/get_int32__rosidl_typesupport_fastrtps_c.h
[1.981s] -- Symlinking: /home/benongnuel/dev_ws/install/xarm_msgs/include/xarm_msgs/xarm_msgs/srv/detail/get_int32_by_type__rosidl_typesupport_fastrtps_c.h
[1.991s] -- Symlinking: /home/benongnuel/dev_ws/install/xarm_msgs/include/xarm_msgs/xarm_msgs/srv/detail/get_set_modbus_data__rosidl_typesupport_fastrtps_c.h
[1.999s] -- Symlinking: /home/benongnuel/dev_ws/install/xarm_msgs/include/xarm_msgs/xarm_msgs/srv/detail/gripper_move__rosidl_typesupport_fastrtps_c.h
[2.007s] -- Symlinking: /home/benongnuel/dev_ws/install/xarm_msgs/include/xarm_msgs/xarm_msgs/srv/detail/iden_load__rosidl_typesupport_fastrtps_c.h
[2.012s] -- Symlinking: /home/benongnuel/dev_ws/install/xarm_msgs/include/xarm_msgs/xarm_msgs/srv/detail/linear_track_back_origin__rosidl_typesupport_fastrtps_c.h
[2.018s] -- Symlinking: /home/benongnuel/dev_ws/install/xarm_msgs/include/xarm_msgs/xarm_msgs/srv/detail/linear_track_set_pos__rosidl_typesupport_fastrtps_c.h
[2.024s] -- Symlinking: /home/benongnuel/dev_ws/install/xarm_msgs/include/xarm_msgs/xarm_msgs/srv/detail/move_cartesian__rosidl_typesupport_fastrtps_c.h
[2.032s] -- Symlinking: /home/benongnuel/dev_ws/install/xarm_msgs/include/xarm_msgs/xarm_msgs/srv/detail/move_circle__rosidl_typesupport_fastrtps_c.h
[2.038s] -- Symlinking: /home/benongnuel/dev_ws/install/xarm_msgs/include/xarm_msgs/xarm_msgs/srv/detail/move_home__rosidl_typesupport_fastrtps_c.h
[2.045s] -- Symlinking: /home/benongnuel/dev_ws/install/xarm_msgs/include/xarm_msgs/xarm_msgs/srv/detail/move_joint__rosidl_typesupport_fastrtps_c.h
[2.051s] -- Symlinking: /home/benongnuel/dev_ws/install/xarm_msgs/include/xarm_msgs/xarm_msgs/srv/detail/move_velocity__rosidl_typesupport_fastrtps_c.h
[2.056s] -- Symlinking: /home/benongnuel/dev_ws/install/xarm_msgs/include/xarm_msgs/xarm_msgs/srv/detail/plan_exec__rosidl_typesupport_fastrtps_c.h
[2.065s] -- Symlinking: /home/benongnuel/dev_ws/install/xarm_msgs/include/xarm_msgs/xarm_msgs/srv/detail/plan_joint__rosidl_typesupport_fastrtps_c.h
[2.071s] -- Symlinking: /home/benongnuel/dev_ws/install/xarm_msgs/include/xarm_msgs/xarm_msgs/srv/detail/plan_pose__rosidl_typesupport_fastrtps_c.h
[2.077s] -- Symlinking: /home/benongnuel/dev_ws/install/xarm_msgs/include/xarm_msgs/xarm_msgs/srv/detail/plan_single_straight__rosidl_typesupport_fastrtps_c.h
[2.083s] -- Symlinking: /home/benongnuel/dev_ws/install/xarm_msgs/include/xarm_msgs/xarm_msgs/srv/detail/robotiq_activate__rosidl_typesupport_fastrtps_c.h
[2.088s] -- Symlinking: /home/benongnuel/dev_ws/install/xarm_msgs/include/xarm_msgs/xarm_msgs/srv/detail/robotiq_get_status__rosidl_typesupport_fastrtps_c.h
[2.094s] -- Symlinking: /home/benongnuel/dev_ws/install/xarm_msgs/include/xarm_msgs/xarm_msgs/srv/detail/robotiq_move__rosidl_typesupport_fastrtps_c.h
[2.101s] -- Symlinking: /home/benongnuel/dev_ws/install/xarm_msgs/include/xarm_msgs/xarm_msgs/srv/detail/robotiq_reset__rosidl_typesupport_fastrtps_c.h
[2.108s] -- Symlinking: /home/benongnuel/dev_ws/install/xarm_msgs/include/xarm_msgs/xarm_msgs/srv/detail/set_analog_io__rosidl_typesupport_fastrtps_c.h
[2.117s] -- Symlinking: /home/benongnuel/dev_ws/install/xarm_msgs/include/xarm_msgs/xarm_msgs/srv/detail/set_digital_io__rosidl_typesupport_fastrtps_c.h
[2.123s] -- Symlinking: /home/benongnuel/dev_ws/install/xarm_msgs/include/xarm_msgs/xarm_msgs/srv/detail/set_float32__rosidl_typesupport_fastrtps_c.h
[2.130s] -- Symlinking: /home/benongnuel/dev_ws/install/xarm_msgs/include/xarm_msgs/xarm_msgs/srv/detail/set_float32_list__rosidl_typesupport_fastrtps_c.h
[2.139s] -- Symlinking: /home/benongnuel/dev_ws/install/xarm_msgs/include/xarm_msgs/xarm_msgs/srv/detail/set_int16__rosidl_typesupport_fastrtps_c.h
[2.146s] -- Symlinking: /home/benongnuel/dev_ws/install/xarm_msgs/include/xarm_msgs/xarm_msgs/srv/detail/set_int16_by_id__rosidl_typesupport_fastrtps_c.h
[2.155s] -- Symlinking: /home/benongnuel/dev_ws/install/xarm_msgs/include/xarm_msgs/xarm_msgs/srv/detail/set_int16_list__rosidl_typesupport_fastrtps_c.h
[2.162s] -- Symlinking: /home/benongnuel/dev_ws/install/xarm_msgs/include/xarm_msgs/xarm_msgs/srv/detail/set_int32__rosidl_typesupport_fastrtps_c.h
[2.170s] -- Symlinking: /home/benongnuel/dev_ws/install/xarm_msgs/include/xarm_msgs/xarm_msgs/srv/detail/set_int32_by_type__rosidl_typesupport_fastrtps_c.h
[2.177s] -- Symlinking: /home/benongnuel/dev_ws/install/xarm_msgs/include/xarm_msgs/xarm_msgs/srv/detail/set_modbus_timeout__rosidl_typesupport_fastrtps_c.h
[2.182s] -- Symlinking: /home/benongnuel/dev_ws/install/xarm_msgs/include/xarm_msgs/xarm_msgs/srv/detail/set_tcp_load__rosidl_typesupport_fastrtps_c.h
[2.188s] -- Symlinking: /home/benongnuel/dev_ws/install/xarm_msgs/include/xarm_msgs/xarm_msgs/srv/detail/traj_ctrl__rosidl_typesupport_fastrtps_c.h
[2.195s] -- Symlinking: /home/benongnuel/dev_ws/install/xarm_msgs/include/xarm_msgs/xarm_msgs/srv/detail/traj_play__rosidl_typesupport_fastrtps_c.h
[2.203s] -- Symlinking: /home/benongnuel/dev_ws/install/xarm_msgs/include/xarm_msgs/xarm_msgs/srv/detail/vacuum_gripper_ctrl__rosidl_typesupport_fastrtps_c.h
[2.210s] -- Symlinking: /home/benongnuel/dev_ws/install/xarm_msgs/include/xarm_msgs/xarm_msgs/msg/cio_state.hpp
[2.217s] -- Symlinking: /home/benongnuel/dev_ws/install/xarm_msgs/include/xarm_msgs/xarm_msgs/msg/detail/cio_state__builder.hpp
[2.222s] -- Symlinking: /home/benongnuel/dev_ws/install/xarm_msgs/include/xarm_msgs/xarm_msgs/msg/detail/cio_state__struct.hpp
[2.228s] -- Symlinking: /home/benongnuel/dev_ws/install/xarm_msgs/include/xarm_msgs/xarm_msgs/msg/detail/cio_state__traits.hpp
[2.234s] -- Symlinking: /home/benongnuel/dev_ws/install/xarm_msgs/include/xarm_msgs/xarm_msgs/msg/detail/cio_state__type_support.hpp
[2.241s] -- Symlinking: /home/benongnuel/dev_ws/install/xarm_msgs/include/xarm_msgs/xarm_msgs/msg/detail/io_state__builder.hpp
[2.250s] -- Symlinking: /home/benongnuel/dev_ws/install/xarm_msgs/include/xarm_msgs/xarm_msgs/msg/detail/io_state__struct.hpp
[2.258s] -- Symlinking: /home/benongnuel/dev_ws/install/xarm_msgs/include/xarm_msgs/xarm_msgs/msg/detail/io_state__traits.hpp
[2.266s] -- Symlinking: /home/benongnuel/dev_ws/install/xarm_msgs/include/xarm_msgs/xarm_msgs/msg/detail/io_state__type_support.hpp
[2.273s] -- Symlinking: /home/benongnuel/dev_ws/install/xarm_msgs/include/xarm_msgs/xarm_msgs/msg/detail/move_velocity__builder.hpp
[2.278s] -- Symlinking: /home/benongnuel/dev_ws/install/xarm_msgs/include/xarm_msgs/xarm_msgs/msg/detail/move_velocity__struct.hpp
[2.286s] -- Symlinking: /home/benongnuel/dev_ws/install/xarm_msgs/include/xarm_msgs/xarm_msgs/msg/detail/move_velocity__traits.hpp
[2.292s] -- Symlinking: /home/benongnuel/dev_ws/install/xarm_msgs/include/xarm_msgs/xarm_msgs/msg/detail/move_velocity__type_support.hpp
[2.299s] -- Symlinking: /home/benongnuel/dev_ws/install/xarm_msgs/include/xarm_msgs/xarm_msgs/msg/detail/robot_msg__builder.hpp
[2.306s] -- Symlinking: /home/benongnuel/dev_ws/install/xarm_msgs/include/xarm_msgs/xarm_msgs/msg/detail/robot_msg__struct.hpp
[2.314s] -- Symlinking: /home/benongnuel/dev_ws/install/xarm_msgs/include/xarm_msgs/xarm_msgs/msg/detail/robot_msg__traits.hpp
[2.320s] -- Symlinking: /home/benongnuel/dev_ws/install/xarm_msgs/include/xarm_msgs/xarm_msgs/msg/detail/robot_msg__type_support.hpp
[2.326s] -- Symlinking: /home/benongnuel/dev_ws/install/xarm_msgs/include/xarm_msgs/xarm_msgs/msg/io_state.hpp
[2.333s] -- Symlinking: /home/benongnuel/dev_ws/install/xarm_msgs/include/xarm_msgs/xarm_msgs/msg/move_velocity.hpp
[2.339s] -- Symlinking: /home/benongnuel/dev_ws/install/xarm_msgs/include/xarm_msgs/xarm_msgs/msg/robot_msg.hpp
[2.345s] -- Symlinking: /home/benongnuel/dev_ws/install/xarm_msgs/include/xarm_msgs/xarm_msgs/msg/rosidl_generator_cpp__visibility_control.hpp
[2.350s] -- Symlinking: /home/benongnuel/dev_ws/install/xarm_msgs/include/xarm_msgs/xarm_msgs/srv/bio_gripper_ctrl.hpp
[2.355s] -- Symlinking: /home/benongnuel/dev_ws/install/xarm_msgs/include/xarm_msgs/xarm_msgs/srv/bio_gripper_enable.hpp
[2.363s] -- Symlinking: /home/benongnuel/dev_ws/install/xarm_msgs/include/xarm_msgs/xarm_msgs/srv/call.hpp
[2.369s] -- Symlinking: /home/benongnuel/dev_ws/install/xarm_msgs/include/xarm_msgs/xarm_msgs/srv/detail/bio_gripper_ctrl__builder.hpp
[2.377s] -- Symlinking: /home/benongnuel/dev_ws/install/xarm_msgs/include/xarm_msgs/xarm_msgs/srv/detail/bio_gripper_ctrl__struct.hpp
[2.383s] -- Symlinking: /home/benongnuel/dev_ws/install/xarm_msgs/include/xarm_msgs/xarm_msgs/srv/detail/bio_gripper_ctrl__traits.hpp
[2.388s] -- Symlinking: /home/benongnuel/dev_ws/install/xarm_msgs/include/xarm_msgs/xarm_msgs/srv/detail/bio_gripper_ctrl__type_support.hpp
[2.396s] -- Symlinking: /home/benongnuel/dev_ws/install/xarm_msgs/include/xarm_msgs/xarm_msgs/srv/detail/bio_gripper_enable__builder.hpp
[2.402s] -- Symlinking: /home/benongnuel/dev_ws/install/xarm_msgs/include/xarm_msgs/xarm_msgs/srv/detail/bio_gripper_enable__struct.hpp
[2.409s] -- Symlinking: /home/benongnuel/dev_ws/install/xarm_msgs/include/xarm_msgs/xarm_msgs/srv/detail/bio_gripper_enable__traits.hpp
[2.416s] -- Symlinking: /home/benongnuel/dev_ws/install/xarm_msgs/include/xarm_msgs/xarm_msgs/srv/detail/bio_gripper_enable__type_support.hpp
[2.423s] -- Symlinking: /home/benongnuel/dev_ws/install/xarm_msgs/include/xarm_msgs/xarm_msgs/srv/detail/call__builder.hpp
[2.430s] -- Symlinking: /home/benongnuel/dev_ws/install/xarm_msgs/include/xarm_msgs/xarm_msgs/srv/detail/call__struct.hpp
[2.435s] -- Symlinking: /home/benongnuel/dev_ws/install/xarm_msgs/include/xarm_msgs/xarm_msgs/srv/detail/call__traits.hpp
[2.441s] -- Symlinking: /home/benongnuel/dev_ws/install/xarm_msgs/include/xarm_msgs/xarm_msgs/srv/detail/call__type_support.hpp
[2.448s] -- Symlinking: /home/benongnuel/dev_ws/install/xarm_msgs/include/xarm_msgs/xarm_msgs/srv/detail/ft_cali_load__builder.hpp
[2.454s] -- Symlinking: /home/benongnuel/dev_ws/install/xarm_msgs/include/xarm_msgs/xarm_msgs/srv/detail/ft_cali_load__struct.hpp
[2.459s] -- Symlinking: /home/benongnuel/dev_ws/install/xarm_msgs/include/xarm_msgs/xarm_msgs/srv/detail/ft_cali_load__traits.hpp
[2.467s] -- Symlinking: /home/benongnuel/dev_ws/install/xarm_msgs/include/xarm_msgs/xarm_msgs/srv/detail/ft_cali_load__type_support.hpp
[2.475s] -- Symlinking: /home/benongnuel/dev_ws/install/xarm_msgs/include/xarm_msgs/xarm_msgs/srv/detail/ft_force_config__builder.hpp
[2.481s] -- Symlinking: /home/benongnuel/dev_ws/install/xarm_msgs/include/xarm_msgs/xarm_msgs/srv/detail/ft_force_config__struct.hpp
[2.490s] -- Symlinking: /home/benongnuel/dev_ws/install/xarm_msgs/include/xarm_msgs/xarm_msgs/srv/detail/ft_force_config__traits.hpp
[2.496s] -- Symlinking: /home/benongnuel/dev_ws/install/xarm_msgs/include/xarm_msgs/xarm_msgs/srv/detail/ft_force_config__type_support.hpp
[2.502s] -- Symlinking: /home/benongnuel/dev_ws/install/xarm_msgs/include/xarm_msgs/xarm_msgs/srv/detail/ft_force_pid__builder.hpp
[2.508s] -- Symlinking: /home/benongnuel/dev_ws/install/xarm_msgs/include/xarm_msgs/xarm_msgs/srv/detail/ft_force_pid__struct.hpp
[2.514s] -- Symlinking: /home/benongnuel/dev_ws/install/xarm_msgs/include/xarm_msgs/xarm_msgs/srv/detail/ft_force_pid__traits.hpp
[2.521s] -- Symlinking: /home/benongnuel/dev_ws/install/xarm_msgs/include/xarm_msgs/xarm_msgs/srv/detail/ft_force_pid__type_support.hpp
[2.528s] -- Symlinking: /home/benongnuel/dev_ws/install/xarm_msgs/include/xarm_msgs/xarm_msgs/srv/detail/ft_impedance__builder.hpp
[2.534s] -- Symlinking: /home/benongnuel/dev_ws/install/xarm_msgs/include/xarm_msgs/xarm_msgs/srv/detail/ft_impedance__struct.hpp
[2.539s] -- Symlinking: /home/benongnuel/dev_ws/install/xarm_msgs/include/xarm_msgs/xarm_msgs/srv/detail/ft_impedance__traits.hpp
[2.544s] -- Symlinking: /home/benongnuel/dev_ws/install/xarm_msgs/include/xarm_msgs/xarm_msgs/srv/detail/ft_impedance__type_support.hpp
[2.550s] -- Symlinking: /home/benongnuel/dev_ws/install/xarm_msgs/include/xarm_msgs/xarm_msgs/srv/detail/get_analog_io__builder.hpp
[2.556s] -- Symlinking: /home/benongnuel/dev_ws/install/xarm_msgs/include/xarm_msgs/xarm_msgs/srv/detail/get_analog_io__struct.hpp
[2.562s] -- Symlinking: /home/benongnuel/dev_ws/install/xarm_msgs/include/xarm_msgs/xarm_msgs/srv/detail/get_analog_io__traits.hpp
[2.567s] -- Symlinking: /home/benongnuel/dev_ws/install/xarm_msgs/include/xarm_msgs/xarm_msgs/srv/detail/get_analog_io__type_support.hpp
[2.572s] -- Symlinking: /home/benongnuel/dev_ws/install/xarm_msgs/include/xarm_msgs/xarm_msgs/srv/detail/get_digital_io__builder.hpp
[2.580s] -- Symlinking: /home/benongnuel/dev_ws/install/xarm_msgs/include/xarm_msgs/xarm_msgs/srv/detail/get_digital_io__struct.hpp
[2.588s] -- Symlinking: /home/benongnuel/dev_ws/install/xarm_msgs/include/xarm_msgs/xarm_msgs/srv/detail/get_digital_io__traits.hpp
[2.594s] -- Symlinking: /home/benongnuel/dev_ws/install/xarm_msgs/include/xarm_msgs/xarm_msgs/srv/detail/get_digital_io__type_support.hpp
[2.600s] -- Symlinking: /home/benongnuel/dev_ws/install/xarm_msgs/include/xarm_msgs/xarm_msgs/srv/detail/get_float32__builder.hpp
[2.608s] -- Symlinking: /home/benongnuel/dev_ws/install/xarm_msgs/include/xarm_msgs/xarm_msgs/srv/detail/get_float32__struct.hpp
[2.614s] -- Symlinking: /home/benongnuel/dev_ws/install/xarm_msgs/include/xarm_msgs/xarm_msgs/srv/detail/get_float32__traits.hpp
[2.621s] -- Symlinking: /home/benongnuel/dev_ws/install/xarm_msgs/include/xarm_msgs/xarm_msgs/srv/detail/get_float32__type_support.hpp
[2.626s] -- Symlinking: /home/benongnuel/dev_ws/install/xarm_msgs/include/xarm_msgs/xarm_msgs/srv/detail/get_float32_list__builder.hpp
[2.631s] -- Symlinking: /home/benongnuel/dev_ws/install/xarm_msgs/include/xarm_msgs/xarm_msgs/srv/detail/get_float32_list__struct.hpp
[2.637s] -- Symlinking: /home/benongnuel/dev_ws/install/xarm_msgs/include/xarm_msgs/xarm_msgs/srv/detail/get_float32_list__traits.hpp
[2.644s] -- Symlinking: /home/benongnuel/dev_ws/install/xarm_msgs/include/xarm_msgs/xarm_msgs/srv/detail/get_float32_list__type_support.hpp
[2.653s] -- Symlinking: /home/benongnuel/dev_ws/install/xarm_msgs/include/xarm_msgs/xarm_msgs/srv/detail/get_int16__builder.hpp
[2.660s] -- Symlinking: /home/benongnuel/dev_ws/install/xarm_msgs/include/xarm_msgs/xarm_msgs/srv/detail/get_int16__struct.hpp
[2.667s] -- Symlinking: /home/benongnuel/dev_ws/install/xarm_msgs/include/xarm_msgs/xarm_msgs/srv/detail/get_int16__traits.hpp
[2.675s] -- Symlinking: /home/benongnuel/dev_ws/install/xarm_msgs/include/xarm_msgs/xarm_msgs/srv/detail/get_int16__type_support.hpp
[2.683s] -- Symlinking: /home/benongnuel/dev_ws/install/xarm_msgs/include/xarm_msgs/xarm_msgs/srv/detail/get_int16_list__builder.hpp
[2.689s] -- Symlinking: /home/benongnuel/dev_ws/install/xarm_msgs/include/xarm_msgs/xarm_msgs/srv/detail/get_int16_list__struct.hpp
[2.696s] -- Symlinking: /home/benongnuel/dev_ws/install/xarm_msgs/include/xarm_msgs/xarm_msgs/srv/detail/get_int16_list__traits.hpp
[2.701s] -- Symlinking: /home/benongnuel/dev_ws/install/xarm_msgs/include/xarm_msgs/xarm_msgs/srv/detail/get_int16_list__type_support.hpp
[2.709s] -- Symlinking: /home/benongnuel/dev_ws/install/xarm_msgs/include/xarm_msgs/xarm_msgs/srv/detail/get_int32__builder.hpp
[2.718s] -- Symlinking: /home/benongnuel/dev_ws/install/xarm_msgs/include/xarm_msgs/xarm_msgs/srv/detail/get_int32__struct.hpp
[2.724s] -- Symlinking: /home/benongnuel/dev_ws/install/xarm_msgs/include/xarm_msgs/xarm_msgs/srv/detail/get_int32__traits.hpp
[2.729s] -- Symlinking: /home/benongnuel/dev_ws/install/xarm_msgs/include/xarm_msgs/xarm_msgs/srv/detail/get_int32__type_support.hpp
[2.736s] -- Symlinking: /home/benongnuel/dev_ws/install/xarm_msgs/include/xarm_msgs/xarm_msgs/srv/detail/get_int32_by_type__builder.hpp
[2.743s] -- Symlinking: /home/benongnuel/dev_ws/install/xarm_msgs/include/xarm_msgs/xarm_msgs/srv/detail/get_int32_by_type__struct.hpp
[2.750s] -- Symlinking: /home/benongnuel/dev_ws/install/xarm_msgs/include/xarm_msgs/xarm_msgs/srv/detail/get_int32_by_type__traits.hpp
[2.756s] -- Symlinking: /home/benongnuel/dev_ws/install/xarm_msgs/include/xarm_msgs/xarm_msgs/srv/detail/get_int32_by_type__type_support.hpp
[2.760s] -- Symlinking: /home/benongnuel/dev_ws/install/xarm_msgs/include/xarm_msgs/xarm_msgs/srv/detail/get_set_modbus_data__builder.hpp
[2.766s] -- Symlinking: /home/benongnuel/dev_ws/install/xarm_msgs/include/xarm_msgs/xarm_msgs/srv/detail/get_set_modbus_data__struct.hpp
[2.773s] -- Symlinking: /home/benongnuel/dev_ws/install/xarm_msgs/include/xarm_msgs/xarm_msgs/srv/detail/get_set_modbus_data__traits.hpp
[2.780s] -- Symlinking: /home/benongnuel/dev_ws/install/xarm_msgs/include/xarm_msgs/xarm_msgs/srv/detail/get_set_modbus_data__type_support.hpp
[2.788s] -- Symlinking: /home/benongnuel/dev_ws/install/xarm_msgs/include/xarm_msgs/xarm_msgs/srv/detail/gripper_move__builder.hpp
[2.794s] -- Symlinking: /home/benongnuel/dev_ws/install/xarm_msgs/include/xarm_msgs/xarm_msgs/srv/detail/gripper_move__struct.hpp
[2.800s] -- Symlinking: /home/benongnuel/dev_ws/install/xarm_msgs/include/xarm_msgs/xarm_msgs/srv/detail/gripper_move__traits.hpp
[2.807s] -- Symlinking: /home/benongnuel/dev_ws/install/xarm_msgs/include/xarm_msgs/xarm_msgs/srv/detail/gripper_move__type_support.hpp
[2.812s] -- Symlinking: /home/benongnuel/dev_ws/install/xarm_msgs/include/xarm_msgs/xarm_msgs/srv/detail/iden_load__builder.hpp
[2.821s] -- Symlinking: /home/benongnuel/dev_ws/install/xarm_msgs/include/xarm_msgs/xarm_msgs/srv/detail/iden_load__struct.hpp
[2.828s] -- Symlinking: /home/benongnuel/dev_ws/install/xarm_msgs/include/xarm_msgs/xarm_msgs/srv/detail/iden_load__traits.hpp
[2.836s] -- Symlinking: /home/benongnuel/dev_ws/install/xarm_msgs/include/xarm_msgs/xarm_msgs/srv/detail/iden_load__type_support.hpp
[2.842s] -- Symlinking: /home/benongnuel/dev_ws/install/xarm_msgs/include/xarm_msgs/xarm_msgs/srv/detail/linear_track_back_origin__builder.hpp
[2.848s] -- Symlinking: /home/benongnuel/dev_ws/install/xarm_msgs/include/xarm_msgs/xarm_msgs/srv/detail/linear_track_back_origin__struct.hpp
[2.854s] -- Symlinking: /home/benongnuel/dev_ws/install/xarm_msgs/include/xarm_msgs/xarm_msgs/srv/detail/linear_track_back_origin__traits.hpp
[2.860s] -- Symlinking: /home/benongnuel/dev_ws/install/xarm_msgs/include/xarm_msgs/xarm_msgs/srv/detail/linear_track_back_origin__type_support.hpp
[2.866s] -- Symlinking: /home/benongnuel/dev_ws/install/xarm_msgs/include/xarm_msgs/xarm_msgs/srv/detail/linear_track_set_pos__builder.hpp
[2.872s] -- Symlinking: /home/benongnuel/dev_ws/install/xarm_msgs/include/xarm_msgs/xarm_msgs/srv/detail/linear_track_set_pos__struct.hpp
[2.877s] -- Symlinking: /home/benongnuel/dev_ws/install/xarm_msgs/include/xarm_msgs/xarm_msgs/srv/detail/linear_track_set_pos__traits.hpp
[2.888s] -- Symlinking: /home/benongnuel/dev_ws/install/xarm_msgs/include/xarm_msgs/xarm_msgs/srv/detail/linear_track_set_pos__type_support.hpp
[2.898s] -- Symlinking: /home/benongnuel/dev_ws/install/xarm_msgs/include/xarm_msgs/xarm_msgs/srv/detail/move_cartesian__builder.hpp
[2.904s] -- Symlinking: /home/benongnuel/dev_ws/install/xarm_msgs/include/xarm_msgs/xarm_msgs/srv/detail/move_cartesian__struct.hpp
[2.912s] -- Symlinking: /home/benongnuel/dev_ws/install/xarm_msgs/include/xarm_msgs/xarm_msgs/srv/detail/move_cartesian__traits.hpp
[2.919s] -- Symlinking: /home/benongnuel/dev_ws/install/xarm_msgs/include/xarm_msgs/xarm_msgs/srv/detail/move_cartesian__type_support.hpp
[2.925s] -- Symlinking: /home/benongnuel/dev_ws/install/xarm_msgs/include/xarm_msgs/xarm_msgs/srv/detail/move_circle__builder.hpp
[2.932s] -- Symlinking: /home/benongnuel/dev_ws/install/xarm_msgs/include/xarm_msgs/xarm_msgs/srv/detail/move_circle__struct.hpp
[2.937s] -- Symlinking: /home/benongnuel/dev_ws/install/xarm_msgs/include/xarm_msgs/xarm_msgs/srv/detail/move_circle__traits.hpp
[2.944s] -- Symlinking: /home/benongnuel/dev_ws/install/xarm_msgs/include/xarm_msgs/xarm_msgs/srv/detail/move_circle__type_support.hpp
[2.950s] -- Symlinking: /home/benongnuel/dev_ws/install/xarm_msgs/include/xarm_msgs/xarm_msgs/srv/detail/move_home__builder.hpp
[2.956s] -- Symlinking: /home/benongnuel/dev_ws/install/xarm_msgs/include/xarm_msgs/xarm_msgs/srv/detail/move_home__struct.hpp
[2.961s] -- Symlinking: /home/benongnuel/dev_ws/install/xarm_msgs/include/xarm_msgs/xarm_msgs/srv/detail/move_home__traits.hpp
[2.966s] -- Symlinking: /home/benongnuel/dev_ws/install/xarm_msgs/include/xarm_msgs/xarm_msgs/srv/detail/move_home__type_support.hpp
[2.972s] -- Symlinking: /home/benongnuel/dev_ws/install/xarm_msgs/include/xarm_msgs/xarm_msgs/srv/detail/move_joint__builder.hpp
[2.979s] -- Symlinking: /home/benongnuel/dev_ws/install/xarm_msgs/include/xarm_msgs/xarm_msgs/srv/detail/move_joint__struct.hpp
[2.985s] -- Symlinking: /home/benongnuel/dev_ws/install/xarm_msgs/include/xarm_msgs/xarm_msgs/srv/detail/move_joint__traits.hpp
[2.992s] -- Symlinking: /home/benongnuel/dev_ws/install/xarm_msgs/include/xarm_msgs/xarm_msgs/srv/detail/move_joint__type_support.hpp
[3.000s] -- Symlinking: /home/benongnuel/dev_ws/install/xarm_msgs/include/xarm_msgs/xarm_msgs/srv/detail/move_velocity__builder.hpp
[3.005s] -- Symlinking: /home/benongnuel/dev_ws/install/xarm_msgs/include/xarm_msgs/xarm_msgs/srv/detail/move_velocity__struct.hpp
[3.011s] -- Symlinking: /home/benongnuel/dev_ws/install/xarm_msgs/include/xarm_msgs/xarm_msgs/srv/detail/move_velocity__traits.hpp
[3.018s] -- Symlinking: /home/benongnuel/dev_ws/install/xarm_msgs/include/xarm_msgs/xarm_msgs/srv/detail/move_velocity__type_support.hpp
[3.027s] -- Symlinking: /home/benongnuel/dev_ws/install/xarm_msgs/include/xarm_msgs/xarm_msgs/srv/detail/plan_exec__builder.hpp
[3.035s] -- Symlinking: /home/benongnuel/dev_ws/install/xarm_msgs/include/xarm_msgs/xarm_msgs/srv/detail/plan_exec__struct.hpp
[3.043s] -- Symlinking: /home/benongnuel/dev_ws/install/xarm_msgs/include/xarm_msgs/xarm_msgs/srv/detail/plan_exec__traits.hpp
[3.049s] -- Symlinking: /home/benongnuel/dev_ws/install/xarm_msgs/include/xarm_msgs/xarm_msgs/srv/detail/plan_exec__type_support.hpp
[3.054s] -- Symlinking: /home/benongnuel/dev_ws/install/xarm_msgs/include/xarm_msgs/xarm_msgs/srv/detail/plan_joint__builder.hpp
[3.061s] -- Symlinking: /home/benongnuel/dev_ws/install/xarm_msgs/include/xarm_msgs/xarm_msgs/srv/detail/plan_joint__struct.hpp
[3.067s] -- Symlinking: /home/benongnuel/dev_ws/install/xarm_msgs/include/xarm_msgs/xarm_msgs/srv/detail/plan_joint__traits.hpp
[3.075s] -- Symlinking: /home/benongnuel/dev_ws/install/xarm_msgs/include/xarm_msgs/xarm_msgs/srv/detail/plan_joint__type_support.hpp
[3.084s] -- Symlinking: /home/benongnuel/dev_ws/install/xarm_msgs/include/xarm_msgs/xarm_msgs/srv/detail/plan_pose__builder.hpp
[3.090s] -- Symlinking: /home/benongnuel/dev_ws/install/xarm_msgs/include/xarm_msgs/xarm_msgs/srv/detail/plan_pose__struct.hpp
[3.098s] -- Symlinking: /home/benongnuel/dev_ws/install/xarm_msgs/include/xarm_msgs/xarm_msgs/srv/detail/plan_pose__traits.hpp
[3.105s] -- Symlinking: /home/benongnuel/dev_ws/install/xarm_msgs/include/xarm_msgs/xarm_msgs/srv/detail/plan_pose__type_support.hpp
[3.114s] -- Symlinking: /home/benongnuel/dev_ws/install/xarm_msgs/include/xarm_msgs/xarm_msgs/srv/detail/plan_single_straight__builder.hpp
[3.121s] -- Symlinking: /home/benongnuel/dev_ws/install/xarm_msgs/include/xarm_msgs/xarm_msgs/srv/detail/plan_single_straight__struct.hpp
[3.128s] -- Symlinking: /home/benongnuel/dev_ws/install/xarm_msgs/include/xarm_msgs/xarm_msgs/srv/detail/plan_single_straight__traits.hpp
[3.136s] -- Symlinking: /home/benongnuel/dev_ws/install/xarm_msgs/include/xarm_msgs/xarm_msgs/srv/detail/plan_single_straight__type_support.hpp
[3.142s] -- Symlinking: /home/benongnuel/dev_ws/install/xarm_msgs/include/xarm_msgs/xarm_msgs/srv/detail/robotiq_activate__builder.hpp
[3.146s] -- Symlinking: /home/benongnuel/dev_ws/install/xarm_msgs/include/xarm_msgs/xarm_msgs/srv/detail/robotiq_activate__struct.hpp
[3.152s] -- Symlinking: /home/benongnuel/dev_ws/install/xarm_msgs/include/xarm_msgs/xarm_msgs/srv/detail/robotiq_activate__traits.hpp
[3.158s] -- Symlinking: /home/benongnuel/dev_ws/install/xarm_msgs/include/xarm_msgs/xarm_msgs/srv/detail/robotiq_activate__type_support.hpp
[3.164s] -- Symlinking: /home/benongnuel/dev_ws/install/xarm_msgs/include/xarm_msgs/xarm_msgs/srv/detail/robotiq_get_status__builder.hpp
[3.169s] -- Symlinking: /home/benongnuel/dev_ws/install/xarm_msgs/include/xarm_msgs/xarm_msgs/srv/detail/robotiq_get_status__struct.hpp
[3.176s] -- Symlinking: /home/benongnuel/dev_ws/install/xarm_msgs/include/xarm_msgs/xarm_msgs/srv/detail/robotiq_get_status__traits.hpp
[3.182s] -- Symlinking: /home/benongnuel/dev_ws/install/xarm_msgs/include/xarm_msgs/xarm_msgs/srv/detail/robotiq_get_status__type_support.hpp
[3.190s] -- Symlinking: /home/benongnuel/dev_ws/install/xarm_msgs/include/xarm_msgs/xarm_msgs/srv/detail/robotiq_move__builder.hpp
[3.195s] -- Symlinking: /home/benongnuel/dev_ws/install/xarm_msgs/include/xarm_msgs/xarm_msgs/srv/detail/robotiq_move__struct.hpp
[3.204s] -- Symlinking: /home/benongnuel/dev_ws/install/xarm_msgs/include/xarm_msgs/xarm_msgs/srv/detail/robotiq_move__traits.hpp
[3.210s] -- Symlinking: /home/benongnuel/dev_ws/install/xarm_msgs/include/xarm_msgs/xarm_msgs/srv/detail/robotiq_move__type_support.hpp
[3.215s] -- Symlinking: /home/benongnuel/dev_ws/install/xarm_msgs/include/xarm_msgs/xarm_msgs/srv/detail/robotiq_reset__builder.hpp
[3.223s] -- Symlinking: /home/benongnuel/dev_ws/install/xarm_msgs/include/xarm_msgs/xarm_msgs/srv/detail/robotiq_reset__struct.hpp
[3.229s] -- Symlinking: /home/benongnuel/dev_ws/install/xarm_msgs/include/xarm_msgs/xarm_msgs/srv/detail/robotiq_reset__traits.hpp
[3.234s] -- Symlinking: /home/benongnuel/dev_ws/install/xarm_msgs/include/xarm_msgs/xarm_msgs/srv/detail/robotiq_reset__type_support.hpp
[3.240s] -- Symlinking: /home/benongnuel/dev_ws/install/xarm_msgs/include/xarm_msgs/xarm_msgs/srv/detail/set_analog_io__builder.hpp
[3.246s] -- Symlinking: /home/benongnuel/dev_ws/install/xarm_msgs/include/xarm_msgs/xarm_msgs/srv/detail/set_analog_io__struct.hpp
[3.253s] -- Symlinking: /home/benongnuel/dev_ws/install/xarm_msgs/include/xarm_msgs/xarm_msgs/srv/detail/set_analog_io__traits.hpp
[3.259s] -- Symlinking: /home/benongnuel/dev_ws/install/xarm_msgs/include/xarm_msgs/xarm_msgs/srv/detail/set_analog_io__type_support.hpp
[3.266s] -- Symlinking: /home/benongnuel/dev_ws/install/xarm_msgs/include/xarm_msgs/xarm_msgs/srv/detail/set_digital_io__builder.hpp
[3.273s] -- Symlinking: /home/benongnuel/dev_ws/install/xarm_msgs/include/xarm_msgs/xarm_msgs/srv/detail/set_digital_io__struct.hpp
[3.281s] -- Symlinking: /home/benongnuel/dev_ws/install/xarm_msgs/include/xarm_msgs/xarm_msgs/srv/detail/set_digital_io__traits.hpp
[3.287s] -- Symlinking: /home/benongnuel/dev_ws/install/xarm_msgs/include/xarm_msgs/xarm_msgs/srv/detail/set_digital_io__type_support.hpp
[3.293s] -- Symlinking: /home/benongnuel/dev_ws/install/xarm_msgs/include/xarm_msgs/xarm_msgs/srv/detail/set_float32__builder.hpp
[3.300s] -- Symlinking: /home/benongnuel/dev_ws/install/xarm_msgs/include/xarm_msgs/xarm_msgs/srv/detail/set_float32__struct.hpp
[3.307s] -- Symlinking: /home/benongnuel/dev_ws/install/xarm_msgs/include/xarm_msgs/xarm_msgs/srv/detail/set_float32__traits.hpp
[3.313s] -- Symlinking: /home/benongnuel/dev_ws/install/xarm_msgs/include/xarm_msgs/xarm_msgs/srv/detail/set_float32__type_support.hpp
[3.319s] -- Symlinking: /home/benongnuel/dev_ws/install/xarm_msgs/include/xarm_msgs/xarm_msgs/srv/detail/set_float32_list__builder.hpp
[3.326s] -- Symlinking: /home/benongnuel/dev_ws/install/xarm_msgs/include/xarm_msgs/xarm_msgs/srv/detail/set_float32_list__struct.hpp
[3.333s] -- Symlinking: /home/benongnuel/dev_ws/install/xarm_msgs/include/xarm_msgs/xarm_msgs/srv/detail/set_float32_list__traits.hpp
[3.341s] -- Symlinking: /home/benongnuel/dev_ws/install/xarm_msgs/include/xarm_msgs/xarm_msgs/srv/detail/set_float32_list__type_support.hpp
[3.349s] -- Symlinking: /home/benongnuel/dev_ws/install/xarm_msgs/include/xarm_msgs/xarm_msgs/srv/detail/set_int16__builder.hpp
[3.355s] -- Symlinking: /home/benongnuel/dev_ws/install/xarm_msgs/include/xarm_msgs/xarm_msgs/srv/detail/set_int16__struct.hpp
[3.361s] -- Symlinking: /home/benongnuel/dev_ws/install/xarm_msgs/include/xarm_msgs/xarm_msgs/srv/detail/set_int16__traits.hpp
[3.366s] -- Symlinking: /home/benongnuel/dev_ws/install/xarm_msgs/include/xarm_msgs/xarm_msgs/srv/detail/set_int16__type_support.hpp
[3.371s] -- Symlinking: /home/benongnuel/dev_ws/install/xarm_msgs/include/xarm_msgs/xarm_msgs/srv/detail/set_int16_by_id__builder.hpp
[3.377s] -- Symlinking: /home/benongnuel/dev_ws/install/xarm_msgs/include/xarm_msgs/xarm_msgs/srv/detail/set_int16_by_id__struct.hpp
[3.382s] -- Symlinking: /home/benongnuel/dev_ws/install/xarm_msgs/include/xarm_msgs/xarm_msgs/srv/detail/set_int16_by_id__traits.hpp
[3.387s] -- Symlinking: /home/benongnuel/dev_ws/install/xarm_msgs/include/xarm_msgs/xarm_msgs/srv/detail/set_int16_by_id__type_support.hpp
[3.393s] -- Symlinking: /home/benongnuel/dev_ws/install/xarm_msgs/include/xarm_msgs/xarm_msgs/srv/detail/set_int16_list__builder.hpp
[3.399s] -- Symlinking: /home/benongnuel/dev_ws/install/xarm_msgs/include/xarm_msgs/xarm_msgs/srv/detail/set_int16_list__struct.hpp
[3.405s] -- Symlinking: /home/benongnuel/dev_ws/install/xarm_msgs/include/xarm_msgs/xarm_msgs/srv/detail/set_int16_list__traits.hpp
[3.413s] -- Symlinking: /home/benongnuel/dev_ws/install/xarm_msgs/include/xarm_msgs/xarm_msgs/srv/detail/set_int16_list__type_support.hpp
[3.420s] -- Symlinking: /home/benongnuel/dev_ws/install/xarm_msgs/include/xarm_msgs/xarm_msgs/srv/detail/set_int32__builder.hpp
[3.428s] -- Symlinking: /home/benongnuel/dev_ws/install/xarm_msgs/include/xarm_msgs/xarm_msgs/srv/detail/set_int32__struct.hpp
[3.438s] -- Symlinking: /home/benongnuel/dev_ws/install/xarm_msgs/include/xarm_msgs/xarm_msgs/srv/detail/set_int32__traits.hpp
[3.449s] -- Symlinking: /home/benongnuel/dev_ws/install/xarm_msgs/include/xarm_msgs/xarm_msgs/srv/detail/set_int32__type_support.hpp
[3.459s] -- Symlinking: /home/benongnuel/dev_ws/install/xarm_msgs/include/xarm_msgs/xarm_msgs/srv/detail/set_int32_by_type__builder.hpp
[3.469s] -- Symlinking: /home/benongnuel/dev_ws/install/xarm_msgs/include/xarm_msgs/xarm_msgs/srv/detail/set_int32_by_type__struct.hpp
[3.476s] -- Symlinking: /home/benongnuel/dev_ws/install/xarm_msgs/include/xarm_msgs/xarm_msgs/srv/detail/set_int32_by_type__traits.hpp
[3.484s] -- Symlinking: /home/benongnuel/dev_ws/install/xarm_msgs/include/xarm_msgs/xarm_msgs/srv/detail/set_int32_by_type__type_support.hpp
[3.490s] -- Symlinking: /home/benongnuel/dev_ws/install/xarm_msgs/include/xarm_msgs/xarm_msgs/srv/detail/set_modbus_timeout__builder.hpp
[3.495s] -- Symlinking: /home/benongnuel/dev_ws/install/xarm_msgs/include/xarm_msgs/xarm_msgs/srv/detail/set_modbus_timeout__struct.hpp
[3.501s] -- Symlinking: /home/benongnuel/dev_ws/install/xarm_msgs/include/xarm_msgs/xarm_msgs/srv/detail/set_modbus_timeout__traits.hpp
[3.507s] -- Symlinking: /home/benongnuel/dev_ws/install/xarm_msgs/include/xarm_msgs/xarm_msgs/srv/detail/set_modbus_timeout__type_support.hpp
[3.515s] -- Symlinking: /home/benongnuel/dev_ws/install/xarm_msgs/include/xarm_msgs/xarm_msgs/srv/detail/set_tcp_load__builder.hpp
[3.521s] -- Symlinking: /home/benongnuel/dev_ws/install/xarm_msgs/include/xarm_msgs/xarm_msgs/srv/detail/set_tcp_load__struct.hpp
[3.527s] -- Symlinking: /home/benongnuel/dev_ws/install/xarm_msgs/include/xarm_msgs/xarm_msgs/srv/detail/set_tcp_load__traits.hpp
[3.533s] -- Symlinking: /home/benongnuel/dev_ws/install/xarm_msgs/include/xarm_msgs/xarm_msgs/srv/detail/set_tcp_load__type_support.hpp
[3.538s] -- Symlinking: /home/benongnuel/dev_ws/install/xarm_msgs/include/xarm_msgs/xarm_msgs/srv/detail/traj_ctrl__builder.hpp
[3.544s] -- Symlinking: /home/benongnuel/dev_ws/install/xarm_msgs/include/xarm_msgs/xarm_msgs/srv/detail/traj_ctrl__struct.hpp
[3.551s] -- Symlinking: /home/benongnuel/dev_ws/install/xarm_msgs/include/xarm_msgs/xarm_msgs/srv/detail/traj_ctrl__traits.hpp
[3.559s] -- Symlinking: /home/benongnuel/dev_ws/install/xarm_msgs/include/xarm_msgs/xarm_msgs/srv/detail/traj_ctrl__type_support.hpp
[3.564s] -- Symlinking: /home/benongnuel/dev_ws/install/xarm_msgs/include/xarm_msgs/xarm_msgs/srv/detail/traj_play__builder.hpp
[3.570s] -- Symlinking: /home/benongnuel/dev_ws/install/xarm_msgs/include/xarm_msgs/xarm_msgs/srv/detail/traj_play__struct.hpp
[3.576s] -- Symlinking: /home/benongnuel/dev_ws/install/xarm_msgs/include/xarm_msgs/xarm_msgs/srv/detail/traj_play__traits.hpp
[3.585s] -- Symlinking: /home/benongnuel/dev_ws/install/xarm_msgs/include/xarm_msgs/xarm_msgs/srv/detail/traj_play__type_support.hpp
[3.590s] -- Symlinking: /home/benongnuel/dev_ws/install/xarm_msgs/include/xarm_msgs/xarm_msgs/srv/detail/vacuum_gripper_ctrl__builder.hpp
[3.595s] -- Symlinking: /home/benongnuel/dev_ws/install/xarm_msgs/include/xarm_msgs/xarm_msgs/srv/detail/vacuum_gripper_ctrl__struct.hpp
[3.602s] -- Symlinking: /home/benongnuel/dev_ws/install/xarm_msgs/include/xarm_msgs/xarm_msgs/srv/detail/vacuum_gripper_ctrl__traits.hpp
[3.607s] -- Symlinking: /home/benongnuel/dev_ws/install/xarm_msgs/include/xarm_msgs/xarm_msgs/srv/detail/vacuum_gripper_ctrl__type_support.hpp
[3.615s] -- Symlinking: /home/benongnuel/dev_ws/install/xarm_msgs/include/xarm_msgs/xarm_msgs/srv/ft_cali_load.hpp
[3.621s] -- Symlinking: /home/benongnuel/dev_ws/install/xarm_msgs/include/xarm_msgs/xarm_msgs/srv/ft_force_config.hpp
[3.627s] -- Symlinking: /home/benongnuel/dev_ws/install/xarm_msgs/include/xarm_msgs/xarm_msgs/srv/ft_force_pid.hpp
[3.634s] -- Symlinking: /home/benongnuel/dev_ws/install/xarm_msgs/include/xarm_msgs/xarm_msgs/srv/ft_impedance.hpp
[3.640s] -- Symlinking: /home/benongnuel/dev_ws/install/xarm_msgs/include/xarm_msgs/xarm_msgs/srv/get_analog_io.hpp
[3.647s] -- Symlinking: /home/benongnuel/dev_ws/install/xarm_msgs/include/xarm_msgs/xarm_msgs/srv/get_digital_io.hpp
[3.652s] -- Symlinking: /home/benongnuel/dev_ws/install/xarm_msgs/include/xarm_msgs/xarm_msgs/srv/get_float32.hpp
[3.659s] -- Symlinking: /home/benongnuel/dev_ws/install/xarm_msgs/include/xarm_msgs/xarm_msgs/srv/get_float32_list.hpp
[3.666s] -- Symlinking: /home/benongnuel/dev_ws/install/xarm_msgs/include/xarm_msgs/xarm_msgs/srv/get_int16.hpp
[3.672s] -- Symlinking: /home/benongnuel/dev_ws/install/xarm_msgs/include/xarm_msgs/xarm_msgs/srv/get_int16_list.hpp
[3.678s] -- Symlinking: /home/benongnuel/dev_ws/install/xarm_msgs/include/xarm_msgs/xarm_msgs/srv/get_int32.hpp
[3.683s] -- Symlinking: /home/benongnuel/dev_ws/install/xarm_msgs/include/xarm_msgs/xarm_msgs/srv/get_int32_by_type.hpp
[3.689s] -- Symlinking: /home/benongnuel/dev_ws/install/xarm_msgs/include/xarm_msgs/xarm_msgs/srv/get_set_modbus_data.hpp
[3.694s] -- Symlinking: /home/benongnuel/dev_ws/install/xarm_msgs/include/xarm_msgs/xarm_msgs/srv/gripper_move.hpp
[3.700s] -- Symlinking: /home/benongnuel/dev_ws/install/xarm_msgs/include/xarm_msgs/xarm_msgs/srv/iden_load.hpp
[3.705s] -- Symlinking: /home/benongnuel/dev_ws/install/xarm_msgs/include/xarm_msgs/xarm_msgs/srv/linear_track_back_origin.hpp
[3.710s] -- Symlinking: /home/benongnuel/dev_ws/install/xarm_msgs/include/xarm_msgs/xarm_msgs/srv/linear_track_set_pos.hpp
[3.717s] -- Symlinking: /home/benongnuel/dev_ws/install/xarm_msgs/include/xarm_msgs/xarm_msgs/srv/move_cartesian.hpp
[3.722s] -- Symlinking: /home/benongnuel/dev_ws/install/xarm_msgs/include/xarm_msgs/xarm_msgs/srv/move_circle.hpp
[3.727s] -- Symlinking: /home/benongnuel/dev_ws/install/xarm_msgs/include/xarm_msgs/xarm_msgs/srv/move_home.hpp
[3.734s] -- Symlinking: /home/benongnuel/dev_ws/install/xarm_msgs/include/xarm_msgs/xarm_msgs/srv/move_joint.hpp
[3.741s] -- Symlinking: /home/benongnuel/dev_ws/install/xarm_msgs/include/xarm_msgs/xarm_msgs/srv/move_velocity.hpp
[3.748s] -- Symlinking: /home/benongnuel/dev_ws/install/xarm_msgs/include/xarm_msgs/xarm_msgs/srv/plan_exec.hpp
[3.753s] -- Symlinking: /home/benongnuel/dev_ws/install/xarm_msgs/include/xarm_msgs/xarm_msgs/srv/plan_joint.hpp
[3.759s] -- Symlinking: /home/benongnuel/dev_ws/install/xarm_msgs/include/xarm_msgs/xarm_msgs/srv/plan_pose.hpp
[3.765s] -- Symlinking: /home/benongnuel/dev_ws/install/xarm_msgs/include/xarm_msgs/xarm_msgs/srv/plan_single_straight.hpp
[3.772s] -- Symlinking: /home/benongnuel/dev_ws/install/xarm_msgs/include/xarm_msgs/xarm_msgs/srv/robotiq_activate.hpp
[3.778s] -- Symlinking: /home/benongnuel/dev_ws/install/xarm_msgs/include/xarm_msgs/xarm_msgs/srv/robotiq_get_status.hpp
[3.783s] -- Symlinking: /home/benongnuel/dev_ws/install/xarm_msgs/include/xarm_msgs/xarm_msgs/srv/robotiq_move.hpp
[3.791s] -- Symlinking: /home/benongnuel/dev_ws/install/xarm_msgs/include/xarm_msgs/xarm_msgs/srv/robotiq_reset.hpp
[3.797s] -- Symlinking: /home/benongnuel/dev_ws/install/xarm_msgs/include/xarm_msgs/xarm_msgs/srv/set_analog_io.hpp
[3.804s] -- Symlinking: /home/benongnuel/dev_ws/install/xarm_msgs/include/xarm_msgs/xarm_msgs/srv/set_digital_io.hpp
[3.810s] -- Symlinking: /home/benongnuel/dev_ws/install/xarm_msgs/include/xarm_msgs/xarm_msgs/srv/set_float32.hpp
[3.815s] -- Symlinking: /home/benongnuel/dev_ws/install/xarm_msgs/include/xarm_msgs/xarm_msgs/srv/set_float32_list.hpp
[3.821s] -- Symlinking: /home/benongnuel/dev_ws/install/xarm_msgs/include/xarm_msgs/xarm_msgs/srv/set_int16.hpp
[3.828s] -- Symlinking: /home/benongnuel/dev_ws/install/xarm_msgs/include/xarm_msgs/xarm_msgs/srv/set_int16_by_id.hpp
[3.834s] -- Symlinking: /home/benongnuel/dev_ws/install/xarm_msgs/include/xarm_msgs/xarm_msgs/srv/set_int16_list.hpp
[3.840s] -- Symlinking: /home/benongnuel/dev_ws/install/xarm_msgs/include/xarm_msgs/xarm_msgs/srv/set_int32.hpp
[3.847s] -- Symlinking: /home/benongnuel/dev_ws/install/xarm_msgs/include/xarm_msgs/xarm_msgs/srv/set_int32_by_type.hpp
[3.852s] -- Symlinking: /home/benongnuel/dev_ws/install/xarm_msgs/include/xarm_msgs/xarm_msgs/srv/set_modbus_timeout.hpp
[3.858s] -- Symlinking: /home/benongnuel/dev_ws/install/xarm_msgs/include/xarm_msgs/xarm_msgs/srv/set_tcp_load.hpp
[3.866s] -- Symlinking: /home/benongnuel/dev_ws/install/xarm_msgs/include/xarm_msgs/xarm_msgs/srv/traj_ctrl.hpp
[3.872s] -- Symlinking: /home/benongnuel/dev_ws/install/xarm_msgs/include/xarm_msgs/xarm_msgs/srv/traj_play.hpp
[3.878s] -- Symlinking: /home/benongnuel/dev_ws/install/xarm_msgs/include/xarm_msgs/xarm_msgs/srv/vacuum_gripper_ctrl.hpp
[3.886s] -- Symlinking: /home/benongnuel/dev_ws/install/xarm_msgs/include/xarm_msgs/xarm_msgs/msg/detail/cio_state__rosidl_typesupport_fastrtps_cpp.hpp
[3.891s] -- Symlinking: /home/benongnuel/dev_ws/install/xarm_msgs/include/xarm_msgs/xarm_msgs/msg/detail/io_state__rosidl_typesupport_fastrtps_cpp.hpp
[3.899s] -- Symlinking: /home/benongnuel/dev_ws/install/xarm_msgs/include/xarm_msgs/xarm_msgs/msg/detail/move_velocity__rosidl_typesupport_fastrtps_cpp.hpp
[3.904s] -- Symlinking: /home/benongnuel/dev_ws/install/xarm_msgs/include/xarm_msgs/xarm_msgs/msg/detail/robot_msg__rosidl_typesupport_fastrtps_cpp.hpp
[3.910s] -- Symlinking: /home/benongnuel/dev_ws/install/xarm_msgs/include/xarm_msgs/xarm_msgs/msg/rosidl_typesupport_fastrtps_cpp__visibility_control.h
[3.917s] -- Symlinking: /home/benongnuel/dev_ws/install/xarm_msgs/include/xarm_msgs/xarm_msgs/srv/detail/bio_gripper_ctrl__rosidl_typesupport_fastrtps_cpp.hpp
[3.922s] -- Symlinking: /home/benongnuel/dev_ws/install/xarm_msgs/include/xarm_msgs/xarm_msgs/srv/detail/bio_gripper_enable__rosidl_typesupport_fastrtps_cpp.hpp
[3.930s] -- Symlinking: /home/benongnuel/dev_ws/install/xarm_msgs/include/xarm_msgs/xarm_msgs/srv/detail/call__rosidl_typesupport_fastrtps_cpp.hpp
[3.937s] -- Symlinking: /home/benongnuel/dev_ws/install/xarm_msgs/include/xarm_msgs/xarm_msgs/srv/detail/ft_cali_load__rosidl_typesupport_fastrtps_cpp.hpp
[3.943s] -- Symlinking: /home/benongnuel/dev_ws/install/xarm_msgs/include/xarm_msgs/xarm_msgs/srv/detail/ft_force_config__rosidl_typesupport_fastrtps_cpp.hpp
[3.951s] -- Symlinking: /home/benongnuel/dev_ws/install/xarm_msgs/include/xarm_msgs/xarm_msgs/srv/detail/ft_force_pid__rosidl_typesupport_fastrtps_cpp.hpp
[3.956s] -- Symlinking: /home/benongnuel/dev_ws/install/xarm_msgs/include/xarm_msgs/xarm_msgs/srv/detail/ft_impedance__rosidl_typesupport_fastrtps_cpp.hpp
[3.961s] -- Symlinking: /home/benongnuel/dev_ws/install/xarm_msgs/include/xarm_msgs/xarm_msgs/srv/detail/get_analog_io__rosidl_typesupport_fastrtps_cpp.hpp
[3.969s] -- Symlinking: /home/benongnuel/dev_ws/install/xarm_msgs/include/xarm_msgs/xarm_msgs/srv/detail/get_digital_io__rosidl_typesupport_fastrtps_cpp.hpp
[3.975s] -- Symlinking: /home/benongnuel/dev_ws/install/xarm_msgs/include/xarm_msgs/xarm_msgs/srv/detail/get_float32__rosidl_typesupport_fastrtps_cpp.hpp
[3.983s] -- Symlinking: /home/benongnuel/dev_ws/install/xarm_msgs/include/xarm_msgs/xarm_msgs/srv/detail/get_float32_list__rosidl_typesupport_fastrtps_cpp.hpp
[3.988s] -- Symlinking: /home/benongnuel/dev_ws/install/xarm_msgs/include/xarm_msgs/xarm_msgs/srv/detail/get_int16__rosidl_typesupport_fastrtps_cpp.hpp
[3.994s] -- Symlinking: /home/benongnuel/dev_ws/install/xarm_msgs/include/xarm_msgs/xarm_msgs/srv/detail/get_int16_list__rosidl_typesupport_fastrtps_cpp.hpp
[3.999s] -- Symlinking: /home/benongnuel/dev_ws/install/xarm_msgs/include/xarm_msgs/xarm_msgs/srv/detail/get_int32__rosidl_typesupport_fastrtps_cpp.hpp
[4.004s] -- Symlinking: /home/benongnuel/dev_ws/install/xarm_msgs/include/xarm_msgs/xarm_msgs/srv/detail/get_int32_by_type__rosidl_typesupport_fastrtps_cpp.hpp
[4.010s] -- Symlinking: /home/benongnuel/dev_ws/install/xarm_msgs/include/xarm_msgs/xarm_msgs/srv/detail/get_set_modbus_data__rosidl_typesupport_fastrtps_cpp.hpp
[4.017s] -- Symlinking: /home/benongnuel/dev_ws/install/xarm_msgs/include/xarm_msgs/xarm_msgs/srv/detail/gripper_move__rosidl_typesupport_fastrtps_cpp.hpp
[4.025s] -- Symlinking: /home/benongnuel/dev_ws/install/xarm_msgs/include/xarm_msgs/xarm_msgs/srv/detail/iden_load__rosidl_typesupport_fastrtps_cpp.hpp
[4.030s] -- Symlinking: /home/benongnuel/dev_ws/install/xarm_msgs/include/xarm_msgs/xarm_msgs/srv/detail/linear_track_back_origin__rosidl_typesupport_fastrtps_cpp.hpp
[4.037s] -- Symlinking: /home/benongnuel/dev_ws/install/xarm_msgs/include/xarm_msgs/xarm_msgs/srv/detail/linear_track_set_pos__rosidl_typesupport_fastrtps_cpp.hpp
[4.045s] -- Symlinking: /home/benongnuel/dev_ws/install/xarm_msgs/include/xarm_msgs/xarm_msgs/srv/detail/move_cartesian__rosidl_typesupport_fastrtps_cpp.hpp
[4.051s] -- Symlinking: /home/benongnuel/dev_ws/install/xarm_msgs/include/xarm_msgs/xarm_msgs/srv/detail/move_circle__rosidl_typesupport_fastrtps_cpp.hpp
[4.057s] -- Symlinking: /home/benongnuel/dev_ws/install/xarm_msgs/include/xarm_msgs/xarm_msgs/srv/detail/move_home__rosidl_typesupport_fastrtps_cpp.hpp
[4.063s] -- Symlinking: /home/benongnuel/dev_ws/install/xarm_msgs/include/xarm_msgs/xarm_msgs/srv/detail/move_joint__rosidl_typesupport_fastrtps_cpp.hpp
[4.071s] -- Symlinking: /home/benongnuel/dev_ws/install/xarm_msgs/include/xarm_msgs/xarm_msgs/srv/detail/move_velocity__rosidl_typesupport_fastrtps_cpp.hpp
[4.076s] -- Symlinking: /home/benongnuel/dev_ws/install/xarm_msgs/include/xarm_msgs/xarm_msgs/srv/detail/plan_exec__rosidl_typesupport_fastrtps_cpp.hpp
[4.085s] -- Symlinking: /home/benongnuel/dev_ws/install/xarm_msgs/include/xarm_msgs/xarm_msgs/srv/detail/plan_joint__rosidl_typesupport_fastrtps_cpp.hpp
[4.090s] -- Symlinking: /home/benongnuel/dev_ws/install/xarm_msgs/include/xarm_msgs/xarm_msgs/srv/detail/plan_pose__rosidl_typesupport_fastrtps_cpp.hpp
[4.097s] -- Symlinking: /home/benongnuel/dev_ws/install/xarm_msgs/include/xarm_msgs/xarm_msgs/srv/detail/plan_single_straight__rosidl_typesupport_fastrtps_cpp.hpp
[4.103s] -- Symlinking: /home/benongnuel/dev_ws/install/xarm_msgs/include/xarm_msgs/xarm_msgs/srv/detail/robotiq_activate__rosidl_typesupport_fastrtps_cpp.hpp
[4.109s] -- Symlinking: /home/benongnuel/dev_ws/install/xarm_msgs/include/xarm_msgs/xarm_msgs/srv/detail/robotiq_get_status__rosidl_typesupport_fastrtps_cpp.hpp
[4.114s] -- Symlinking: /home/benongnuel/dev_ws/install/xarm_msgs/include/xarm_msgs/xarm_msgs/srv/detail/robotiq_move__rosidl_typesupport_fastrtps_cpp.hpp
[4.119s] -- Symlinking: /home/benongnuel/dev_ws/install/xarm_msgs/include/xarm_msgs/xarm_msgs/srv/detail/robotiq_reset__rosidl_typesupport_fastrtps_cpp.hpp
[4.125s] -- Symlinking: /home/benongnuel/dev_ws/install/xarm_msgs/include/xarm_msgs/xarm_msgs/srv/detail/set_analog_io__rosidl_typesupport_fastrtps_cpp.hpp
[4.130s] -- Symlinking: /home/benongnuel/dev_ws/install/xarm_msgs/include/xarm_msgs/xarm_msgs/srv/detail/set_digital_io__rosidl_typesupport_fastrtps_cpp.hpp
[4.136s] -- Symlinking: /home/benongnuel/dev_ws/install/xarm_msgs/include/xarm_msgs/xarm_msgs/srv/detail/set_float32__rosidl_typesupport_fastrtps_cpp.hpp
[4.142s] -- Symlinking: /home/benongnuel/dev_ws/install/xarm_msgs/include/xarm_msgs/xarm_msgs/srv/detail/set_float32_list__rosidl_typesupport_fastrtps_cpp.hpp
[4.147s] -- Symlinking: /home/benongnuel/dev_ws/install/xarm_msgs/include/xarm_msgs/xarm_msgs/srv/detail/set_int16__rosidl_typesupport_fastrtps_cpp.hpp
[4.154s] -- Symlinking: /home/benongnuel/dev_ws/install/xarm_msgs/include/xarm_msgs/xarm_msgs/srv/detail/set_int16_by_id__rosidl_typesupport_fastrtps_cpp.hpp
[4.160s] -- Symlinking: /home/benongnuel/dev_ws/install/xarm_msgs/include/xarm_msgs/xarm_msgs/srv/detail/set_int16_list__rosidl_typesupport_fastrtps_cpp.hpp
[4.166s] -- Symlinking: /home/benongnuel/dev_ws/install/xarm_msgs/include/xarm_msgs/xarm_msgs/srv/detail/set_int32__rosidl_typesupport_fastrtps_cpp.hpp
[4.173s] -- Symlinking: /home/benongnuel/dev_ws/install/xarm_msgs/include/xarm_msgs/xarm_msgs/srv/detail/set_int32_by_type__rosidl_typesupport_fastrtps_cpp.hpp
[4.180s] -- Symlinking: /home/benongnuel/dev_ws/install/xarm_msgs/include/xarm_msgs/xarm_msgs/srv/detail/set_modbus_timeout__rosidl_typesupport_fastrtps_cpp.hpp
[4.186s] -- Symlinking: /home/benongnuel/dev_ws/install/xarm_msgs/include/xarm_msgs/xarm_msgs/srv/detail/set_tcp_load__rosidl_typesupport_fastrtps_cpp.hpp
[4.192s] -- Symlinking: /home/benongnuel/dev_ws/install/xarm_msgs/include/xarm_msgs/xarm_msgs/srv/detail/traj_ctrl__rosidl_typesupport_fastrtps_cpp.hpp
[4.198s] -- Symlinking: /home/benongnuel/dev_ws/install/xarm_msgs/include/xarm_msgs/xarm_msgs/srv/detail/traj_play__rosidl_typesupport_fastrtps_cpp.hpp
[4.205s] -- Symlinking: /home/benongnuel/dev_ws/install/xarm_msgs/include/xarm_msgs/xarm_msgs/srv/detail/vacuum_gripper_ctrl__rosidl_typesupport_fastrtps_cpp.hpp
[4.213s] -- Symlinking: /home/benongnuel/dev_ws/install/xarm_msgs/include/xarm_msgs/xarm_msgs/msg/detail/cio_state__rosidl_typesupport_introspection_c.h
[4.219s] -- Symlinking: /home/benongnuel/dev_ws/install/xarm_msgs/include/xarm_msgs/xarm_msgs/msg/detail/io_state__rosidl_typesupport_introspection_c.h
[4.226s] -- Symlinking: /home/benongnuel/dev_ws/install/xarm_msgs/include/xarm_msgs/xarm_msgs/msg/detail/move_velocity__rosidl_typesupport_introspection_c.h
[4.231s] -- Symlinking: /home/benongnuel/dev_ws/install/xarm_msgs/include/xarm_msgs/xarm_msgs/msg/detail/robot_msg__rosidl_typesupport_introspection_c.h
[4.236s] -- Symlinking: /home/benongnuel/dev_ws/install/xarm_msgs/include/xarm_msgs/xarm_msgs/msg/rosidl_typesupport_introspection_c__visibility_control.h
[4.243s] -- Symlinking: /home/benongnuel/dev_ws/install/xarm_msgs/include/xarm_msgs/xarm_msgs/srv/detail/bio_gripper_ctrl__rosidl_typesupport_introspection_c.h
[4.248s] -- Symlinking: /home/benongnuel/dev_ws/install/xarm_msgs/include/xarm_msgs/xarm_msgs/srv/detail/bio_gripper_enable__rosidl_typesupport_introspection_c.h
[4.253s] -- Symlinking: /home/benongnuel/dev_ws/install/xarm_msgs/include/xarm_msgs/xarm_msgs/srv/detail/call__rosidl_typesupport_introspection_c.h
[4.259s] -- Symlinking: /home/benongnuel/dev_ws/install/xarm_msgs/include/xarm_msgs/xarm_msgs/srv/detail/ft_cali_load__rosidl_typesupport_introspection_c.h
[4.264s] -- Symlinking: /home/benongnuel/dev_ws/install/xarm_msgs/include/xarm_msgs/xarm_msgs/srv/detail/ft_force_config__rosidl_typesupport_introspection_c.h
[4.270s] -- Symlinking: /home/benongnuel/dev_ws/install/xarm_msgs/include/xarm_msgs/xarm_msgs/srv/detail/ft_force_pid__rosidl_typesupport_introspection_c.h
[4.276s] -- Symlinking: /home/benongnuel/dev_ws/install/xarm_msgs/include/xarm_msgs/xarm_msgs/srv/detail/ft_impedance__rosidl_typesupport_introspection_c.h
[4.281s] -- Symlinking: /home/benongnuel/dev_ws/install/xarm_msgs/include/xarm_msgs/xarm_msgs/srv/detail/get_analog_io__rosidl_typesupport_introspection_c.h
[4.288s] -- Symlinking: /home/benongnuel/dev_ws/install/xarm_msgs/include/xarm_msgs/xarm_msgs/srv/detail/get_digital_io__rosidl_typesupport_introspection_c.h
[4.294s] -- Symlinking: /home/benongnuel/dev_ws/install/xarm_msgs/include/xarm_msgs/xarm_msgs/srv/detail/get_float32__rosidl_typesupport_introspection_c.h
[4.299s] -- Symlinking: /home/benongnuel/dev_ws/install/xarm_msgs/include/xarm_msgs/xarm_msgs/srv/detail/get_float32_list__rosidl_typesupport_introspection_c.h
[4.303s] -- Symlinking: /home/benongnuel/dev_ws/install/xarm_msgs/include/xarm_msgs/xarm_msgs/srv/detail/get_int16__rosidl_typesupport_introspection_c.h
[4.311s] -- Symlinking: /home/benongnuel/dev_ws/install/xarm_msgs/include/xarm_msgs/xarm_msgs/srv/detail/get_int16_list__rosidl_typesupport_introspection_c.h
[4.319s] -- Symlinking: /home/benongnuel/dev_ws/install/xarm_msgs/include/xarm_msgs/xarm_msgs/srv/detail/get_int32__rosidl_typesupport_introspection_c.h
[4.324s] -- Symlinking: /home/benongnuel/dev_ws/install/xarm_msgs/include/xarm_msgs/xarm_msgs/srv/detail/get_int32_by_type__rosidl_typesupport_introspection_c.h
[4.331s] -- Symlinking: /home/benongnuel/dev_ws/install/xarm_msgs/include/xarm_msgs/xarm_msgs/srv/detail/get_set_modbus_data__rosidl_typesupport_introspection_c.h
[4.339s] -- Symlinking: /home/benongnuel/dev_ws/install/xarm_msgs/include/xarm_msgs/xarm_msgs/srv/detail/gripper_move__rosidl_typesupport_introspection_c.h
[4.347s] -- Symlinking: /home/benongnuel/dev_ws/install/xarm_msgs/include/xarm_msgs/xarm_msgs/srv/detail/iden_load__rosidl_typesupport_introspection_c.h
[4.353s] -- Symlinking: /home/benongnuel/dev_ws/install/xarm_msgs/include/xarm_msgs/xarm_msgs/srv/detail/linear_track_back_origin__rosidl_typesupport_introspection_c.h
[4.358s] -- Symlinking: /home/benongnuel/dev_ws/install/xarm_msgs/include/xarm_msgs/xarm_msgs/srv/detail/linear_track_set_pos__rosidl_typesupport_introspection_c.h
[4.364s] -- Symlinking: /home/benongnuel/dev_ws/install/xarm_msgs/include/xarm_msgs/xarm_msgs/srv/detail/move_cartesian__rosidl_typesupport_introspection_c.h
[4.371s] -- Symlinking: /home/benongnuel/dev_ws/install/xarm_msgs/include/xarm_msgs/xarm_msgs/srv/detail/move_circle__rosidl_typesupport_introspection_c.h
[4.377s] -- Symlinking: /home/benongnuel/dev_ws/install/xarm_msgs/include/xarm_msgs/xarm_msgs/srv/detail/move_home__rosidl_typesupport_introspection_c.h
[4.385s] -- Symlinking: /home/benongnuel/dev_ws/install/xarm_msgs/include/xarm_msgs/xarm_msgs/srv/detail/move_joint__rosidl_typesupport_introspection_c.h
[4.390s] -- Symlinking: /home/benongnuel/dev_ws/install/xarm_msgs/include/xarm_msgs/xarm_msgs/srv/detail/move_velocity__rosidl_typesupport_introspection_c.h
[4.395s] -- Symlinking: /home/benongnuel/dev_ws/install/xarm_msgs/include/xarm_msgs/xarm_msgs/srv/detail/plan_exec__rosidl_typesupport_introspection_c.h
[4.402s] -- Symlinking: /home/benongnuel/dev_ws/install/xarm_msgs/include/xarm_msgs/xarm_msgs/srv/detail/plan_joint__rosidl_typesupport_introspection_c.h
[4.407s] -- Symlinking: /home/benongnuel/dev_ws/install/xarm_msgs/include/xarm_msgs/xarm_msgs/srv/detail/plan_pose__rosidl_typesupport_introspection_c.h
[4.412s] -- Symlinking: /home/benongnuel/dev_ws/install/xarm_msgs/include/xarm_msgs/xarm_msgs/srv/detail/plan_single_straight__rosidl_typesupport_introspection_c.h
[4.419s] -- Symlinking: /home/benongnuel/dev_ws/install/xarm_msgs/include/xarm_msgs/xarm_msgs/srv/detail/robotiq_activate__rosidl_typesupport_introspection_c.h
[4.425s] -- Symlinking: /home/benongnuel/dev_ws/install/xarm_msgs/include/xarm_msgs/xarm_msgs/srv/detail/robotiq_get_status__rosidl_typesupport_introspection_c.h
[4.432s] -- Symlinking: /home/benongnuel/dev_ws/install/xarm_msgs/include/xarm_msgs/xarm_msgs/srv/detail/robotiq_move__rosidl_typesupport_introspection_c.h
[4.438s] -- Symlinking: /home/benongnuel/dev_ws/install/xarm_msgs/include/xarm_msgs/xarm_msgs/srv/detail/robotiq_reset__rosidl_typesupport_introspection_c.h
[4.446s] -- Symlinking: /home/benongnuel/dev_ws/install/xarm_msgs/include/xarm_msgs/xarm_msgs/srv/detail/set_analog_io__rosidl_typesupport_introspection_c.h
[4.454s] -- Symlinking: /home/benongnuel/dev_ws/install/xarm_msgs/include/xarm_msgs/xarm_msgs/srv/detail/set_digital_io__rosidl_typesupport_introspection_c.h
[4.461s] -- Symlinking: /home/benongnuel/dev_ws/install/xarm_msgs/include/xarm_msgs/xarm_msgs/srv/detail/set_float32__rosidl_typesupport_introspection_c.h
[4.466s] -- Symlinking: /home/benongnuel/dev_ws/install/xarm_msgs/include/xarm_msgs/xarm_msgs/srv/detail/set_float32_list__rosidl_typesupport_introspection_c.h
[4.474s] -- Symlinking: /home/benongnuel/dev_ws/install/xarm_msgs/include/xarm_msgs/xarm_msgs/srv/detail/set_int16__rosidl_typesupport_introspection_c.h
[4.480s] -- Symlinking: /home/benongnuel/dev_ws/install/xarm_msgs/include/xarm_msgs/xarm_msgs/srv/detail/set_int16_by_id__rosidl_typesupport_introspection_c.h
[4.486s] -- Symlinking: /home/benongnuel/dev_ws/install/xarm_msgs/include/xarm_msgs/xarm_msgs/srv/detail/set_int16_list__rosidl_typesupport_introspection_c.h
[4.492s] -- Symlinking: /home/benongnuel/dev_ws/install/xarm_msgs/include/xarm_msgs/xarm_msgs/srv/detail/set_int32__rosidl_typesupport_introspection_c.h
[4.500s] -- Symlinking: /home/benongnuel/dev_ws/install/xarm_msgs/include/xarm_msgs/xarm_msgs/srv/detail/set_int32_by_type__rosidl_typesupport_introspection_c.h
[4.505s] -- Symlinking: /home/benongnuel/dev_ws/install/xarm_msgs/include/xarm_msgs/xarm_msgs/srv/detail/set_modbus_timeout__rosidl_typesupport_introspection_c.h
[4.510s] -- Symlinking: /home/benongnuel/dev_ws/install/xarm_msgs/include/xarm_msgs/xarm_msgs/srv/detail/set_tcp_load__rosidl_typesupport_introspection_c.h
[4.516s] -- Symlinking: /home/benongnuel/dev_ws/install/xarm_msgs/include/xarm_msgs/xarm_msgs/srv/detail/traj_ctrl__rosidl_typesupport_introspection_c.h
[4.522s] -- Symlinking: /home/benongnuel/dev_ws/install/xarm_msgs/include/xarm_msgs/xarm_msgs/srv/detail/traj_play__rosidl_typesupport_introspection_c.h
[4.529s] -- Symlinking: /home/benongnuel/dev_ws/install/xarm_msgs/include/xarm_msgs/xarm_msgs/srv/detail/vacuum_gripper_ctrl__rosidl_typesupport_introspection_c.h
[4.536s] -- Symlinking: /home/benongnuel/dev_ws/install/xarm_msgs/include/xarm_msgs/xarm_msgs/msg/detail/cio_state__rosidl_typesupport_introspection_cpp.hpp
[4.541s] -- Symlinking: /home/benongnuel/dev_ws/install/xarm_msgs/include/xarm_msgs/xarm_msgs/msg/detail/io_state__rosidl_typesupport_introspection_cpp.hpp
[4.549s] -- Symlinking: /home/benongnuel/dev_ws/install/xarm_msgs/include/xarm_msgs/xarm_msgs/msg/detail/move_velocity__rosidl_typesupport_introspection_cpp.hpp
[4.554s] -- Symlinking: /home/benongnuel/dev_ws/install/xarm_msgs/include/xarm_msgs/xarm_msgs/msg/detail/robot_msg__rosidl_typesupport_introspection_cpp.hpp
[4.562s] -- Symlinking: /home/benongnuel/dev_ws/install/xarm_msgs/include/xarm_msgs/xarm_msgs/srv/detail/bio_gripper_ctrl__rosidl_typesupport_introspection_cpp.hpp
[4.568s] -- Symlinking: /home/benongnuel/dev_ws/install/xarm_msgs/include/xarm_msgs/xarm_msgs/srv/detail/bio_gripper_enable__rosidl_typesupport_introspection_cpp.hpp
[4.573s] -- Symlinking: /home/benongnuel/dev_ws/install/xarm_msgs/include/xarm_msgs/xarm_msgs/srv/detail/call__rosidl_typesupport_introspection_cpp.hpp
[4.581s] -- Symlinking: /home/benongnuel/dev_ws/install/xarm_msgs/include/xarm_msgs/xarm_msgs/srv/detail/ft_cali_load__rosidl_typesupport_introspection_cpp.hpp
[4.588s] -- Symlinking: /home/benongnuel/dev_ws/install/xarm_msgs/include/xarm_msgs/xarm_msgs/srv/detail/ft_force_config__rosidl_typesupport_introspection_cpp.hpp
[4.596s] -- Symlinking: /home/benongnuel/dev_ws/install/xarm_msgs/include/xarm_msgs/xarm_msgs/srv/detail/ft_force_pid__rosidl_typesupport_introspection_cpp.hpp
[4.601s] -- Symlinking: /home/benongnuel/dev_ws/install/xarm_msgs/include/xarm_msgs/xarm_msgs/srv/detail/ft_impedance__rosidl_typesupport_introspection_cpp.hpp
[4.606s] -- Symlinking: /home/benongnuel/dev_ws/install/xarm_msgs/include/xarm_msgs/xarm_msgs/srv/detail/get_analog_io__rosidl_typesupport_introspection_cpp.hpp
[4.614s] -- Symlinking: /home/benongnuel/dev_ws/install/xarm_msgs/include/xarm_msgs/xarm_msgs/srv/detail/get_digital_io__rosidl_typesupport_introspection_cpp.hpp
[4.621s] -- Symlinking: /home/benongnuel/dev_ws/install/xarm_msgs/include/xarm_msgs/xarm_msgs/srv/detail/get_float32__rosidl_typesupport_introspection_cpp.hpp
[4.629s] -- Symlinking: /home/benongnuel/dev_ws/install/xarm_msgs/include/xarm_msgs/xarm_msgs/srv/detail/get_float32_list__rosidl_typesupport_introspection_cpp.hpp
[4.635s] -- Symlinking: /home/benongnuel/dev_ws/install/xarm_msgs/include/xarm_msgs/xarm_msgs/srv/detail/get_int16__rosidl_typesupport_introspection_cpp.hpp
[4.643s] -- Symlinking: /home/benongnuel/dev_ws/install/xarm_msgs/include/xarm_msgs/xarm_msgs/srv/detail/get_int16_list__rosidl_typesupport_introspection_cpp.hpp
[4.650s] -- Symlinking: /home/benongnuel/dev_ws/install/xarm_msgs/include/xarm_msgs/xarm_msgs/srv/detail/get_int32__rosidl_typesupport_introspection_cpp.hpp
[4.655s] -- Symlinking: /home/benongnuel/dev_ws/install/xarm_msgs/include/xarm_msgs/xarm_msgs/srv/detail/get_int32_by_type__rosidl_typesupport_introspection_cpp.hpp
[4.663s] -- Symlinking: /home/benongnuel/dev_ws/install/xarm_msgs/include/xarm_msgs/xarm_msgs/srv/detail/get_set_modbus_data__rosidl_typesupport_introspection_cpp.hpp
[4.670s] -- Symlinking: /home/benongnuel/dev_ws/install/xarm_msgs/include/xarm_msgs/xarm_msgs/srv/detail/gripper_move__rosidl_typesupport_introspection_cpp.hpp
[4.678s] -- Symlinking: /home/benongnuel/dev_ws/install/xarm_msgs/include/xarm_msgs/xarm_msgs/srv/detail/iden_load__rosidl_typesupport_introspection_cpp.hpp
[4.683s] -- Symlinking: /home/benongnuel/dev_ws/install/xarm_msgs/include/xarm_msgs/xarm_msgs/srv/detail/linear_track_back_origin__rosidl_typesupport_introspection_cpp.hpp
[4.689s] -- Symlinking: /home/benongnuel/dev_ws/install/xarm_msgs/include/xarm_msgs/xarm_msgs/srv/detail/linear_track_set_pos__rosidl_typesupport_introspection_cpp.hpp
[4.697s] -- Symlinking: /home/benongnuel/dev_ws/install/xarm_msgs/include/xarm_msgs/xarm_msgs/srv/detail/move_cartesian__rosidl_typesupport_introspection_cpp.hpp
[4.704s] -- Symlinking: /home/benongnuel/dev_ws/install/xarm_msgs/include/xarm_msgs/xarm_msgs/srv/detail/move_circle__rosidl_typesupport_introspection_cpp.hpp
[4.711s] -- Symlinking: /home/benongnuel/dev_ws/install/xarm_msgs/include/xarm_msgs/xarm_msgs/srv/detail/move_home__rosidl_typesupport_introspection_cpp.hpp
[4.718s] -- Symlinking: /home/benongnuel/dev_ws/install/xarm_msgs/include/xarm_msgs/xarm_msgs/srv/detail/move_joint__rosidl_typesupport_introspection_cpp.hpp
[4.726s] -- Symlinking: /home/benongnuel/dev_ws/install/xarm_msgs/include/xarm_msgs/xarm_msgs/srv/detail/move_velocity__rosidl_typesupport_introspection_cpp.hpp
[4.735s] -- Symlinking: /home/benongnuel/dev_ws/install/xarm_msgs/include/xarm_msgs/xarm_msgs/srv/detail/plan_exec__rosidl_typesupport_introspection_cpp.hpp
[4.741s] -- Symlinking: /home/benongnuel/dev_ws/install/xarm_msgs/include/xarm_msgs/xarm_msgs/srv/detail/plan_joint__rosidl_typesupport_introspection_cpp.hpp
[4.747s] -- Symlinking: /home/benongnuel/dev_ws/install/xarm_msgs/include/xarm_msgs/xarm_msgs/srv/detail/plan_pose__rosidl_typesupport_introspection_cpp.hpp
[4.753s] -- Symlinking: /home/benongnuel/dev_ws/install/xarm_msgs/include/xarm_msgs/xarm_msgs/srv/detail/plan_single_straight__rosidl_typesupport_introspection_cpp.hpp
[4.759s] -- Symlinking: /home/benongnuel/dev_ws/install/xarm_msgs/include/xarm_msgs/xarm_msgs/srv/detail/robotiq_activate__rosidl_typesupport_introspection_cpp.hpp
[4.764s] -- Symlinking: /home/benongnuel/dev_ws/install/xarm_msgs/include/xarm_msgs/xarm_msgs/srv/detail/robotiq_get_status__rosidl_typesupport_introspection_cpp.hpp
[4.769s] -- Symlinking: /home/benongnuel/dev_ws/install/xarm_msgs/include/xarm_msgs/xarm_msgs/srv/detail/robotiq_move__rosidl_typesupport_introspection_cpp.hpp
[4.776s] -- Symlinking: /home/benongnuel/dev_ws/install/xarm_msgs/include/xarm_msgs/xarm_msgs/srv/detail/robotiq_reset__rosidl_typesupport_introspection_cpp.hpp
[4.783s] -- Symlinking: /home/benongnuel/dev_ws/install/xarm_msgs/include/xarm_msgs/xarm_msgs/srv/detail/set_analog_io__rosidl_typesupport_introspection_cpp.hpp
[4.788s] -- Symlinking: /home/benongnuel/dev_ws/install/xarm_msgs/include/xarm_msgs/xarm_msgs/srv/detail/set_digital_io__rosidl_typesupport_introspection_cpp.hpp
[4.793s] -- Symlinking: /home/benongnuel/dev_ws/install/xarm_msgs/include/xarm_msgs/xarm_msgs/srv/detail/set_float32__rosidl_typesupport_introspection_cpp.hpp
[4.800s] -- Symlinking: /home/benongnuel/dev_ws/install/xarm_msgs/include/xarm_msgs/xarm_msgs/srv/detail/set_float32_list__rosidl_typesupport_introspection_cpp.hpp
[4.808s] -- Symlinking: /home/benongnuel/dev_ws/install/xarm_msgs/include/xarm_msgs/xarm_msgs/srv/detail/set_int16__rosidl_typesupport_introspection_cpp.hpp
[4.814s] -- Symlinking: /home/benongnuel/dev_ws/install/xarm_msgs/include/xarm_msgs/xarm_msgs/srv/detail/set_int16_by_id__rosidl_typesupport_introspection_cpp.hpp
[4.821s] -- Symlinking: /home/benongnuel/dev_ws/install/xarm_msgs/include/xarm_msgs/xarm_msgs/srv/detail/set_int16_list__rosidl_typesupport_introspection_cpp.hpp
[4.827s] -- Symlinking: /home/benongnuel/dev_ws/install/xarm_msgs/include/xarm_msgs/xarm_msgs/srv/detail/set_int32__rosidl_typesupport_introspection_cpp.hpp
[4.835s] -- Symlinking: /home/benongnuel/dev_ws/install/xarm_msgs/include/xarm_msgs/xarm_msgs/srv/detail/set_int32_by_type__rosidl_typesupport_introspection_cpp.hpp
[4.842s] -- Symlinking: /home/benongnuel/dev_ws/install/xarm_msgs/include/xarm_msgs/xarm_msgs/srv/detail/set_modbus_timeout__rosidl_typesupport_introspection_cpp.hpp
[4.849s] -- Symlinking: /home/benongnuel/dev_ws/install/xarm_msgs/include/xarm_msgs/xarm_msgs/srv/detail/set_tcp_load__rosidl_typesupport_introspection_cpp.hpp
[4.856s] -- Symlinking: /home/benongnuel/dev_ws/install/xarm_msgs/include/xarm_msgs/xarm_msgs/srv/detail/traj_ctrl__rosidl_typesupport_introspection_cpp.hpp
[4.863s] -- Symlinking: /home/benongnuel/dev_ws/install/xarm_msgs/include/xarm_msgs/xarm_msgs/srv/detail/traj_play__rosidl_typesupport_introspection_cpp.hpp
[4.868s] -- Symlinking: /home/benongnuel/dev_ws/install/xarm_msgs/include/xarm_msgs/xarm_msgs/srv/detail/vacuum_gripper_ctrl__rosidl_typesupport_introspection_cpp.hpp
[4.874s] -- Symlinking: /home/benongnuel/dev_ws/install/xarm_msgs/share/xarm_msgs/environment/pythonpath.sh
[4.882s] -- Symlinking: /home/benongnuel/dev_ws/install/xarm_msgs/share/xarm_msgs/environment/pythonpath.dsv
[4.888s] -- Symlinking: /home/benongnuel/dev_ws/install/xarm_msgs/local/lib/python3.10/dist-packages/xarm_msgs-0.0.0-py3.10.egg-info/PKG-INFO
[4.895s] -- Symlinking: /home/benongnuel/dev_ws/install/xarm_msgs/local/lib/python3.10/dist-packages/xarm_msgs-0.0.0-py3.10.egg-info/SOURCES.txt
[4.900s] -- Symlinking: /home/benongnuel/dev_ws/install/xarm_msgs/local/lib/python3.10/dist-packages/xarm_msgs-0.0.0-py3.10.egg-info/dependency_links.txt
[4.905s] -- Symlinking: /home/benongnuel/dev_ws/install/xarm_msgs/local/lib/python3.10/dist-packages/xarm_msgs-0.0.0-py3.10.egg-info/top_level.txt
[4.913s] -- Symlinking: /home/benongnuel/dev_ws/install/xarm_msgs/local/lib/python3.10/dist-packages/xarm_msgs/__init__.py
[4.920s] -- Symlinking: /home/benongnuel/dev_ws/install/xarm_msgs/local/lib/python3.10/dist-packages/xarm_msgs/_xarm_msgs_s.ep.rosidl_typesupport_c.c
[4.927s] -- Symlinking: /home/benongnuel/dev_ws/install/xarm_msgs/local/lib/python3.10/dist-packages/xarm_msgs/_xarm_msgs_s.ep.rosidl_typesupport_fastrtps_c.c
[4.932s] -- Symlinking: /home/benongnuel/dev_ws/install/xarm_msgs/local/lib/python3.10/dist-packages/xarm_msgs/_xarm_msgs_s.ep.rosidl_typesupport_introspection_c.c
[4.937s] -- Symlinking: /home/benongnuel/dev_ws/install/xarm_msgs/local/lib/python3.10/dist-packages/xarm_msgs/libxarm_msgs__rosidl_generator_py.so
[4.945s] -- Symlinking: /home/benongnuel/dev_ws/install/xarm_msgs/local/lib/python3.10/dist-packages/xarm_msgs/msg/__init__.py
[4.952s] -- Symlinking: /home/benongnuel/dev_ws/install/xarm_msgs/local/lib/python3.10/dist-packages/xarm_msgs/msg/_cio_state.py
[4.959s] -- Symlinking: /home/benongnuel/dev_ws/install/xarm_msgs/local/lib/python3.10/dist-packages/xarm_msgs/msg/_cio_state_s.c
[4.964s] -- Symlinking: /home/benongnuel/dev_ws/install/xarm_msgs/local/lib/python3.10/dist-packages/xarm_msgs/msg/_io_state.py
[4.969s] -- Symlinking: /home/benongnuel/dev_ws/install/xarm_msgs/local/lib/python3.10/dist-packages/xarm_msgs/msg/_io_state_s.c
[4.976s] -- Symlinking: /home/benongnuel/dev_ws/install/xarm_msgs/local/lib/python3.10/dist-packages/xarm_msgs/msg/_move_velocity.py
[4.982s] -- Symlinking: /home/benongnuel/dev_ws/install/xarm_msgs/local/lib/python3.10/dist-packages/xarm_msgs/msg/_move_velocity_s.c
[4.989s] -- Symlinking: /home/benongnuel/dev_ws/install/xarm_msgs/local/lib/python3.10/dist-packages/xarm_msgs/msg/_robot_msg.py
[4.995s] -- Symlinking: /home/benongnuel/dev_ws/install/xarm_msgs/local/lib/python3.10/dist-packages/xarm_msgs/msg/_robot_msg_s.c
[5.001s] -- Symlinking: /home/benongnuel/dev_ws/install/xarm_msgs/local/lib/python3.10/dist-packages/xarm_msgs/srv/__init__.py
[5.010s] -- Symlinking: /home/benongnuel/dev_ws/install/xarm_msgs/local/lib/python3.10/dist-packages/xarm_msgs/srv/_bio_gripper_ctrl.py
[5.018s] -- Symlinking: /home/benongnuel/dev_ws/install/xarm_msgs/local/lib/python3.10/dist-packages/xarm_msgs/srv/_bio_gripper_ctrl_s.c
[5.025s] -- Symlinking: /home/benongnuel/dev_ws/install/xarm_msgs/local/lib/python3.10/dist-packages/xarm_msgs/srv/_bio_gripper_enable.py
[5.032s] -- Symlinking: /home/benongnuel/dev_ws/install/xarm_msgs/local/lib/python3.10/dist-packages/xarm_msgs/srv/_bio_gripper_enable_s.c
[5.040s] -- Symlinking: /home/benongnuel/dev_ws/install/xarm_msgs/local/lib/python3.10/dist-packages/xarm_msgs/srv/_call.py
[5.046s] -- Symlinking: /home/benongnuel/dev_ws/install/xarm_msgs/local/lib/python3.10/dist-packages/xarm_msgs/srv/_call_s.c
[5.052s] -- Symlinking: /home/benongnuel/dev_ws/install/xarm_msgs/local/lib/python3.10/dist-packages/xarm_msgs/srv/_ft_cali_load.py
[5.058s] -- Symlinking: /home/benongnuel/dev_ws/install/xarm_msgs/local/lib/python3.10/dist-packages/xarm_msgs/srv/_ft_cali_load_s.c
[5.064s] -- Symlinking: /home/benongnuel/dev_ws/install/xarm_msgs/local/lib/python3.10/dist-packages/xarm_msgs/srv/_ft_force_config.py
[5.072s] -- Symlinking: /home/benongnuel/dev_ws/install/xarm_msgs/local/lib/python3.10/dist-packages/xarm_msgs/srv/_ft_force_config_s.c
[5.078s] -- Symlinking: /home/benongnuel/dev_ws/install/xarm_msgs/local/lib/python3.10/dist-packages/xarm_msgs/srv/_ft_force_pid.py
[5.084s] -- Symlinking: /home/benongnuel/dev_ws/install/xarm_msgs/local/lib/python3.10/dist-packages/xarm_msgs/srv/_ft_force_pid_s.c
[5.089s] -- Symlinking: /home/benongnuel/dev_ws/install/xarm_msgs/local/lib/python3.10/dist-packages/xarm_msgs/srv/_ft_impedance.py
[5.095s] -- Symlinking: /home/benongnuel/dev_ws/install/xarm_msgs/local/lib/python3.10/dist-packages/xarm_msgs/srv/_ft_impedance_s.c
[5.101s] -- Symlinking: /home/benongnuel/dev_ws/install/xarm_msgs/local/lib/python3.10/dist-packages/xarm_msgs/srv/_get_analog_io.py
[5.106s] -- Symlinking: /home/benongnuel/dev_ws/install/xarm_msgs/local/lib/python3.10/dist-packages/xarm_msgs/srv/_get_analog_io_s.c
[5.111s] -- Symlinking: /home/benongnuel/dev_ws/install/xarm_msgs/local/lib/python3.10/dist-packages/xarm_msgs/srv/_get_digital_io.py
[5.116s] -- Symlinking: /home/benongnuel/dev_ws/install/xarm_msgs/local/lib/python3.10/dist-packages/xarm_msgs/srv/_get_digital_io_s.c
[5.122s] -- Symlinking: /home/benongnuel/dev_ws/install/xarm_msgs/local/lib/python3.10/dist-packages/xarm_msgs/srv/_get_float32.py
[5.128s] -- Symlinking: /home/benongnuel/dev_ws/install/xarm_msgs/local/lib/python3.10/dist-packages/xarm_msgs/srv/_get_float32_list.py
[5.136s] -- Symlinking: /home/benongnuel/dev_ws/install/xarm_msgs/local/lib/python3.10/dist-packages/xarm_msgs/srv/_get_float32_list_s.c
[5.141s] -- Symlinking: /home/benongnuel/dev_ws/install/xarm_msgs/local/lib/python3.10/dist-packages/xarm_msgs/srv/_get_float32_s.c
[5.148s] -- Symlinking: /home/benongnuel/dev_ws/install/xarm_msgs/local/lib/python3.10/dist-packages/xarm_msgs/srv/_get_int16.py
[5.154s] -- Symlinking: /home/benongnuel/dev_ws/install/xarm_msgs/local/lib/python3.10/dist-packages/xarm_msgs/srv/_get_int16_list.py
[5.159s] -- Symlinking: /home/benongnuel/dev_ws/install/xarm_msgs/local/lib/python3.10/dist-packages/xarm_msgs/srv/_get_int16_list_s.c
[5.164s] -- Symlinking: /home/benongnuel/dev_ws/install/xarm_msgs/local/lib/python3.10/dist-packages/xarm_msgs/srv/_get_int16_s.c
[5.170s] -- Symlinking: /home/benongnuel/dev_ws/install/xarm_msgs/local/lib/python3.10/dist-packages/xarm_msgs/srv/_get_int32.py
[5.175s] -- Symlinking: /home/benongnuel/dev_ws/install/xarm_msgs/local/lib/python3.10/dist-packages/xarm_msgs/srv/_get_int32_by_type.py
[5.181s] -- Symlinking: /home/benongnuel/dev_ws/install/xarm_msgs/local/lib/python3.10/dist-packages/xarm_msgs/srv/_get_int32_by_type_s.c
[5.186s] -- Symlinking: /home/benongnuel/dev_ws/install/xarm_msgs/local/lib/python3.10/dist-packages/xarm_msgs/srv/_get_int32_s.c
[5.191s] -- Symlinking: /home/benongnuel/dev_ws/install/xarm_msgs/local/lib/python3.10/dist-packages/xarm_msgs/srv/_get_set_modbus_data.py
[5.197s] -- Symlinking: /home/benongnuel/dev_ws/install/xarm_msgs/local/lib/python3.10/dist-packages/xarm_msgs/srv/_get_set_modbus_data_s.c
[5.205s] -- Symlinking: /home/benongnuel/dev_ws/install/xarm_msgs/local/lib/python3.10/dist-packages/xarm_msgs/srv/_gripper_move.py
[5.211s] -- Symlinking: /home/benongnuel/dev_ws/install/xarm_msgs/local/lib/python3.10/dist-packages/xarm_msgs/srv/_gripper_move_s.c
[5.216s] -- Symlinking: /home/benongnuel/dev_ws/install/xarm_msgs/local/lib/python3.10/dist-packages/xarm_msgs/srv/_iden_load.py
[5.222s] -- Symlinking: /home/benongnuel/dev_ws/install/xarm_msgs/local/lib/python3.10/dist-packages/xarm_msgs/srv/_iden_load_s.c
[5.228s] -- Symlinking: /home/benongnuel/dev_ws/install/xarm_msgs/local/lib/python3.10/dist-packages/xarm_msgs/srv/_linear_track_back_origin.py
[5.234s] -- Symlinking: /home/benongnuel/dev_ws/install/xarm_msgs/local/lib/python3.10/dist-packages/xarm_msgs/srv/_linear_track_back_origin_s.c
[5.240s] -- Symlinking: /home/benongnuel/dev_ws/install/xarm_msgs/local/lib/python3.10/dist-packages/xarm_msgs/srv/_linear_track_set_pos.py
[5.247s] -- Symlinking: /home/benongnuel/dev_ws/install/xarm_msgs/local/lib/python3.10/dist-packages/xarm_msgs/srv/_linear_track_set_pos_s.c
[5.254s] -- Symlinking: /home/benongnuel/dev_ws/install/xarm_msgs/local/lib/python3.10/dist-packages/xarm_msgs/srv/_move_cartesian.py
[5.259s] -- Symlinking: /home/benongnuel/dev_ws/install/xarm_msgs/local/lib/python3.10/dist-packages/xarm_msgs/srv/_move_cartesian_s.c
[5.264s] -- Symlinking: /home/benongnuel/dev_ws/install/xarm_msgs/local/lib/python3.10/dist-packages/xarm_msgs/srv/_move_circle.py
[5.271s] -- Symlinking: /home/benongnuel/dev_ws/install/xarm_msgs/local/lib/python3.10/dist-packages/xarm_msgs/srv/_move_circle_s.c
[5.277s] -- Symlinking: /home/benongnuel/dev_ws/install/xarm_msgs/local/lib/python3.10/dist-packages/xarm_msgs/srv/_move_home.py
[5.282s] -- Symlinking: /home/benongnuel/dev_ws/install/xarm_msgs/local/lib/python3.10/dist-packages/xarm_msgs/srv/_move_home_s.c
[5.287s] -- Symlinking: /home/benongnuel/dev_ws/install/xarm_msgs/local/lib/python3.10/dist-packages/xarm_msgs/srv/_move_joint.py
[5.293s] -- Symlinking: /home/benongnuel/dev_ws/install/xarm_msgs/local/lib/python3.10/dist-packages/xarm_msgs/srv/_move_joint_s.c
[5.298s] -- Symlinking: /home/benongnuel/dev_ws/install/xarm_msgs/local/lib/python3.10/dist-packages/xarm_msgs/srv/_move_velocity.py
[5.304s] -- Symlinking: /home/benongnuel/dev_ws/install/xarm_msgs/local/lib/python3.10/dist-packages/xarm_msgs/srv/_move_velocity_s.c
[5.309s] -- Symlinking: /home/benongnuel/dev_ws/install/xarm_msgs/local/lib/python3.10/dist-packages/xarm_msgs/srv/_plan_exec.py
[5.315s] -- Symlinking: /home/benongnuel/dev_ws/install/xarm_msgs/local/lib/python3.10/dist-packages/xarm_msgs/srv/_plan_exec_s.c
[5.321s] -- Symlinking: /home/benongnuel/dev_ws/install/xarm_msgs/local/lib/python3.10/dist-packages/xarm_msgs/srv/_plan_joint.py
[5.326s] -- Symlinking: /home/benongnuel/dev_ws/install/xarm_msgs/local/lib/python3.10/dist-packages/xarm_msgs/srv/_plan_joint_s.c
[5.332s] -- Symlinking: /home/benongnuel/dev_ws/install/xarm_msgs/local/lib/python3.10/dist-packages/xarm_msgs/srv/_plan_pose.py
[5.338s] -- Symlinking: /home/benongnuel/dev_ws/install/xarm_msgs/local/lib/python3.10/dist-packages/xarm_msgs/srv/_plan_pose_s.c
[5.344s] -- Symlinking: /home/benongnuel/dev_ws/install/xarm_msgs/local/lib/python3.10/dist-packages/xarm_msgs/srv/_plan_single_straight.py
[5.352s] -- Symlinking: /home/benongnuel/dev_ws/install/xarm_msgs/local/lib/python3.10/dist-packages/xarm_msgs/srv/_plan_single_straight_s.c
[5.358s] -- Symlinking: /home/benongnuel/dev_ws/install/xarm_msgs/local/lib/python3.10/dist-packages/xarm_msgs/srv/_robotiq_activate.py
[5.364s] -- Symlinking: /home/benongnuel/dev_ws/install/xarm_msgs/local/lib/python3.10/dist-packages/xarm_msgs/srv/_robotiq_activate_s.c
[5.370s] -- Symlinking: /home/benongnuel/dev_ws/install/xarm_msgs/local/lib/python3.10/dist-packages/xarm_msgs/srv/_robotiq_get_status.py
[5.376s] -- Symlinking: /home/benongnuel/dev_ws/install/xarm_msgs/local/lib/python3.10/dist-packages/xarm_msgs/srv/_robotiq_get_status_s.c
[5.382s] -- Symlinking: /home/benongnuel/dev_ws/install/xarm_msgs/local/lib/python3.10/dist-packages/xarm_msgs/srv/_robotiq_move.py
[5.387s] -- Symlinking: /home/benongnuel/dev_ws/install/xarm_msgs/local/lib/python3.10/dist-packages/xarm_msgs/srv/_robotiq_move_s.c
[5.393s] -- Symlinking: /home/benongnuel/dev_ws/install/xarm_msgs/local/lib/python3.10/dist-packages/xarm_msgs/srv/_robotiq_reset.py
[5.399s] -- Symlinking: /home/benongnuel/dev_ws/install/xarm_msgs/local/lib/python3.10/dist-packages/xarm_msgs/srv/_robotiq_reset_s.c
[5.407s] -- Symlinking: /home/benongnuel/dev_ws/install/xarm_msgs/local/lib/python3.10/dist-packages/xarm_msgs/srv/_set_analog_io.py
[5.412s] -- Symlinking: /home/benongnuel/dev_ws/install/xarm_msgs/local/lib/python3.10/dist-packages/xarm_msgs/srv/_set_analog_io_s.c
[5.419s] -- Symlinking: /home/benongnuel/dev_ws/install/xarm_msgs/local/lib/python3.10/dist-packages/xarm_msgs/srv/_set_digital_io.py
[5.425s] -- Symlinking: /home/benongnuel/dev_ws/install/xarm_msgs/local/lib/python3.10/dist-packages/xarm_msgs/srv/_set_digital_io_s.c
[5.432s] -- Symlinking: /home/benongnuel/dev_ws/install/xarm_msgs/local/lib/python3.10/dist-packages/xarm_msgs/srv/_set_float32.py
[5.438s] -- Symlinking: /home/benongnuel/dev_ws/install/xarm_msgs/local/lib/python3.10/dist-packages/xarm_msgs/srv/_set_float32_list.py
[5.444s] -- Symlinking: /home/benongnuel/dev_ws/install/xarm_msgs/local/lib/python3.10/dist-packages/xarm_msgs/srv/_set_float32_list_s.c
[5.451s] -- Symlinking: /home/benongnuel/dev_ws/install/xarm_msgs/local/lib/python3.10/dist-packages/xarm_msgs/srv/_set_float32_s.c
[5.457s] -- Symlinking: /home/benongnuel/dev_ws/install/xarm_msgs/local/lib/python3.10/dist-packages/xarm_msgs/srv/_set_int16.py
[5.462s] -- Symlinking: /home/benongnuel/dev_ws/install/xarm_msgs/local/lib/python3.10/dist-packages/xarm_msgs/srv/_set_int16_by_id.py
[5.470s] -- Symlinking: /home/benongnuel/dev_ws/install/xarm_msgs/local/lib/python3.10/dist-packages/xarm_msgs/srv/_set_int16_by_id_s.c
[5.476s] -- Symlinking: /home/benongnuel/dev_ws/install/xarm_msgs/local/lib/python3.10/dist-packages/xarm_msgs/srv/_set_int16_list.py
[5.489s] -- Symlinking: /home/benongnuel/dev_ws/install/xarm_msgs/local/lib/python3.10/dist-packages/xarm_msgs/srv/_set_int16_list_s.c
[5.500s] -- Symlinking: /home/benongnuel/dev_ws/install/xarm_msgs/local/lib/python3.10/dist-packages/xarm_msgs/srv/_set_int16_s.c
[5.508s] -- Symlinking: /home/benongnuel/dev_ws/install/xarm_msgs/local/lib/python3.10/dist-packages/xarm_msgs/srv/_set_int32.py
[5.516s] -- Symlinking: /home/benongnuel/dev_ws/install/xarm_msgs/local/lib/python3.10/dist-packages/xarm_msgs/srv/_set_int32_by_type.py
[5.522s] -- Symlinking: /home/benongnuel/dev_ws/install/xarm_msgs/local/lib/python3.10/dist-packages/xarm_msgs/srv/_set_int32_by_type_s.c
[5.528s] -- Symlinking: /home/benongnuel/dev_ws/install/xarm_msgs/local/lib/python3.10/dist-packages/xarm_msgs/srv/_set_int32_s.c
[5.534s] -- Symlinking: /home/benongnuel/dev_ws/install/xarm_msgs/local/lib/python3.10/dist-packages/xarm_msgs/srv/_set_modbus_timeout.py
[5.539s] -- Symlinking: /home/benongnuel/dev_ws/install/xarm_msgs/local/lib/python3.10/dist-packages/xarm_msgs/srv/_set_modbus_timeout_s.c
[5.547s] -- Symlinking: /home/benongnuel/dev_ws/install/xarm_msgs/local/lib/python3.10/dist-packages/xarm_msgs/srv/_set_tcp_load.py
[5.552s] -- Symlinking: /home/benongnuel/dev_ws/install/xarm_msgs/local/lib/python3.10/dist-packages/xarm_msgs/srv/_set_tcp_load_s.c
[5.559s] -- Symlinking: /home/benongnuel/dev_ws/install/xarm_msgs/local/lib/python3.10/dist-packages/xarm_msgs/srv/_traj_ctrl.py
[5.565s] -- Symlinking: /home/benongnuel/dev_ws/install/xarm_msgs/local/lib/python3.10/dist-packages/xarm_msgs/srv/_traj_ctrl_s.c
[5.571s] -- Symlinking: /home/benongnuel/dev_ws/install/xarm_msgs/local/lib/python3.10/dist-packages/xarm_msgs/srv/_traj_play.py
[5.577s] -- Symlinking: /home/benongnuel/dev_ws/install/xarm_msgs/local/lib/python3.10/dist-packages/xarm_msgs/srv/_traj_play_s.c
[5.583s] -- Symlinking: /home/benongnuel/dev_ws/install/xarm_msgs/local/lib/python3.10/dist-packages/xarm_msgs/srv/_vacuum_gripper_ctrl.py
[5.589s] -- Symlinking: /home/benongnuel/dev_ws/install/xarm_msgs/local/lib/python3.10/dist-packages/xarm_msgs/srv/_vacuum_gripper_ctrl_s.c
[5.593s] -- Symlinking: /home/benongnuel/dev_ws/install/xarm_msgs/local/lib/python3.10/dist-packages/xarm_msgs/xarm_msgs_s__rosidl_typesupport_c.cpython-310-x86_64-linux-gnu.so
[5.600s] -- Symlinking: /home/benongnuel/dev_ws/install/xarm_msgs/local/lib/python3.10/dist-packages/xarm_msgs/xarm_msgs_s__rosidl_typesupport_fastrtps_c.cpython-310-x86_64-linux-gnu.so
[5.604s] -- Symlinking: /home/benongnuel/dev_ws/install/xarm_msgs/local/lib/python3.10/dist-packages/xarm_msgs/xarm_msgs_s__rosidl_typesupport_introspection_c.cpython-310-x86_64-linux-gnu.so
[5.611s] -- Up-to-date symlink: /home/benongnuel/dev_ws/install/xarm_msgs/local/lib/python3.10/dist-packages/xarm_msgs/xarm_msgs_s__rosidl_typesupport_fastrtps_c.cpython-310-x86_64-linux-gnu.so
[5.611s] -- Up-to-date symlink: /home/benongnuel/dev_ws/install/xarm_msgs/local/lib/python3.10/dist-packages/xarm_msgs/xarm_msgs_s__rosidl_typesupport_introspection_c.cpython-310-x86_64-linux-gnu.so
[5.611s] -- Up-to-date symlink: /home/benongnuel/dev_ws/install/xarm_msgs/local/lib/python3.10/dist-packages/xarm_msgs/xarm_msgs_s__rosidl_typesupport_c.cpython-310-x86_64-linux-gnu.so
[5.611s] -- Symlinking: /home/benongnuel/dev_ws/install/xarm_msgs/share/xarm_msgs/msg/RobotMsg.idl
[5.619s] -- Symlinking: /home/benongnuel/dev_ws/install/xarm_msgs/share/xarm_msgs/msg/IOState.idl
[5.630s] -- Symlinking: /home/benongnuel/dev_ws/install/xarm_msgs/share/xarm_msgs/msg/CIOState.idl
[5.640s] -- Symlinking: /home/benongnuel/dev_ws/install/xarm_msgs/share/xarm_msgs/msg/MoveVelocity.idl
[5.649s] -- Symlinking: /home/benongnuel/dev_ws/install/xarm_msgs/share/xarm_msgs/srv/BioGripperCtrl.idl
[5.655s] -- Symlinking: /home/benongnuel/dev_ws/install/xarm_msgs/share/xarm_msgs/srv/BioGripperEnable.idl
[5.663s] -- Symlinking: /home/benongnuel/dev_ws/install/xarm_msgs/share/xarm_msgs/srv/Call.idl
[5.674s] -- Symlinking: /home/benongnuel/dev_ws/install/xarm_msgs/share/xarm_msgs/srv/GetAnalogIO.idl
[5.685s] -- Symlinking: /home/benongnuel/dev_ws/install/xarm_msgs/share/xarm_msgs/srv/GetDigitalIO.idl
[5.695s] -- Symlinking: /home/benongnuel/dev_ws/install/xarm_msgs/share/xarm_msgs/srv/GetFloat32.idl
[5.702s] -- Symlinking: /home/benongnuel/dev_ws/install/xarm_msgs/share/xarm_msgs/srv/GetFloat32List.idl
[5.708s] -- Symlinking: /home/benongnuel/dev_ws/install/xarm_msgs/share/xarm_msgs/srv/GetInt16.idl
[5.715s] -- Symlinking: /home/benongnuel/dev_ws/install/xarm_msgs/share/xarm_msgs/srv/GetInt16List.idl
[5.721s] -- Symlinking: /home/benongnuel/dev_ws/install/xarm_msgs/share/xarm_msgs/srv/GetInt32.idl
[5.729s] -- Symlinking: /home/benongnuel/dev_ws/install/xarm_msgs/share/xarm_msgs/srv/GetInt32ByType.idl
[5.734s] -- Symlinking: /home/benongnuel/dev_ws/install/xarm_msgs/share/xarm_msgs/srv/GetSetModbusData.idl
[5.743s] -- Symlinking: /home/benongnuel/dev_ws/install/xarm_msgs/share/xarm_msgs/srv/GripperMove.idl
[5.751s] -- Symlinking: /home/benongnuel/dev_ws/install/xarm_msgs/share/xarm_msgs/srv/MoveCartesian.idl
[5.758s] -- Symlinking: /home/benongnuel/dev_ws/install/xarm_msgs/share/xarm_msgs/srv/MoveCircle.idl
[5.768s] -- Symlinking: /home/benongnuel/dev_ws/install/xarm_msgs/share/xarm_msgs/srv/MoveHome.idl
[5.776s] -- Symlinking: /home/benongnuel/dev_ws/install/xarm_msgs/share/xarm_msgs/srv/MoveJoint.idl
[5.785s] -- Symlinking: /home/benongnuel/dev_ws/install/xarm_msgs/share/xarm_msgs/srv/MoveVelocity.idl
[5.793s] -- Symlinking: /home/benongnuel/dev_ws/install/xarm_msgs/share/xarm_msgs/srv/RobotiqActivate.idl
[5.800s] -- Symlinking: /home/benongnuel/dev_ws/install/xarm_msgs/share/xarm_msgs/srv/RobotiqGetStatus.idl
[5.807s] -- Symlinking: /home/benongnuel/dev_ws/install/xarm_msgs/share/xarm_msgs/srv/RobotiqMove.idl
[5.815s] -- Symlinking: /home/benongnuel/dev_ws/install/xarm_msgs/share/xarm_msgs/srv/RobotiqReset.idl
[5.824s] -- Symlinking: /home/benongnuel/dev_ws/install/xarm_msgs/share/xarm_msgs/srv/SetAnalogIO.idl
[5.831s] -- Symlinking: /home/benongnuel/dev_ws/install/xarm_msgs/share/xarm_msgs/srv/SetDigitalIO.idl
[5.840s] -- Symlinking: /home/benongnuel/dev_ws/install/xarm_msgs/share/xarm_msgs/srv/SetFloat32.idl
[5.847s] -- Symlinking: /home/benongnuel/dev_ws/install/xarm_msgs/share/xarm_msgs/srv/SetFloat32List.idl
[5.856s] -- Symlinking: /home/benongnuel/dev_ws/install/xarm_msgs/share/xarm_msgs/srv/SetInt16.idl
[5.862s] -- Symlinking: /home/benongnuel/dev_ws/install/xarm_msgs/share/xarm_msgs/srv/SetInt16ById.idl
[5.869s] -- Symlinking: /home/benongnuel/dev_ws/install/xarm_msgs/share/xarm_msgs/srv/SetInt16List.idl
[5.878s] -- Symlinking: /home/benongnuel/dev_ws/install/xarm_msgs/share/xarm_msgs/srv/SetInt32.idl
[5.885s] -- Symlinking: /home/benongnuel/dev_ws/install/xarm_msgs/share/xarm_msgs/srv/SetInt32ByType.idl
[5.893s] -- Symlinking: /home/benongnuel/dev_ws/install/xarm_msgs/share/xarm_msgs/srv/TrajCtrl.idl
[5.901s] -- Symlinking: /home/benongnuel/dev_ws/install/xarm_msgs/share/xarm_msgs/srv/TrajPlay.idl
[5.909s] -- Symlinking: /home/benongnuel/dev_ws/install/xarm_msgs/share/xarm_msgs/srv/VacuumGripperCtrl.idl
[5.917s] -- Symlinking: /home/benongnuel/dev_ws/install/xarm_msgs/share/xarm_msgs/srv/SetTcpLoad.idl
[5.924s] -- Symlinking: /home/benongnuel/dev_ws/install/xarm_msgs/share/xarm_msgs/srv/SetModbusTimeout.idl
[5.930s] -- Symlinking: /home/benongnuel/dev_ws/install/xarm_msgs/share/xarm_msgs/srv/IdenLoad.idl
[5.938s] -- Symlinking: /home/benongnuel/dev_ws/install/xarm_msgs/share/xarm_msgs/srv/FtCaliLoad.idl
[5.944s] -- Symlinking: /home/benongnuel/dev_ws/install/xarm_msgs/share/xarm_msgs/srv/FtForceConfig.idl
[5.954s] -- Symlinking: /home/benongnuel/dev_ws/install/xarm_msgs/share/xarm_msgs/srv/FtForcePid.idl
[5.961s] -- Symlinking: /home/benongnuel/dev_ws/install/xarm_msgs/share/xarm_msgs/srv/FtImpedance.idl
[5.970s] -- Symlinking: /home/benongnuel/dev_ws/install/xarm_msgs/share/xarm_msgs/srv/LinearTrackBackOrigin.idl
[5.979s] -- Symlinking: /home/benongnuel/dev_ws/install/xarm_msgs/share/xarm_msgs/srv/LinearTrackSetPos.idl
[5.987s] -- Symlinking: /home/benongnuel/dev_ws/install/xarm_msgs/share/xarm_msgs/srv/PlanExec.idl
[5.993s] -- Symlinking: /home/benongnuel/dev_ws/install/xarm_msgs/share/xarm_msgs/srv/PlanJoint.idl
[6.001s] -- Symlinking: /home/benongnuel/dev_ws/install/xarm_msgs/share/xarm_msgs/srv/PlanPose.idl
[6.007s] -- Symlinking: /home/benongnuel/dev_ws/install/xarm_msgs/share/xarm_msgs/srv/PlanSingleStraight.idl
[6.015s] -- Symlinking: /home/benongnuel/dev_ws/install/xarm_msgs/share/xarm_msgs/msg/RobotMsg.msg
[6.021s] -- Symlinking: /home/benongnuel/dev_ws/install/xarm_msgs/share/xarm_msgs/msg/IOState.msg
[6.027s] -- Symlinking: /home/benongnuel/dev_ws/install/xarm_msgs/share/xarm_msgs/msg/CIOState.msg
[6.035s] -- Symlinking: /home/benongnuel/dev_ws/install/xarm_msgs/share/xarm_msgs/msg/MoveVelocity.msg
[6.040s] -- Symlinking: /home/benongnuel/dev_ws/install/xarm_msgs/share/xarm_msgs/srv/BioGripperCtrl.srv
[6.048s] -- Symlinking: /home/benongnuel/dev_ws/install/xarm_msgs/share/xarm_msgs/srv/BioGripperCtrl_Request.msg
[6.054s] -- Symlinking: /home/benongnuel/dev_ws/install/xarm_msgs/share/xarm_msgs/srv/BioGripperCtrl_Response.msg
[6.063s] -- Symlinking: /home/benongnuel/dev_ws/install/xarm_msgs/share/xarm_msgs/srv/BioGripperEnable.srv
[6.070s] -- Symlinking: /home/benongnuel/dev_ws/install/xarm_msgs/share/xarm_msgs/srv/BioGripperEnable_Request.msg
[6.077s] -- Symlinking: /home/benongnuel/dev_ws/install/xarm_msgs/share/xarm_msgs/srv/BioGripperEnable_Response.msg
[6.084s] -- Symlinking: /home/benongnuel/dev_ws/install/xarm_msgs/share/xarm_msgs/srv/Call.srv
[6.092s] -- Symlinking: /home/benongnuel/dev_ws/install/xarm_msgs/share/xarm_msgs/srv/Call_Request.msg
[6.101s] -- Symlinking: /home/benongnuel/dev_ws/install/xarm_msgs/share/xarm_msgs/srv/Call_Response.msg
[6.105s] -- Symlinking: /home/benongnuel/dev_ws/install/xarm_msgs/share/xarm_msgs/srv/GetAnalogIO.srv
[6.113s] -- Symlinking: /home/benongnuel/dev_ws/install/xarm_msgs/share/xarm_msgs/srv/GetAnalogIO_Request.msg
[6.118s] -- Symlinking: /home/benongnuel/dev_ws/install/xarm_msgs/share/xarm_msgs/srv/GetAnalogIO_Response.msg
[6.124s] -- Symlinking: /home/benongnuel/dev_ws/install/xarm_msgs/share/xarm_msgs/srv/GetDigitalIO.srv
[6.131s] -- Symlinking: /home/benongnuel/dev_ws/install/xarm_msgs/share/xarm_msgs/srv/GetDigitalIO_Request.msg
[6.137s] -- Symlinking: /home/benongnuel/dev_ws/install/xarm_msgs/share/xarm_msgs/srv/GetDigitalIO_Response.msg
[6.141s] -- Symlinking: /home/benongnuel/dev_ws/install/xarm_msgs/share/xarm_msgs/srv/GetFloat32.srv
[6.149s] -- Symlinking: /home/benongnuel/dev_ws/install/xarm_msgs/share/xarm_msgs/srv/GetFloat32_Request.msg
[6.157s] -- Symlinking: /home/benongnuel/dev_ws/install/xarm_msgs/share/xarm_msgs/srv/GetFloat32_Response.msg
[6.164s] -- Symlinking: /home/benongnuel/dev_ws/install/xarm_msgs/share/xarm_msgs/srv/GetFloat32List.srv
[6.171s] -- Symlinking: /home/benongnuel/dev_ws/install/xarm_msgs/share/xarm_msgs/srv/GetFloat32List_Request.msg
[6.176s] -- Symlinking: /home/benongnuel/dev_ws/install/xarm_msgs/share/xarm_msgs/srv/GetFloat32List_Response.msg
[6.184s] -- Symlinking: /home/benongnuel/dev_ws/install/xarm_msgs/share/xarm_msgs/srv/GetInt16.srv
[6.189s] -- Symlinking: /home/benongnuel/dev_ws/install/xarm_msgs/share/xarm_msgs/srv/GetInt16_Request.msg
[6.196s] -- Symlinking: /home/benongnuel/dev_ws/install/xarm_msgs/share/xarm_msgs/srv/GetInt16_Response.msg
[6.204s] -- Symlinking: /home/benongnuel/dev_ws/install/xarm_msgs/share/xarm_msgs/srv/GetInt16List.srv
[6.216s] -- Symlinking: /home/benongnuel/dev_ws/install/xarm_msgs/share/xarm_msgs/srv/GetInt16List_Request.msg
[6.223s] -- Symlinking: /home/benongnuel/dev_ws/install/xarm_msgs/share/xarm_msgs/srv/GetInt16List_Response.msg
[6.230s] -- Symlinking: /home/benongnuel/dev_ws/install/xarm_msgs/share/xarm_msgs/srv/GetInt32.srv
[6.238s] -- Symlinking: /home/benongnuel/dev_ws/install/xarm_msgs/share/xarm_msgs/srv/GetInt32_Request.msg
[6.246s] -- Symlinking: /home/benongnuel/dev_ws/install/xarm_msgs/share/xarm_msgs/srv/GetInt32_Response.msg
[6.255s] -- Symlinking: /home/benongnuel/dev_ws/install/xarm_msgs/share/xarm_msgs/srv/GetInt32ByType.srv
[6.261s] -- Symlinking: /home/benongnuel/dev_ws/install/xarm_msgs/share/xarm_msgs/srv/GetInt32ByType_Request.msg
[6.267s] -- Symlinking: /home/benongnuel/dev_ws/install/xarm_msgs/share/xarm_msgs/srv/GetInt32ByType_Response.msg
[6.275s] -- Symlinking: /home/benongnuel/dev_ws/install/xarm_msgs/share/xarm_msgs/srv/GetSetModbusData.srv
[6.283s] -- Symlinking: /home/benongnuel/dev_ws/install/xarm_msgs/share/xarm_msgs/srv/GetSetModbusData_Request.msg
[6.291s] -- Symlinking: /home/benongnuel/dev_ws/install/xarm_msgs/share/xarm_msgs/srv/GetSetModbusData_Response.msg
[6.297s] -- Symlinking: /home/benongnuel/dev_ws/install/xarm_msgs/share/xarm_msgs/srv/GripperMove.srv
[6.303s] -- Symlinking: /home/benongnuel/dev_ws/install/xarm_msgs/share/xarm_msgs/srv/GripperMove_Request.msg
[6.310s] -- Symlinking: /home/benongnuel/dev_ws/install/xarm_msgs/share/xarm_msgs/srv/GripperMove_Response.msg
[6.317s] -- Symlinking: /home/benongnuel/dev_ws/install/xarm_msgs/share/xarm_msgs/srv/MoveCartesian.srv
[6.324s] -- Symlinking: /home/benongnuel/dev_ws/install/xarm_msgs/share/xarm_msgs/srv/MoveCartesian_Request.msg
[6.330s] -- Symlinking: /home/benongnuel/dev_ws/install/xarm_msgs/share/xarm_msgs/srv/MoveCartesian_Response.msg
[6.341s] -- Symlinking: /home/benongnuel/dev_ws/install/xarm_msgs/share/xarm_msgs/srv/MoveCircle.srv
[6.350s] -- Symlinking: /home/benongnuel/dev_ws/install/xarm_msgs/share/xarm_msgs/srv/MoveCircle_Request.msg
[6.359s] -- Symlinking: /home/benongnuel/dev_ws/install/xarm_msgs/share/xarm_msgs/srv/MoveCircle_Response.msg
[6.368s] -- Symlinking: /home/benongnuel/dev_ws/install/xarm_msgs/share/xarm_msgs/srv/MoveHome.srv
[6.379s] -- Symlinking: /home/benongnuel/dev_ws/install/xarm_msgs/share/xarm_msgs/srv/MoveHome_Request.msg
[6.385s] -- Symlinking: /home/benongnuel/dev_ws/install/xarm_msgs/share/xarm_msgs/srv/MoveHome_Response.msg
[6.392s] -- Symlinking: /home/benongnuel/dev_ws/install/xarm_msgs/share/xarm_msgs/srv/MoveJoint.srv
[6.400s] -- Symlinking: /home/benongnuel/dev_ws/install/xarm_msgs/share/xarm_msgs/srv/MoveJoint_Request.msg
[6.406s] -- Symlinking: /home/benongnuel/dev_ws/install/xarm_msgs/share/xarm_msgs/srv/MoveJoint_Response.msg
[6.414s] -- Symlinking: /home/benongnuel/dev_ws/install/xarm_msgs/share/xarm_msgs/srv/MoveVelocity.srv
[6.420s] -- Symlinking: /home/benongnuel/dev_ws/install/xarm_msgs/share/xarm_msgs/srv/MoveVelocity_Request.msg
[6.427s] -- Symlinking: /home/benongnuel/dev_ws/install/xarm_msgs/share/xarm_msgs/srv/MoveVelocity_Response.msg
[6.433s] -- Symlinking: /home/benongnuel/dev_ws/install/xarm_msgs/share/xarm_msgs/srv/RobotiqActivate.srv
[6.441s] -- Symlinking: /home/benongnuel/dev_ws/install/xarm_msgs/share/xarm_msgs/srv/RobotiqActivate_Request.msg
[6.449s] -- Symlinking: /home/benongnuel/dev_ws/install/xarm_msgs/share/xarm_msgs/srv/RobotiqActivate_Response.msg
[6.454s] -- Symlinking: /home/benongnuel/dev_ws/install/xarm_msgs/share/xarm_msgs/srv/RobotiqGetStatus.srv
[6.460s] -- Symlinking: /home/benongnuel/dev_ws/install/xarm_msgs/share/xarm_msgs/srv/RobotiqGetStatus_Request.msg
[6.466s] -- Symlinking: /home/benongnuel/dev_ws/install/xarm_msgs/share/xarm_msgs/srv/RobotiqGetStatus_Response.msg
[6.471s] -- Symlinking: /home/benongnuel/dev_ws/install/xarm_msgs/share/xarm_msgs/srv/RobotiqMove.srv
[6.477s] -- Symlinking: /home/benongnuel/dev_ws/install/xarm_msgs/share/xarm_msgs/srv/RobotiqMove_Request.msg
[6.483s] -- Symlinking: /home/benongnuel/dev_ws/install/xarm_msgs/share/xarm_msgs/srv/RobotiqMove_Response.msg
[6.490s] -- Symlinking: /home/benongnuel/dev_ws/install/xarm_msgs/share/xarm_msgs/srv/RobotiqReset.srv
[6.497s] -- Symlinking: /home/benongnuel/dev_ws/install/xarm_msgs/share/xarm_msgs/srv/RobotiqReset_Request.msg
[6.504s] -- Symlinking: /home/benongnuel/dev_ws/install/xarm_msgs/share/xarm_msgs/srv/RobotiqReset_Response.msg
[6.511s] -- Symlinking: /home/benongnuel/dev_ws/install/xarm_msgs/share/xarm_msgs/srv/SetAnalogIO.srv
[6.517s] -- Symlinking: /home/benongnuel/dev_ws/install/xarm_msgs/share/xarm_msgs/srv/SetAnalogIO_Request.msg
[6.525s] -- Symlinking: /home/benongnuel/dev_ws/install/xarm_msgs/share/xarm_msgs/srv/SetAnalogIO_Response.msg
[6.532s] -- Symlinking: /home/benongnuel/dev_ws/install/xarm_msgs/share/xarm_msgs/srv/SetDigitalIO.srv
[6.539s] -- Symlinking: /home/benongnuel/dev_ws/install/xarm_msgs/share/xarm_msgs/srv/SetDigitalIO_Request.msg
[6.546s] -- Symlinking: /home/benongnuel/dev_ws/install/xarm_msgs/share/xarm_msgs/srv/SetDigitalIO_Response.msg
[6.552s] -- Symlinking: /home/benongnuel/dev_ws/install/xarm_msgs/share/xarm_msgs/srv/SetFloat32.srv
[6.560s] -- Symlinking: /home/benongnuel/dev_ws/install/xarm_msgs/share/xarm_msgs/srv/SetFloat32_Request.msg
[6.567s] -- Symlinking: /home/benongnuel/dev_ws/install/xarm_msgs/share/xarm_msgs/srv/SetFloat32_Response.msg
[6.574s] -- Symlinking: /home/benongnuel/dev_ws/install/xarm_msgs/share/xarm_msgs/srv/SetFloat32List.srv
[6.583s] -- Symlinking: /home/benongnuel/dev_ws/install/xarm_msgs/share/xarm_msgs/srv/SetFloat32List_Request.msg
[6.588s] -- Symlinking: /home/benongnuel/dev_ws/install/xarm_msgs/share/xarm_msgs/srv/SetFloat32List_Response.msg
[6.596s] -- Symlinking: /home/benongnuel/dev_ws/install/xarm_msgs/share/xarm_msgs/srv/SetInt16.srv
[6.602s] -- Symlinking: /home/benongnuel/dev_ws/install/xarm_msgs/share/xarm_msgs/srv/SetInt16_Request.msg
[6.610s] -- Symlinking: /home/benongnuel/dev_ws/install/xarm_msgs/share/xarm_msgs/srv/SetInt16_Response.msg
[6.616s] -- Symlinking: /home/benongnuel/dev_ws/install/xarm_msgs/share/xarm_msgs/srv/SetInt16ById.srv
[6.622s] -- Symlinking: /home/benongnuel/dev_ws/install/xarm_msgs/share/xarm_msgs/srv/SetInt16ById_Request.msg
[6.630s] -- Symlinking: /home/benongnuel/dev_ws/install/xarm_msgs/share/xarm_msgs/srv/SetInt16ById_Response.msg
[6.636s] -- Symlinking: /home/benongnuel/dev_ws/install/xarm_msgs/share/xarm_msgs/srv/SetInt16List.srv
[6.642s] -- Symlinking: /home/benongnuel/dev_ws/install/xarm_msgs/share/xarm_msgs/srv/SetInt16List_Request.msg
[6.649s] -- Symlinking: /home/benongnuel/dev_ws/install/xarm_msgs/share/xarm_msgs/srv/SetInt16List_Response.msg
[6.656s] -- Symlinking: /home/benongnuel/dev_ws/install/xarm_msgs/share/xarm_msgs/srv/SetInt32.srv
[6.662s] -- Symlinking: /home/benongnuel/dev_ws/install/xarm_msgs/share/xarm_msgs/srv/SetInt32_Request.msg
[6.668s] -- Symlinking: /home/benongnuel/dev_ws/install/xarm_msgs/share/xarm_msgs/srv/SetInt32_Response.msg
[6.675s] -- Symlinking: /home/benongnuel/dev_ws/install/xarm_msgs/share/xarm_msgs/srv/SetInt32ByType.srv
[6.680s] -- Symlinking: /home/benongnuel/dev_ws/install/xarm_msgs/share/xarm_msgs/srv/SetInt32ByType_Request.msg
[6.686s] -- Symlinking: /home/benongnuel/dev_ws/install/xarm_msgs/share/xarm_msgs/srv/SetInt32ByType_Response.msg
[6.693s] -- Symlinking: /home/benongnuel/dev_ws/install/xarm_msgs/share/xarm_msgs/srv/TrajCtrl.srv
[6.702s] -- Symlinking: /home/benongnuel/dev_ws/install/xarm_msgs/share/xarm_msgs/srv/TrajCtrl_Request.msg
[6.710s] -- Symlinking: /home/benongnuel/dev_ws/install/xarm_msgs/share/xarm_msgs/srv/TrajCtrl_Response.msg
[6.717s] -- Symlinking: /home/benongnuel/dev_ws/install/xarm_msgs/share/xarm_msgs/srv/TrajPlay.srv
[6.722s] -- Symlinking: /home/benongnuel/dev_ws/install/xarm_msgs/share/xarm_msgs/srv/TrajPlay_Request.msg
[6.728s] -- Symlinking: /home/benongnuel/dev_ws/install/xarm_msgs/share/xarm_msgs/srv/TrajPlay_Response.msg
[6.734s] -- Symlinking: /home/benongnuel/dev_ws/install/xarm_msgs/share/xarm_msgs/srv/VacuumGripperCtrl.srv
[6.741s] -- Symlinking: /home/benongnuel/dev_ws/install/xarm_msgs/share/xarm_msgs/srv/VacuumGripperCtrl_Request.msg
[6.748s] -- Symlinking: /home/benongnuel/dev_ws/install/xarm_msgs/share/xarm_msgs/srv/VacuumGripperCtrl_Response.msg
[6.756s] -- Symlinking: /home/benongnuel/dev_ws/install/xarm_msgs/share/xarm_msgs/srv/SetTcpLoad.srv
[6.761s] -- Symlinking: /home/benongnuel/dev_ws/install/xarm_msgs/share/xarm_msgs/srv/SetTcpLoad_Request.msg
[6.767s] -- Symlinking: /home/benongnuel/dev_ws/install/xarm_msgs/share/xarm_msgs/srv/SetTcpLoad_Response.msg
[6.773s] -- Symlinking: /home/benongnuel/dev_ws/install/xarm_msgs/share/xarm_msgs/srv/SetModbusTimeout.srv
[6.781s] -- Symlinking: /home/benongnuel/dev_ws/install/xarm_msgs/share/xarm_msgs/srv/SetModbusTimeout_Request.msg
[6.787s] -- Symlinking: /home/benongnuel/dev_ws/install/xarm_msgs/share/xarm_msgs/srv/SetModbusTimeout_Response.msg
[6.793s] -- Symlinking: /home/benongnuel/dev_ws/install/xarm_msgs/share/xarm_msgs/srv/IdenLoad.srv
[6.799s] -- Symlinking: /home/benongnuel/dev_ws/install/xarm_msgs/share/xarm_msgs/srv/IdenLoad_Request.msg
[6.806s] -- Symlinking: /home/benongnuel/dev_ws/install/xarm_msgs/share/xarm_msgs/srv/IdenLoad_Response.msg
[6.811s] -- Symlinking: /home/benongnuel/dev_ws/install/xarm_msgs/share/xarm_msgs/srv/FtCaliLoad.srv
[6.819s] -- Symlinking: /home/benongnuel/dev_ws/install/xarm_msgs/share/xarm_msgs/srv/FtCaliLoad_Request.msg
[6.825s] -- Symlinking: /home/benongnuel/dev_ws/install/xarm_msgs/share/xarm_msgs/srv/FtCaliLoad_Response.msg
[6.830s] -- Symlinking: /home/benongnuel/dev_ws/install/xarm_msgs/share/xarm_msgs/srv/FtForceConfig.srv
[6.838s] -- Symlinking: /home/benongnuel/dev_ws/install/xarm_msgs/share/xarm_msgs/srv/FtForceConfig_Request.msg
[6.845s] -- Symlinking: /home/benongnuel/dev_ws/install/xarm_msgs/share/xarm_msgs/srv/FtForceConfig_Response.msg
[6.850s] -- Symlinking: /home/benongnuel/dev_ws/install/xarm_msgs/share/xarm_msgs/srv/FtForcePid.srv
[6.855s] -- Symlinking: /home/benongnuel/dev_ws/install/xarm_msgs/share/xarm_msgs/srv/FtForcePid_Request.msg
[6.861s] -- Symlinking: /home/benongnuel/dev_ws/install/xarm_msgs/share/xarm_msgs/srv/FtForcePid_Response.msg
[6.866s] -- Symlinking: /home/benongnuel/dev_ws/install/xarm_msgs/share/xarm_msgs/srv/FtImpedance.srv
[6.874s] -- Symlinking: /home/benongnuel/dev_ws/install/xarm_msgs/share/xarm_msgs/srv/FtImpedance_Request.msg
[6.880s] -- Symlinking: /home/benongnuel/dev_ws/install/xarm_msgs/share/xarm_msgs/srv/FtImpedance_Response.msg
[6.886s] -- Symlinking: /home/benongnuel/dev_ws/install/xarm_msgs/share/xarm_msgs/srv/LinearTrackBackOrigin.srv
[6.894s] -- Symlinking: /home/benongnuel/dev_ws/install/xarm_msgs/share/xarm_msgs/srv/LinearTrackBackOrigin_Request.msg
[6.902s] -- Symlinking: /home/benongnuel/dev_ws/install/xarm_msgs/share/xarm_msgs/srv/LinearTrackBackOrigin_Response.msg
[6.908s] -- Symlinking: /home/benongnuel/dev_ws/install/xarm_msgs/share/xarm_msgs/srv/LinearTrackSetPos.srv
[6.915s] -- Symlinking: /home/benongnuel/dev_ws/install/xarm_msgs/share/xarm_msgs/srv/LinearTrackSetPos_Request.msg
[6.921s] -- Symlinking: /home/benongnuel/dev_ws/install/xarm_msgs/share/xarm_msgs/srv/LinearTrackSetPos_Response.msg
[6.927s] -- Symlinking: /home/benongnuel/dev_ws/install/xarm_msgs/share/xarm_msgs/srv/PlanExec.srv
[6.934s] -- Symlinking: /home/benongnuel/dev_ws/install/xarm_msgs/share/xarm_msgs/srv/PlanExec_Request.msg
[6.942s] -- Symlinking: /home/benongnuel/dev_ws/install/xarm_msgs/share/xarm_msgs/srv/PlanExec_Response.msg
[6.949s] -- Symlinking: /home/benongnuel/dev_ws/install/xarm_msgs/share/xarm_msgs/srv/PlanJoint.srv
[6.955s] -- Symlinking: /home/benongnuel/dev_ws/install/xarm_msgs/share/xarm_msgs/srv/PlanJoint_Request.msg
[6.963s] -- Symlinking: /home/benongnuel/dev_ws/install/xarm_msgs/share/xarm_msgs/srv/PlanJoint_Response.msg
[6.970s] -- Symlinking: /home/benongnuel/dev_ws/install/xarm_msgs/share/xarm_msgs/srv/PlanPose.srv
[6.974s] -- Symlinking: /home/benongnuel/dev_ws/install/xarm_msgs/share/xarm_msgs/srv/PlanPose_Request.msg
[6.981s] -- Symlinking: /home/benongnuel/dev_ws/install/xarm_msgs/share/xarm_msgs/srv/PlanPose_Response.msg
[6.987s] -- Symlinking: /home/benongnuel/dev_ws/install/xarm_msgs/share/xarm_msgs/srv/PlanSingleStraight.srv
[6.996s] -- Symlinking: /home/benongnuel/dev_ws/install/xarm_msgs/share/xarm_msgs/srv/PlanSingleStraight_Request.msg
[7.004s] -- Symlinking: /home/benongnuel/dev_ws/install/xarm_msgs/share/xarm_msgs/srv/PlanSingleStraight_Response.msg
[7.012s] -- Symlinking: /home/benongnuel/dev_ws/install/xarm_msgs/share/ament_index/resource_index/package_run_dependencies/xarm_msgs
[7.017s] -- Symlinking: /home/benongnuel/dev_ws/install/xarm_msgs/share/ament_index/resource_index/parent_prefix_path/xarm_msgs
[7.024s] -- Symlinking: /home/benongnuel/dev_ws/install/xarm_msgs/share/xarm_msgs/environment/ament_prefix_path.sh
[7.033s] -- Symlinking: /home/benongnuel/dev_ws/install/xarm_msgs/share/xarm_msgs/environment/ament_prefix_path.dsv
[7.040s] -- Symlinking: /home/benongnuel/dev_ws/install/xarm_msgs/share/xarm_msgs/environment/path.sh
[7.046s] -- Symlinking: /home/benongnuel/dev_ws/install/xarm_msgs/share/xarm_msgs/environment/path.dsv
[7.052s] -- Symlinking: /home/benongnuel/dev_ws/install/xarm_msgs/share/xarm_msgs/local_setup.bash
[7.058s] -- Symlinking: /home/benongnuel/dev_ws/install/xarm_msgs/share/xarm_msgs/local_setup.sh
[7.063s] -- Symlinking: /home/benongnuel/dev_ws/install/xarm_msgs/share/xarm_msgs/local_setup.zsh
[7.069s] -- Symlinking: /home/benongnuel/dev_ws/install/xarm_msgs/share/xarm_msgs/local_setup.dsv
[7.074s] -- Symlinking: /home/benongnuel/dev_ws/install/xarm_msgs/share/xarm_msgs/package.dsv
[7.080s] -- Symlinking: /home/benongnuel/dev_ws/install/xarm_msgs/share/ament_index/resource_index/packages/xarm_msgs
[7.088s] -- Symlinking: /home/benongnuel/dev_ws/install/xarm_msgs/share/xarm_msgs/cmake/rosidl_cmake-extras.cmake
[7.095s] -- Symlinking: /home/benongnuel/dev_ws/install/xarm_msgs/share/xarm_msgs/cmake/ament_cmake_export_dependencies-extras.cmake
[7.101s] -- Symlinking: /home/benongnuel/dev_ws/install/xarm_msgs/share/xarm_msgs/cmake/ament_cmake_export_include_directories-extras.cmake
[7.107s] -- Symlinking: /home/benongnuel/dev_ws/install/xarm_msgs/share/xarm_msgs/cmake/ament_cmake_export_libraries-extras.cmake
[7.113s] -- Symlinking: /home/benongnuel/dev_ws/install/xarm_msgs/share/xarm_msgs/cmake/ament_cmake_export_targets-extras.cmake
[7.120s] -- Symlinking: /home/benongnuel/dev_ws/install/xarm_msgs/share/xarm_msgs/cmake/rosidl_cmake_export_typesupport_targets-extras.cmake
[7.126s] -- Symlinking: /home/benongnuel/dev_ws/install/xarm_msgs/share/xarm_msgs/cmake/rosidl_cmake_export_typesupport_libraries-extras.cmake
[7.131s] -- Symlinking: /home/benongnuel/dev_ws/install/xarm_msgs/share/xarm_msgs/cmake/xarm_msgsConfig.cmake
[7.138s] -- Symlinking: /home/benongnuel/dev_ws/install/xarm_msgs/share/xarm_msgs/cmake/xarm_msgsConfig-version.cmake
[7.145s] -- Symlinking: /home/benongnuel/dev_ws/install/xarm_msgs/share/xarm_msgs/package.xml
[7.156s] -- Up-to-date: /home/benongnuel/dev_ws/install/xarm_msgs/lib/libxarm_msgs__rosidl_generator_c.so
[7.159s] -- Up-to-date: /home/benongnuel/dev_ws/install/xarm_msgs/lib/libxarm_msgs__rosidl_typesupport_fastrtps_c.so
[7.162s] -- Up-to-date: /home/benongnuel/dev_ws/install/xarm_msgs/lib/libxarm_msgs__rosidl_typesupport_fastrtps_cpp.so
[7.166s] -- Up-to-date: /home/benongnuel/dev_ws/install/xarm_msgs/lib/libxarm_msgs__rosidl_typesupport_introspection_c.so
[7.169s] -- Up-to-date: /home/benongnuel/dev_ws/install/xarm_msgs/lib/libxarm_msgs__rosidl_typesupport_c.so
[7.173s] -- Up-to-date: /home/benongnuel/dev_ws/install/xarm_msgs/lib/libxarm_msgs__rosidl_typesupport_introspection_cpp.so
[7.174s] -- Up-to-date: /home/benongnuel/dev_ws/install/xarm_msgs/lib/libxarm_msgs__rosidl_typesupport_cpp.so
[7.237s] Listing '/home/benongnuel/dev_ws/install/xarm_msgs/local/lib/python3.10/dist-packages/xarm_msgs'...
[7.237s] Compiling '/home/benongnuel/dev_ws/install/xarm_msgs/local/lib/python3.10/dist-packages/xarm_msgs/__init__.py'...
[7.237s] Listing '/home/benongnuel/dev_ws/install/xarm_msgs/local/lib/python3.10/dist-packages/xarm_msgs/msg'...
[7.238s] Listing '/home/benongnuel/dev_ws/install/xarm_msgs/local/lib/python3.10/dist-packages/xarm_msgs/srv'...
[7.241s] -- Up-to-date: /home/benongnuel/dev_ws/install/xarm_msgs/lib/libxarm_msgs__rosidl_generator_py.so
[7.242s] -- Up-to-date: /home/benongnuel/dev_ws/install/xarm_msgs/share/xarm_msgs/cmake/export_xarm_msgs__rosidl_generator_cExport.cmake
[7.242s] -- Up-to-date: /home/benongnuel/dev_ws/install/xarm_msgs/share/xarm_msgs/cmake/export_xarm_msgs__rosidl_generator_cExport-noconfig.cmake
[7.242s] -- Up-to-date: /home/benongnuel/dev_ws/install/xarm_msgs/share/xarm_msgs/cmake/export_xarm_msgs__rosidl_typesupport_fastrtps_cExport.cmake
[7.242s] -- Up-to-date: /home/benongnuel/dev_ws/install/xarm_msgs/share/xarm_msgs/cmake/export_xarm_msgs__rosidl_typesupport_fastrtps_cExport-noconfig.cmake
[7.242s] -- Up-to-date: /home/benongnuel/dev_ws/install/xarm_msgs/share/xarm_msgs/cmake/export_xarm_msgs__rosidl_generator_cppExport.cmake
[7.242s] -- Up-to-date: /home/benongnuel/dev_ws/install/xarm_msgs/share/xarm_msgs/cmake/export_xarm_msgs__rosidl_typesupport_fastrtps_cppExport.cmake
[7.242s] -- Up-to-date: /home/benongnuel/dev_ws/install/xarm_msgs/share/xarm_msgs/cmake/export_xarm_msgs__rosidl_typesupport_fastrtps_cppExport-noconfig.cmake
[7.242s] -- Up-to-date: /home/benongnuel/dev_ws/install/xarm_msgs/share/xarm_msgs/cmake/xarm_msgs__rosidl_typesupport_introspection_cExport.cmake
[7.242s] -- Up-to-date: /home/benongnuel/dev_ws/install/xarm_msgs/share/xarm_msgs/cmake/xarm_msgs__rosidl_typesupport_introspection_cExport-noconfig.cmake
[7.242s] -- Up-to-date: /home/benongnuel/dev_ws/install/xarm_msgs/share/xarm_msgs/cmake/xarm_msgs__rosidl_typesupport_cExport.cmake
[7.242s] -- Up-to-date: /home/benongnuel/dev_ws/install/xarm_msgs/share/xarm_msgs/cmake/xarm_msgs__rosidl_typesupport_cExport-noconfig.cmake
[7.243s] -- Up-to-date: /home/benongnuel/dev_ws/install/xarm_msgs/share/xarm_msgs/cmake/xarm_msgs__rosidl_typesupport_introspection_cppExport.cmake
[7.243s] -- Up-to-date: /home/benongnuel/dev_ws/install/xarm_msgs/share/xarm_msgs/cmake/xarm_msgs__rosidl_typesupport_introspection_cppExport-noconfig.cmake
[7.243s] -- Up-to-date: /home/benongnuel/dev_ws/install/xarm_msgs/share/xarm_msgs/cmake/xarm_msgs__rosidl_typesupport_cppExport.cmake
[7.243s] -- Up-to-date: /home/benongnuel/dev_ws/install/xarm_msgs/share/xarm_msgs/cmake/xarm_msgs__rosidl_typesupport_cppExport-noconfig.cmake
[7.243s] -- Up-to-date: /home/benongnuel/dev_ws/install/xarm_msgs/share/xarm_msgs/cmake/export_xarm_msgs__rosidl_generator_pyExport.cmake
[7.243s] -- Up-to-date: /home/benongnuel/dev_ws/install/xarm_msgs/share/xarm_msgs/cmake/export_xarm_msgs__rosidl_generator_pyExport-noconfig.cmake
[7.245s] Invoked command in '/home/benongnuel/dev_ws/build/xarm_msgs' returned '0': CMAKE_PREFIX_PATH=${CMAKE_PREFIX_PATH}:/home/benongnuel/dev_ws/install/uf_ros_lib:/home/benongnuel/dev_ws/install/my_gripper_scripts:/opt/ros/humble /usr/bin/cmake --install /home/benongnuel/dev_ws/build/xarm_msgs
