[0.057s] DEBUG:colcon:Command line arguments: ['/usr/bin/colcon', 'build', '--symlink-install']
[0.057s] DEBUG:colcon:Parsed command line arguments: Namespace(log_base=None, log_level=None, verb_name='build', build_base='build', install_base='install', merge_install=False, symlink_install=True, test_result_base=None, continue_on_error=False, executor='parallel', parallel_workers=16, event_handlers=None, ignore_user_meta=False, metas=['./colcon.meta'], base_paths=['.'], packages_ignore=None, packages_ignore_regex=None, paths=None, packages_up_to=None, packages_up_to_regex=None, packages_above=None, packages_above_and_dependencies=None, packages_above_depth=None, packages_select_by_dep=None, packages_skip_by_dep=None, packages_skip_up_to=None, packages_select_build_failed=False, packages_skip_build_finished=False, packages_select_test_failures=False, packages_skip_test_passed=False, packages_select=None, packages_skip=None, packages_select_regex=None, packages_skip_regex=None, packages_start=None, packages_end=None, allow_overriding=[], cmake_args=None, cmake_target=None, cmake_target_skip_unavailable=False, cmake_clean_cache=False, cmake_clean_first=False, cmake_force_configure=False, ament_cmake_args=None, catkin_cmake_args=None, catkin_skip_building_tests=False, mixin_files=None, mixin=None, verb_parser=<colcon_mixin.mixin.mixin_argument.MixinArgumentDecorator object at 0x7f72f9171540>, verb_extension=<colcon_core.verb.build.BuildVerb object at 0x7f72f91706d0>, main=<bound method BuildVerb.main of <colcon_core.verb.build.BuildVerb object at 0x7f72f91706d0>>, mixin_verb=('build',))
[0.131s] Level 1:colcon.colcon_core.package_discovery:discover_packages(colcon_meta) check parameters
[0.131s] Level 1:colcon.colcon_core.package_discovery:discover_packages(recursive) check parameters
[0.131s] Level 1:colcon.colcon_core.package_discovery:discover_packages(ignore) check parameters
[0.131s] Level 1:colcon.colcon_core.package_discovery:discover_packages(path) check parameters
[0.131s] Level 1:colcon.colcon_core.package_discovery:discover_packages(colcon_meta) discover
[0.131s] Level 1:colcon.colcon_core.package_discovery:discover_packages(recursive) discover
[0.131s] INFO:colcon.colcon_core.package_discovery:Crawling recursively for packages in '/home/benongnuel/dev_ws/src/xarm_ros2'
[0.131s] Level 1:colcon.colcon_core.package_identification:_identify(.) by extensions ['ignore', 'ignore_ament_install']
[0.131s] Level 1:colcon.colcon_core.package_identification:_identify(.) by extension 'ignore'
[0.131s] Level 1:colcon.colcon_core.package_identification:_identify(.) by extension 'ignore_ament_install'
[0.131s] Level 1:colcon.colcon_core.package_identification:_identify(.) by extensions ['colcon_pkg']
[0.131s] Level 1:colcon.colcon_core.package_identification:_identify(.) by extension 'colcon_pkg'
[0.131s] Level 1:colcon.colcon_core.package_identification:_identify(.) by extensions ['colcon_meta']
[0.131s] Level 1:colcon.colcon_core.package_identification:_identify(.) by extension 'colcon_meta'
[0.131s] Level 1:colcon.colcon_core.package_identification:_identify(.) by extensions ['ros']
[0.131s] Level 1:colcon.colcon_core.package_identification:_identify(.) by extension 'ros'
[0.138s] Level 1:colcon.colcon_core.package_identification:_identify(.) by extensions ['cmake', 'python']
[0.138s] Level 1:colcon.colcon_core.package_identification:_identify(.) by extension 'cmake'
[0.138s] Level 1:colcon.colcon_core.package_identification:_identify(.) by extension 'python'
[0.138s] Level 1:colcon.colcon_core.package_identification:_identify(.) by extensions ['python_setup_py']
[0.138s] Level 1:colcon.colcon_core.package_identification:_identify(.) by extension 'python_setup_py'
[0.138s] Level 1:colcon.colcon_core.package_identification:_identify(build) by extensions ['ignore', 'ignore_ament_install']
[0.138s] Level 1:colcon.colcon_core.package_identification:_identify(build) by extension 'ignore'
[0.138s] Level 1:colcon.colcon_core.package_identification:_identify(build) ignored
[0.138s] Level 1:colcon.colcon_core.package_identification:_identify(demo) by extensions ['ignore', 'ignore_ament_install']
[0.138s] Level 1:colcon.colcon_core.package_identification:_identify(demo) by extension 'ignore'
[0.138s] Level 1:colcon.colcon_core.package_identification:_identify(demo) by extension 'ignore_ament_install'
[0.138s] Level 1:colcon.colcon_core.package_identification:_identify(demo) by extensions ['colcon_pkg']
[0.138s] Level 1:colcon.colcon_core.package_identification:_identify(demo) by extension 'colcon_pkg'
[0.138s] Level 1:colcon.colcon_core.package_identification:_identify(demo) by extensions ['colcon_meta']
[0.138s] Level 1:colcon.colcon_core.package_identification:_identify(demo) by extension 'colcon_meta'
[0.138s] Level 1:colcon.colcon_core.package_identification:_identify(demo) by extensions ['ros']
[0.138s] Level 1:colcon.colcon_core.package_identification:_identify(demo) by extension 'ros'
[0.138s] Level 1:colcon.colcon_core.package_identification:_identify(demo) by extensions ['cmake', 'python']
[0.138s] Level 1:colcon.colcon_core.package_identification:_identify(demo) by extension 'cmake'
[0.138s] Level 1:colcon.colcon_core.package_identification:_identify(demo) by extension 'python'
[0.138s] Level 1:colcon.colcon_core.package_identification:_identify(demo) by extensions ['python_setup_py']
[0.138s] Level 1:colcon.colcon_core.package_identification:_identify(demo) by extension 'python_setup_py'
[0.139s] Level 1:colcon.colcon_core.package_identification:_identify(demo/mbot_demo) by extensions ['ignore', 'ignore_ament_install']
[0.139s] Level 1:colcon.colcon_core.package_identification:_identify(demo/mbot_demo) by extension 'ignore'
[0.139s] Level 1:colcon.colcon_core.package_identification:_identify(demo/mbot_demo) by extension 'ignore_ament_install'
[0.139s] Level 1:colcon.colcon_core.package_identification:_identify(demo/mbot_demo) by extensions ['colcon_pkg']
[0.139s] Level 1:colcon.colcon_core.package_identification:_identify(demo/mbot_demo) by extension 'colcon_pkg'
[0.139s] Level 1:colcon.colcon_core.package_identification:_identify(demo/mbot_demo) by extensions ['colcon_meta']
[0.139s] Level 1:colcon.colcon_core.package_identification:_identify(demo/mbot_demo) by extension 'colcon_meta'
[0.139s] Level 1:colcon.colcon_core.package_identification:_identify(demo/mbot_demo) by extensions ['ros']
[0.139s] Level 1:colcon.colcon_core.package_identification:_identify(demo/mbot_demo) by extension 'ros'
[0.140s] DEBUG:colcon.colcon_core.package_identification:Package 'demo/mbot_demo' with type 'ros.ament_cmake' and name 'mbot_demo'
[0.140s] Level 1:colcon.colcon_core.package_identification:_identify(install) by extensions ['ignore', 'ignore_ament_install']
[0.140s] Level 1:colcon.colcon_core.package_identification:_identify(install) by extension 'ignore'
[0.140s] Level 1:colcon.colcon_core.package_identification:_identify(install) ignored
[0.140s] Level 1:colcon.colcon_core.package_identification:_identify(log) by extensions ['ignore', 'ignore_ament_install']
[0.140s] Level 1:colcon.colcon_core.package_identification:_identify(log) by extension 'ignore'
[0.140s] Level 1:colcon.colcon_core.package_identification:_identify(log) ignored
[0.140s] Level 1:colcon.colcon_core.package_identification:_identify(thirdparty) by extensions ['ignore', 'ignore_ament_install']
[0.140s] Level 1:colcon.colcon_core.package_identification:_identify(thirdparty) by extension 'ignore'
[0.140s] Level 1:colcon.colcon_core.package_identification:_identify(thirdparty) by extension 'ignore_ament_install'
[0.140s] Level 1:colcon.colcon_core.package_identification:_identify(thirdparty) by extensions ['colcon_pkg']
[0.140s] Level 1:colcon.colcon_core.package_identification:_identify(thirdparty) by extension 'colcon_pkg'
[0.140s] Level 1:colcon.colcon_core.package_identification:_identify(thirdparty) by extensions ['colcon_meta']
[0.140s] Level 1:colcon.colcon_core.package_identification:_identify(thirdparty) by extension 'colcon_meta'
[0.140s] Level 1:colcon.colcon_core.package_identification:_identify(thirdparty) by extensions ['ros']
[0.140s] Level 1:colcon.colcon_core.package_identification:_identify(thirdparty) by extension 'ros'
[0.141s] Level 1:colcon.colcon_core.package_identification:_identify(thirdparty) by extensions ['cmake', 'python']
[0.141s] Level 1:colcon.colcon_core.package_identification:_identify(thirdparty) by extension 'cmake'
[0.141s] Level 1:colcon.colcon_core.package_identification:_identify(thirdparty) by extension 'python'
[0.141s] Level 1:colcon.colcon_core.package_identification:_identify(thirdparty) by extensions ['python_setup_py']
[0.141s] Level 1:colcon.colcon_core.package_identification:_identify(thirdparty) by extension 'python_setup_py'
[0.141s] Level 1:colcon.colcon_core.package_identification:_identify(thirdparty/realsense_gazebo_plugin) by extensions ['ignore', 'ignore_ament_install']
[0.141s] Level 1:colcon.colcon_core.package_identification:_identify(thirdparty/realsense_gazebo_plugin) by extension 'ignore'
[0.141s] Level 1:colcon.colcon_core.package_identification:_identify(thirdparty/realsense_gazebo_plugin) by extension 'ignore_ament_install'
[0.141s] Level 1:colcon.colcon_core.package_identification:_identify(thirdparty/realsense_gazebo_plugin) by extensions ['colcon_pkg']
[0.141s] Level 1:colcon.colcon_core.package_identification:_identify(thirdparty/realsense_gazebo_plugin) by extension 'colcon_pkg'
[0.141s] Level 1:colcon.colcon_core.package_identification:_identify(thirdparty/realsense_gazebo_plugin) by extensions ['colcon_meta']
[0.141s] Level 1:colcon.colcon_core.package_identification:_identify(thirdparty/realsense_gazebo_plugin) by extension 'colcon_meta'
[0.141s] Level 1:colcon.colcon_core.package_identification:_identify(thirdparty/realsense_gazebo_plugin) by extensions ['ros']
[0.141s] Level 1:colcon.colcon_core.package_identification:_identify(thirdparty/realsense_gazebo_plugin) by extension 'ros'
[0.141s] DEBUG:colcon.colcon_core.package_identification:Package 'thirdparty/realsense_gazebo_plugin' with type 'ros.ament_cmake' and name 'realsense_gazebo_plugin'
[0.141s] Level 1:colcon.colcon_core.package_identification:_identify(uf_ros_lib) by extensions ['ignore', 'ignore_ament_install']
[0.141s] Level 1:colcon.colcon_core.package_identification:_identify(uf_ros_lib) by extension 'ignore'
[0.141s] Level 1:colcon.colcon_core.package_identification:_identify(uf_ros_lib) by extension 'ignore_ament_install'
[0.141s] Level 1:colcon.colcon_core.package_identification:_identify(uf_ros_lib) by extensions ['colcon_pkg']
[0.141s] Level 1:colcon.colcon_core.package_identification:_identify(uf_ros_lib) by extension 'colcon_pkg'
[0.141s] Level 1:colcon.colcon_core.package_identification:_identify(uf_ros_lib) by extensions ['colcon_meta']
[0.141s] Level 1:colcon.colcon_core.package_identification:_identify(uf_ros_lib) by extension 'colcon_meta'
[0.141s] Level 1:colcon.colcon_core.package_identification:_identify(uf_ros_lib) by extensions ['ros']
[0.141s] Level 1:colcon.colcon_core.package_identification:_identify(uf_ros_lib) by extension 'ros'
[0.142s] DEBUG:colcon.colcon_core.package_identification:Package 'uf_ros_lib' with type 'ros.ament_python' and name 'uf_ros_lib'
[0.142s] Level 1:colcon.colcon_core.package_identification:_identify(xarm_api) by extensions ['ignore', 'ignore_ament_install']
[0.142s] Level 1:colcon.colcon_core.package_identification:_identify(xarm_api) by extension 'ignore'
[0.142s] Level 1:colcon.colcon_core.package_identification:_identify(xarm_api) by extension 'ignore_ament_install'
[0.142s] Level 1:colcon.colcon_core.package_identification:_identify(xarm_api) by extensions ['colcon_pkg']
[0.142s] Level 1:colcon.colcon_core.package_identification:_identify(xarm_api) by extension 'colcon_pkg'
[0.142s] Level 1:colcon.colcon_core.package_identification:_identify(xarm_api) by extensions ['colcon_meta']
[0.142s] Level 1:colcon.colcon_core.package_identification:_identify(xarm_api) by extension 'colcon_meta'
[0.142s] Level 1:colcon.colcon_core.package_identification:_identify(xarm_api) by extensions ['ros']
[0.142s] Level 1:colcon.colcon_core.package_identification:_identify(xarm_api) by extension 'ros'
[0.143s] DEBUG:colcon.colcon_core.package_identification:Package 'xarm_api' with type 'ros.ament_cmake' and name 'xarm_api'
[0.143s] Level 1:colcon.colcon_core.package_identification:_identify(xarm_controller) by extensions ['ignore', 'ignore_ament_install']
[0.143s] Level 1:colcon.colcon_core.package_identification:_identify(xarm_controller) by extension 'ignore'
[0.143s] Level 1:colcon.colcon_core.package_identification:_identify(xarm_controller) by extension 'ignore_ament_install'
[0.143s] Level 1:colcon.colcon_core.package_identification:_identify(xarm_controller) by extensions ['colcon_pkg']
[0.143s] Level 1:colcon.colcon_core.package_identification:_identify(xarm_controller) by extension 'colcon_pkg'
[0.143s] Level 1:colcon.colcon_core.package_identification:_identify(xarm_controller) by extensions ['colcon_meta']
[0.143s] Level 1:colcon.colcon_core.package_identification:_identify(xarm_controller) by extension 'colcon_meta'
[0.143s] Level 1:colcon.colcon_core.package_identification:_identify(xarm_controller) by extensions ['ros']
[0.143s] Level 1:colcon.colcon_core.package_identification:_identify(xarm_controller) by extension 'ros'
[0.144s] DEBUG:colcon.colcon_core.package_identification:Package 'xarm_controller' with type 'ros.ament_cmake' and name 'xarm_controller'
[0.144s] Level 1:colcon.colcon_core.package_identification:_identify(xarm_description) by extensions ['ignore', 'ignore_ament_install']
[0.144s] Level 1:colcon.colcon_core.package_identification:_identify(xarm_description) by extension 'ignore'
[0.144s] Level 1:colcon.colcon_core.package_identification:_identify(xarm_description) by extension 'ignore_ament_install'
[0.144s] Level 1:colcon.colcon_core.package_identification:_identify(xarm_description) by extensions ['colcon_pkg']
[0.144s] Level 1:colcon.colcon_core.package_identification:_identify(xarm_description) by extension 'colcon_pkg'
[0.144s] Level 1:colcon.colcon_core.package_identification:_identify(xarm_description) by extensions ['colcon_meta']
[0.144s] Level 1:colcon.colcon_core.package_identification:_identify(xarm_description) by extension 'colcon_meta'
[0.144s] Level 1:colcon.colcon_core.package_identification:_identify(xarm_description) by extensions ['ros']
[0.144s] Level 1:colcon.colcon_core.package_identification:_identify(xarm_description) by extension 'ros'
[0.144s] DEBUG:colcon.colcon_core.package_identification:Package 'xarm_description' with type 'ros.ament_cmake' and name 'xarm_description'
[0.144s] Level 1:colcon.colcon_core.package_identification:_identify(xarm_gazebo) by extensions ['ignore', 'ignore_ament_install']
[0.144s] Level 1:colcon.colcon_core.package_identification:_identify(xarm_gazebo) by extension 'ignore'
[0.144s] Level 1:colcon.colcon_core.package_identification:_identify(xarm_gazebo) by extension 'ignore_ament_install'
[0.144s] Level 1:colcon.colcon_core.package_identification:_identify(xarm_gazebo) by extensions ['colcon_pkg']
[0.144s] Level 1:colcon.colcon_core.package_identification:_identify(xarm_gazebo) by extension 'colcon_pkg'
[0.144s] Level 1:colcon.colcon_core.package_identification:_identify(xarm_gazebo) by extensions ['colcon_meta']
[0.144s] Level 1:colcon.colcon_core.package_identification:_identify(xarm_gazebo) by extension 'colcon_meta'
[0.144s] Level 1:colcon.colcon_core.package_identification:_identify(xarm_gazebo) by extensions ['ros']
[0.144s] Level 1:colcon.colcon_core.package_identification:_identify(xarm_gazebo) by extension 'ros'
[0.145s] DEBUG:colcon.colcon_core.package_identification:Package 'xarm_gazebo' with type 'ros.ament_cmake' and name 'xarm_gazebo'
[0.145s] Level 1:colcon.colcon_core.package_identification:_identify(xarm_moveit_config) by extensions ['ignore', 'ignore_ament_install']
[0.145s] Level 1:colcon.colcon_core.package_identification:_identify(xarm_moveit_config) by extension 'ignore'
[0.145s] Level 1:colcon.colcon_core.package_identification:_identify(xarm_moveit_config) by extension 'ignore_ament_install'
[0.145s] Level 1:colcon.colcon_core.package_identification:_identify(xarm_moveit_config) by extensions ['colcon_pkg']
[0.145s] Level 1:colcon.colcon_core.package_identification:_identify(xarm_moveit_config) by extension 'colcon_pkg'
[0.145s] Level 1:colcon.colcon_core.package_identification:_identify(xarm_moveit_config) by extensions ['colcon_meta']
[0.145s] Level 1:colcon.colcon_core.package_identification:_identify(xarm_moveit_config) by extension 'colcon_meta'
[0.145s] Level 1:colcon.colcon_core.package_identification:_identify(xarm_moveit_config) by extensions ['ros']
[0.145s] Level 1:colcon.colcon_core.package_identification:_identify(xarm_moveit_config) by extension 'ros'
[0.145s] DEBUG:colcon.colcon_core.package_identification:Package 'xarm_moveit_config' with type 'ros.ament_cmake' and name 'xarm_moveit_config'
[0.145s] Level 1:colcon.colcon_core.package_identification:_identify(xarm_moveit_servo) by extensions ['ignore', 'ignore_ament_install']
[0.146s] Level 1:colcon.colcon_core.package_identification:_identify(xarm_moveit_servo) by extension 'ignore'
[0.146s] Level 1:colcon.colcon_core.package_identification:_identify(xarm_moveit_servo) by extension 'ignore_ament_install'
[0.146s] Level 1:colcon.colcon_core.package_identification:_identify(xarm_moveit_servo) by extensions ['colcon_pkg']
[0.146s] Level 1:colcon.colcon_core.package_identification:_identify(xarm_moveit_servo) by extension 'colcon_pkg'
[0.146s] Level 1:colcon.colcon_core.package_identification:_identify(xarm_moveit_servo) by extensions ['colcon_meta']
[0.146s] Level 1:colcon.colcon_core.package_identification:_identify(xarm_moveit_servo) by extension 'colcon_meta'
[0.146s] Level 1:colcon.colcon_core.package_identification:_identify(xarm_moveit_servo) by extensions ['ros']
[0.146s] Level 1:colcon.colcon_core.package_identification:_identify(xarm_moveit_servo) by extension 'ros'
[0.146s] DEBUG:colcon.colcon_core.package_identification:Package 'xarm_moveit_servo' with type 'ros.ament_cmake' and name 'xarm_moveit_servo'
[0.146s] Level 1:colcon.colcon_core.package_identification:_identify(xarm_msgs) by extensions ['ignore', 'ignore_ament_install']
[0.146s] Level 1:colcon.colcon_core.package_identification:_identify(xarm_msgs) by extension 'ignore'
[0.146s] Level 1:colcon.colcon_core.package_identification:_identify(xarm_msgs) by extension 'ignore_ament_install'
[0.146s] Level 1:colcon.colcon_core.package_identification:_identify(xarm_msgs) by extensions ['colcon_pkg']
[0.146s] Level 1:colcon.colcon_core.package_identification:_identify(xarm_msgs) by extension 'colcon_pkg'
[0.146s] Level 1:colcon.colcon_core.package_identification:_identify(xarm_msgs) by extensions ['colcon_meta']
[0.147s] Level 1:colcon.colcon_core.package_identification:_identify(xarm_msgs) by extension 'colcon_meta'
[0.147s] Level 1:colcon.colcon_core.package_identification:_identify(xarm_msgs) by extensions ['ros']
[0.147s] Level 1:colcon.colcon_core.package_identification:_identify(xarm_msgs) by extension 'ros'
[0.147s] DEBUG:colcon.colcon_core.package_identification:Package 'xarm_msgs' with type 'ros.ament_cmake' and name 'xarm_msgs'
[0.147s] Level 1:colcon.colcon_core.package_identification:_identify(xarm_planner) by extensions ['ignore', 'ignore_ament_install']
[0.147s] Level 1:colcon.colcon_core.package_identification:_identify(xarm_planner) by extension 'ignore'
[0.147s] Level 1:colcon.colcon_core.package_identification:_identify(xarm_planner) by extension 'ignore_ament_install'
[0.147s] Level 1:colcon.colcon_core.package_identification:_identify(xarm_planner) by extensions ['colcon_pkg']
[0.147s] Level 1:colcon.colcon_core.package_identification:_identify(xarm_planner) by extension 'colcon_pkg'
[0.147s] Level 1:colcon.colcon_core.package_identification:_identify(xarm_planner) by extensions ['colcon_meta']
[0.147s] Level 1:colcon.colcon_core.package_identification:_identify(xarm_planner) by extension 'colcon_meta'
[0.147s] Level 1:colcon.colcon_core.package_identification:_identify(xarm_planner) by extensions ['ros']
[0.147s] Level 1:colcon.colcon_core.package_identification:_identify(xarm_planner) by extension 'ros'
[0.148s] DEBUG:colcon.colcon_core.package_identification:Package 'xarm_planner' with type 'ros.ament_cmake' and name 'xarm_planner'
[0.148s] Level 1:colcon.colcon_core.package_identification:_identify(xarm_sdk) by extensions ['ignore', 'ignore_ament_install']
[0.148s] Level 1:colcon.colcon_core.package_identification:_identify(xarm_sdk) by extension 'ignore'
[0.148s] Level 1:colcon.colcon_core.package_identification:_identify(xarm_sdk) by extension 'ignore_ament_install'
[0.148s] Level 1:colcon.colcon_core.package_identification:_identify(xarm_sdk) by extensions ['colcon_pkg']
[0.148s] Level 1:colcon.colcon_core.package_identification:_identify(xarm_sdk) by extension 'colcon_pkg'
[0.148s] Level 1:colcon.colcon_core.package_identification:_identify(xarm_sdk) by extensions ['colcon_meta']
[0.148s] Level 1:colcon.colcon_core.package_identification:_identify(xarm_sdk) by extension 'colcon_meta'
[0.148s] Level 1:colcon.colcon_core.package_identification:_identify(xarm_sdk) by extensions ['ros']
[0.148s] Level 1:colcon.colcon_core.package_identification:_identify(xarm_sdk) by extension 'ros'
[0.148s] DEBUG:colcon.colcon_core.package_identification:Package 'xarm_sdk' with type 'ros.ament_cmake' and name 'xarm_sdk'
[0.148s] Level 1:colcon.colcon_core.package_identification:_identify(xarm_vision) by extensions ['ignore', 'ignore_ament_install']
[0.148s] Level 1:colcon.colcon_core.package_identification:_identify(xarm_vision) by extension 'ignore'
[0.148s] Level 1:colcon.colcon_core.package_identification:_identify(xarm_vision) by extension 'ignore_ament_install'
[0.148s] Level 1:colcon.colcon_core.package_identification:_identify(xarm_vision) by extensions ['colcon_pkg']
[0.148s] Level 1:colcon.colcon_core.package_identification:_identify(xarm_vision) by extension 'colcon_pkg'
[0.148s] Level 1:colcon.colcon_core.package_identification:_identify(xarm_vision) by extensions ['colcon_meta']
[0.148s] Level 1:colcon.colcon_core.package_identification:_identify(xarm_vision) by extension 'colcon_meta'
[0.148s] Level 1:colcon.colcon_core.package_identification:_identify(xarm_vision) by extensions ['ros']
[0.148s] Level 1:colcon.colcon_core.package_identification:_identify(xarm_vision) by extension 'ros'
[0.148s] Level 1:colcon.colcon_core.package_identification:_identify(xarm_vision) by extensions ['cmake', 'python']
[0.148s] Level 1:colcon.colcon_core.package_identification:_identify(xarm_vision) by extension 'cmake'
[0.148s] Level 1:colcon.colcon_core.package_identification:_identify(xarm_vision) by extension 'python'
[0.148s] Level 1:colcon.colcon_core.package_identification:_identify(xarm_vision) by extensions ['python_setup_py']
[0.148s] Level 1:colcon.colcon_core.package_identification:_identify(xarm_vision) by extension 'python_setup_py'
[0.148s] Level 1:colcon.colcon_core.package_identification:_identify(xarm_vision/d435i_xarm_setup) by extensions ['ignore', 'ignore_ament_install']
[0.149s] Level 1:colcon.colcon_core.package_identification:_identify(xarm_vision/d435i_xarm_setup) by extension 'ignore'
[0.149s] Level 1:colcon.colcon_core.package_identification:_identify(xarm_vision/d435i_xarm_setup) by extension 'ignore_ament_install'
[0.149s] Level 1:colcon.colcon_core.package_identification:_identify(xarm_vision/d435i_xarm_setup) by extensions ['colcon_pkg']
[0.149s] Level 1:colcon.colcon_core.package_identification:_identify(xarm_vision/d435i_xarm_setup) by extension 'colcon_pkg'
[0.149s] Level 1:colcon.colcon_core.package_identification:_identify(xarm_vision/d435i_xarm_setup) by extensions ['colcon_meta']
[0.149s] Level 1:colcon.colcon_core.package_identification:_identify(xarm_vision/d435i_xarm_setup) by extension 'colcon_meta'
[0.149s] Level 1:colcon.colcon_core.package_identification:_identify(xarm_vision/d435i_xarm_setup) by extensions ['ros']
[0.149s] Level 1:colcon.colcon_core.package_identification:_identify(xarm_vision/d435i_xarm_setup) by extension 'ros'
[0.149s] DEBUG:colcon.colcon_core.package_identification:Package 'xarm_vision/d435i_xarm_setup' with type 'ros.ament_cmake' and name 'd435i_xarm_setup'
[0.149s] Level 1:colcon.colcon_core.package_discovery:discover_packages(recursive) using defaults
[0.149s] Level 1:colcon.colcon_core.package_discovery:discover_packages(ignore) discover
[0.149s] Level 1:colcon.colcon_core.package_discovery:discover_packages(ignore) using defaults
[0.149s] Level 1:colcon.colcon_core.package_discovery:discover_packages(path) discover
[0.149s] Level 1:colcon.colcon_core.package_discovery:discover_packages(path) using defaults
[0.169s] Level 1:colcon.colcon_core.package_discovery:discover_packages(prefix_path) check parameters
[0.169s] Level 1:colcon.colcon_core.package_discovery:discover_packages(prefix_path) discover
[0.170s] DEBUG:colcon.colcon_installed_package_information.package_discovery:Found 13 installed packages in /home/benongnuel/dev_ws/install
[0.170s] DEBUG:colcon.colcon_installed_package_information.package_discovery:Found 1 installed packages in /home/benongnuel/robo_ws/install
[0.170s] DEBUG:colcon.colcon_installed_package_information.package_discovery:Found 300 installed packages in /opt/ros/humble
[0.171s] Level 1:colcon.colcon_core.package_discovery:discover_packages(prefix_path) using defaults
[0.189s] Level 5:colcon.colcon_core.verb:set package 'mbot_demo' build argument 'cmake_args' from command line to 'None'
[0.189s] Level 5:colcon.colcon_core.verb:set package 'mbot_demo' build argument 'cmake_target' from command line to 'None'
[0.189s] Level 5:colcon.colcon_core.verb:set package 'mbot_demo' build argument 'cmake_target_skip_unavailable' from command line to 'False'
[0.189s] Level 5:colcon.colcon_core.verb:set package 'mbot_demo' build argument 'cmake_clean_cache' from command line to 'False'
[0.189s] Level 5:colcon.colcon_core.verb:set package 'mbot_demo' build argument 'cmake_clean_first' from command line to 'False'
[0.189s] Level 5:colcon.colcon_core.verb:set package 'mbot_demo' build argument 'cmake_force_configure' from command line to 'False'
[0.189s] Level 5:colcon.colcon_core.verb:set package 'mbot_demo' build argument 'ament_cmake_args' from command line to 'None'
[0.189s] Level 5:colcon.colcon_core.verb:set package 'mbot_demo' build argument 'catkin_cmake_args' from command line to 'None'
[0.189s] Level 5:colcon.colcon_core.verb:set package 'mbot_demo' build argument 'catkin_skip_building_tests' from command line to 'False'
[0.189s] DEBUG:colcon.colcon_core.verb:Building package 'mbot_demo' with the following arguments: {'ament_cmake_args': None, 'build_base': '/home/benongnuel/dev_ws/src/xarm_ros2/build/mbot_demo', 'catkin_cmake_args': None, 'catkin_skip_building_tests': False, 'cmake_args': None, 'cmake_clean_cache': False, 'cmake_clean_first': False, 'cmake_force_configure': False, 'cmake_target': None, 'cmake_target_skip_unavailable': False, 'install_base': '/home/benongnuel/dev_ws/src/xarm_ros2/install/mbot_demo', 'merge_install': False, 'path': '/home/benongnuel/dev_ws/src/xarm_ros2/demo/mbot_demo', 'symlink_install': True, 'test_result_base': None}
[0.189s] Level 5:colcon.colcon_core.verb:set package 'realsense_gazebo_plugin' build argument 'cmake_args' from command line to 'None'
[0.189s] Level 5:colcon.colcon_core.verb:set package 'realsense_gazebo_plugin' build argument 'cmake_target' from command line to 'None'
[0.189s] Level 5:colcon.colcon_core.verb:set package 'realsense_gazebo_plugin' build argument 'cmake_target_skip_unavailable' from command line to 'False'
[0.189s] Level 5:colcon.colcon_core.verb:set package 'realsense_gazebo_plugin' build argument 'cmake_clean_cache' from command line to 'False'
[0.190s] Level 5:colcon.colcon_core.verb:set package 'realsense_gazebo_plugin' build argument 'cmake_clean_first' from command line to 'False'
[0.190s] Level 5:colcon.colcon_core.verb:set package 'realsense_gazebo_plugin' build argument 'cmake_force_configure' from command line to 'False'
[0.190s] Level 5:colcon.colcon_core.verb:set package 'realsense_gazebo_plugin' build argument 'ament_cmake_args' from command line to 'None'
[0.190s] Level 5:colcon.colcon_core.verb:set package 'realsense_gazebo_plugin' build argument 'catkin_cmake_args' from command line to 'None'
[0.190s] Level 5:colcon.colcon_core.verb:set package 'realsense_gazebo_plugin' build argument 'catkin_skip_building_tests' from command line to 'False'
[0.190s] DEBUG:colcon.colcon_core.verb:Building package 'realsense_gazebo_plugin' with the following arguments: {'ament_cmake_args': None, 'build_base': '/home/benongnuel/dev_ws/src/xarm_ros2/build/realsense_gazebo_plugin', 'catkin_cmake_args': None, 'catkin_skip_building_tests': False, 'cmake_args': None, 'cmake_clean_cache': False, 'cmake_clean_first': False, 'cmake_force_configure': False, 'cmake_target': None, 'cmake_target_skip_unavailable': False, 'install_base': '/home/benongnuel/dev_ws/src/xarm_ros2/install/realsense_gazebo_plugin', 'merge_install': False, 'path': '/home/benongnuel/dev_ws/src/xarm_ros2/thirdparty/realsense_gazebo_plugin', 'symlink_install': True, 'test_result_base': None}
[0.190s] Level 5:colcon.colcon_core.verb:set package 'uf_ros_lib' build argument 'cmake_args' from command line to 'None'
[0.190s] Level 5:colcon.colcon_core.verb:set package 'uf_ros_lib' build argument 'cmake_target' from command line to 'None'
[0.190s] Level 5:colcon.colcon_core.verb:set package 'uf_ros_lib' build argument 'cmake_target_skip_unavailable' from command line to 'False'
[0.190s] Level 5:colcon.colcon_core.verb:set package 'uf_ros_lib' build argument 'cmake_clean_cache' from command line to 'False'
[0.190s] Level 5:colcon.colcon_core.verb:set package 'uf_ros_lib' build argument 'cmake_clean_first' from command line to 'False'
[0.190s] Level 5:colcon.colcon_core.verb:set package 'uf_ros_lib' build argument 'cmake_force_configure' from command line to 'False'
[0.190s] Level 5:colcon.colcon_core.verb:set package 'uf_ros_lib' build argument 'ament_cmake_args' from command line to 'None'
[0.190s] Level 5:colcon.colcon_core.verb:set package 'uf_ros_lib' build argument 'catkin_cmake_args' from command line to 'None'
[0.190s] Level 5:colcon.colcon_core.verb:set package 'uf_ros_lib' build argument 'catkin_skip_building_tests' from command line to 'False'
[0.190s] DEBUG:colcon.colcon_core.verb:Building package 'uf_ros_lib' with the following arguments: {'ament_cmake_args': None, 'build_base': '/home/benongnuel/dev_ws/src/xarm_ros2/build/uf_ros_lib', 'catkin_cmake_args': None, 'catkin_skip_building_tests': False, 'cmake_args': None, 'cmake_clean_cache': False, 'cmake_clean_first': False, 'cmake_force_configure': False, 'cmake_target': None, 'cmake_target_skip_unavailable': False, 'install_base': '/home/benongnuel/dev_ws/src/xarm_ros2/install/uf_ros_lib', 'merge_install': False, 'path': '/home/benongnuel/dev_ws/src/xarm_ros2/uf_ros_lib', 'symlink_install': True, 'test_result_base': None}
[0.190s] Level 5:colcon.colcon_core.verb:set package 'xarm_description' build argument 'cmake_args' from command line to 'None'
[0.190s] Level 5:colcon.colcon_core.verb:set package 'xarm_description' build argument 'cmake_target' from command line to 'None'
[0.190s] Level 5:colcon.colcon_core.verb:set package 'xarm_description' build argument 'cmake_target_skip_unavailable' from command line to 'False'
[0.190s] Level 5:colcon.colcon_core.verb:set package 'xarm_description' build argument 'cmake_clean_cache' from command line to 'False'
[0.190s] Level 5:colcon.colcon_core.verb:set package 'xarm_description' build argument 'cmake_clean_first' from command line to 'False'
[0.190s] Level 5:colcon.colcon_core.verb:set package 'xarm_description' build argument 'cmake_force_configure' from command line to 'False'
[0.190s] Level 5:colcon.colcon_core.verb:set package 'xarm_description' build argument 'ament_cmake_args' from command line to 'None'
[0.190s] Level 5:colcon.colcon_core.verb:set package 'xarm_description' build argument 'catkin_cmake_args' from command line to 'None'
[0.190s] Level 5:colcon.colcon_core.verb:set package 'xarm_description' build argument 'catkin_skip_building_tests' from command line to 'False'
[0.190s] DEBUG:colcon.colcon_core.verb:Building package 'xarm_description' with the following arguments: {'ament_cmake_args': None, 'build_base': '/home/benongnuel/dev_ws/src/xarm_ros2/build/xarm_description', 'catkin_cmake_args': None, 'catkin_skip_building_tests': False, 'cmake_args': None, 'cmake_clean_cache': False, 'cmake_clean_first': False, 'cmake_force_configure': False, 'cmake_target': None, 'cmake_target_skip_unavailable': False, 'install_base': '/home/benongnuel/dev_ws/src/xarm_ros2/install/xarm_description', 'merge_install': False, 'path': '/home/benongnuel/dev_ws/src/xarm_ros2/xarm_description', 'symlink_install': True, 'test_result_base': None}
[0.190s] Level 5:colcon.colcon_core.verb:set package 'xarm_msgs' build argument 'cmake_args' from command line to 'None'
[0.190s] Level 5:colcon.colcon_core.verb:set package 'xarm_msgs' build argument 'cmake_target' from command line to 'None'
[0.190s] Level 5:colcon.colcon_core.verb:set package 'xarm_msgs' build argument 'cmake_target_skip_unavailable' from command line to 'False'
[0.190s] Level 5:colcon.colcon_core.verb:set package 'xarm_msgs' build argument 'cmake_clean_cache' from command line to 'False'
[0.190s] Level 5:colcon.colcon_core.verb:set package 'xarm_msgs' build argument 'cmake_clean_first' from command line to 'False'
[0.190s] Level 5:colcon.colcon_core.verb:set package 'xarm_msgs' build argument 'cmake_force_configure' from command line to 'False'
[0.190s] Level 5:colcon.colcon_core.verb:set package 'xarm_msgs' build argument 'ament_cmake_args' from command line to 'None'
[0.190s] Level 5:colcon.colcon_core.verb:set package 'xarm_msgs' build argument 'catkin_cmake_args' from command line to 'None'
[0.190s] Level 5:colcon.colcon_core.verb:set package 'xarm_msgs' build argument 'catkin_skip_building_tests' from command line to 'False'
[0.190s] DEBUG:colcon.colcon_core.verb:Building package 'xarm_msgs' with the following arguments: {'ament_cmake_args': None, 'build_base': '/home/benongnuel/dev_ws/src/xarm_ros2/build/xarm_msgs', 'catkin_cmake_args': None, 'catkin_skip_building_tests': False, 'cmake_args': None, 'cmake_clean_cache': False, 'cmake_clean_first': False, 'cmake_force_configure': False, 'cmake_target': None, 'cmake_target_skip_unavailable': False, 'install_base': '/home/benongnuel/dev_ws/src/xarm_ros2/install/xarm_msgs', 'merge_install': False, 'path': '/home/benongnuel/dev_ws/src/xarm_ros2/xarm_msgs', 'symlink_install': True, 'test_result_base': None}
[0.190s] Level 5:colcon.colcon_core.verb:set package 'xarm_sdk' build argument 'cmake_args' from command line to 'None'
[0.190s] Level 5:colcon.colcon_core.verb:set package 'xarm_sdk' build argument 'cmake_target' from command line to 'None'
[0.191s] Level 5:colcon.colcon_core.verb:set package 'xarm_sdk' build argument 'cmake_target_skip_unavailable' from command line to 'False'
[0.191s] Level 5:colcon.colcon_core.verb:set package 'xarm_sdk' build argument 'cmake_clean_cache' from command line to 'False'
[0.191s] Level 5:colcon.colcon_core.verb:set package 'xarm_sdk' build argument 'cmake_clean_first' from command line to 'False'
[0.191s] Level 5:colcon.colcon_core.verb:set package 'xarm_sdk' build argument 'cmake_force_configure' from command line to 'False'
[0.191s] Level 5:colcon.colcon_core.verb:set package 'xarm_sdk' build argument 'ament_cmake_args' from command line to 'None'
[0.191s] Level 5:colcon.colcon_core.verb:set package 'xarm_sdk' build argument 'catkin_cmake_args' from command line to 'None'
[0.191s] Level 5:colcon.colcon_core.verb:set package 'xarm_sdk' build argument 'catkin_skip_building_tests' from command line to 'False'
[0.191s] DEBUG:colcon.colcon_core.verb:Building package 'xarm_sdk' with the following arguments: {'ament_cmake_args': None, 'build_base': '/home/benongnuel/dev_ws/src/xarm_ros2/build/xarm_sdk', 'catkin_cmake_args': None, 'catkin_skip_building_tests': False, 'cmake_args': None, 'cmake_clean_cache': False, 'cmake_clean_first': False, 'cmake_force_configure': False, 'cmake_target': None, 'cmake_target_skip_unavailable': False, 'install_base': '/home/benongnuel/dev_ws/src/xarm_ros2/install/xarm_sdk', 'merge_install': False, 'path': '/home/benongnuel/dev_ws/src/xarm_ros2/xarm_sdk', 'symlink_install': True, 'test_result_base': None}
[0.191s] Level 5:colcon.colcon_core.verb:set package 'xarm_api' build argument 'cmake_args' from command line to 'None'
[0.191s] Level 5:colcon.colcon_core.verb:set package 'xarm_api' build argument 'cmake_target' from command line to 'None'
[0.191s] Level 5:colcon.colcon_core.verb:set package 'xarm_api' build argument 'cmake_target_skip_unavailable' from command line to 'False'
[0.191s] Level 5:colcon.colcon_core.verb:set package 'xarm_api' build argument 'cmake_clean_cache' from command line to 'False'
[0.191s] Level 5:colcon.colcon_core.verb:set package 'xarm_api' build argument 'cmake_clean_first' from command line to 'False'
[0.191s] Level 5:colcon.colcon_core.verb:set package 'xarm_api' build argument 'cmake_force_configure' from command line to 'False'
[0.191s] Level 5:colcon.colcon_core.verb:set package 'xarm_api' build argument 'ament_cmake_args' from command line to 'None'
[0.191s] Level 5:colcon.colcon_core.verb:set package 'xarm_api' build argument 'catkin_cmake_args' from command line to 'None'
[0.191s] Level 5:colcon.colcon_core.verb:set package 'xarm_api' build argument 'catkin_skip_building_tests' from command line to 'False'
[0.191s] DEBUG:colcon.colcon_core.verb:Building package 'xarm_api' with the following arguments: {'ament_cmake_args': None, 'build_base': '/home/benongnuel/dev_ws/src/xarm_ros2/build/xarm_api', 'catkin_cmake_args': None, 'catkin_skip_building_tests': False, 'cmake_args': None, 'cmake_clean_cache': False, 'cmake_clean_first': False, 'cmake_force_configure': False, 'cmake_target': None, 'cmake_target_skip_unavailable': False, 'install_base': '/home/benongnuel/dev_ws/src/xarm_ros2/install/xarm_api', 'merge_install': False, 'path': '/home/benongnuel/dev_ws/src/xarm_ros2/xarm_api', 'symlink_install': True, 'test_result_base': None}
[0.191s] Level 5:colcon.colcon_core.verb:set package 'd435i_xarm_setup' build argument 'cmake_args' from command line to 'None'
[0.191s] Level 5:colcon.colcon_core.verb:set package 'd435i_xarm_setup' build argument 'cmake_target' from command line to 'None'
[0.191s] Level 5:colcon.colcon_core.verb:set package 'd435i_xarm_setup' build argument 'cmake_target_skip_unavailable' from command line to 'False'
[0.191s] Level 5:colcon.colcon_core.verb:set package 'd435i_xarm_setup' build argument 'cmake_clean_cache' from command line to 'False'
[0.191s] Level 5:colcon.colcon_core.verb:set package 'd435i_xarm_setup' build argument 'cmake_clean_first' from command line to 'False'
[0.191s] Level 5:colcon.colcon_core.verb:set package 'd435i_xarm_setup' build argument 'cmake_force_configure' from command line to 'False'
[0.191s] Level 5:colcon.colcon_core.verb:set package 'd435i_xarm_setup' build argument 'ament_cmake_args' from command line to 'None'
[0.191s] Level 5:colcon.colcon_core.verb:set package 'd435i_xarm_setup' build argument 'catkin_cmake_args' from command line to 'None'
[0.191s] Level 5:colcon.colcon_core.verb:set package 'd435i_xarm_setup' build argument 'catkin_skip_building_tests' from command line to 'False'
[0.191s] DEBUG:colcon.colcon_core.verb:Building package 'd435i_xarm_setup' with the following arguments: {'ament_cmake_args': None, 'build_base': '/home/benongnuel/dev_ws/src/xarm_ros2/build/d435i_xarm_setup', 'catkin_cmake_args': None, 'catkin_skip_building_tests': False, 'cmake_args': None, 'cmake_clean_cache': False, 'cmake_clean_first': False, 'cmake_force_configure': False, 'cmake_target': None, 'cmake_target_skip_unavailable': False, 'install_base': '/home/benongnuel/dev_ws/src/xarm_ros2/install/d435i_xarm_setup', 'merge_install': False, 'path': '/home/benongnuel/dev_ws/src/xarm_ros2/xarm_vision/d435i_xarm_setup', 'symlink_install': True, 'test_result_base': None}
[0.191s] Level 5:colcon.colcon_core.verb:set package 'xarm_controller' build argument 'cmake_args' from command line to 'None'
[0.191s] Level 5:colcon.colcon_core.verb:set package 'xarm_controller' build argument 'cmake_target' from command line to 'None'
[0.191s] Level 5:colcon.colcon_core.verb:set package 'xarm_controller' build argument 'cmake_target_skip_unavailable' from command line to 'False'
[0.191s] Level 5:colcon.colcon_core.verb:set package 'xarm_controller' build argument 'cmake_clean_cache' from command line to 'False'
[0.191s] Level 5:colcon.colcon_core.verb:set package 'xarm_controller' build argument 'cmake_clean_first' from command line to 'False'
[0.191s] Level 5:colcon.colcon_core.verb:set package 'xarm_controller' build argument 'cmake_force_configure' from command line to 'False'
[0.191s] Level 5:colcon.colcon_core.verb:set package 'xarm_controller' build argument 'ament_cmake_args' from command line to 'None'
[0.191s] Level 5:colcon.colcon_core.verb:set package 'xarm_controller' build argument 'catkin_cmake_args' from command line to 'None'
[0.191s] Level 5:colcon.colcon_core.verb:set package 'xarm_controller' build argument 'catkin_skip_building_tests' from command line to 'False'
[0.191s] DEBUG:colcon.colcon_core.verb:Building package 'xarm_controller' with the following arguments: {'ament_cmake_args': None, 'build_base': '/home/benongnuel/dev_ws/src/xarm_ros2/build/xarm_controller', 'catkin_cmake_args': None, 'catkin_skip_building_tests': False, 'cmake_args': None, 'cmake_clean_cache': False, 'cmake_clean_first': False, 'cmake_force_configure': False, 'cmake_target': None, 'cmake_target_skip_unavailable': False, 'install_base': '/home/benongnuel/dev_ws/src/xarm_ros2/install/xarm_controller', 'merge_install': False, 'path': '/home/benongnuel/dev_ws/src/xarm_ros2/xarm_controller', 'symlink_install': True, 'test_result_base': None}
[0.191s] Level 5:colcon.colcon_core.verb:set package 'xarm_gazebo' build argument 'cmake_args' from command line to 'None'
[0.192s] Level 5:colcon.colcon_core.verb:set package 'xarm_gazebo' build argument 'cmake_target' from command line to 'None'
[0.192s] Level 5:colcon.colcon_core.verb:set package 'xarm_gazebo' build argument 'cmake_target_skip_unavailable' from command line to 'False'
[0.192s] Level 5:colcon.colcon_core.verb:set package 'xarm_gazebo' build argument 'cmake_clean_cache' from command line to 'False'
[0.192s] Level 5:colcon.colcon_core.verb:set package 'xarm_gazebo' build argument 'cmake_clean_first' from command line to 'False'
[0.192s] Level 5:colcon.colcon_core.verb:set package 'xarm_gazebo' build argument 'cmake_force_configure' from command line to 'False'
[0.192s] Level 5:colcon.colcon_core.verb:set package 'xarm_gazebo' build argument 'ament_cmake_args' from command line to 'None'
[0.192s] Level 5:colcon.colcon_core.verb:set package 'xarm_gazebo' build argument 'catkin_cmake_args' from command line to 'None'
[0.192s] Level 5:colcon.colcon_core.verb:set package 'xarm_gazebo' build argument 'catkin_skip_building_tests' from command line to 'False'
[0.192s] DEBUG:colcon.colcon_core.verb:Building package 'xarm_gazebo' with the following arguments: {'ament_cmake_args': None, 'build_base': '/home/benongnuel/dev_ws/src/xarm_ros2/build/xarm_gazebo', 'catkin_cmake_args': None, 'catkin_skip_building_tests': False, 'cmake_args': None, 'cmake_clean_cache': False, 'cmake_clean_first': False, 'cmake_force_configure': False, 'cmake_target': None, 'cmake_target_skip_unavailable': False, 'install_base': '/home/benongnuel/dev_ws/src/xarm_ros2/install/xarm_gazebo', 'merge_install': False, 'path': '/home/benongnuel/dev_ws/src/xarm_ros2/xarm_gazebo', 'symlink_install': True, 'test_result_base': None}
[0.192s] Level 5:colcon.colcon_core.verb:set package 'xarm_moveit_config' build argument 'cmake_args' from command line to 'None'
[0.192s] Level 5:colcon.colcon_core.verb:set package 'xarm_moveit_config' build argument 'cmake_target' from command line to 'None'
[0.192s] Level 5:colcon.colcon_core.verb:set package 'xarm_moveit_config' build argument 'cmake_target_skip_unavailable' from command line to 'False'
[0.192s] Level 5:colcon.colcon_core.verb:set package 'xarm_moveit_config' build argument 'cmake_clean_cache' from command line to 'False'
[0.192s] Level 5:colcon.colcon_core.verb:set package 'xarm_moveit_config' build argument 'cmake_clean_first' from command line to 'False'
[0.192s] Level 5:colcon.colcon_core.verb:set package 'xarm_moveit_config' build argument 'cmake_force_configure' from command line to 'False'
[0.192s] Level 5:colcon.colcon_core.verb:set package 'xarm_moveit_config' build argument 'ament_cmake_args' from command line to 'None'
[0.192s] Level 5:colcon.colcon_core.verb:set package 'xarm_moveit_config' build argument 'catkin_cmake_args' from command line to 'None'
[0.192s] Level 5:colcon.colcon_core.verb:set package 'xarm_moveit_config' build argument 'catkin_skip_building_tests' from command line to 'False'
[0.192s] DEBUG:colcon.colcon_core.verb:Building package 'xarm_moveit_config' with the following arguments: {'ament_cmake_args': None, 'build_base': '/home/benongnuel/dev_ws/src/xarm_ros2/build/xarm_moveit_config', 'catkin_cmake_args': None, 'catkin_skip_building_tests': False, 'cmake_args': None, 'cmake_clean_cache': False, 'cmake_clean_first': False, 'cmake_force_configure': False, 'cmake_target': None, 'cmake_target_skip_unavailable': False, 'install_base': '/home/benongnuel/dev_ws/src/xarm_ros2/install/xarm_moveit_config', 'merge_install': False, 'path': '/home/benongnuel/dev_ws/src/xarm_ros2/xarm_moveit_config', 'symlink_install': True, 'test_result_base': None}
[0.192s] Level 5:colcon.colcon_core.verb:set package 'xarm_moveit_servo' build argument 'cmake_args' from command line to 'None'
[0.192s] Level 5:colcon.colcon_core.verb:set package 'xarm_moveit_servo' build argument 'cmake_target' from command line to 'None'
[0.192s] Level 5:colcon.colcon_core.verb:set package 'xarm_moveit_servo' build argument 'cmake_target_skip_unavailable' from command line to 'False'
[0.192s] Level 5:colcon.colcon_core.verb:set package 'xarm_moveit_servo' build argument 'cmake_clean_cache' from command line to 'False'
[0.192s] Level 5:colcon.colcon_core.verb:set package 'xarm_moveit_servo' build argument 'cmake_clean_first' from command line to 'False'
[0.192s] Level 5:colcon.colcon_core.verb:set package 'xarm_moveit_servo' build argument 'cmake_force_configure' from command line to 'False'
[0.192s] Level 5:colcon.colcon_core.verb:set package 'xarm_moveit_servo' build argument 'ament_cmake_args' from command line to 'None'
[0.192s] Level 5:colcon.colcon_core.verb:set package 'xarm_moveit_servo' build argument 'catkin_cmake_args' from command line to 'None'
[0.192s] Level 5:colcon.colcon_core.verb:set package 'xarm_moveit_servo' build argument 'catkin_skip_building_tests' from command line to 'False'
[0.192s] DEBUG:colcon.colcon_core.verb:Building package 'xarm_moveit_servo' with the following arguments: {'ament_cmake_args': None, 'build_base': '/home/benongnuel/dev_ws/src/xarm_ros2/build/xarm_moveit_servo', 'catkin_cmake_args': None, 'catkin_skip_building_tests': False, 'cmake_args': None, 'cmake_clean_cache': False, 'cmake_clean_first': False, 'cmake_force_configure': False, 'cmake_target': None, 'cmake_target_skip_unavailable': False, 'install_base': '/home/benongnuel/dev_ws/src/xarm_ros2/install/xarm_moveit_servo', 'merge_install': False, 'path': '/home/benongnuel/dev_ws/src/xarm_ros2/xarm_moveit_servo', 'symlink_install': True, 'test_result_base': None}
[0.192s] Level 5:colcon.colcon_core.verb:set package 'xarm_planner' build argument 'cmake_args' from command line to 'None'
[0.192s] Level 5:colcon.colcon_core.verb:set package 'xarm_planner' build argument 'cmake_target' from command line to 'None'
[0.192s] Level 5:colcon.colcon_core.verb:set package 'xarm_planner' build argument 'cmake_target_skip_unavailable' from command line to 'False'
[0.192s] Level 5:colcon.colcon_core.verb:set package 'xarm_planner' build argument 'cmake_clean_cache' from command line to 'False'
[0.192s] Level 5:colcon.colcon_core.verb:set package 'xarm_planner' build argument 'cmake_clean_first' from command line to 'False'
[0.192s] Level 5:colcon.colcon_core.verb:set package 'xarm_planner' build argument 'cmake_force_configure' from command line to 'False'
[0.192s] Level 5:colcon.colcon_core.verb:set package 'xarm_planner' build argument 'ament_cmake_args' from command line to 'None'
[0.192s] Level 5:colcon.colcon_core.verb:set package 'xarm_planner' build argument 'catkin_cmake_args' from command line to 'None'
[0.192s] Level 5:colcon.colcon_core.verb:set package 'xarm_planner' build argument 'catkin_skip_building_tests' from command line to 'False'
[0.192s] DEBUG:colcon.colcon_core.verb:Building package 'xarm_planner' with the following arguments: {'ament_cmake_args': None, 'build_base': '/home/benongnuel/dev_ws/src/xarm_ros2/build/xarm_planner', 'catkin_cmake_args': None, 'catkin_skip_building_tests': False, 'cmake_args': None, 'cmake_clean_cache': False, 'cmake_clean_first': False, 'cmake_force_configure': False, 'cmake_target': None, 'cmake_target_skip_unavailable': False, 'install_base': '/home/benongnuel/dev_ws/src/xarm_ros2/install/xarm_planner', 'merge_install': False, 'path': '/home/benongnuel/dev_ws/src/xarm_ros2/xarm_planner', 'symlink_install': True, 'test_result_base': None}
[0.192s] INFO:colcon.colcon_core.executor:Executing jobs using 'parallel' executor
[0.193s] DEBUG:colcon.colcon_parallel_executor.executor.parallel:run_until_complete
[0.193s] INFO:colcon.colcon_ros.task.ament_cmake.build:Building ROS package in '/home/benongnuel/dev_ws/src/xarm_ros2/xarm_description' with build type 'ament_cmake'
[0.194s] INFO:colcon.colcon_cmake.task.cmake.build:Building CMake package in '/home/benongnuel/dev_ws/src/xarm_ros2/xarm_description'
[0.195s] INFO:colcon.colcon_core.plugin_system:Skipping extension 'colcon_core.shell.bat': Not used on non-Windows systems
[0.195s] INFO:colcon.colcon_core.shell:Skip shell extension 'powershell' for command environment: Not usable outside of PowerShell
[0.195s] DEBUG:colcon.colcon_core.shell:Skip shell extension 'dsv' for command environment
[0.197s] INFO:colcon.colcon_ros.task.ament_cmake.build:Building ROS package in '/home/benongnuel/dev_ws/src/xarm_ros2/xarm_msgs' with build type 'ament_cmake'
[0.197s] INFO:colcon.colcon_cmake.task.cmake.build:Building CMake package in '/home/benongnuel/dev_ws/src/xarm_ros2/xarm_msgs'
[0.197s] INFO:colcon.colcon_core.shell:Skip shell extension 'powershell' for command environment: Not usable outside of PowerShell
[0.197s] DEBUG:colcon.colcon_core.shell:Skip shell extension 'dsv' for command environment
[0.200s] INFO:colcon.colcon_ros.task.ament_cmake.build:Building ROS package in '/home/benongnuel/dev_ws/src/xarm_ros2/xarm_sdk' with build type 'ament_cmake'
[0.200s] INFO:colcon.colcon_cmake.task.cmake.build:Building CMake package in '/home/benongnuel/dev_ws/src/xarm_ros2/xarm_sdk'
[0.200s] INFO:colcon.colcon_core.shell:Skip shell extension 'powershell' for command environment: Not usable outside of PowerShell
[0.200s] DEBUG:colcon.colcon_core.shell:Skip shell extension 'dsv' for command environment
[0.202s] INFO:colcon.colcon_ros.task.ament_python.build:Building ROS package in '/home/benongnuel/dev_ws/src/xarm_ros2/uf_ros_lib' with build type 'ament_python'
[0.202s] Level 1:colcon.colcon_core.shell:create_environment_hook('uf_ros_lib', 'ament_prefix_path')
[0.202s] INFO:colcon.colcon_core.shell:Creating environment hook '/home/benongnuel/dev_ws/src/xarm_ros2/install/uf_ros_lib/share/uf_ros_lib/hook/ament_prefix_path.ps1'
[0.202s] INFO:colcon.colcon_core.shell:Creating environment descriptor '/home/benongnuel/dev_ws/src/xarm_ros2/install/uf_ros_lib/share/uf_ros_lib/hook/ament_prefix_path.dsv'
[0.203s] INFO:colcon.colcon_core.shell:Creating environment hook '/home/benongnuel/dev_ws/src/xarm_ros2/install/uf_ros_lib/share/uf_ros_lib/hook/ament_prefix_path.sh'
[0.203s] INFO:colcon.colcon_core.shell:Skip shell extension 'powershell' for command environment: Not usable outside of PowerShell
[0.203s] DEBUG:colcon.colcon_core.shell:Skip shell extension 'dsv' for command environment
[0.205s] INFO:colcon.colcon_ros.task.ament_cmake.build:Building ROS package in '/home/benongnuel/dev_ws/src/xarm_ros2/demo/mbot_demo' with build type 'ament_cmake'
[0.205s] INFO:colcon.colcon_cmake.task.cmake.build:Building CMake package in '/home/benongnuel/dev_ws/src/xarm_ros2/demo/mbot_demo'
[0.205s] INFO:colcon.colcon_core.shell:Skip shell extension 'powershell' for command environment: Not usable outside of PowerShell
[0.205s] DEBUG:colcon.colcon_core.shell:Skip shell extension 'dsv' for command environment
[0.207s] INFO:colcon.colcon_ros.task.ament_cmake.build:Building ROS package in '/home/benongnuel/dev_ws/src/xarm_ros2/thirdparty/realsense_gazebo_plugin' with build type 'ament_cmake'
[0.207s] INFO:colcon.colcon_cmake.task.cmake.build:Building CMake package in '/home/benongnuel/dev_ws/src/xarm_ros2/thirdparty/realsense_gazebo_plugin'
[0.207s] INFO:colcon.colcon_core.shell:Skip shell extension 'powershell' for command environment: Not usable outside of PowerShell
[0.207s] DEBUG:colcon.colcon_core.shell:Skip shell extension 'dsv' for command environment
[0.212s] DEBUG:colcon.colcon_core.event_handler.log_command:Invoking command in '/home/benongnuel/dev_ws/src/xarm_ros2/build/xarm_description': CMAKE_PREFIX_PATH=${CMAKE_PREFIX_PATH}:/home/benongnuel/dev_ws/install/uf_ros_lib:/home/benongnuel/dev_ws/install/my_gripper_scripts:/opt/ros/humble /usr/bin/cmake /home/benongnuel/dev_ws/src/xarm_ros2/xarm_description -DAMENT_CMAKE_SYMLINK_INSTALL=1 -DCMAKE_INSTALL_PREFIX=/home/benongnuel/dev_ws/src/xarm_ros2/install/xarm_description
[0.213s] DEBUG:colcon.colcon_core.event_handler.log_command:Invoking command in '/home/benongnuel/dev_ws/src/xarm_ros2/build/xarm_msgs': CMAKE_PREFIX_PATH=${CMAKE_PREFIX_PATH}:/home/benongnuel/dev_ws/install/uf_ros_lib:/home/benongnuel/dev_ws/install/my_gripper_scripts:/opt/ros/humble /usr/bin/cmake /home/benongnuel/dev_ws/src/xarm_ros2/xarm_msgs -DAMENT_CMAKE_SYMLINK_INSTALL=1 -DCMAKE_INSTALL_PREFIX=/home/benongnuel/dev_ws/src/xarm_ros2/install/xarm_msgs
[0.215s] DEBUG:colcon.colcon_core.event_handler.log_command:Invoking command in '/home/benongnuel/dev_ws/src/xarm_ros2/build/xarm_sdk': CMAKE_PREFIX_PATH=${CMAKE_PREFIX_PATH}:/home/benongnuel/dev_ws/install/uf_ros_lib:/home/benongnuel/dev_ws/install/my_gripper_scripts:/opt/ros/humble /usr/bin/cmake /home/benongnuel/dev_ws/src/xarm_ros2/xarm_sdk -DAMENT_CMAKE_SYMLINK_INSTALL=1 -DCMAKE_INSTALL_PREFIX=/home/benongnuel/dev_ws/src/xarm_ros2/install/xarm_sdk
[0.351s] INFO:colcon.colcon_core.task.python.build:Building Python package in '/home/benongnuel/dev_ws/src/xarm_ros2/uf_ros_lib'
[0.352s] INFO:colcon.colcon_core.shell:Skip shell extension 'powershell' for command environment: Not usable outside of PowerShell
[0.352s] DEBUG:colcon.colcon_core.shell:Skip shell extension 'dsv' for command environment
[0.357s] DEBUG:colcon.colcon_core.event_handler.log_command:Invoking command in '/home/benongnuel/dev_ws/src/xarm_ros2/build/mbot_demo': CMAKE_PREFIX_PATH=${CMAKE_PREFIX_PATH}:/home/benongnuel/dev_ws/install/uf_ros_lib:/home/benongnuel/dev_ws/install/my_gripper_scripts:/opt/ros/humble /usr/bin/cmake /home/benongnuel/dev_ws/src/xarm_ros2/demo/mbot_demo -DAMENT_CMAKE_SYMLINK_INSTALL=1 -DCMAKE_INSTALL_PREFIX=/home/benongnuel/dev_ws/src/xarm_ros2/install/mbot_demo
[0.361s] DEBUG:colcon.colcon_core.event_handler.log_command:Invoking command in '/home/benongnuel/dev_ws/src/xarm_ros2/build/realsense_gazebo_plugin': CMAKE_PREFIX_PATH=${CMAKE_PREFIX_PATH}:/home/benongnuel/dev_ws/install/uf_ros_lib:/home/benongnuel/dev_ws/install/my_gripper_scripts:/opt/ros/humble /usr/bin/cmake /home/benongnuel/dev_ws/src/xarm_ros2/thirdparty/realsense_gazebo_plugin -DAMENT_CMAKE_SYMLINK_INSTALL=1 -DCMAKE_INSTALL_PREFIX=/home/benongnuel/dev_ws/src/xarm_ros2/install/realsense_gazebo_plugin
[0.576s] DEBUG:colcon.colcon_core.event_handler.log_command:Invoking command in '/home/benongnuel/dev_ws/src/xarm_ros2/build/uf_ros_lib': PYTHONPATH=/home/benongnuel/dev_ws/src/xarm_ros2/build/uf_ros_lib/prefix_override:/usr/lib/python3/dist-packages/colcon_core/task/python/colcon_distutils_commands:/home/benongnuel/dev_ws/src/xarm_ros2/install/uf_ros_lib/lib/python3.10/site-packages:${PYTHONPATH} /usr/bin/python3 -W ignore:setup.py install is deprecated -W ignore:easy_install command is deprecated setup.py develop --editable --build-directory /home/benongnuel/dev_ws/src/xarm_ros2/build/uf_ros_lib/build --no-deps symlink_data
[0.711s] DEBUG:colcon.colcon_core.event_handler.log_command:Invoked command in '/home/benongnuel/dev_ws/src/xarm_ros2/build/xarm_description' returned '0': CMAKE_PREFIX_PATH=${CMAKE_PREFIX_PATH}:/home/benongnuel/dev_ws/install/uf_ros_lib:/home/benongnuel/dev_ws/install/my_gripper_scripts:/opt/ros/humble /usr/bin/cmake /home/benongnuel/dev_ws/src/xarm_ros2/xarm_description -DAMENT_CMAKE_SYMLINK_INSTALL=1 -DCMAKE_INSTALL_PREFIX=/home/benongnuel/dev_ws/src/xarm_ros2/install/xarm_description
[0.714s] DEBUG:colcon.colcon_core.event_handler.log_command:Invoking command in '/home/benongnuel/dev_ws/src/xarm_ros2/build/xarm_description': CMAKE_PREFIX_PATH=${CMAKE_PREFIX_PATH}:/home/benongnuel/dev_ws/install/uf_ros_lib:/home/benongnuel/dev_ws/install/my_gripper_scripts:/opt/ros/humble /usr/bin/cmake --build /home/benongnuel/dev_ws/src/xarm_ros2/build/xarm_description -- -j16 -l16
[0.749s] DEBUG:colcon.colcon_core.event_handler.log_command:Invoked command in '/home/benongnuel/dev_ws/src/xarm_ros2/build/xarm_description' returned '0': CMAKE_PREFIX_PATH=${CMAKE_PREFIX_PATH}:/home/benongnuel/dev_ws/install/uf_ros_lib:/home/benongnuel/dev_ws/install/my_gripper_scripts:/opt/ros/humble /usr/bin/cmake --build /home/benongnuel/dev_ws/src/xarm_ros2/build/xarm_description -- -j16 -l16
[0.758s] DEBUG:colcon.colcon_core.event_handler.log_command:Invoking command in '/home/benongnuel/dev_ws/src/xarm_ros2/build/xarm_description': CMAKE_PREFIX_PATH=${CMAKE_PREFIX_PATH}:/home/benongnuel/dev_ws/install/uf_ros_lib:/home/benongnuel/dev_ws/install/my_gripper_scripts:/opt/ros/humble /usr/bin/cmake --install /home/benongnuel/dev_ws/src/xarm_ros2/build/xarm_description
[0.759s] DEBUG:colcon.colcon_core.event_handler.log_command:Invoked command in '/home/benongnuel/dev_ws/src/xarm_ros2/build/xarm_sdk' returned '0': CMAKE_PREFIX_PATH=${CMAKE_PREFIX_PATH}:/home/benongnuel/dev_ws/install/uf_ros_lib:/home/benongnuel/dev_ws/install/my_gripper_scripts:/opt/ros/humble /usr/bin/cmake /home/benongnuel/dev_ws/src/xarm_ros2/xarm_sdk -DAMENT_CMAKE_SYMLINK_INSTALL=1 -DCMAKE_INSTALL_PREFIX=/home/benongnuel/dev_ws/src/xarm_ros2/install/xarm_sdk
[0.760s] DEBUG:colcon.colcon_core.event_handler.log_command:Invoking command in '/home/benongnuel/dev_ws/src/xarm_ros2/build/xarm_sdk': CMAKE_PREFIX_PATH=${CMAKE_PREFIX_PATH}:/home/benongnuel/dev_ws/install/uf_ros_lib:/home/benongnuel/dev_ws/install/my_gripper_scripts:/opt/ros/humble /usr/bin/cmake --build /home/benongnuel/dev_ws/src/xarm_ros2/build/xarm_sdk -- -j16 -l16
[1.002s] DEBUG:colcon.colcon_core.event_handler.log_command:Invoked command in '/home/benongnuel/dev_ws/src/xarm_ros2/build/mbot_demo' returned '0': CMAKE_PREFIX_PATH=${CMAKE_PREFIX_PATH}:/home/benongnuel/dev_ws/install/uf_ros_lib:/home/benongnuel/dev_ws/install/my_gripper_scripts:/opt/ros/humble /usr/bin/cmake /home/benongnuel/dev_ws/src/xarm_ros2/demo/mbot_demo -DAMENT_CMAKE_SYMLINK_INSTALL=1 -DCMAKE_INSTALL_PREFIX=/home/benongnuel/dev_ws/src/xarm_ros2/install/mbot_demo
[1.005s] DEBUG:colcon.colcon_core.event_handler.log_command:Invoking command in '/home/benongnuel/dev_ws/src/xarm_ros2/build/mbot_demo': CMAKE_PREFIX_PATH=${CMAKE_PREFIX_PATH}:/home/benongnuel/dev_ws/install/uf_ros_lib:/home/benongnuel/dev_ws/install/my_gripper_scripts:/opt/ros/humble /usr/bin/cmake --build /home/benongnuel/dev_ws/src/xarm_ros2/build/mbot_demo -- -j16 -l16
[1.054s] Level 1:colcon.colcon_core.shell:create_environment_hook('uf_ros_lib', 'pythonpath_develop')
[1.054s] DEBUG:colcon.colcon_core.event_handler.log_command:Invoked command in '/home/benongnuel/dev_ws/src/xarm_ros2/build/uf_ros_lib' returned '0': PYTHONPATH=/home/benongnuel/dev_ws/src/xarm_ros2/build/uf_ros_lib/prefix_override:/usr/lib/python3/dist-packages/colcon_core/task/python/colcon_distutils_commands:/home/benongnuel/dev_ws/src/xarm_ros2/install/uf_ros_lib/lib/python3.10/site-packages:${PYTHONPATH} /usr/bin/python3 -W ignore:setup.py install is deprecated -W ignore:easy_install command is deprecated setup.py develop --editable --build-directory /home/benongnuel/dev_ws/src/xarm_ros2/build/uf_ros_lib/build --no-deps symlink_data
[1.057s] INFO:colcon.colcon_core.shell:Creating environment hook '/home/benongnuel/dev_ws/src/xarm_ros2/build/uf_ros_lib/share/uf_ros_lib/hook/pythonpath_develop.ps1'
[1.059s] INFO:colcon.colcon_core.shell:Creating environment descriptor '/home/benongnuel/dev_ws/src/xarm_ros2/build/uf_ros_lib/share/uf_ros_lib/hook/pythonpath_develop.dsv'
[1.060s] INFO:colcon.colcon_core.shell:Creating environment hook '/home/benongnuel/dev_ws/src/xarm_ros2/build/uf_ros_lib/share/uf_ros_lib/hook/pythonpath_develop.sh'
[1.072s] Level 1:colcon.colcon_core.environment:checking '/home/benongnuel/dev_ws/src/xarm_ros2/install/uf_ros_lib' for CMake module files
[1.077s] Level 1:colcon.colcon_core.environment:checking '/home/benongnuel/dev_ws/src/xarm_ros2/install/uf_ros_lib' for CMake config files
[1.078s] Level 1:colcon.colcon_core.environment:checking '/home/benongnuel/dev_ws/src/xarm_ros2/install/uf_ros_lib/lib'
[1.078s] Level 1:colcon.colcon_core.environment:checking '/home/benongnuel/dev_ws/src/xarm_ros2/install/uf_ros_lib/bin'
[1.079s] Level 1:colcon.colcon_core.environment:checking '/home/benongnuel/dev_ws/src/xarm_ros2/install/uf_ros_lib/lib/pkgconfig/uf_ros_lib.pc'
[1.079s] Level 1:colcon.colcon_core.environment:checking '/home/benongnuel/dev_ws/src/xarm_ros2/install/uf_ros_lib/lib/python3.10/site-packages'
[1.079s] Level 1:colcon.colcon_core.shell:create_environment_hook('uf_ros_lib', 'pythonpath')
[1.079s] INFO:colcon.colcon_core.shell:Creating environment hook '/home/benongnuel/dev_ws/src/xarm_ros2/install/uf_ros_lib/share/uf_ros_lib/hook/pythonpath.ps1'
[1.080s] INFO:colcon.colcon_core.shell:Creating environment descriptor '/home/benongnuel/dev_ws/src/xarm_ros2/install/uf_ros_lib/share/uf_ros_lib/hook/pythonpath.dsv'
[1.081s] INFO:colcon.colcon_core.shell:Creating environment hook '/home/benongnuel/dev_ws/src/xarm_ros2/install/uf_ros_lib/share/uf_ros_lib/hook/pythonpath.sh'
[1.082s] Level 1:colcon.colcon_core.environment:checking '/home/benongnuel/dev_ws/src/xarm_ros2/install/uf_ros_lib/bin'
[1.082s] Level 1:colcon.colcon_core.environment:create_environment_scripts_only(uf_ros_lib)
[1.082s] INFO:colcon.colcon_core.shell:Creating package script '/home/benongnuel/dev_ws/src/xarm_ros2/install/uf_ros_lib/share/uf_ros_lib/package.ps1'
[1.088s] INFO:colcon.colcon_core.shell:Creating package descriptor '/home/benongnuel/dev_ws/src/xarm_ros2/install/uf_ros_lib/share/uf_ros_lib/package.dsv'
[1.089s] INFO:colcon.colcon_core.shell:Creating package script '/home/benongnuel/dev_ws/src/xarm_ros2/install/uf_ros_lib/share/uf_ros_lib/package.sh'
[1.095s] INFO:colcon.colcon_core.shell:Creating package script '/home/benongnuel/dev_ws/src/xarm_ros2/install/uf_ros_lib/share/uf_ros_lib/package.bash'
[1.096s] INFO:colcon.colcon_core.shell:Creating package script '/home/benongnuel/dev_ws/src/xarm_ros2/install/uf_ros_lib/share/uf_ros_lib/package.zsh'
[1.102s] Level 1:colcon.colcon_core.environment:create_file_with_runtime_dependencies(/home/benongnuel/dev_ws/src/xarm_ros2/install/uf_ros_lib/share/colcon-core/packages/uf_ros_lib)
[1.129s] DEBUG:colcon.colcon_core.event_handler.log_command:Invoked command in '/home/benongnuel/dev_ws/src/xarm_ros2/build/mbot_demo' returned '0': CMAKE_PREFIX_PATH=${CMAKE_PREFIX_PATH}:/home/benongnuel/dev_ws/install/uf_ros_lib:/home/benongnuel/dev_ws/install/my_gripper_scripts:/opt/ros/humble /usr/bin/cmake --build /home/benongnuel/dev_ws/src/xarm_ros2/build/mbot_demo -- -j16 -l16
[1.139s] DEBUG:colcon.colcon_core.event_handler.log_command:Invoking command in '/home/benongnuel/dev_ws/src/xarm_ros2/build/mbot_demo': CMAKE_PREFIX_PATH=${CMAKE_PREFIX_PATH}:/home/benongnuel/dev_ws/install/uf_ros_lib:/home/benongnuel/dev_ws/install/my_gripper_scripts:/opt/ros/humble /usr/bin/cmake --install /home/benongnuel/dev_ws/src/xarm_ros2/build/mbot_demo
[2.227s] Level 1:colcon.colcon_core.environment:create_environment_scripts_only(mbot_demo)
[2.228s] Level 1:colcon.colcon_core.environment:checking '/home/benongnuel/dev_ws/src/xarm_ros2/install/mbot_demo' for CMake module files
[2.228s] Level 1:colcon.colcon_core.environment:checking '/home/benongnuel/dev_ws/src/xarm_ros2/install/mbot_demo' for CMake config files
[2.229s] Level 1:colcon.colcon_core.shell:create_environment_hook('mbot_demo', 'cmake_prefix_path')
[2.229s] INFO:colcon.colcon_core.shell:Creating environment hook '/home/benongnuel/dev_ws/src/xarm_ros2/install/mbot_demo/share/mbot_demo/hook/cmake_prefix_path.ps1'
[2.238s] DEBUG:colcon.colcon_core.event_handler.log_command:Invoked command in '/home/benongnuel/dev_ws/src/xarm_ros2/build/mbot_demo' returned '0': CMAKE_PREFIX_PATH=${CMAKE_PREFIX_PATH}:/home/benongnuel/dev_ws/install/uf_ros_lib:/home/benongnuel/dev_ws/install/my_gripper_scripts:/opt/ros/humble /usr/bin/cmake --install /home/benongnuel/dev_ws/src/xarm_ros2/build/mbot_demo
[2.239s] INFO:colcon.colcon_core.shell:Creating environment descriptor '/home/benongnuel/dev_ws/src/xarm_ros2/install/mbot_demo/share/mbot_demo/hook/cmake_prefix_path.dsv'
[2.239s] INFO:colcon.colcon_core.shell:Creating environment hook '/home/benongnuel/dev_ws/src/xarm_ros2/install/mbot_demo/share/mbot_demo/hook/cmake_prefix_path.sh'
[2.240s] Level 1:colcon.colcon_core.environment:checking '/home/benongnuel/dev_ws/src/xarm_ros2/install/mbot_demo/bin'
[2.241s] Level 1:colcon.colcon_core.environment:checking '/home/benongnuel/dev_ws/src/xarm_ros2/install/mbot_demo/lib/pkgconfig/mbot_demo.pc'
[2.241s] Level 1:colcon.colcon_core.environment:checking '/home/benongnuel/dev_ws/src/xarm_ros2/install/mbot_demo/lib/python3.10/site-packages'
[2.241s] Level 1:colcon.colcon_core.environment:checking '/home/benongnuel/dev_ws/src/xarm_ros2/install/mbot_demo/bin'
[2.242s] INFO:colcon.colcon_core.shell:Creating package script '/home/benongnuel/dev_ws/src/xarm_ros2/install/mbot_demo/share/mbot_demo/package.ps1'
[2.250s] INFO:colcon.colcon_core.shell:Creating package descriptor '/home/benongnuel/dev_ws/src/xarm_ros2/install/mbot_demo/share/mbot_demo/package.dsv'
[2.251s] INFO:colcon.colcon_core.shell:Creating package script '/home/benongnuel/dev_ws/src/xarm_ros2/install/mbot_demo/share/mbot_demo/package.sh'
[2.252s] INFO:colcon.colcon_core.shell:Creating package script '/home/benongnuel/dev_ws/src/xarm_ros2/install/mbot_demo/share/mbot_demo/package.bash'
[2.252s] INFO:colcon.colcon_core.shell:Creating package script '/home/benongnuel/dev_ws/src/xarm_ros2/install/mbot_demo/share/mbot_demo/package.zsh'
[2.253s] Level 1:colcon.colcon_core.environment:create_file_with_runtime_dependencies(/home/benongnuel/dev_ws/src/xarm_ros2/install/mbot_demo/share/colcon-core/packages/mbot_demo)
[2.262s] Level 1:colcon.colcon_core.environment:create_environment_scripts_only(mbot_demo)
[2.263s] Level 1:colcon.colcon_core.environment:checking '/home/benongnuel/dev_ws/src/xarm_ros2/install/mbot_demo' for CMake module files
[2.268s] Level 1:colcon.colcon_core.environment:checking '/home/benongnuel/dev_ws/src/xarm_ros2/install/mbot_demo' for CMake config files
[2.269s] Level 1:colcon.colcon_core.shell:create_environment_hook('mbot_demo', 'cmake_prefix_path')
[2.269s] INFO:colcon.colcon_core.shell:Creating environment hook '/home/benongnuel/dev_ws/src/xarm_ros2/install/mbot_demo/share/mbot_demo/hook/cmake_prefix_path.ps1'
[2.278s] INFO:colcon.colcon_core.shell:Creating environment descriptor '/home/benongnuel/dev_ws/src/xarm_ros2/install/mbot_demo/share/mbot_demo/hook/cmake_prefix_path.dsv'
[2.279s] INFO:colcon.colcon_core.shell:Creating environment hook '/home/benongnuel/dev_ws/src/xarm_ros2/install/mbot_demo/share/mbot_demo/hook/cmake_prefix_path.sh'
[2.280s] Level 1:colcon.colcon_core.environment:checking '/home/benongnuel/dev_ws/src/xarm_ros2/install/mbot_demo/bin'
[2.285s] Level 1:colcon.colcon_core.environment:checking '/home/benongnuel/dev_ws/src/xarm_ros2/install/mbot_demo/lib/pkgconfig/mbot_demo.pc'
[2.285s] Level 1:colcon.colcon_core.environment:checking '/home/benongnuel/dev_ws/src/xarm_ros2/install/mbot_demo/lib/python3.10/site-packages'
[2.286s] Level 1:colcon.colcon_core.environment:checking '/home/benongnuel/dev_ws/src/xarm_ros2/install/mbot_demo/bin'
[2.286s] INFO:colcon.colcon_core.shell:Creating package script '/home/benongnuel/dev_ws/src/xarm_ros2/install/mbot_demo/share/mbot_demo/package.ps1'
[2.292s] INFO:colcon.colcon_core.shell:Creating package descriptor '/home/benongnuel/dev_ws/src/xarm_ros2/install/mbot_demo/share/mbot_demo/package.dsv'
[2.293s] INFO:colcon.colcon_core.shell:Creating package script '/home/benongnuel/dev_ws/src/xarm_ros2/install/mbot_demo/share/mbot_demo/package.sh'
[2.294s] INFO:colcon.colcon_core.shell:Creating package script '/home/benongnuel/dev_ws/src/xarm_ros2/install/mbot_demo/share/mbot_demo/package.bash'
[2.303s] INFO:colcon.colcon_core.shell:Creating package script '/home/benongnuel/dev_ws/src/xarm_ros2/install/mbot_demo/share/mbot_demo/package.zsh'
[2.304s] Level 1:colcon.colcon_core.environment:create_file_with_runtime_dependencies(/home/benongnuel/dev_ws/src/xarm_ros2/install/mbot_demo/share/colcon-core/packages/mbot_demo)
[3.270s] DEBUG:colcon.colcon_core.event_handler.log_command:Invoked command in '/home/benongnuel/dev_ws/src/xarm_ros2/build/xarm_msgs' returned '0': CMAKE_PREFIX_PATH=${CMAKE_PREFIX_PATH}:/home/benongnuel/dev_ws/install/uf_ros_lib:/home/benongnuel/dev_ws/install/my_gripper_scripts:/opt/ros/humble /usr/bin/cmake /home/benongnuel/dev_ws/src/xarm_ros2/xarm_msgs -DAMENT_CMAKE_SYMLINK_INSTALL=1 -DCMAKE_INSTALL_PREFIX=/home/benongnuel/dev_ws/src/xarm_ros2/install/xarm_msgs
[3.273s] DEBUG:colcon.colcon_core.event_handler.log_command:Invoking command in '/home/benongnuel/dev_ws/src/xarm_ros2/build/xarm_msgs': CMAKE_PREFIX_PATH=${CMAKE_PREFIX_PATH}:/home/benongnuel/dev_ws/install/uf_ros_lib:/home/benongnuel/dev_ws/install/my_gripper_scripts:/opt/ros/humble /usr/bin/cmake --build /home/benongnuel/dev_ws/src/xarm_ros2/build/xarm_msgs -- -j16 -l16
[4.073s] DEBUG:colcon.colcon_core.event_handler.log_command:Invoked command in '/home/benongnuel/dev_ws/src/xarm_ros2/build/realsense_gazebo_plugin' returned '0': CMAKE_PREFIX_PATH=${CMAKE_PREFIX_PATH}:/home/benongnuel/dev_ws/install/uf_ros_lib:/home/benongnuel/dev_ws/install/my_gripper_scripts:/opt/ros/humble /usr/bin/cmake /home/benongnuel/dev_ws/src/xarm_ros2/thirdparty/realsense_gazebo_plugin -DAMENT_CMAKE_SYMLINK_INSTALL=1 -DCMAKE_INSTALL_PREFIX=/home/benongnuel/dev_ws/src/xarm_ros2/install/realsense_gazebo_plugin
[4.074s] DEBUG:colcon.colcon_core.event_handler.log_command:Invoking command in '/home/benongnuel/dev_ws/src/xarm_ros2/build/realsense_gazebo_plugin': CMAKE_PREFIX_PATH=${CMAKE_PREFIX_PATH}:/home/benongnuel/dev_ws/install/uf_ros_lib:/home/benongnuel/dev_ws/install/my_gripper_scripts:/opt/ros/humble /usr/bin/cmake --build /home/benongnuel/dev_ws/src/xarm_ros2/build/realsense_gazebo_plugin -- -j16 -l16
[4.464s] Level 1:colcon.colcon_core.environment:create_environment_scripts_only(xarm_description)
[4.465s] Level 1:colcon.colcon_core.environment:checking '/home/benongnuel/dev_ws/src/xarm_ros2/install/xarm_description' for CMake module files
[4.465s] DEBUG:colcon.colcon_core.event_handler.log_command:Invoked command in '/home/benongnuel/dev_ws/src/xarm_ros2/build/xarm_description' returned '0': CMAKE_PREFIX_PATH=${CMAKE_PREFIX_PATH}:/home/benongnuel/dev_ws/install/uf_ros_lib:/home/benongnuel/dev_ws/install/my_gripper_scripts:/opt/ros/humble /usr/bin/cmake --install /home/benongnuel/dev_ws/src/xarm_ros2/build/xarm_description
[4.466s] Level 1:colcon.colcon_core.environment:checking '/home/benongnuel/dev_ws/src/xarm_ros2/install/xarm_description' for CMake config files
[4.469s] Level 1:colcon.colcon_core.shell:create_environment_hook('xarm_description', 'cmake_prefix_path')
[4.469s] INFO:colcon.colcon_core.shell:Creating environment hook '/home/benongnuel/dev_ws/src/xarm_ros2/install/xarm_description/share/xarm_description/hook/cmake_prefix_path.ps1'
[4.470s] INFO:colcon.colcon_core.shell:Creating environment descriptor '/home/benongnuel/dev_ws/src/xarm_ros2/install/xarm_description/share/xarm_description/hook/cmake_prefix_path.dsv'
[4.470s] INFO:colcon.colcon_core.shell:Creating environment hook '/home/benongnuel/dev_ws/src/xarm_ros2/install/xarm_description/share/xarm_description/hook/cmake_prefix_path.sh'
[4.471s] Level 1:colcon.colcon_core.environment:checking '/home/benongnuel/dev_ws/src/xarm_ros2/install/xarm_description/bin'
[4.471s] Level 1:colcon.colcon_core.environment:checking '/home/benongnuel/dev_ws/src/xarm_ros2/install/xarm_description/lib/pkgconfig/xarm_description.pc'
[4.471s] Level 1:colcon.colcon_core.environment:checking '/home/benongnuel/dev_ws/src/xarm_ros2/install/xarm_description/lib/python3.10/site-packages'
[4.471s] Level 1:colcon.colcon_core.environment:checking '/home/benongnuel/dev_ws/src/xarm_ros2/install/xarm_description/bin'
[4.471s] INFO:colcon.colcon_core.shell:Creating package script '/home/benongnuel/dev_ws/src/xarm_ros2/install/xarm_description/share/xarm_description/package.ps1'
[4.472s] INFO:colcon.colcon_core.shell:Creating package descriptor '/home/benongnuel/dev_ws/src/xarm_ros2/install/xarm_description/share/xarm_description/package.dsv'
[4.472s] INFO:colcon.colcon_core.shell:Creating package script '/home/benongnuel/dev_ws/src/xarm_ros2/install/xarm_description/share/xarm_description/package.sh'
[4.473s] INFO:colcon.colcon_core.shell:Creating package script '/home/benongnuel/dev_ws/src/xarm_ros2/install/xarm_description/share/xarm_description/package.bash'
[4.473s] INFO:colcon.colcon_core.shell:Creating package script '/home/benongnuel/dev_ws/src/xarm_ros2/install/xarm_description/share/xarm_description/package.zsh'
[4.473s] Level 1:colcon.colcon_core.environment:create_file_with_runtime_dependencies(/home/benongnuel/dev_ws/src/xarm_ros2/install/xarm_description/share/colcon-core/packages/xarm_description)
[4.474s] Level 1:colcon.colcon_core.environment:create_environment_scripts_only(xarm_description)
[4.474s] Level 1:colcon.colcon_core.environment:checking '/home/benongnuel/dev_ws/src/xarm_ros2/install/xarm_description' for CMake module files
[4.475s] Level 1:colcon.colcon_core.environment:checking '/home/benongnuel/dev_ws/src/xarm_ros2/install/xarm_description' for CMake config files
[4.477s] Level 1:colcon.colcon_core.shell:create_environment_hook('xarm_description', 'cmake_prefix_path')
[4.477s] INFO:colcon.colcon_core.shell:Creating environment hook '/home/benongnuel/dev_ws/src/xarm_ros2/install/xarm_description/share/xarm_description/hook/cmake_prefix_path.ps1'
[4.478s] INFO:colcon.colcon_core.shell:Creating environment descriptor '/home/benongnuel/dev_ws/src/xarm_ros2/install/xarm_description/share/xarm_description/hook/cmake_prefix_path.dsv'
[4.478s] INFO:colcon.colcon_core.shell:Creating environment hook '/home/benongnuel/dev_ws/src/xarm_ros2/install/xarm_description/share/xarm_description/hook/cmake_prefix_path.sh'
[4.479s] Level 1:colcon.colcon_core.environment:checking '/home/benongnuel/dev_ws/src/xarm_ros2/install/xarm_description/bin'
[4.479s] Level 1:colcon.colcon_core.environment:checking '/home/benongnuel/dev_ws/src/xarm_ros2/install/xarm_description/lib/pkgconfig/xarm_description.pc'
[4.479s] Level 1:colcon.colcon_core.environment:checking '/home/benongnuel/dev_ws/src/xarm_ros2/install/xarm_description/lib/python3.10/site-packages'
[4.479s] Level 1:colcon.colcon_core.environment:checking '/home/benongnuel/dev_ws/src/xarm_ros2/install/xarm_description/bin'
[4.479s] INFO:colcon.colcon_core.shell:Creating package script '/home/benongnuel/dev_ws/src/xarm_ros2/install/xarm_description/share/xarm_description/package.ps1'
[4.481s] INFO:colcon.colcon_core.shell:Creating package descriptor '/home/benongnuel/dev_ws/src/xarm_ros2/install/xarm_description/share/xarm_description/package.dsv'
[4.481s] INFO:colcon.colcon_core.shell:Creating package script '/home/benongnuel/dev_ws/src/xarm_ros2/install/xarm_description/share/xarm_description/package.sh'
[4.481s] INFO:colcon.colcon_core.shell:Creating package script '/home/benongnuel/dev_ws/src/xarm_ros2/install/xarm_description/share/xarm_description/package.bash'
[4.482s] INFO:colcon.colcon_core.shell:Creating package script '/home/benongnuel/dev_ws/src/xarm_ros2/install/xarm_description/share/xarm_description/package.zsh'
[4.482s] Level 1:colcon.colcon_core.environment:create_file_with_runtime_dependencies(/home/benongnuel/dev_ws/src/xarm_ros2/install/xarm_description/share/colcon-core/packages/xarm_description)
[4.963s] DEBUG:colcon.colcon_core.event_handler.log_command:Invoked command in '/home/benongnuel/dev_ws/src/xarm_ros2/build/xarm_sdk' returned '0': CMAKE_PREFIX_PATH=${CMAKE_PREFIX_PATH}:/home/benongnuel/dev_ws/install/uf_ros_lib:/home/benongnuel/dev_ws/install/my_gripper_scripts:/opt/ros/humble /usr/bin/cmake --build /home/benongnuel/dev_ws/src/xarm_ros2/build/xarm_sdk -- -j16 -l16
[4.965s] DEBUG:colcon.colcon_core.event_handler.log_command:Invoking command in '/home/benongnuel/dev_ws/src/xarm_ros2/build/xarm_sdk': CMAKE_PREFIX_PATH=${CMAKE_PREFIX_PATH}:/home/benongnuel/dev_ws/install/uf_ros_lib:/home/benongnuel/dev_ws/install/my_gripper_scripts:/opt/ros/humble /usr/bin/cmake --install /home/benongnuel/dev_ws/src/xarm_ros2/build/xarm_sdk
[5.316s] Level 1:colcon.colcon_core.environment:create_environment_scripts_only(xarm_sdk)
[5.316s] Level 1:colcon.colcon_core.environment:checking '/home/benongnuel/dev_ws/src/xarm_ros2/install/xarm_sdk' for CMake module files
[5.317s] DEBUG:colcon.colcon_core.event_handler.log_command:Invoked command in '/home/benongnuel/dev_ws/src/xarm_ros2/build/xarm_sdk' returned '0': CMAKE_PREFIX_PATH=${CMAKE_PREFIX_PATH}:/home/benongnuel/dev_ws/install/uf_ros_lib:/home/benongnuel/dev_ws/install/my_gripper_scripts:/opt/ros/humble /usr/bin/cmake --install /home/benongnuel/dev_ws/src/xarm_ros2/build/xarm_sdk
[5.317s] Level 1:colcon.colcon_core.environment:checking '/home/benongnuel/dev_ws/src/xarm_ros2/install/xarm_sdk' for CMake config files
[5.318s] Level 1:colcon.colcon_core.shell:create_environment_hook('xarm_sdk', 'cmake_prefix_path')
[5.318s] INFO:colcon.colcon_core.shell:Creating environment hook '/home/benongnuel/dev_ws/src/xarm_ros2/install/xarm_sdk/share/xarm_sdk/hook/cmake_prefix_path.ps1'
[5.319s] INFO:colcon.colcon_core.shell:Creating environment descriptor '/home/benongnuel/dev_ws/src/xarm_ros2/install/xarm_sdk/share/xarm_sdk/hook/cmake_prefix_path.dsv'
[5.319s] INFO:colcon.colcon_core.shell:Creating environment hook '/home/benongnuel/dev_ws/src/xarm_ros2/install/xarm_sdk/share/xarm_sdk/hook/cmake_prefix_path.sh'
[5.320s] Level 1:colcon.colcon_core.environment:checking '/home/benongnuel/dev_ws/src/xarm_ros2/install/xarm_sdk/lib'
[5.320s] Level 1:colcon.colcon_core.shell:create_environment_hook('xarm_sdk', 'ld_library_path_lib')
[5.320s] INFO:colcon.colcon_core.shell:Creating environment hook '/home/benongnuel/dev_ws/src/xarm_ros2/install/xarm_sdk/share/xarm_sdk/hook/ld_library_path_lib.ps1'
[5.320s] INFO:colcon.colcon_core.shell:Creating environment descriptor '/home/benongnuel/dev_ws/src/xarm_ros2/install/xarm_sdk/share/xarm_sdk/hook/ld_library_path_lib.dsv'
[5.321s] INFO:colcon.colcon_core.shell:Creating environment hook '/home/benongnuel/dev_ws/src/xarm_ros2/install/xarm_sdk/share/xarm_sdk/hook/ld_library_path_lib.sh'
[5.321s] Level 1:colcon.colcon_core.environment:checking '/home/benongnuel/dev_ws/src/xarm_ros2/install/xarm_sdk/bin'
[5.321s] Level 1:colcon.colcon_core.environment:checking '/home/benongnuel/dev_ws/src/xarm_ros2/install/xarm_sdk/lib/pkgconfig/xarm_sdk.pc'
[5.322s] Level 1:colcon.colcon_core.environment:checking '/home/benongnuel/dev_ws/src/xarm_ros2/install/xarm_sdk/lib/python3.10/site-packages'
[5.322s] Level 1:colcon.colcon_core.environment:checking '/home/benongnuel/dev_ws/src/xarm_ros2/install/xarm_sdk/bin'
[5.322s] INFO:colcon.colcon_core.shell:Creating package script '/home/benongnuel/dev_ws/src/xarm_ros2/install/xarm_sdk/share/xarm_sdk/package.ps1'
[5.323s] INFO:colcon.colcon_core.shell:Creating package descriptor '/home/benongnuel/dev_ws/src/xarm_ros2/install/xarm_sdk/share/xarm_sdk/package.dsv'
[5.323s] INFO:colcon.colcon_core.shell:Creating package script '/home/benongnuel/dev_ws/src/xarm_ros2/install/xarm_sdk/share/xarm_sdk/package.sh'
[5.324s] INFO:colcon.colcon_core.shell:Creating package script '/home/benongnuel/dev_ws/src/xarm_ros2/install/xarm_sdk/share/xarm_sdk/package.bash'
[5.324s] INFO:colcon.colcon_core.shell:Creating package script '/home/benongnuel/dev_ws/src/xarm_ros2/install/xarm_sdk/share/xarm_sdk/package.zsh'
[5.324s] Level 1:colcon.colcon_core.environment:create_file_with_runtime_dependencies(/home/benongnuel/dev_ws/src/xarm_ros2/install/xarm_sdk/share/colcon-core/packages/xarm_sdk)
[5.325s] Level 1:colcon.colcon_core.environment:create_environment_scripts_only(xarm_sdk)
[5.325s] Level 1:colcon.colcon_core.environment:checking '/home/benongnuel/dev_ws/src/xarm_ros2/install/xarm_sdk' for CMake module files
[5.326s] Level 1:colcon.colcon_core.environment:checking '/home/benongnuel/dev_ws/src/xarm_ros2/install/xarm_sdk' for CMake config files
[5.326s] Level 1:colcon.colcon_core.shell:create_environment_hook('xarm_sdk', 'cmake_prefix_path')
[5.326s] INFO:colcon.colcon_core.shell:Creating environment hook '/home/benongnuel/dev_ws/src/xarm_ros2/install/xarm_sdk/share/xarm_sdk/hook/cmake_prefix_path.ps1'
[5.327s] INFO:colcon.colcon_core.shell:Creating environment descriptor '/home/benongnuel/dev_ws/src/xarm_ros2/install/xarm_sdk/share/xarm_sdk/hook/cmake_prefix_path.dsv'
[5.327s] INFO:colcon.colcon_core.shell:Creating environment hook '/home/benongnuel/dev_ws/src/xarm_ros2/install/xarm_sdk/share/xarm_sdk/hook/cmake_prefix_path.sh'
[5.328s] Level 1:colcon.colcon_core.environment:checking '/home/benongnuel/dev_ws/src/xarm_ros2/install/xarm_sdk/lib'
[5.328s] Level 1:colcon.colcon_core.shell:create_environment_hook('xarm_sdk', 'ld_library_path_lib')
[5.328s] INFO:colcon.colcon_core.shell:Creating environment hook '/home/benongnuel/dev_ws/src/xarm_ros2/install/xarm_sdk/share/xarm_sdk/hook/ld_library_path_lib.ps1'
[5.329s] INFO:colcon.colcon_core.shell:Creating environment descriptor '/home/benongnuel/dev_ws/src/xarm_ros2/install/xarm_sdk/share/xarm_sdk/hook/ld_library_path_lib.dsv'
[5.329s] INFO:colcon.colcon_core.shell:Creating environment hook '/home/benongnuel/dev_ws/src/xarm_ros2/install/xarm_sdk/share/xarm_sdk/hook/ld_library_path_lib.sh'
[5.329s] Level 1:colcon.colcon_core.environment:checking '/home/benongnuel/dev_ws/src/xarm_ros2/install/xarm_sdk/bin'
[5.330s] Level 1:colcon.colcon_core.environment:checking '/home/benongnuel/dev_ws/src/xarm_ros2/install/xarm_sdk/lib/pkgconfig/xarm_sdk.pc'
[5.330s] Level 1:colcon.colcon_core.environment:checking '/home/benongnuel/dev_ws/src/xarm_ros2/install/xarm_sdk/lib/python3.10/site-packages'
[5.330s] Level 1:colcon.colcon_core.environment:checking '/home/benongnuel/dev_ws/src/xarm_ros2/install/xarm_sdk/bin'
[5.330s] INFO:colcon.colcon_core.shell:Creating package script '/home/benongnuel/dev_ws/src/xarm_ros2/install/xarm_sdk/share/xarm_sdk/package.ps1'
[5.331s] INFO:colcon.colcon_core.shell:Creating package descriptor '/home/benongnuel/dev_ws/src/xarm_ros2/install/xarm_sdk/share/xarm_sdk/package.dsv'
[5.333s] INFO:colcon.colcon_core.shell:Creating package script '/home/benongnuel/dev_ws/src/xarm_ros2/install/xarm_sdk/share/xarm_sdk/package.sh'
[5.333s] INFO:colcon.colcon_core.shell:Creating package script '/home/benongnuel/dev_ws/src/xarm_ros2/install/xarm_sdk/share/xarm_sdk/package.bash'
[5.333s] INFO:colcon.colcon_core.shell:Creating package script '/home/benongnuel/dev_ws/src/xarm_ros2/install/xarm_sdk/share/xarm_sdk/package.zsh'
[5.334s] Level 1:colcon.colcon_core.environment:create_file_with_runtime_dependencies(/home/benongnuel/dev_ws/src/xarm_ros2/install/xarm_sdk/share/colcon-core/packages/xarm_sdk)
[26.474s] DEBUG:colcon.colcon_core.event_handler.log_command:Invoked command in '/home/benongnuel/dev_ws/src/xarm_ros2/build/xarm_msgs' returned '0': CMAKE_PREFIX_PATH=${CMAKE_PREFIX_PATH}:/home/benongnuel/dev_ws/install/uf_ros_lib:/home/benongnuel/dev_ws/install/my_gripper_scripts:/opt/ros/humble /usr/bin/cmake --build /home/benongnuel/dev_ws/src/xarm_ros2/build/xarm_msgs -- -j16 -l16
[26.476s] DEBUG:colcon.colcon_core.event_handler.log_command:Invoking command in '/home/benongnuel/dev_ws/src/xarm_ros2/build/xarm_msgs': CMAKE_PREFIX_PATH=${CMAKE_PREFIX_PATH}:/home/benongnuel/dev_ws/install/uf_ros_lib:/home/benongnuel/dev_ws/install/my_gripper_scripts:/opt/ros/humble /usr/bin/cmake --install /home/benongnuel/dev_ws/src/xarm_ros2/build/xarm_msgs
[27.796s] DEBUG:colcon.colcon_core.event_handler.log_command:Invoked command in '/home/benongnuel/dev_ws/src/xarm_ros2/build/realsense_gazebo_plugin' returned '0': CMAKE_PREFIX_PATH=${CMAKE_PREFIX_PATH}:/home/benongnuel/dev_ws/install/uf_ros_lib:/home/benongnuel/dev_ws/install/my_gripper_scripts:/opt/ros/humble /usr/bin/cmake --build /home/benongnuel/dev_ws/src/xarm_ros2/build/realsense_gazebo_plugin -- -j16 -l16
[27.797s] DEBUG:colcon.colcon_core.event_handler.log_command:Invoking command in '/home/benongnuel/dev_ws/src/xarm_ros2/build/realsense_gazebo_plugin': CMAKE_PREFIX_PATH=${CMAKE_PREFIX_PATH}:/home/benongnuel/dev_ws/install/uf_ros_lib:/home/benongnuel/dev_ws/install/my_gripper_scripts:/opt/ros/humble /usr/bin/cmake --install /home/benongnuel/dev_ws/src/xarm_ros2/build/realsense_gazebo_plugin
[27.952s] Level 1:colcon.colcon_core.environment:create_environment_scripts_only(realsense_gazebo_plugin)
[27.952s] Level 1:colcon.colcon_core.environment:checking '/home/benongnuel/dev_ws/src/xarm_ros2/install/realsense_gazebo_plugin' for CMake module files
[27.953s] DEBUG:colcon.colcon_core.event_handler.log_command:Invoked command in '/home/benongnuel/dev_ws/src/xarm_ros2/build/realsense_gazebo_plugin' returned '0': CMAKE_PREFIX_PATH=${CMAKE_PREFIX_PATH}:/home/benongnuel/dev_ws/install/uf_ros_lib:/home/benongnuel/dev_ws/install/my_gripper_scripts:/opt/ros/humble /usr/bin/cmake --install /home/benongnuel/dev_ws/src/xarm_ros2/build/realsense_gazebo_plugin
[27.953s] Level 1:colcon.colcon_core.environment:checking '/home/benongnuel/dev_ws/src/xarm_ros2/install/realsense_gazebo_plugin' for CMake config files
[27.954s] Level 1:colcon.colcon_core.shell:create_environment_hook('realsense_gazebo_plugin', 'cmake_prefix_path')
[27.954s] INFO:colcon.colcon_core.shell:Creating environment hook '/home/benongnuel/dev_ws/src/xarm_ros2/install/realsense_gazebo_plugin/share/realsense_gazebo_plugin/hook/cmake_prefix_path.ps1'
[27.955s] INFO:colcon.colcon_core.shell:Creating environment descriptor '/home/benongnuel/dev_ws/src/xarm_ros2/install/realsense_gazebo_plugin/share/realsense_gazebo_plugin/hook/cmake_prefix_path.dsv'
[27.955s] INFO:colcon.colcon_core.shell:Creating environment hook '/home/benongnuel/dev_ws/src/xarm_ros2/install/realsense_gazebo_plugin/share/realsense_gazebo_plugin/hook/cmake_prefix_path.sh'
[27.955s] Level 1:colcon.colcon_core.environment:checking '/home/benongnuel/dev_ws/src/xarm_ros2/install/realsense_gazebo_plugin/lib'
[27.955s] Level 1:colcon.colcon_core.shell:create_environment_hook('realsense_gazebo_plugin', 'ld_library_path_lib')
[27.955s] INFO:colcon.colcon_core.shell:Creating environment hook '/home/benongnuel/dev_ws/src/xarm_ros2/install/realsense_gazebo_plugin/share/realsense_gazebo_plugin/hook/ld_library_path_lib.ps1'
[27.956s] INFO:colcon.colcon_core.shell:Creating environment descriptor '/home/benongnuel/dev_ws/src/xarm_ros2/install/realsense_gazebo_plugin/share/realsense_gazebo_plugin/hook/ld_library_path_lib.dsv'
[27.956s] INFO:colcon.colcon_core.shell:Creating environment hook '/home/benongnuel/dev_ws/src/xarm_ros2/install/realsense_gazebo_plugin/share/realsense_gazebo_plugin/hook/ld_library_path_lib.sh'
[27.956s] Level 1:colcon.colcon_core.environment:checking '/home/benongnuel/dev_ws/src/xarm_ros2/install/realsense_gazebo_plugin/bin'
[27.956s] Level 1:colcon.colcon_core.environment:checking '/home/benongnuel/dev_ws/src/xarm_ros2/install/realsense_gazebo_plugin/lib/pkgconfig/realsense_gazebo_plugin.pc'
[27.956s] Level 1:colcon.colcon_core.environment:checking '/home/benongnuel/dev_ws/src/xarm_ros2/install/realsense_gazebo_plugin/lib/python3.10/site-packages'
[27.956s] Level 1:colcon.colcon_core.environment:checking '/home/benongnuel/dev_ws/src/xarm_ros2/install/realsense_gazebo_plugin/bin'
[27.956s] INFO:colcon.colcon_core.shell:Creating package script '/home/benongnuel/dev_ws/src/xarm_ros2/install/realsense_gazebo_plugin/share/realsense_gazebo_plugin/package.ps1'
[27.957s] INFO:colcon.colcon_core.shell:Creating package descriptor '/home/benongnuel/dev_ws/src/xarm_ros2/install/realsense_gazebo_plugin/share/realsense_gazebo_plugin/package.dsv'
[27.957s] INFO:colcon.colcon_core.shell:Creating package script '/home/benongnuel/dev_ws/src/xarm_ros2/install/realsense_gazebo_plugin/share/realsense_gazebo_plugin/package.sh'
[27.957s] INFO:colcon.colcon_core.shell:Creating package script '/home/benongnuel/dev_ws/src/xarm_ros2/install/realsense_gazebo_plugin/share/realsense_gazebo_plugin/package.bash'
[27.958s] INFO:colcon.colcon_core.shell:Creating package script '/home/benongnuel/dev_ws/src/xarm_ros2/install/realsense_gazebo_plugin/share/realsense_gazebo_plugin/package.zsh'
[27.958s] Level 1:colcon.colcon_core.environment:create_file_with_runtime_dependencies(/home/benongnuel/dev_ws/src/xarm_ros2/install/realsense_gazebo_plugin/share/colcon-core/packages/realsense_gazebo_plugin)
[27.958s] Level 1:colcon.colcon_core.environment:create_environment_scripts_only(realsense_gazebo_plugin)
[27.958s] Level 1:colcon.colcon_core.environment:checking '/home/benongnuel/dev_ws/src/xarm_ros2/install/realsense_gazebo_plugin' for CMake module files
[27.958s] Level 1:colcon.colcon_core.environment:checking '/home/benongnuel/dev_ws/src/xarm_ros2/install/realsense_gazebo_plugin' for CMake config files
[27.958s] Level 1:colcon.colcon_core.shell:create_environment_hook('realsense_gazebo_plugin', 'cmake_prefix_path')
[27.959s] INFO:colcon.colcon_core.shell:Creating environment hook '/home/benongnuel/dev_ws/src/xarm_ros2/install/realsense_gazebo_plugin/share/realsense_gazebo_plugin/hook/cmake_prefix_path.ps1'
[27.959s] INFO:colcon.colcon_core.shell:Creating environment descriptor '/home/benongnuel/dev_ws/src/xarm_ros2/install/realsense_gazebo_plugin/share/realsense_gazebo_plugin/hook/cmake_prefix_path.dsv'
[27.959s] INFO:colcon.colcon_core.shell:Creating environment hook '/home/benongnuel/dev_ws/src/xarm_ros2/install/realsense_gazebo_plugin/share/realsense_gazebo_plugin/hook/cmake_prefix_path.sh'
[27.959s] Level 1:colcon.colcon_core.environment:checking '/home/benongnuel/dev_ws/src/xarm_ros2/install/realsense_gazebo_plugin/lib'
[27.959s] Level 1:colcon.colcon_core.shell:create_environment_hook('realsense_gazebo_plugin', 'ld_library_path_lib')
[27.959s] INFO:colcon.colcon_core.shell:Creating environment hook '/home/benongnuel/dev_ws/src/xarm_ros2/install/realsense_gazebo_plugin/share/realsense_gazebo_plugin/hook/ld_library_path_lib.ps1'
[27.960s] INFO:colcon.colcon_core.shell:Creating environment descriptor '/home/benongnuel/dev_ws/src/xarm_ros2/install/realsense_gazebo_plugin/share/realsense_gazebo_plugin/hook/ld_library_path_lib.dsv'
[27.960s] INFO:colcon.colcon_core.shell:Creating environment hook '/home/benongnuel/dev_ws/src/xarm_ros2/install/realsense_gazebo_plugin/share/realsense_gazebo_plugin/hook/ld_library_path_lib.sh'
[27.960s] Level 1:colcon.colcon_core.environment:checking '/home/benongnuel/dev_ws/src/xarm_ros2/install/realsense_gazebo_plugin/bin'
[27.960s] Level 1:colcon.colcon_core.environment:checking '/home/benongnuel/dev_ws/src/xarm_ros2/install/realsense_gazebo_plugin/lib/pkgconfig/realsense_gazebo_plugin.pc'
[27.960s] Level 1:colcon.colcon_core.environment:checking '/home/benongnuel/dev_ws/src/xarm_ros2/install/realsense_gazebo_plugin/lib/python3.10/site-packages'
[27.960s] Level 1:colcon.colcon_core.environment:checking '/home/benongnuel/dev_ws/src/xarm_ros2/install/realsense_gazebo_plugin/bin'
[27.960s] INFO:colcon.colcon_core.shell:Creating package script '/home/benongnuel/dev_ws/src/xarm_ros2/install/realsense_gazebo_plugin/share/realsense_gazebo_plugin/package.ps1'
[27.961s] INFO:colcon.colcon_core.shell:Creating package descriptor '/home/benongnuel/dev_ws/src/xarm_ros2/install/realsense_gazebo_plugin/share/realsense_gazebo_plugin/package.dsv'
[27.961s] INFO:colcon.colcon_core.shell:Creating package script '/home/benongnuel/dev_ws/src/xarm_ros2/install/realsense_gazebo_plugin/share/realsense_gazebo_plugin/package.sh'
[27.961s] INFO:colcon.colcon_core.shell:Creating package script '/home/benongnuel/dev_ws/src/xarm_ros2/install/realsense_gazebo_plugin/share/realsense_gazebo_plugin/package.bash'
[27.961s] INFO:colcon.colcon_core.shell:Creating package script '/home/benongnuel/dev_ws/src/xarm_ros2/install/realsense_gazebo_plugin/share/realsense_gazebo_plugin/package.zsh'
[27.961s] Level 1:colcon.colcon_core.environment:create_file_with_runtime_dependencies(/home/benongnuel/dev_ws/src/xarm_ros2/install/realsense_gazebo_plugin/share/colcon-core/packages/realsense_gazebo_plugin)
[33.021s] Level 1:colcon.colcon_core.environment:create_environment_scripts_only(xarm_msgs)
[33.022s] Level 1:colcon.colcon_core.environment:checking '/home/benongnuel/dev_ws/src/xarm_ros2/install/xarm_msgs' for CMake module files
[33.022s] DEBUG:colcon.colcon_core.event_handler.log_command:Invoked command in '/home/benongnuel/dev_ws/src/xarm_ros2/build/xarm_msgs' returned '0': CMAKE_PREFIX_PATH=${CMAKE_PREFIX_PATH}:/home/benongnuel/dev_ws/install/uf_ros_lib:/home/benongnuel/dev_ws/install/my_gripper_scripts:/opt/ros/humble /usr/bin/cmake --install /home/benongnuel/dev_ws/src/xarm_ros2/build/xarm_msgs
[33.023s] Level 1:colcon.colcon_core.environment:checking '/home/benongnuel/dev_ws/src/xarm_ros2/install/xarm_msgs' for CMake config files
[33.027s] Level 1:colcon.colcon_core.shell:create_environment_hook('xarm_msgs', 'cmake_prefix_path')
[33.028s] INFO:colcon.colcon_core.shell:Creating environment hook '/home/benongnuel/dev_ws/src/xarm_ros2/install/xarm_msgs/share/xarm_msgs/hook/cmake_prefix_path.ps1'
[33.028s] INFO:colcon.colcon_core.shell:Creating environment descriptor '/home/benongnuel/dev_ws/src/xarm_ros2/install/xarm_msgs/share/xarm_msgs/hook/cmake_prefix_path.dsv'
[33.028s] INFO:colcon.colcon_core.shell:Creating environment hook '/home/benongnuel/dev_ws/src/xarm_ros2/install/xarm_msgs/share/xarm_msgs/hook/cmake_prefix_path.sh'
[33.028s] Level 1:colcon.colcon_core.environment:checking '/home/benongnuel/dev_ws/src/xarm_ros2/install/xarm_msgs/lib'
[33.028s] Level 1:colcon.colcon_core.shell:create_environment_hook('xarm_msgs', 'ld_library_path_lib')
[33.028s] INFO:colcon.colcon_core.shell:Creating environment hook '/home/benongnuel/dev_ws/src/xarm_ros2/install/xarm_msgs/share/xarm_msgs/hook/ld_library_path_lib.ps1'
[33.029s] INFO:colcon.colcon_core.shell:Creating environment descriptor '/home/benongnuel/dev_ws/src/xarm_ros2/install/xarm_msgs/share/xarm_msgs/hook/ld_library_path_lib.dsv'
[33.029s] INFO:colcon.colcon_core.shell:Creating environment hook '/home/benongnuel/dev_ws/src/xarm_ros2/install/xarm_msgs/share/xarm_msgs/hook/ld_library_path_lib.sh'
[33.029s] Level 1:colcon.colcon_core.environment:checking '/home/benongnuel/dev_ws/src/xarm_ros2/install/xarm_msgs/bin'
[33.029s] Level 1:colcon.colcon_core.environment:checking '/home/benongnuel/dev_ws/src/xarm_ros2/install/xarm_msgs/lib/pkgconfig/xarm_msgs.pc'
[33.029s] Level 1:colcon.colcon_core.environment:checking '/home/benongnuel/dev_ws/src/xarm_ros2/install/xarm_msgs/lib/python3.10/site-packages'
[33.029s] Level 1:colcon.colcon_core.environment:checking '/home/benongnuel/dev_ws/src/xarm_ros2/install/xarm_msgs/bin'
[33.029s] INFO:colcon.colcon_core.shell:Creating package script '/home/benongnuel/dev_ws/src/xarm_ros2/install/xarm_msgs/share/xarm_msgs/package.ps1'
[33.030s] INFO:colcon.colcon_core.shell:Creating package descriptor '/home/benongnuel/dev_ws/src/xarm_ros2/install/xarm_msgs/share/xarm_msgs/package.dsv'
[33.030s] INFO:colcon.colcon_core.shell:Creating package script '/home/benongnuel/dev_ws/src/xarm_ros2/install/xarm_msgs/share/xarm_msgs/package.sh'
[33.030s] INFO:colcon.colcon_core.shell:Creating package script '/home/benongnuel/dev_ws/src/xarm_ros2/install/xarm_msgs/share/xarm_msgs/package.bash'
[33.030s] INFO:colcon.colcon_core.shell:Creating package script '/home/benongnuel/dev_ws/src/xarm_ros2/install/xarm_msgs/share/xarm_msgs/package.zsh'
[33.030s] Level 1:colcon.colcon_core.environment:create_file_with_runtime_dependencies(/home/benongnuel/dev_ws/src/xarm_ros2/install/xarm_msgs/share/colcon-core/packages/xarm_msgs)
[33.031s] Level 1:colcon.colcon_core.environment:create_environment_scripts_only(xarm_msgs)
[33.031s] Level 1:colcon.colcon_core.environment:checking '/home/benongnuel/dev_ws/src/xarm_ros2/install/xarm_msgs' for CMake module files
[33.031s] Level 1:colcon.colcon_core.environment:checking '/home/benongnuel/dev_ws/src/xarm_ros2/install/xarm_msgs' for CMake config files
[33.034s] Level 1:colcon.colcon_core.shell:create_environment_hook('xarm_msgs', 'cmake_prefix_path')
[33.034s] INFO:colcon.colcon_core.shell:Creating environment hook '/home/benongnuel/dev_ws/src/xarm_ros2/install/xarm_msgs/share/xarm_msgs/hook/cmake_prefix_path.ps1'
[33.034s] INFO:colcon.colcon_core.shell:Creating environment descriptor '/home/benongnuel/dev_ws/src/xarm_ros2/install/xarm_msgs/share/xarm_msgs/hook/cmake_prefix_path.dsv'
[33.034s] INFO:colcon.colcon_core.shell:Creating environment hook '/home/benongnuel/dev_ws/src/xarm_ros2/install/xarm_msgs/share/xarm_msgs/hook/cmake_prefix_path.sh'
[33.035s] Level 1:colcon.colcon_core.environment:checking '/home/benongnuel/dev_ws/src/xarm_ros2/install/xarm_msgs/lib'
[33.035s] Level 1:colcon.colcon_core.shell:create_environment_hook('xarm_msgs', 'ld_library_path_lib')
[33.035s] INFO:colcon.colcon_core.shell:Creating environment hook '/home/benongnuel/dev_ws/src/xarm_ros2/install/xarm_msgs/share/xarm_msgs/hook/ld_library_path_lib.ps1'
[33.035s] INFO:colcon.colcon_core.shell:Creating environment descriptor '/home/benongnuel/dev_ws/src/xarm_ros2/install/xarm_msgs/share/xarm_msgs/hook/ld_library_path_lib.dsv'
[33.035s] INFO:colcon.colcon_core.shell:Creating environment hook '/home/benongnuel/dev_ws/src/xarm_ros2/install/xarm_msgs/share/xarm_msgs/hook/ld_library_path_lib.sh'
[33.035s] Level 1:colcon.colcon_core.environment:checking '/home/benongnuel/dev_ws/src/xarm_ros2/install/xarm_msgs/bin'
[33.035s] Level 1:colcon.colcon_core.environment:checking '/home/benongnuel/dev_ws/src/xarm_ros2/install/xarm_msgs/lib/pkgconfig/xarm_msgs.pc'
[33.035s] Level 1:colcon.colcon_core.environment:checking '/home/benongnuel/dev_ws/src/xarm_ros2/install/xarm_msgs/lib/python3.10/site-packages'
[33.035s] Level 1:colcon.colcon_core.environment:checking '/home/benongnuel/dev_ws/src/xarm_ros2/install/xarm_msgs/bin'
[33.036s] INFO:colcon.colcon_core.shell:Creating package script '/home/benongnuel/dev_ws/src/xarm_ros2/install/xarm_msgs/share/xarm_msgs/package.ps1'
[33.036s] INFO:colcon.colcon_core.shell:Creating package descriptor '/home/benongnuel/dev_ws/src/xarm_ros2/install/xarm_msgs/share/xarm_msgs/package.dsv'
[33.036s] INFO:colcon.colcon_core.shell:Creating package script '/home/benongnuel/dev_ws/src/xarm_ros2/install/xarm_msgs/share/xarm_msgs/package.sh'
[33.036s] INFO:colcon.colcon_core.shell:Creating package script '/home/benongnuel/dev_ws/src/xarm_ros2/install/xarm_msgs/share/xarm_msgs/package.bash'
[33.036s] INFO:colcon.colcon_core.shell:Creating package script '/home/benongnuel/dev_ws/src/xarm_ros2/install/xarm_msgs/share/xarm_msgs/package.zsh'
[33.036s] Level 1:colcon.colcon_core.environment:create_file_with_runtime_dependencies(/home/benongnuel/dev_ws/src/xarm_ros2/install/xarm_msgs/share/colcon-core/packages/xarm_msgs)
[33.037s] INFO:colcon.colcon_ros.task.ament_cmake.build:Building ROS package in '/home/benongnuel/dev_ws/src/xarm_ros2/xarm_api' with build type 'ament_cmake'
[33.037s] INFO:colcon.colcon_cmake.task.cmake.build:Building CMake package in '/home/benongnuel/dev_ws/src/xarm_ros2/xarm_api'
[33.037s] INFO:colcon.colcon_core.shell:Skip shell extension 'powershell' for command environment: Not usable outside of PowerShell
[33.037s] DEBUG:colcon.colcon_core.shell:Skip shell extension 'dsv' for command environment
[33.048s] DEBUG:colcon.colcon_core.event_handler.log_command:Invoking command in '/home/benongnuel/dev_ws/src/xarm_ros2/build/xarm_api': AMENT_PREFIX_PATH=/home/benongnuel/dev_ws/src/xarm_ros2/install/xarm_sdk:/home/benongnuel/dev_ws/src/xarm_ros2/install/xarm_msgs:/home/benongnuel/dev_ws/src/xarm_ros2/install/xarm_description:${AMENT_PREFIX_PATH} CMAKE_PREFIX_PATH=/home/benongnuel/dev_ws/src/xarm_ros2/install/xarm_sdk:/home/benongnuel/dev_ws/src/xarm_ros2/install/xarm_msgs:/home/benongnuel/dev_ws/src/xarm_ros2/install/xarm_description:/home/benongnuel/dev_ws/install/xarm_planner:/home/benongnuel/dev_ws/install/xarm_moveit_servo:/home/benongnuel/dev_ws/install/xarm_moveit_config:/home/benongnuel/dev_ws/install/xarm_gazebo:/home/benongnuel/dev_ws/install/xarm_controller:/home/benongnuel/dev_ws/install/xarm_api:/home/benongnuel/dev_ws/install/xarm_sdk:/home/benongnuel/dev_ws/install/xarm_msgs:/home/benongnuel/dev_ws/install/xarm_description:/home/benongnuel/dev_ws/install/realsense_gazebo_plugin:/home/benongnuel/dev_ws/install/mbot_demo:/home/benongnuel/robo_ws/install/custom_3dof_arm:/home/benongnuel/dev_ws/install/uf_ros_lib:/home/benongnuel/dev_ws/install/my_gripper_scripts:/opt/ros/humble LD_LIBRARY_PATH=/home/benongnuel/dev_ws/src/xarm_ros2/install/xarm_sdk/lib:/home/benongnuel/dev_ws/src/xarm_ros2/install/xarm_msgs/lib:${LD_LIBRARY_PATH} PYTHONPATH=/home/benongnuel/dev_ws/src/xarm_ros2/install/xarm_msgs/local/lib/python3.10/dist-packages:${PYTHONPATH} /usr/bin/cmake /home/benongnuel/dev_ws/src/xarm_ros2/xarm_api -DAMENT_CMAKE_SYMLINK_INSTALL=1 -DCMAKE_INSTALL_PREFIX=/home/benongnuel/dev_ws/src/xarm_ros2/install/xarm_api
[33.976s] DEBUG:colcon.colcon_core.event_handler.log_command:Invoked command in '/home/benongnuel/dev_ws/src/xarm_ros2/build/xarm_api' returned '0': AMENT_PREFIX_PATH=/home/benongnuel/dev_ws/src/xarm_ros2/install/xarm_sdk:/home/benongnuel/dev_ws/src/xarm_ros2/install/xarm_msgs:/home/benongnuel/dev_ws/src/xarm_ros2/install/xarm_description:${AMENT_PREFIX_PATH} CMAKE_PREFIX_PATH=/home/benongnuel/dev_ws/src/xarm_ros2/install/xarm_sdk:/home/benongnuel/dev_ws/src/xarm_ros2/install/xarm_msgs:/home/benongnuel/dev_ws/src/xarm_ros2/install/xarm_description:/home/benongnuel/dev_ws/install/xarm_planner:/home/benongnuel/dev_ws/install/xarm_moveit_servo:/home/benongnuel/dev_ws/install/xarm_moveit_config:/home/benongnuel/dev_ws/install/xarm_gazebo:/home/benongnuel/dev_ws/install/xarm_controller:/home/benongnuel/dev_ws/install/xarm_api:/home/benongnuel/dev_ws/install/xarm_sdk:/home/benongnuel/dev_ws/install/xarm_msgs:/home/benongnuel/dev_ws/install/xarm_description:/home/benongnuel/dev_ws/install/realsense_gazebo_plugin:/home/benongnuel/dev_ws/install/mbot_demo:/home/benongnuel/robo_ws/install/custom_3dof_arm:/home/benongnuel/dev_ws/install/uf_ros_lib:/home/benongnuel/dev_ws/install/my_gripper_scripts:/opt/ros/humble LD_LIBRARY_PATH=/home/benongnuel/dev_ws/src/xarm_ros2/install/xarm_sdk/lib:/home/benongnuel/dev_ws/src/xarm_ros2/install/xarm_msgs/lib:${LD_LIBRARY_PATH} PYTHONPATH=/home/benongnuel/dev_ws/src/xarm_ros2/install/xarm_msgs/local/lib/python3.10/dist-packages:${PYTHONPATH} /usr/bin/cmake /home/benongnuel/dev_ws/src/xarm_ros2/xarm_api -DAMENT_CMAKE_SYMLINK_INSTALL=1 -DCMAKE_INSTALL_PREFIX=/home/benongnuel/dev_ws/src/xarm_ros2/install/xarm_api
[33.977s] DEBUG:colcon.colcon_core.event_handler.log_command:Invoking command in '/home/benongnuel/dev_ws/src/xarm_ros2/build/xarm_api': AMENT_PREFIX_PATH=/home/benongnuel/dev_ws/src/xarm_ros2/install/xarm_sdk:/home/benongnuel/dev_ws/src/xarm_ros2/install/xarm_msgs:/home/benongnuel/dev_ws/src/xarm_ros2/install/xarm_description:${AMENT_PREFIX_PATH} CMAKE_PREFIX_PATH=/home/benongnuel/dev_ws/src/xarm_ros2/install/xarm_sdk:/home/benongnuel/dev_ws/src/xarm_ros2/install/xarm_msgs:/home/benongnuel/dev_ws/src/xarm_ros2/install/xarm_description:/home/benongnuel/dev_ws/install/xarm_planner:/home/benongnuel/dev_ws/install/xarm_moveit_servo:/home/benongnuel/dev_ws/install/xarm_moveit_config:/home/benongnuel/dev_ws/install/xarm_gazebo:/home/benongnuel/dev_ws/install/xarm_controller:/home/benongnuel/dev_ws/install/xarm_api:/home/benongnuel/dev_ws/install/xarm_sdk:/home/benongnuel/dev_ws/install/xarm_msgs:/home/benongnuel/dev_ws/install/xarm_description:/home/benongnuel/dev_ws/install/realsense_gazebo_plugin:/home/benongnuel/dev_ws/install/mbot_demo:/home/benongnuel/robo_ws/install/custom_3dof_arm:/home/benongnuel/dev_ws/install/uf_ros_lib:/home/benongnuel/dev_ws/install/my_gripper_scripts:/opt/ros/humble LD_LIBRARY_PATH=/home/benongnuel/dev_ws/src/xarm_ros2/install/xarm_sdk/lib:/home/benongnuel/dev_ws/src/xarm_ros2/install/xarm_msgs/lib:${LD_LIBRARY_PATH} PYTHONPATH=/home/benongnuel/dev_ws/src/xarm_ros2/install/xarm_msgs/local/lib/python3.10/dist-packages:${PYTHONPATH} /usr/bin/cmake --build /home/benongnuel/dev_ws/src/xarm_ros2/build/xarm_api -- -j16 -l16
[62.062s] DEBUG:colcon.colcon_core.event_handler.log_command:Invoked command in '/home/benongnuel/dev_ws/src/xarm_ros2/build/xarm_api' returned '0': AMENT_PREFIX_PATH=/home/benongnuel/dev_ws/src/xarm_ros2/install/xarm_sdk:/home/benongnuel/dev_ws/src/xarm_ros2/install/xarm_msgs:/home/benongnuel/dev_ws/src/xarm_ros2/install/xarm_description:${AMENT_PREFIX_PATH} CMAKE_PREFIX_PATH=/home/benongnuel/dev_ws/src/xarm_ros2/install/xarm_sdk:/home/benongnuel/dev_ws/src/xarm_ros2/install/xarm_msgs:/home/benongnuel/dev_ws/src/xarm_ros2/install/xarm_description:/home/benongnuel/dev_ws/install/xarm_planner:/home/benongnuel/dev_ws/install/xarm_moveit_servo:/home/benongnuel/dev_ws/install/xarm_moveit_config:/home/benongnuel/dev_ws/install/xarm_gazebo:/home/benongnuel/dev_ws/install/xarm_controller:/home/benongnuel/dev_ws/install/xarm_api:/home/benongnuel/dev_ws/install/xarm_sdk:/home/benongnuel/dev_ws/install/xarm_msgs:/home/benongnuel/dev_ws/install/xarm_description:/home/benongnuel/dev_ws/install/realsense_gazebo_plugin:/home/benongnuel/dev_ws/install/mbot_demo:/home/benongnuel/robo_ws/install/custom_3dof_arm:/home/benongnuel/dev_ws/install/uf_ros_lib:/home/benongnuel/dev_ws/install/my_gripper_scripts:/opt/ros/humble LD_LIBRARY_PATH=/home/benongnuel/dev_ws/src/xarm_ros2/install/xarm_sdk/lib:/home/benongnuel/dev_ws/src/xarm_ros2/install/xarm_msgs/lib:${LD_LIBRARY_PATH} PYTHONPATH=/home/benongnuel/dev_ws/src/xarm_ros2/install/xarm_msgs/local/lib/python3.10/dist-packages:${PYTHONPATH} /usr/bin/cmake --build /home/benongnuel/dev_ws/src/xarm_ros2/build/xarm_api -- -j16 -l16
[62.063s] DEBUG:colcon.colcon_core.event_handler.log_command:Invoking command in '/home/benongnuel/dev_ws/src/xarm_ros2/build/xarm_api': AMENT_PREFIX_PATH=/home/benongnuel/dev_ws/src/xarm_ros2/install/xarm_sdk:/home/benongnuel/dev_ws/src/xarm_ros2/install/xarm_msgs:/home/benongnuel/dev_ws/src/xarm_ros2/install/xarm_description:${AMENT_PREFIX_PATH} CMAKE_PREFIX_PATH=/home/benongnuel/dev_ws/src/xarm_ros2/install/xarm_sdk:/home/benongnuel/dev_ws/src/xarm_ros2/install/xarm_msgs:/home/benongnuel/dev_ws/src/xarm_ros2/install/xarm_description:/home/benongnuel/dev_ws/install/xarm_planner:/home/benongnuel/dev_ws/install/xarm_moveit_servo:/home/benongnuel/dev_ws/install/xarm_moveit_config:/home/benongnuel/dev_ws/install/xarm_gazebo:/home/benongnuel/dev_ws/install/xarm_controller:/home/benongnuel/dev_ws/install/xarm_api:/home/benongnuel/dev_ws/install/xarm_sdk:/home/benongnuel/dev_ws/install/xarm_msgs:/home/benongnuel/dev_ws/install/xarm_description:/home/benongnuel/dev_ws/install/realsense_gazebo_plugin:/home/benongnuel/dev_ws/install/mbot_demo:/home/benongnuel/robo_ws/install/custom_3dof_arm:/home/benongnuel/dev_ws/install/uf_ros_lib:/home/benongnuel/dev_ws/install/my_gripper_scripts:/opt/ros/humble LD_LIBRARY_PATH=/home/benongnuel/dev_ws/src/xarm_ros2/install/xarm_sdk/lib:/home/benongnuel/dev_ws/src/xarm_ros2/install/xarm_msgs/lib:${LD_LIBRARY_PATH} PYTHONPATH=/home/benongnuel/dev_ws/src/xarm_ros2/install/xarm_msgs/local/lib/python3.10/dist-packages:${PYTHONPATH} /usr/bin/cmake --install /home/benongnuel/dev_ws/src/xarm_ros2/build/xarm_api
[62.294s] Level 1:colcon.colcon_core.environment:create_environment_scripts_only(xarm_api)
[62.294s] DEBUG:colcon.colcon_core.event_handler.log_command:Invoked command in '/home/benongnuel/dev_ws/src/xarm_ros2/build/xarm_api' returned '0': AMENT_PREFIX_PATH=/home/benongnuel/dev_ws/src/xarm_ros2/install/xarm_sdk:/home/benongnuel/dev_ws/src/xarm_ros2/install/xarm_msgs:/home/benongnuel/dev_ws/src/xarm_ros2/install/xarm_description:${AMENT_PREFIX_PATH} CMAKE_PREFIX_PATH=/home/benongnuel/dev_ws/src/xarm_ros2/install/xarm_sdk:/home/benongnuel/dev_ws/src/xarm_ros2/install/xarm_msgs:/home/benongnuel/dev_ws/src/xarm_ros2/install/xarm_description:/home/benongnuel/dev_ws/install/xarm_planner:/home/benongnuel/dev_ws/install/xarm_moveit_servo:/home/benongnuel/dev_ws/install/xarm_moveit_config:/home/benongnuel/dev_ws/install/xarm_gazebo:/home/benongnuel/dev_ws/install/xarm_controller:/home/benongnuel/dev_ws/install/xarm_api:/home/benongnuel/dev_ws/install/xarm_sdk:/home/benongnuel/dev_ws/install/xarm_msgs:/home/benongnuel/dev_ws/install/xarm_description:/home/benongnuel/dev_ws/install/realsense_gazebo_plugin:/home/benongnuel/dev_ws/install/mbot_demo:/home/benongnuel/robo_ws/install/custom_3dof_arm:/home/benongnuel/dev_ws/install/uf_ros_lib:/home/benongnuel/dev_ws/install/my_gripper_scripts:/opt/ros/humble LD_LIBRARY_PATH=/home/benongnuel/dev_ws/src/xarm_ros2/install/xarm_sdk/lib:/home/benongnuel/dev_ws/src/xarm_ros2/install/xarm_msgs/lib:${LD_LIBRARY_PATH} PYTHONPATH=/home/benongnuel/dev_ws/src/xarm_ros2/install/xarm_msgs/local/lib/python3.10/dist-packages:${PYTHONPATH} /usr/bin/cmake --install /home/benongnuel/dev_ws/src/xarm_ros2/build/xarm_api
[62.295s] Level 1:colcon.colcon_core.environment:checking '/home/benongnuel/dev_ws/src/xarm_ros2/install/xarm_api' for CMake module files
[62.295s] Level 1:colcon.colcon_core.environment:checking '/home/benongnuel/dev_ws/src/xarm_ros2/install/xarm_api' for CMake config files
[62.296s] Level 1:colcon.colcon_core.shell:create_environment_hook('xarm_api', 'cmake_prefix_path')
[62.296s] INFO:colcon.colcon_core.shell:Creating environment hook '/home/benongnuel/dev_ws/src/xarm_ros2/install/xarm_api/share/xarm_api/hook/cmake_prefix_path.ps1'
[62.296s] INFO:colcon.colcon_core.shell:Creating environment descriptor '/home/benongnuel/dev_ws/src/xarm_ros2/install/xarm_api/share/xarm_api/hook/cmake_prefix_path.dsv'
[62.297s] INFO:colcon.colcon_core.shell:Creating environment hook '/home/benongnuel/dev_ws/src/xarm_ros2/install/xarm_api/share/xarm_api/hook/cmake_prefix_path.sh'
[62.297s] Level 1:colcon.colcon_core.environment:checking '/home/benongnuel/dev_ws/src/xarm_ros2/install/xarm_api/lib'
[62.297s] Level 1:colcon.colcon_core.shell:create_environment_hook('xarm_api', 'ld_library_path_lib')
[62.298s] INFO:colcon.colcon_core.shell:Creating environment hook '/home/benongnuel/dev_ws/src/xarm_ros2/install/xarm_api/share/xarm_api/hook/ld_library_path_lib.ps1'
[62.298s] INFO:colcon.colcon_core.shell:Creating environment descriptor '/home/benongnuel/dev_ws/src/xarm_ros2/install/xarm_api/share/xarm_api/hook/ld_library_path_lib.dsv'
[62.298s] INFO:colcon.colcon_core.shell:Creating environment hook '/home/benongnuel/dev_ws/src/xarm_ros2/install/xarm_api/share/xarm_api/hook/ld_library_path_lib.sh'
[62.299s] Level 1:colcon.colcon_core.environment:checking '/home/benongnuel/dev_ws/src/xarm_ros2/install/xarm_api/bin'
[62.299s] Level 1:colcon.colcon_core.environment:checking '/home/benongnuel/dev_ws/src/xarm_ros2/install/xarm_api/lib/pkgconfig/xarm_api.pc'
[62.299s] Level 1:colcon.colcon_core.environment:checking '/home/benongnuel/dev_ws/src/xarm_ros2/install/xarm_api/lib/python3.10/site-packages'
[62.299s] Level 1:colcon.colcon_core.environment:checking '/home/benongnuel/dev_ws/src/xarm_ros2/install/xarm_api/bin'
[62.300s] INFO:colcon.colcon_core.shell:Creating package script '/home/benongnuel/dev_ws/src/xarm_ros2/install/xarm_api/share/xarm_api/package.ps1'
[62.300s] INFO:colcon.colcon_core.shell:Creating package descriptor '/home/benongnuel/dev_ws/src/xarm_ros2/install/xarm_api/share/xarm_api/package.dsv'
[62.301s] INFO:colcon.colcon_core.shell:Creating package script '/home/benongnuel/dev_ws/src/xarm_ros2/install/xarm_api/share/xarm_api/package.sh'
[62.301s] INFO:colcon.colcon_core.shell:Creating package script '/home/benongnuel/dev_ws/src/xarm_ros2/install/xarm_api/share/xarm_api/package.bash'
[62.301s] INFO:colcon.colcon_core.shell:Creating package script '/home/benongnuel/dev_ws/src/xarm_ros2/install/xarm_api/share/xarm_api/package.zsh'
[62.301s] Level 1:colcon.colcon_core.environment:create_file_with_runtime_dependencies(/home/benongnuel/dev_ws/src/xarm_ros2/install/xarm_api/share/colcon-core/packages/xarm_api)
[62.302s] Level 1:colcon.colcon_core.environment:create_environment_scripts_only(xarm_api)
[62.302s] Level 1:colcon.colcon_core.environment:checking '/home/benongnuel/dev_ws/src/xarm_ros2/install/xarm_api' for CMake module files
[62.302s] Level 1:colcon.colcon_core.environment:checking '/home/benongnuel/dev_ws/src/xarm_ros2/install/xarm_api' for CMake config files
[62.303s] Level 1:colcon.colcon_core.shell:create_environment_hook('xarm_api', 'cmake_prefix_path')
[62.303s] INFO:colcon.colcon_core.shell:Creating environment hook '/home/benongnuel/dev_ws/src/xarm_ros2/install/xarm_api/share/xarm_api/hook/cmake_prefix_path.ps1'
[62.303s] INFO:colcon.colcon_core.shell:Creating environment descriptor '/home/benongnuel/dev_ws/src/xarm_ros2/install/xarm_api/share/xarm_api/hook/cmake_prefix_path.dsv'
[62.303s] INFO:colcon.colcon_core.shell:Creating environment hook '/home/benongnuel/dev_ws/src/xarm_ros2/install/xarm_api/share/xarm_api/hook/cmake_prefix_path.sh'
[62.304s] Level 1:colcon.colcon_core.environment:checking '/home/benongnuel/dev_ws/src/xarm_ros2/install/xarm_api/lib'
[62.304s] Level 1:colcon.colcon_core.shell:create_environment_hook('xarm_api', 'ld_library_path_lib')
[62.304s] INFO:colcon.colcon_core.shell:Creating environment hook '/home/benongnuel/dev_ws/src/xarm_ros2/install/xarm_api/share/xarm_api/hook/ld_library_path_lib.ps1'
[62.304s] INFO:colcon.colcon_core.shell:Creating environment descriptor '/home/benongnuel/dev_ws/src/xarm_ros2/install/xarm_api/share/xarm_api/hook/ld_library_path_lib.dsv'
[62.305s] INFO:colcon.colcon_core.shell:Creating environment hook '/home/benongnuel/dev_ws/src/xarm_ros2/install/xarm_api/share/xarm_api/hook/ld_library_path_lib.sh'
[62.305s] Level 1:colcon.colcon_core.environment:checking '/home/benongnuel/dev_ws/src/xarm_ros2/install/xarm_api/bin'
[62.305s] Level 1:colcon.colcon_core.environment:checking '/home/benongnuel/dev_ws/src/xarm_ros2/install/xarm_api/lib/pkgconfig/xarm_api.pc'
[62.305s] Level 1:colcon.colcon_core.environment:checking '/home/benongnuel/dev_ws/src/xarm_ros2/install/xarm_api/lib/python3.10/site-packages'
[62.305s] Level 1:colcon.colcon_core.environment:checking '/home/benongnuel/dev_ws/src/xarm_ros2/install/xarm_api/bin'
[62.305s] INFO:colcon.colcon_core.shell:Creating package script '/home/benongnuel/dev_ws/src/xarm_ros2/install/xarm_api/share/xarm_api/package.ps1'
[62.306s] INFO:colcon.colcon_core.shell:Creating package descriptor '/home/benongnuel/dev_ws/src/xarm_ros2/install/xarm_api/share/xarm_api/package.dsv'
[62.306s] INFO:colcon.colcon_core.shell:Creating package script '/home/benongnuel/dev_ws/src/xarm_ros2/install/xarm_api/share/xarm_api/package.sh'
[62.306s] INFO:colcon.colcon_core.shell:Creating package script '/home/benongnuel/dev_ws/src/xarm_ros2/install/xarm_api/share/xarm_api/package.bash'
[62.307s] INFO:colcon.colcon_core.shell:Creating package script '/home/benongnuel/dev_ws/src/xarm_ros2/install/xarm_api/share/xarm_api/package.zsh'
[62.307s] Level 1:colcon.colcon_core.environment:create_file_with_runtime_dependencies(/home/benongnuel/dev_ws/src/xarm_ros2/install/xarm_api/share/colcon-core/packages/xarm_api)
[62.307s] INFO:colcon.colcon_ros.task.ament_cmake.build:Building ROS package in '/home/benongnuel/dev_ws/src/xarm_ros2/xarm_controller' with build type 'ament_cmake'
[62.307s] INFO:colcon.colcon_cmake.task.cmake.build:Building CMake package in '/home/benongnuel/dev_ws/src/xarm_ros2/xarm_controller'
[62.307s] INFO:colcon.colcon_core.shell:Skip shell extension 'powershell' for command environment: Not usable outside of PowerShell
[62.307s] DEBUG:colcon.colcon_core.shell:Skip shell extension 'dsv' for command environment
[62.310s] INFO:colcon.colcon_ros.task.ament_cmake.build:Building ROS package in '/home/benongnuel/dev_ws/src/xarm_ros2/xarm_vision/d435i_xarm_setup' with build type 'ament_cmake'
[62.310s] INFO:colcon.colcon_cmake.task.cmake.build:Building CMake package in '/home/benongnuel/dev_ws/src/xarm_ros2/xarm_vision/d435i_xarm_setup'
[62.310s] INFO:colcon.colcon_core.shell:Skip shell extension 'powershell' for command environment: Not usable outside of PowerShell
[62.310s] DEBUG:colcon.colcon_core.shell:Skip shell extension 'dsv' for command environment
[62.321s] DEBUG:colcon.colcon_core.event_handler.log_command:Invoking command in '/home/benongnuel/dev_ws/src/xarm_ros2/build/xarm_controller': AMENT_PREFIX_PATH=/home/benongnuel/dev_ws/src/xarm_ros2/install/xarm_api:/home/benongnuel/dev_ws/src/xarm_ros2/install/xarm_sdk:/home/benongnuel/dev_ws/src/xarm_ros2/install/xarm_msgs:/home/benongnuel/dev_ws/src/xarm_ros2/install/xarm_description:${AMENT_PREFIX_PATH} CMAKE_PREFIX_PATH=/home/benongnuel/dev_ws/src/xarm_ros2/install/xarm_api:/home/benongnuel/dev_ws/src/xarm_ros2/install/xarm_sdk:/home/benongnuel/dev_ws/src/xarm_ros2/install/xarm_msgs:/home/benongnuel/dev_ws/src/xarm_ros2/install/xarm_description:/home/benongnuel/dev_ws/install/xarm_planner:/home/benongnuel/dev_ws/install/xarm_moveit_servo:/home/benongnuel/dev_ws/install/xarm_moveit_config:/home/benongnuel/dev_ws/install/xarm_gazebo:/home/benongnuel/dev_ws/install/xarm_controller:/home/benongnuel/dev_ws/install/xarm_api:/home/benongnuel/dev_ws/install/xarm_sdk:/home/benongnuel/dev_ws/install/xarm_msgs:/home/benongnuel/dev_ws/install/xarm_description:/home/benongnuel/dev_ws/install/realsense_gazebo_plugin:/home/benongnuel/dev_ws/install/mbot_demo:/home/benongnuel/robo_ws/install/custom_3dof_arm:/home/benongnuel/dev_ws/install/uf_ros_lib:/home/benongnuel/dev_ws/install/my_gripper_scripts:/opt/ros/humble LD_LIBRARY_PATH=/home/benongnuel/dev_ws/src/xarm_ros2/install/xarm_api/lib:/home/benongnuel/dev_ws/src/xarm_ros2/install/xarm_sdk/lib:/home/benongnuel/dev_ws/src/xarm_ros2/install/xarm_msgs/lib:${LD_LIBRARY_PATH} PYTHONPATH=/home/benongnuel/dev_ws/src/xarm_ros2/install/xarm_msgs/local/lib/python3.10/dist-packages:${PYTHONPATH} /usr/bin/cmake /home/benongnuel/dev_ws/src/xarm_ros2/xarm_controller -DAMENT_CMAKE_SYMLINK_INSTALL=1 -DCMAKE_INSTALL_PREFIX=/home/benongnuel/dev_ws/src/xarm_ros2/install/xarm_controller
[62.323s] DEBUG:colcon.colcon_core.event_handler.log_command:Invoking command in '/home/benongnuel/dev_ws/src/xarm_ros2/build/d435i_xarm_setup': AMENT_PREFIX_PATH=/home/benongnuel/dev_ws/src/xarm_ros2/install/xarm_api:/home/benongnuel/dev_ws/src/xarm_ros2/install/xarm_sdk:/home/benongnuel/dev_ws/src/xarm_ros2/install/xarm_msgs:/home/benongnuel/dev_ws/src/xarm_ros2/install/xarm_description:${AMENT_PREFIX_PATH} CMAKE_PREFIX_PATH=/home/benongnuel/dev_ws/src/xarm_ros2/install/xarm_api:/home/benongnuel/dev_ws/src/xarm_ros2/install/xarm_sdk:/home/benongnuel/dev_ws/src/xarm_ros2/install/xarm_msgs:/home/benongnuel/dev_ws/src/xarm_ros2/install/xarm_description:/home/benongnuel/dev_ws/install/xarm_planner:/home/benongnuel/dev_ws/install/xarm_moveit_servo:/home/benongnuel/dev_ws/install/xarm_moveit_config:/home/benongnuel/dev_ws/install/xarm_gazebo:/home/benongnuel/dev_ws/install/xarm_controller:/home/benongnuel/dev_ws/install/xarm_api:/home/benongnuel/dev_ws/install/xarm_sdk:/home/benongnuel/dev_ws/install/xarm_msgs:/home/benongnuel/dev_ws/install/xarm_description:/home/benongnuel/dev_ws/install/realsense_gazebo_plugin:/home/benongnuel/dev_ws/install/mbot_demo:/home/benongnuel/robo_ws/install/custom_3dof_arm:/home/benongnuel/dev_ws/install/uf_ros_lib:/home/benongnuel/dev_ws/install/my_gripper_scripts:/opt/ros/humble LD_LIBRARY_PATH=/home/benongnuel/dev_ws/src/xarm_ros2/install/xarm_api/lib:/home/benongnuel/dev_ws/src/xarm_ros2/install/xarm_sdk/lib:/home/benongnuel/dev_ws/src/xarm_ros2/install/xarm_msgs/lib:${LD_LIBRARY_PATH} PYTHONPATH=/home/benongnuel/dev_ws/src/xarm_ros2/install/xarm_msgs/local/lib/python3.10/dist-packages:${PYTHONPATH} /usr/bin/cmake /home/benongnuel/dev_ws/src/xarm_ros2/xarm_vision/d435i_xarm_setup -DAMENT_CMAKE_SYMLINK_INSTALL=1 -DCMAKE_INSTALL_PREFIX=/home/benongnuel/dev_ws/src/xarm_ros2/install/d435i_xarm_setup
[63.255s] DEBUG:colcon.colcon_core.event_handler.log_command:Invoked command in '/home/benongnuel/dev_ws/src/xarm_ros2/build/xarm_controller' returned '0': AMENT_PREFIX_PATH=/home/benongnuel/dev_ws/src/xarm_ros2/install/xarm_api:/home/benongnuel/dev_ws/src/xarm_ros2/install/xarm_sdk:/home/benongnuel/dev_ws/src/xarm_ros2/install/xarm_msgs:/home/benongnuel/dev_ws/src/xarm_ros2/install/xarm_description:${AMENT_PREFIX_PATH} CMAKE_PREFIX_PATH=/home/benongnuel/dev_ws/src/xarm_ros2/install/xarm_api:/home/benongnuel/dev_ws/src/xarm_ros2/install/xarm_sdk:/home/benongnuel/dev_ws/src/xarm_ros2/install/xarm_msgs:/home/benongnuel/dev_ws/src/xarm_ros2/install/xarm_description:/home/benongnuel/dev_ws/install/xarm_planner:/home/benongnuel/dev_ws/install/xarm_moveit_servo:/home/benongnuel/dev_ws/install/xarm_moveit_config:/home/benongnuel/dev_ws/install/xarm_gazebo:/home/benongnuel/dev_ws/install/xarm_controller:/home/benongnuel/dev_ws/install/xarm_api:/home/benongnuel/dev_ws/install/xarm_sdk:/home/benongnuel/dev_ws/install/xarm_msgs:/home/benongnuel/dev_ws/install/xarm_description:/home/benongnuel/dev_ws/install/realsense_gazebo_plugin:/home/benongnuel/dev_ws/install/mbot_demo:/home/benongnuel/robo_ws/install/custom_3dof_arm:/home/benongnuel/dev_ws/install/uf_ros_lib:/home/benongnuel/dev_ws/install/my_gripper_scripts:/opt/ros/humble LD_LIBRARY_PATH=/home/benongnuel/dev_ws/src/xarm_ros2/install/xarm_api/lib:/home/benongnuel/dev_ws/src/xarm_ros2/install/xarm_sdk/lib:/home/benongnuel/dev_ws/src/xarm_ros2/install/xarm_msgs/lib:${LD_LIBRARY_PATH} PYTHONPATH=/home/benongnuel/dev_ws/src/xarm_ros2/install/xarm_msgs/local/lib/python3.10/dist-packages:${PYTHONPATH} /usr/bin/cmake /home/benongnuel/dev_ws/src/xarm_ros2/xarm_controller -DAMENT_CMAKE_SYMLINK_INSTALL=1 -DCMAKE_INSTALL_PREFIX=/home/benongnuel/dev_ws/src/xarm_ros2/install/xarm_controller
[63.256s] DEBUG:colcon.colcon_core.event_handler.log_command:Invoking command in '/home/benongnuel/dev_ws/src/xarm_ros2/build/xarm_controller': AMENT_PREFIX_PATH=/home/benongnuel/dev_ws/src/xarm_ros2/install/xarm_api:/home/benongnuel/dev_ws/src/xarm_ros2/install/xarm_sdk:/home/benongnuel/dev_ws/src/xarm_ros2/install/xarm_msgs:/home/benongnuel/dev_ws/src/xarm_ros2/install/xarm_description:${AMENT_PREFIX_PATH} CMAKE_PREFIX_PATH=/home/benongnuel/dev_ws/src/xarm_ros2/install/xarm_api:/home/benongnuel/dev_ws/src/xarm_ros2/install/xarm_sdk:/home/benongnuel/dev_ws/src/xarm_ros2/install/xarm_msgs:/home/benongnuel/dev_ws/src/xarm_ros2/install/xarm_description:/home/benongnuel/dev_ws/install/xarm_planner:/home/benongnuel/dev_ws/install/xarm_moveit_servo:/home/benongnuel/dev_ws/install/xarm_moveit_config:/home/benongnuel/dev_ws/install/xarm_gazebo:/home/benongnuel/dev_ws/install/xarm_controller:/home/benongnuel/dev_ws/install/xarm_api:/home/benongnuel/dev_ws/install/xarm_sdk:/home/benongnuel/dev_ws/install/xarm_msgs:/home/benongnuel/dev_ws/install/xarm_description:/home/benongnuel/dev_ws/install/realsense_gazebo_plugin:/home/benongnuel/dev_ws/install/mbot_demo:/home/benongnuel/robo_ws/install/custom_3dof_arm:/home/benongnuel/dev_ws/install/uf_ros_lib:/home/benongnuel/dev_ws/install/my_gripper_scripts:/opt/ros/humble LD_LIBRARY_PATH=/home/benongnuel/dev_ws/src/xarm_ros2/install/xarm_api/lib:/home/benongnuel/dev_ws/src/xarm_ros2/install/xarm_sdk/lib:/home/benongnuel/dev_ws/src/xarm_ros2/install/xarm_msgs/lib:${LD_LIBRARY_PATH} PYTHONPATH=/home/benongnuel/dev_ws/src/xarm_ros2/install/xarm_msgs/local/lib/python3.10/dist-packages:${PYTHONPATH} /usr/bin/cmake --build /home/benongnuel/dev_ws/src/xarm_ros2/build/xarm_controller -- -j16 -l16
[63.283s] DEBUG:colcon.colcon_core.event_handler.log_command:Invoked command in '/home/benongnuel/dev_ws/src/xarm_ros2/build/d435i_xarm_setup' returned '0': AMENT_PREFIX_PATH=/home/benongnuel/dev_ws/src/xarm_ros2/install/xarm_api:/home/benongnuel/dev_ws/src/xarm_ros2/install/xarm_sdk:/home/benongnuel/dev_ws/src/xarm_ros2/install/xarm_msgs:/home/benongnuel/dev_ws/src/xarm_ros2/install/xarm_description:${AMENT_PREFIX_PATH} CMAKE_PREFIX_PATH=/home/benongnuel/dev_ws/src/xarm_ros2/install/xarm_api:/home/benongnuel/dev_ws/src/xarm_ros2/install/xarm_sdk:/home/benongnuel/dev_ws/src/xarm_ros2/install/xarm_msgs:/home/benongnuel/dev_ws/src/xarm_ros2/install/xarm_description:/home/benongnuel/dev_ws/install/xarm_planner:/home/benongnuel/dev_ws/install/xarm_moveit_servo:/home/benongnuel/dev_ws/install/xarm_moveit_config:/home/benongnuel/dev_ws/install/xarm_gazebo:/home/benongnuel/dev_ws/install/xarm_controller:/home/benongnuel/dev_ws/install/xarm_api:/home/benongnuel/dev_ws/install/xarm_sdk:/home/benongnuel/dev_ws/install/xarm_msgs:/home/benongnuel/dev_ws/install/xarm_description:/home/benongnuel/dev_ws/install/realsense_gazebo_plugin:/home/benongnuel/dev_ws/install/mbot_demo:/home/benongnuel/robo_ws/install/custom_3dof_arm:/home/benongnuel/dev_ws/install/uf_ros_lib:/home/benongnuel/dev_ws/install/my_gripper_scripts:/opt/ros/humble LD_LIBRARY_PATH=/home/benongnuel/dev_ws/src/xarm_ros2/install/xarm_api/lib:/home/benongnuel/dev_ws/src/xarm_ros2/install/xarm_sdk/lib:/home/benongnuel/dev_ws/src/xarm_ros2/install/xarm_msgs/lib:${LD_LIBRARY_PATH} PYTHONPATH=/home/benongnuel/dev_ws/src/xarm_ros2/install/xarm_msgs/local/lib/python3.10/dist-packages:${PYTHONPATH} /usr/bin/cmake /home/benongnuel/dev_ws/src/xarm_ros2/xarm_vision/d435i_xarm_setup -DAMENT_CMAKE_SYMLINK_INSTALL=1 -DCMAKE_INSTALL_PREFIX=/home/benongnuel/dev_ws/src/xarm_ros2/install/d435i_xarm_setup
[63.283s] DEBUG:colcon.colcon_core.event_handler.log_command:Invoking command in '/home/benongnuel/dev_ws/src/xarm_ros2/build/d435i_xarm_setup': AMENT_PREFIX_PATH=/home/benongnuel/dev_ws/src/xarm_ros2/install/xarm_api:/home/benongnuel/dev_ws/src/xarm_ros2/install/xarm_sdk:/home/benongnuel/dev_ws/src/xarm_ros2/install/xarm_msgs:/home/benongnuel/dev_ws/src/xarm_ros2/install/xarm_description:${AMENT_PREFIX_PATH} CMAKE_PREFIX_PATH=/home/benongnuel/dev_ws/src/xarm_ros2/install/xarm_api:/home/benongnuel/dev_ws/src/xarm_ros2/install/xarm_sdk:/home/benongnuel/dev_ws/src/xarm_ros2/install/xarm_msgs:/home/benongnuel/dev_ws/src/xarm_ros2/install/xarm_description:/home/benongnuel/dev_ws/install/xarm_planner:/home/benongnuel/dev_ws/install/xarm_moveit_servo:/home/benongnuel/dev_ws/install/xarm_moveit_config:/home/benongnuel/dev_ws/install/xarm_gazebo:/home/benongnuel/dev_ws/install/xarm_controller:/home/benongnuel/dev_ws/install/xarm_api:/home/benongnuel/dev_ws/install/xarm_sdk:/home/benongnuel/dev_ws/install/xarm_msgs:/home/benongnuel/dev_ws/install/xarm_description:/home/benongnuel/dev_ws/install/realsense_gazebo_plugin:/home/benongnuel/dev_ws/install/mbot_demo:/home/benongnuel/robo_ws/install/custom_3dof_arm:/home/benongnuel/dev_ws/install/uf_ros_lib:/home/benongnuel/dev_ws/install/my_gripper_scripts:/opt/ros/humble LD_LIBRARY_PATH=/home/benongnuel/dev_ws/src/xarm_ros2/install/xarm_api/lib:/home/benongnuel/dev_ws/src/xarm_ros2/install/xarm_sdk/lib:/home/benongnuel/dev_ws/src/xarm_ros2/install/xarm_msgs/lib:${LD_LIBRARY_PATH} PYTHONPATH=/home/benongnuel/dev_ws/src/xarm_ros2/install/xarm_msgs/local/lib/python3.10/dist-packages:${PYTHONPATH} /usr/bin/cmake --build /home/benongnuel/dev_ws/src/xarm_ros2/build/d435i_xarm_setup -- -j16 -l16
[69.392s] DEBUG:colcon.colcon_core.event_handler.log_command:Invoked command in '/home/benongnuel/dev_ws/src/xarm_ros2/build/d435i_xarm_setup' returned '0': AMENT_PREFIX_PATH=/home/benongnuel/dev_ws/src/xarm_ros2/install/xarm_api:/home/benongnuel/dev_ws/src/xarm_ros2/install/xarm_sdk:/home/benongnuel/dev_ws/src/xarm_ros2/install/xarm_msgs:/home/benongnuel/dev_ws/src/xarm_ros2/install/xarm_description:${AMENT_PREFIX_PATH} CMAKE_PREFIX_PATH=/home/benongnuel/dev_ws/src/xarm_ros2/install/xarm_api:/home/benongnuel/dev_ws/src/xarm_ros2/install/xarm_sdk:/home/benongnuel/dev_ws/src/xarm_ros2/install/xarm_msgs:/home/benongnuel/dev_ws/src/xarm_ros2/install/xarm_description:/home/benongnuel/dev_ws/install/xarm_planner:/home/benongnuel/dev_ws/install/xarm_moveit_servo:/home/benongnuel/dev_ws/install/xarm_moveit_config:/home/benongnuel/dev_ws/install/xarm_gazebo:/home/benongnuel/dev_ws/install/xarm_controller:/home/benongnuel/dev_ws/install/xarm_api:/home/benongnuel/dev_ws/install/xarm_sdk:/home/benongnuel/dev_ws/install/xarm_msgs:/home/benongnuel/dev_ws/install/xarm_description:/home/benongnuel/dev_ws/install/realsense_gazebo_plugin:/home/benongnuel/dev_ws/install/mbot_demo:/home/benongnuel/robo_ws/install/custom_3dof_arm:/home/benongnuel/dev_ws/install/uf_ros_lib:/home/benongnuel/dev_ws/install/my_gripper_scripts:/opt/ros/humble LD_LIBRARY_PATH=/home/benongnuel/dev_ws/src/xarm_ros2/install/xarm_api/lib:/home/benongnuel/dev_ws/src/xarm_ros2/install/xarm_sdk/lib:/home/benongnuel/dev_ws/src/xarm_ros2/install/xarm_msgs/lib:${LD_LIBRARY_PATH} PYTHONPATH=/home/benongnuel/dev_ws/src/xarm_ros2/install/xarm_msgs/local/lib/python3.10/dist-packages:${PYTHONPATH} /usr/bin/cmake --build /home/benongnuel/dev_ws/src/xarm_ros2/build/d435i_xarm_setup -- -j16 -l16
[69.394s] DEBUG:colcon.colcon_core.event_handler.log_command:Invoking command in '/home/benongnuel/dev_ws/src/xarm_ros2/build/d435i_xarm_setup': AMENT_PREFIX_PATH=/home/benongnuel/dev_ws/src/xarm_ros2/install/xarm_api:/home/benongnuel/dev_ws/src/xarm_ros2/install/xarm_sdk:/home/benongnuel/dev_ws/src/xarm_ros2/install/xarm_msgs:/home/benongnuel/dev_ws/src/xarm_ros2/install/xarm_description:${AMENT_PREFIX_PATH} CMAKE_PREFIX_PATH=/home/benongnuel/dev_ws/src/xarm_ros2/install/xarm_api:/home/benongnuel/dev_ws/src/xarm_ros2/install/xarm_sdk:/home/benongnuel/dev_ws/src/xarm_ros2/install/xarm_msgs:/home/benongnuel/dev_ws/src/xarm_ros2/install/xarm_description:/home/benongnuel/dev_ws/install/xarm_planner:/home/benongnuel/dev_ws/install/xarm_moveit_servo:/home/benongnuel/dev_ws/install/xarm_moveit_config:/home/benongnuel/dev_ws/install/xarm_gazebo:/home/benongnuel/dev_ws/install/xarm_controller:/home/benongnuel/dev_ws/install/xarm_api:/home/benongnuel/dev_ws/install/xarm_sdk:/home/benongnuel/dev_ws/install/xarm_msgs:/home/benongnuel/dev_ws/install/xarm_description:/home/benongnuel/dev_ws/install/realsense_gazebo_plugin:/home/benongnuel/dev_ws/install/mbot_demo:/home/benongnuel/robo_ws/install/custom_3dof_arm:/home/benongnuel/dev_ws/install/uf_ros_lib:/home/benongnuel/dev_ws/install/my_gripper_scripts:/opt/ros/humble LD_LIBRARY_PATH=/home/benongnuel/dev_ws/src/xarm_ros2/install/xarm_api/lib:/home/benongnuel/dev_ws/src/xarm_ros2/install/xarm_sdk/lib:/home/benongnuel/dev_ws/src/xarm_ros2/install/xarm_msgs/lib:${LD_LIBRARY_PATH} PYTHONPATH=/home/benongnuel/dev_ws/src/xarm_ros2/install/xarm_msgs/local/lib/python3.10/dist-packages:${PYTHONPATH} /usr/bin/cmake --install /home/benongnuel/dev_ws/src/xarm_ros2/build/d435i_xarm_setup
[69.651s] Level 1:colcon.colcon_core.environment:create_environment_scripts_only(d435i_xarm_setup)
[69.651s] Level 1:colcon.colcon_core.environment:checking '/home/benongnuel/dev_ws/src/xarm_ros2/install/d435i_xarm_setup' for CMake module files
[69.652s] DEBUG:colcon.colcon_core.event_handler.log_command:Invoked command in '/home/benongnuel/dev_ws/src/xarm_ros2/build/d435i_xarm_setup' returned '0': AMENT_PREFIX_PATH=/home/benongnuel/dev_ws/src/xarm_ros2/install/xarm_api:/home/benongnuel/dev_ws/src/xarm_ros2/install/xarm_sdk:/home/benongnuel/dev_ws/src/xarm_ros2/install/xarm_msgs:/home/benongnuel/dev_ws/src/xarm_ros2/install/xarm_description:${AMENT_PREFIX_PATH} CMAKE_PREFIX_PATH=/home/benongnuel/dev_ws/src/xarm_ros2/install/xarm_api:/home/benongnuel/dev_ws/src/xarm_ros2/install/xarm_sdk:/home/benongnuel/dev_ws/src/xarm_ros2/install/xarm_msgs:/home/benongnuel/dev_ws/src/xarm_ros2/install/xarm_description:/home/benongnuel/dev_ws/install/xarm_planner:/home/benongnuel/dev_ws/install/xarm_moveit_servo:/home/benongnuel/dev_ws/install/xarm_moveit_config:/home/benongnuel/dev_ws/install/xarm_gazebo:/home/benongnuel/dev_ws/install/xarm_controller:/home/benongnuel/dev_ws/install/xarm_api:/home/benongnuel/dev_ws/install/xarm_sdk:/home/benongnuel/dev_ws/install/xarm_msgs:/home/benongnuel/dev_ws/install/xarm_description:/home/benongnuel/dev_ws/install/realsense_gazebo_plugin:/home/benongnuel/dev_ws/install/mbot_demo:/home/benongnuel/robo_ws/install/custom_3dof_arm:/home/benongnuel/dev_ws/install/uf_ros_lib:/home/benongnuel/dev_ws/install/my_gripper_scripts:/opt/ros/humble LD_LIBRARY_PATH=/home/benongnuel/dev_ws/src/xarm_ros2/install/xarm_api/lib:/home/benongnuel/dev_ws/src/xarm_ros2/install/xarm_sdk/lib:/home/benongnuel/dev_ws/src/xarm_ros2/install/xarm_msgs/lib:${LD_LIBRARY_PATH} PYTHONPATH=/home/benongnuel/dev_ws/src/xarm_ros2/install/xarm_msgs/local/lib/python3.10/dist-packages:${PYTHONPATH} /usr/bin/cmake --install /home/benongnuel/dev_ws/src/xarm_ros2/build/d435i_xarm_setup
[69.652s] Level 1:colcon.colcon_core.environment:checking '/home/benongnuel/dev_ws/src/xarm_ros2/install/d435i_xarm_setup' for CMake config files
[69.652s] Level 1:colcon.colcon_core.shell:create_environment_hook('d435i_xarm_setup', 'cmake_prefix_path')
[69.653s] INFO:colcon.colcon_core.shell:Creating environment hook '/home/benongnuel/dev_ws/src/xarm_ros2/install/d435i_xarm_setup/share/d435i_xarm_setup/hook/cmake_prefix_path.ps1'
[69.653s] INFO:colcon.colcon_core.shell:Creating environment descriptor '/home/benongnuel/dev_ws/src/xarm_ros2/install/d435i_xarm_setup/share/d435i_xarm_setup/hook/cmake_prefix_path.dsv'
[69.653s] INFO:colcon.colcon_core.shell:Creating environment hook '/home/benongnuel/dev_ws/src/xarm_ros2/install/d435i_xarm_setup/share/d435i_xarm_setup/hook/cmake_prefix_path.sh'
[69.654s] Level 1:colcon.colcon_core.environment:checking '/home/benongnuel/dev_ws/src/xarm_ros2/install/d435i_xarm_setup/lib'
[69.654s] Level 1:colcon.colcon_core.environment:checking '/home/benongnuel/dev_ws/src/xarm_ros2/install/d435i_xarm_setup/bin'
[69.654s] Level 1:colcon.colcon_core.environment:checking '/home/benongnuel/dev_ws/src/xarm_ros2/install/d435i_xarm_setup/lib/pkgconfig/d435i_xarm_setup.pc'
[69.654s] Level 1:colcon.colcon_core.environment:checking '/home/benongnuel/dev_ws/src/xarm_ros2/install/d435i_xarm_setup/lib/python3.10/site-packages'
[69.654s] Level 1:colcon.colcon_core.environment:checking '/home/benongnuel/dev_ws/src/xarm_ros2/install/d435i_xarm_setup/bin'
[69.655s] INFO:colcon.colcon_core.shell:Creating package script '/home/benongnuel/dev_ws/src/xarm_ros2/install/d435i_xarm_setup/share/d435i_xarm_setup/package.ps1'
[69.655s] INFO:colcon.colcon_core.shell:Creating package descriptor '/home/benongnuel/dev_ws/src/xarm_ros2/install/d435i_xarm_setup/share/d435i_xarm_setup/package.dsv'
[69.655s] INFO:colcon.colcon_core.shell:Creating package script '/home/benongnuel/dev_ws/src/xarm_ros2/install/d435i_xarm_setup/share/d435i_xarm_setup/package.sh'
[69.656s] INFO:colcon.colcon_core.shell:Creating package script '/home/benongnuel/dev_ws/src/xarm_ros2/install/d435i_xarm_setup/share/d435i_xarm_setup/package.bash'
[69.656s] INFO:colcon.colcon_core.shell:Creating package script '/home/benongnuel/dev_ws/src/xarm_ros2/install/d435i_xarm_setup/share/d435i_xarm_setup/package.zsh'
[69.656s] Level 1:colcon.colcon_core.environment:create_file_with_runtime_dependencies(/home/benongnuel/dev_ws/src/xarm_ros2/install/d435i_xarm_setup/share/colcon-core/packages/d435i_xarm_setup)
[69.657s] Level 1:colcon.colcon_core.environment:create_environment_scripts_only(d435i_xarm_setup)
[69.657s] Level 1:colcon.colcon_core.environment:checking '/home/benongnuel/dev_ws/src/xarm_ros2/install/d435i_xarm_setup' for CMake module files
[69.657s] Level 1:colcon.colcon_core.environment:checking '/home/benongnuel/dev_ws/src/xarm_ros2/install/d435i_xarm_setup' for CMake config files
[69.657s] Level 1:colcon.colcon_core.shell:create_environment_hook('d435i_xarm_setup', 'cmake_prefix_path')
[69.657s] INFO:colcon.colcon_core.shell:Creating environment hook '/home/benongnuel/dev_ws/src/xarm_ros2/install/d435i_xarm_setup/share/d435i_xarm_setup/hook/cmake_prefix_path.ps1'
[69.658s] INFO:colcon.colcon_core.shell:Creating environment descriptor '/home/benongnuel/dev_ws/src/xarm_ros2/install/d435i_xarm_setup/share/d435i_xarm_setup/hook/cmake_prefix_path.dsv'
[69.658s] INFO:colcon.colcon_core.shell:Creating environment hook '/home/benongnuel/dev_ws/src/xarm_ros2/install/d435i_xarm_setup/share/d435i_xarm_setup/hook/cmake_prefix_path.sh'
[69.658s] Level 1:colcon.colcon_core.environment:checking '/home/benongnuel/dev_ws/src/xarm_ros2/install/d435i_xarm_setup/lib'
[69.658s] Level 1:colcon.colcon_core.environment:checking '/home/benongnuel/dev_ws/src/xarm_ros2/install/d435i_xarm_setup/bin'
[69.658s] Level 1:colcon.colcon_core.environment:checking '/home/benongnuel/dev_ws/src/xarm_ros2/install/d435i_xarm_setup/lib/pkgconfig/d435i_xarm_setup.pc'
[69.658s] Level 1:colcon.colcon_core.environment:checking '/home/benongnuel/dev_ws/src/xarm_ros2/install/d435i_xarm_setup/lib/python3.10/site-packages'
[69.659s] Level 1:colcon.colcon_core.environment:checking '/home/benongnuel/dev_ws/src/xarm_ros2/install/d435i_xarm_setup/bin'
[69.659s] INFO:colcon.colcon_core.shell:Creating package script '/home/benongnuel/dev_ws/src/xarm_ros2/install/d435i_xarm_setup/share/d435i_xarm_setup/package.ps1'
[69.659s] INFO:colcon.colcon_core.shell:Creating package descriptor '/home/benongnuel/dev_ws/src/xarm_ros2/install/d435i_xarm_setup/share/d435i_xarm_setup/package.dsv'
[69.659s] INFO:colcon.colcon_core.shell:Creating package script '/home/benongnuel/dev_ws/src/xarm_ros2/install/d435i_xarm_setup/share/d435i_xarm_setup/package.sh'
[69.659s] INFO:colcon.colcon_core.shell:Creating package script '/home/benongnuel/dev_ws/src/xarm_ros2/install/d435i_xarm_setup/share/d435i_xarm_setup/package.bash'
[69.660s] INFO:colcon.colcon_core.shell:Creating package script '/home/benongnuel/dev_ws/src/xarm_ros2/install/d435i_xarm_setup/share/d435i_xarm_setup/package.zsh'
[69.660s] Level 1:colcon.colcon_core.environment:create_file_with_runtime_dependencies(/home/benongnuel/dev_ws/src/xarm_ros2/install/d435i_xarm_setup/share/colcon-core/packages/d435i_xarm_setup)
[69.668s] DEBUG:colcon.colcon_core.event_handler.log_command:Invoked command in '/home/benongnuel/dev_ws/src/xarm_ros2/build/xarm_controller' returned '0': AMENT_PREFIX_PATH=/home/benongnuel/dev_ws/src/xarm_ros2/install/xarm_api:/home/benongnuel/dev_ws/src/xarm_ros2/install/xarm_sdk:/home/benongnuel/dev_ws/src/xarm_ros2/install/xarm_msgs:/home/benongnuel/dev_ws/src/xarm_ros2/install/xarm_description:${AMENT_PREFIX_PATH} CMAKE_PREFIX_PATH=/home/benongnuel/dev_ws/src/xarm_ros2/install/xarm_api:/home/benongnuel/dev_ws/src/xarm_ros2/install/xarm_sdk:/home/benongnuel/dev_ws/src/xarm_ros2/install/xarm_msgs:/home/benongnuel/dev_ws/src/xarm_ros2/install/xarm_description:/home/benongnuel/dev_ws/install/xarm_planner:/home/benongnuel/dev_ws/install/xarm_moveit_servo:/home/benongnuel/dev_ws/install/xarm_moveit_config:/home/benongnuel/dev_ws/install/xarm_gazebo:/home/benongnuel/dev_ws/install/xarm_controller:/home/benongnuel/dev_ws/install/xarm_api:/home/benongnuel/dev_ws/install/xarm_sdk:/home/benongnuel/dev_ws/install/xarm_msgs:/home/benongnuel/dev_ws/install/xarm_description:/home/benongnuel/dev_ws/install/realsense_gazebo_plugin:/home/benongnuel/dev_ws/install/mbot_demo:/home/benongnuel/robo_ws/install/custom_3dof_arm:/home/benongnuel/dev_ws/install/uf_ros_lib:/home/benongnuel/dev_ws/install/my_gripper_scripts:/opt/ros/humble LD_LIBRARY_PATH=/home/benongnuel/dev_ws/src/xarm_ros2/install/xarm_api/lib:/home/benongnuel/dev_ws/src/xarm_ros2/install/xarm_sdk/lib:/home/benongnuel/dev_ws/src/xarm_ros2/install/xarm_msgs/lib:${LD_LIBRARY_PATH} PYTHONPATH=/home/benongnuel/dev_ws/src/xarm_ros2/install/xarm_msgs/local/lib/python3.10/dist-packages:${PYTHONPATH} /usr/bin/cmake --build /home/benongnuel/dev_ws/src/xarm_ros2/build/xarm_controller -- -j16 -l16
[69.668s] DEBUG:colcon.colcon_core.event_handler.log_command:Invoking command in '/home/benongnuel/dev_ws/src/xarm_ros2/build/xarm_controller': AMENT_PREFIX_PATH=/home/benongnuel/dev_ws/src/xarm_ros2/install/xarm_api:/home/benongnuel/dev_ws/src/xarm_ros2/install/xarm_sdk:/home/benongnuel/dev_ws/src/xarm_ros2/install/xarm_msgs:/home/benongnuel/dev_ws/src/xarm_ros2/install/xarm_description:${AMENT_PREFIX_PATH} CMAKE_PREFIX_PATH=/home/benongnuel/dev_ws/src/xarm_ros2/install/xarm_api:/home/benongnuel/dev_ws/src/xarm_ros2/install/xarm_sdk:/home/benongnuel/dev_ws/src/xarm_ros2/install/xarm_msgs:/home/benongnuel/dev_ws/src/xarm_ros2/install/xarm_description:/home/benongnuel/dev_ws/install/xarm_planner:/home/benongnuel/dev_ws/install/xarm_moveit_servo:/home/benongnuel/dev_ws/install/xarm_moveit_config:/home/benongnuel/dev_ws/install/xarm_gazebo:/home/benongnuel/dev_ws/install/xarm_controller:/home/benongnuel/dev_ws/install/xarm_api:/home/benongnuel/dev_ws/install/xarm_sdk:/home/benongnuel/dev_ws/install/xarm_msgs:/home/benongnuel/dev_ws/install/xarm_description:/home/benongnuel/dev_ws/install/realsense_gazebo_plugin:/home/benongnuel/dev_ws/install/mbot_demo:/home/benongnuel/robo_ws/install/custom_3dof_arm:/home/benongnuel/dev_ws/install/uf_ros_lib:/home/benongnuel/dev_ws/install/my_gripper_scripts:/opt/ros/humble LD_LIBRARY_PATH=/home/benongnuel/dev_ws/src/xarm_ros2/install/xarm_api/lib:/home/benongnuel/dev_ws/src/xarm_ros2/install/xarm_sdk/lib:/home/benongnuel/dev_ws/src/xarm_ros2/install/xarm_msgs/lib:${LD_LIBRARY_PATH} PYTHONPATH=/home/benongnuel/dev_ws/src/xarm_ros2/install/xarm_msgs/local/lib/python3.10/dist-packages:${PYTHONPATH} /usr/bin/cmake --install /home/benongnuel/dev_ws/src/xarm_ros2/build/xarm_controller
[69.998s] Level 1:colcon.colcon_core.environment:create_environment_scripts_only(xarm_controller)
[69.998s] DEBUG:colcon.colcon_core.event_handler.log_command:Invoked command in '/home/benongnuel/dev_ws/src/xarm_ros2/build/xarm_controller' returned '0': AMENT_PREFIX_PATH=/home/benongnuel/dev_ws/src/xarm_ros2/install/xarm_api:/home/benongnuel/dev_ws/src/xarm_ros2/install/xarm_sdk:/home/benongnuel/dev_ws/src/xarm_ros2/install/xarm_msgs:/home/benongnuel/dev_ws/src/xarm_ros2/install/xarm_description:${AMENT_PREFIX_PATH} CMAKE_PREFIX_PATH=/home/benongnuel/dev_ws/src/xarm_ros2/install/xarm_api:/home/benongnuel/dev_ws/src/xarm_ros2/install/xarm_sdk:/home/benongnuel/dev_ws/src/xarm_ros2/install/xarm_msgs:/home/benongnuel/dev_ws/src/xarm_ros2/install/xarm_description:/home/benongnuel/dev_ws/install/xarm_planner:/home/benongnuel/dev_ws/install/xarm_moveit_servo:/home/benongnuel/dev_ws/install/xarm_moveit_config:/home/benongnuel/dev_ws/install/xarm_gazebo:/home/benongnuel/dev_ws/install/xarm_controller:/home/benongnuel/dev_ws/install/xarm_api:/home/benongnuel/dev_ws/install/xarm_sdk:/home/benongnuel/dev_ws/install/xarm_msgs:/home/benongnuel/dev_ws/install/xarm_description:/home/benongnuel/dev_ws/install/realsense_gazebo_plugin:/home/benongnuel/dev_ws/install/mbot_demo:/home/benongnuel/robo_ws/install/custom_3dof_arm:/home/benongnuel/dev_ws/install/uf_ros_lib:/home/benongnuel/dev_ws/install/my_gripper_scripts:/opt/ros/humble LD_LIBRARY_PATH=/home/benongnuel/dev_ws/src/xarm_ros2/install/xarm_api/lib:/home/benongnuel/dev_ws/src/xarm_ros2/install/xarm_sdk/lib:/home/benongnuel/dev_ws/src/xarm_ros2/install/xarm_msgs/lib:${LD_LIBRARY_PATH} PYTHONPATH=/home/benongnuel/dev_ws/src/xarm_ros2/install/xarm_msgs/local/lib/python3.10/dist-packages:${PYTHONPATH} /usr/bin/cmake --install /home/benongnuel/dev_ws/src/xarm_ros2/build/xarm_controller
[69.999s] Level 1:colcon.colcon_core.environment:checking '/home/benongnuel/dev_ws/src/xarm_ros2/install/xarm_controller' for CMake module files
[70.000s] Level 1:colcon.colcon_core.environment:checking '/home/benongnuel/dev_ws/src/xarm_ros2/install/xarm_controller' for CMake config files
[70.001s] Level 1:colcon.colcon_core.shell:create_environment_hook('xarm_controller', 'cmake_prefix_path')
[70.001s] INFO:colcon.colcon_core.shell:Creating environment hook '/home/benongnuel/dev_ws/src/xarm_ros2/install/xarm_controller/share/xarm_controller/hook/cmake_prefix_path.ps1'
[70.002s] INFO:colcon.colcon_core.shell:Creating environment descriptor '/home/benongnuel/dev_ws/src/xarm_ros2/install/xarm_controller/share/xarm_controller/hook/cmake_prefix_path.dsv'
[70.002s] INFO:colcon.colcon_core.shell:Creating environment hook '/home/benongnuel/dev_ws/src/xarm_ros2/install/xarm_controller/share/xarm_controller/hook/cmake_prefix_path.sh'
[70.003s] Level 1:colcon.colcon_core.environment:checking '/home/benongnuel/dev_ws/src/xarm_ros2/install/xarm_controller/lib'
[70.003s] Level 1:colcon.colcon_core.shell:create_environment_hook('xarm_controller', 'ld_library_path_lib')
[70.004s] INFO:colcon.colcon_core.shell:Creating environment hook '/home/benongnuel/dev_ws/src/xarm_ros2/install/xarm_controller/share/xarm_controller/hook/ld_library_path_lib.ps1'
[70.004s] INFO:colcon.colcon_core.shell:Creating environment descriptor '/home/benongnuel/dev_ws/src/xarm_ros2/install/xarm_controller/share/xarm_controller/hook/ld_library_path_lib.dsv'
[70.005s] INFO:colcon.colcon_core.shell:Creating environment hook '/home/benongnuel/dev_ws/src/xarm_ros2/install/xarm_controller/share/xarm_controller/hook/ld_library_path_lib.sh'
[70.005s] Level 1:colcon.colcon_core.environment:checking '/home/benongnuel/dev_ws/src/xarm_ros2/install/xarm_controller/bin'
[70.005s] Level 1:colcon.colcon_core.environment:checking '/home/benongnuel/dev_ws/src/xarm_ros2/install/xarm_controller/lib/pkgconfig/xarm_controller.pc'
[70.005s] Level 1:colcon.colcon_core.environment:checking '/home/benongnuel/dev_ws/src/xarm_ros2/install/xarm_controller/lib/python3.10/site-packages'
[70.005s] Level 1:colcon.colcon_core.environment:checking '/home/benongnuel/dev_ws/src/xarm_ros2/install/xarm_controller/bin'
[70.006s] INFO:colcon.colcon_core.shell:Creating package script '/home/benongnuel/dev_ws/src/xarm_ros2/install/xarm_controller/share/xarm_controller/package.ps1'
[70.006s] INFO:colcon.colcon_core.shell:Creating package descriptor '/home/benongnuel/dev_ws/src/xarm_ros2/install/xarm_controller/share/xarm_controller/package.dsv'
[70.006s] INFO:colcon.colcon_core.shell:Creating package script '/home/benongnuel/dev_ws/src/xarm_ros2/install/xarm_controller/share/xarm_controller/package.sh'
[70.007s] INFO:colcon.colcon_core.shell:Creating package script '/home/benongnuel/dev_ws/src/xarm_ros2/install/xarm_controller/share/xarm_controller/package.bash'
[70.007s] INFO:colcon.colcon_core.shell:Creating package script '/home/benongnuel/dev_ws/src/xarm_ros2/install/xarm_controller/share/xarm_controller/package.zsh'
[70.007s] Level 1:colcon.colcon_core.environment:create_file_with_runtime_dependencies(/home/benongnuel/dev_ws/src/xarm_ros2/install/xarm_controller/share/colcon-core/packages/xarm_controller)
[70.008s] Level 1:colcon.colcon_core.environment:create_environment_scripts_only(xarm_controller)
[70.008s] Level 1:colcon.colcon_core.environment:checking '/home/benongnuel/dev_ws/src/xarm_ros2/install/xarm_controller' for CMake module files
[70.009s] Level 1:colcon.colcon_core.environment:checking '/home/benongnuel/dev_ws/src/xarm_ros2/install/xarm_controller' for CMake config files
[70.009s] Level 1:colcon.colcon_core.shell:create_environment_hook('xarm_controller', 'cmake_prefix_path')
[70.009s] INFO:colcon.colcon_core.shell:Creating environment hook '/home/benongnuel/dev_ws/src/xarm_ros2/install/xarm_controller/share/xarm_controller/hook/cmake_prefix_path.ps1'
[70.009s] INFO:colcon.colcon_core.shell:Creating environment descriptor '/home/benongnuel/dev_ws/src/xarm_ros2/install/xarm_controller/share/xarm_controller/hook/cmake_prefix_path.dsv'
[70.010s] INFO:colcon.colcon_core.shell:Creating environment hook '/home/benongnuel/dev_ws/src/xarm_ros2/install/xarm_controller/share/xarm_controller/hook/cmake_prefix_path.sh'
[70.010s] Level 1:colcon.colcon_core.environment:checking '/home/benongnuel/dev_ws/src/xarm_ros2/install/xarm_controller/lib'
[70.010s] Level 1:colcon.colcon_core.shell:create_environment_hook('xarm_controller', 'ld_library_path_lib')
[70.011s] INFO:colcon.colcon_core.shell:Creating environment hook '/home/benongnuel/dev_ws/src/xarm_ros2/install/xarm_controller/share/xarm_controller/hook/ld_library_path_lib.ps1'
[70.011s] INFO:colcon.colcon_core.shell:Creating environment descriptor '/home/benongnuel/dev_ws/src/xarm_ros2/install/xarm_controller/share/xarm_controller/hook/ld_library_path_lib.dsv'
[70.011s] INFO:colcon.colcon_core.shell:Creating environment hook '/home/benongnuel/dev_ws/src/xarm_ros2/install/xarm_controller/share/xarm_controller/hook/ld_library_path_lib.sh'
[70.011s] Level 1:colcon.colcon_core.environment:checking '/home/benongnuel/dev_ws/src/xarm_ros2/install/xarm_controller/bin'
[70.012s] Level 1:colcon.colcon_core.environment:checking '/home/benongnuel/dev_ws/src/xarm_ros2/install/xarm_controller/lib/pkgconfig/xarm_controller.pc'
[70.012s] Level 1:colcon.colcon_core.environment:checking '/home/benongnuel/dev_ws/src/xarm_ros2/install/xarm_controller/lib/python3.10/site-packages'
[70.012s] Level 1:colcon.colcon_core.environment:checking '/home/benongnuel/dev_ws/src/xarm_ros2/install/xarm_controller/bin'
[70.012s] INFO:colcon.colcon_core.shell:Creating package script '/home/benongnuel/dev_ws/src/xarm_ros2/install/xarm_controller/share/xarm_controller/package.ps1'
[70.012s] INFO:colcon.colcon_core.shell:Creating package descriptor '/home/benongnuel/dev_ws/src/xarm_ros2/install/xarm_controller/share/xarm_controller/package.dsv'
[70.013s] INFO:colcon.colcon_core.shell:Creating package script '/home/benongnuel/dev_ws/src/xarm_ros2/install/xarm_controller/share/xarm_controller/package.sh'
[70.013s] INFO:colcon.colcon_core.shell:Creating package script '/home/benongnuel/dev_ws/src/xarm_ros2/install/xarm_controller/share/xarm_controller/package.bash'
[70.013s] INFO:colcon.colcon_core.shell:Creating package script '/home/benongnuel/dev_ws/src/xarm_ros2/install/xarm_controller/share/xarm_controller/package.zsh'
[70.013s] Level 1:colcon.colcon_core.environment:create_file_with_runtime_dependencies(/home/benongnuel/dev_ws/src/xarm_ros2/install/xarm_controller/share/colcon-core/packages/xarm_controller)
[70.013s] INFO:colcon.colcon_ros.task.ament_cmake.build:Building ROS package in '/home/benongnuel/dev_ws/src/xarm_ros2/xarm_gazebo' with build type 'ament_cmake'
[70.013s] INFO:colcon.colcon_cmake.task.cmake.build:Building CMake package in '/home/benongnuel/dev_ws/src/xarm_ros2/xarm_gazebo'
[70.013s] INFO:colcon.colcon_core.shell:Skip shell extension 'powershell' for command environment: Not usable outside of PowerShell
[70.013s] DEBUG:colcon.colcon_core.shell:Skip shell extension 'dsv' for command environment
[70.036s] DEBUG:colcon.colcon_core.event_handler.log_command:Invoking command in '/home/benongnuel/dev_ws/src/xarm_ros2/build/xarm_gazebo': AMENT_PREFIX_PATH=/home/benongnuel/dev_ws/src/xarm_ros2/install/xarm_controller:/home/benongnuel/dev_ws/src/xarm_ros2/install/xarm_api:/home/benongnuel/dev_ws/src/xarm_ros2/install/xarm_sdk:/home/benongnuel/dev_ws/src/xarm_ros2/install/xarm_msgs:/home/benongnuel/dev_ws/src/xarm_ros2/install/xarm_description:/home/benongnuel/dev_ws/src/xarm_ros2/install/uf_ros_lib:${AMENT_PREFIX_PATH} CMAKE_PREFIX_PATH=/home/benongnuel/dev_ws/src/xarm_ros2/install/xarm_controller:/home/benongnuel/dev_ws/src/xarm_ros2/install/xarm_api:/home/benongnuel/dev_ws/src/xarm_ros2/install/xarm_sdk:/home/benongnuel/dev_ws/src/xarm_ros2/install/xarm_msgs:/home/benongnuel/dev_ws/src/xarm_ros2/install/xarm_description:/home/benongnuel/dev_ws/install/xarm_planner:/home/benongnuel/dev_ws/install/xarm_moveit_servo:/home/benongnuel/dev_ws/install/xarm_moveit_config:/home/benongnuel/dev_ws/install/xarm_gazebo:/home/benongnuel/dev_ws/install/xarm_controller:/home/benongnuel/dev_ws/install/xarm_api:/home/benongnuel/dev_ws/install/xarm_sdk:/home/benongnuel/dev_ws/install/xarm_msgs:/home/benongnuel/dev_ws/install/xarm_description:/home/benongnuel/dev_ws/install/realsense_gazebo_plugin:/home/benongnuel/dev_ws/install/mbot_demo:/home/benongnuel/robo_ws/install/custom_3dof_arm:/home/benongnuel/dev_ws/install/uf_ros_lib:/home/benongnuel/dev_ws/install/my_gripper_scripts:/opt/ros/humble LD_LIBRARY_PATH=/home/benongnuel/dev_ws/src/xarm_ros2/install/xarm_controller/lib:/home/benongnuel/dev_ws/src/xarm_ros2/install/xarm_api/lib:/home/benongnuel/dev_ws/src/xarm_ros2/install/xarm_sdk/lib:/home/benongnuel/dev_ws/src/xarm_ros2/install/xarm_msgs/lib:${LD_LIBRARY_PATH} PYTHONPATH=/home/benongnuel/dev_ws/src/xarm_ros2/install/xarm_msgs/local/lib/python3.10/dist-packages:/home/benongnuel/dev_ws/src/xarm_ros2/build/uf_ros_lib:/home/benongnuel/dev_ws/src/xarm_ros2/install/uf_ros_lib/lib/python3.10/site-packages:${PYTHONPATH} /usr/bin/cmake /home/benongnuel/dev_ws/src/xarm_ros2/xarm_gazebo -DAMENT_CMAKE_SYMLINK_INSTALL=1 -DCMAKE_INSTALL_PREFIX=/home/benongnuel/dev_ws/src/xarm_ros2/install/xarm_gazebo
[71.945s] DEBUG:colcon.colcon_core.event_handler.log_command:Invoked command in '/home/benongnuel/dev_ws/src/xarm_ros2/build/xarm_gazebo' returned '0': AMENT_PREFIX_PATH=/home/benongnuel/dev_ws/src/xarm_ros2/install/xarm_controller:/home/benongnuel/dev_ws/src/xarm_ros2/install/xarm_api:/home/benongnuel/dev_ws/src/xarm_ros2/install/xarm_sdk:/home/benongnuel/dev_ws/src/xarm_ros2/install/xarm_msgs:/home/benongnuel/dev_ws/src/xarm_ros2/install/xarm_description:/home/benongnuel/dev_ws/src/xarm_ros2/install/uf_ros_lib:${AMENT_PREFIX_PATH} CMAKE_PREFIX_PATH=/home/benongnuel/dev_ws/src/xarm_ros2/install/xarm_controller:/home/benongnuel/dev_ws/src/xarm_ros2/install/xarm_api:/home/benongnuel/dev_ws/src/xarm_ros2/install/xarm_sdk:/home/benongnuel/dev_ws/src/xarm_ros2/install/xarm_msgs:/home/benongnuel/dev_ws/src/xarm_ros2/install/xarm_description:/home/benongnuel/dev_ws/install/xarm_planner:/home/benongnuel/dev_ws/install/xarm_moveit_servo:/home/benongnuel/dev_ws/install/xarm_moveit_config:/home/benongnuel/dev_ws/install/xarm_gazebo:/home/benongnuel/dev_ws/install/xarm_controller:/home/benongnuel/dev_ws/install/xarm_api:/home/benongnuel/dev_ws/install/xarm_sdk:/home/benongnuel/dev_ws/install/xarm_msgs:/home/benongnuel/dev_ws/install/xarm_description:/home/benongnuel/dev_ws/install/realsense_gazebo_plugin:/home/benongnuel/dev_ws/install/mbot_demo:/home/benongnuel/robo_ws/install/custom_3dof_arm:/home/benongnuel/dev_ws/install/uf_ros_lib:/home/benongnuel/dev_ws/install/my_gripper_scripts:/opt/ros/humble LD_LIBRARY_PATH=/home/benongnuel/dev_ws/src/xarm_ros2/install/xarm_controller/lib:/home/benongnuel/dev_ws/src/xarm_ros2/install/xarm_api/lib:/home/benongnuel/dev_ws/src/xarm_ros2/install/xarm_sdk/lib:/home/benongnuel/dev_ws/src/xarm_ros2/install/xarm_msgs/lib:${LD_LIBRARY_PATH} PYTHONPATH=/home/benongnuel/dev_ws/src/xarm_ros2/install/xarm_msgs/local/lib/python3.10/dist-packages:/home/benongnuel/dev_ws/src/xarm_ros2/build/uf_ros_lib:/home/benongnuel/dev_ws/src/xarm_ros2/install/uf_ros_lib/lib/python3.10/site-packages:${PYTHONPATH} /usr/bin/cmake /home/benongnuel/dev_ws/src/xarm_ros2/xarm_gazebo -DAMENT_CMAKE_SYMLINK_INSTALL=1 -DCMAKE_INSTALL_PREFIX=/home/benongnuel/dev_ws/src/xarm_ros2/install/xarm_gazebo
[71.945s] DEBUG:colcon.colcon_core.event_handler.log_command:Invoking command in '/home/benongnuel/dev_ws/src/xarm_ros2/build/xarm_gazebo': AMENT_PREFIX_PATH=/home/benongnuel/dev_ws/src/xarm_ros2/install/xarm_controller:/home/benongnuel/dev_ws/src/xarm_ros2/install/xarm_api:/home/benongnuel/dev_ws/src/xarm_ros2/install/xarm_sdk:/home/benongnuel/dev_ws/src/xarm_ros2/install/xarm_msgs:/home/benongnuel/dev_ws/src/xarm_ros2/install/xarm_description:/home/benongnuel/dev_ws/src/xarm_ros2/install/uf_ros_lib:${AMENT_PREFIX_PATH} CMAKE_PREFIX_PATH=/home/benongnuel/dev_ws/src/xarm_ros2/install/xarm_controller:/home/benongnuel/dev_ws/src/xarm_ros2/install/xarm_api:/home/benongnuel/dev_ws/src/xarm_ros2/install/xarm_sdk:/home/benongnuel/dev_ws/src/xarm_ros2/install/xarm_msgs:/home/benongnuel/dev_ws/src/xarm_ros2/install/xarm_description:/home/benongnuel/dev_ws/install/xarm_planner:/home/benongnuel/dev_ws/install/xarm_moveit_servo:/home/benongnuel/dev_ws/install/xarm_moveit_config:/home/benongnuel/dev_ws/install/xarm_gazebo:/home/benongnuel/dev_ws/install/xarm_controller:/home/benongnuel/dev_ws/install/xarm_api:/home/benongnuel/dev_ws/install/xarm_sdk:/home/benongnuel/dev_ws/install/xarm_msgs:/home/benongnuel/dev_ws/install/xarm_description:/home/benongnuel/dev_ws/install/realsense_gazebo_plugin:/home/benongnuel/dev_ws/install/mbot_demo:/home/benongnuel/robo_ws/install/custom_3dof_arm:/home/benongnuel/dev_ws/install/uf_ros_lib:/home/benongnuel/dev_ws/install/my_gripper_scripts:/opt/ros/humble LD_LIBRARY_PATH=/home/benongnuel/dev_ws/src/xarm_ros2/install/xarm_controller/lib:/home/benongnuel/dev_ws/src/xarm_ros2/install/xarm_api/lib:/home/benongnuel/dev_ws/src/xarm_ros2/install/xarm_sdk/lib:/home/benongnuel/dev_ws/src/xarm_ros2/install/xarm_msgs/lib:${LD_LIBRARY_PATH} PYTHONPATH=/home/benongnuel/dev_ws/src/xarm_ros2/install/xarm_msgs/local/lib/python3.10/dist-packages:/home/benongnuel/dev_ws/src/xarm_ros2/build/uf_ros_lib:/home/benongnuel/dev_ws/src/xarm_ros2/install/uf_ros_lib/lib/python3.10/site-packages:${PYTHONPATH} /usr/bin/cmake --build /home/benongnuel/dev_ws/src/xarm_ros2/build/xarm_gazebo -- -j16 -l16
[79.058s] DEBUG:colcon.colcon_core.event_handler.log_command:Invoked command in '/home/benongnuel/dev_ws/src/xarm_ros2/build/xarm_gazebo' returned '0': AMENT_PREFIX_PATH=/home/benongnuel/dev_ws/src/xarm_ros2/install/xarm_controller:/home/benongnuel/dev_ws/src/xarm_ros2/install/xarm_api:/home/benongnuel/dev_ws/src/xarm_ros2/install/xarm_sdk:/home/benongnuel/dev_ws/src/xarm_ros2/install/xarm_msgs:/home/benongnuel/dev_ws/src/xarm_ros2/install/xarm_description:/home/benongnuel/dev_ws/src/xarm_ros2/install/uf_ros_lib:${AMENT_PREFIX_PATH} CMAKE_PREFIX_PATH=/home/benongnuel/dev_ws/src/xarm_ros2/install/xarm_controller:/home/benongnuel/dev_ws/src/xarm_ros2/install/xarm_api:/home/benongnuel/dev_ws/src/xarm_ros2/install/xarm_sdk:/home/benongnuel/dev_ws/src/xarm_ros2/install/xarm_msgs:/home/benongnuel/dev_ws/src/xarm_ros2/install/xarm_description:/home/benongnuel/dev_ws/install/xarm_planner:/home/benongnuel/dev_ws/install/xarm_moveit_servo:/home/benongnuel/dev_ws/install/xarm_moveit_config:/home/benongnuel/dev_ws/install/xarm_gazebo:/home/benongnuel/dev_ws/install/xarm_controller:/home/benongnuel/dev_ws/install/xarm_api:/home/benongnuel/dev_ws/install/xarm_sdk:/home/benongnuel/dev_ws/install/xarm_msgs:/home/benongnuel/dev_ws/install/xarm_description:/home/benongnuel/dev_ws/install/realsense_gazebo_plugin:/home/benongnuel/dev_ws/install/mbot_demo:/home/benongnuel/robo_ws/install/custom_3dof_arm:/home/benongnuel/dev_ws/install/uf_ros_lib:/home/benongnuel/dev_ws/install/my_gripper_scripts:/opt/ros/humble LD_LIBRARY_PATH=/home/benongnuel/dev_ws/src/xarm_ros2/install/xarm_controller/lib:/home/benongnuel/dev_ws/src/xarm_ros2/install/xarm_api/lib:/home/benongnuel/dev_ws/src/xarm_ros2/install/xarm_sdk/lib:/home/benongnuel/dev_ws/src/xarm_ros2/install/xarm_msgs/lib:${LD_LIBRARY_PATH} PYTHONPATH=/home/benongnuel/dev_ws/src/xarm_ros2/install/xarm_msgs/local/lib/python3.10/dist-packages:/home/benongnuel/dev_ws/src/xarm_ros2/build/uf_ros_lib:/home/benongnuel/dev_ws/src/xarm_ros2/install/uf_ros_lib/lib/python3.10/site-packages:${PYTHONPATH} /usr/bin/cmake --build /home/benongnuel/dev_ws/src/xarm_ros2/build/xarm_gazebo -- -j16 -l16
[79.059s] DEBUG:colcon.colcon_core.event_handler.log_command:Invoking command in '/home/benongnuel/dev_ws/src/xarm_ros2/build/xarm_gazebo': AMENT_PREFIX_PATH=/home/benongnuel/dev_ws/src/xarm_ros2/install/xarm_controller:/home/benongnuel/dev_ws/src/xarm_ros2/install/xarm_api:/home/benongnuel/dev_ws/src/xarm_ros2/install/xarm_sdk:/home/benongnuel/dev_ws/src/xarm_ros2/install/xarm_msgs:/home/benongnuel/dev_ws/src/xarm_ros2/install/xarm_description:/home/benongnuel/dev_ws/src/xarm_ros2/install/uf_ros_lib:${AMENT_PREFIX_PATH} CMAKE_PREFIX_PATH=/home/benongnuel/dev_ws/src/xarm_ros2/install/xarm_controller:/home/benongnuel/dev_ws/src/xarm_ros2/install/xarm_api:/home/benongnuel/dev_ws/src/xarm_ros2/install/xarm_sdk:/home/benongnuel/dev_ws/src/xarm_ros2/install/xarm_msgs:/home/benongnuel/dev_ws/src/xarm_ros2/install/xarm_description:/home/benongnuel/dev_ws/install/xarm_planner:/home/benongnuel/dev_ws/install/xarm_moveit_servo:/home/benongnuel/dev_ws/install/xarm_moveit_config:/home/benongnuel/dev_ws/install/xarm_gazebo:/home/benongnuel/dev_ws/install/xarm_controller:/home/benongnuel/dev_ws/install/xarm_api:/home/benongnuel/dev_ws/install/xarm_sdk:/home/benongnuel/dev_ws/install/xarm_msgs:/home/benongnuel/dev_ws/install/xarm_description:/home/benongnuel/dev_ws/install/realsense_gazebo_plugin:/home/benongnuel/dev_ws/install/mbot_demo:/home/benongnuel/robo_ws/install/custom_3dof_arm:/home/benongnuel/dev_ws/install/uf_ros_lib:/home/benongnuel/dev_ws/install/my_gripper_scripts:/opt/ros/humble LD_LIBRARY_PATH=/home/benongnuel/dev_ws/src/xarm_ros2/install/xarm_controller/lib:/home/benongnuel/dev_ws/src/xarm_ros2/install/xarm_api/lib:/home/benongnuel/dev_ws/src/xarm_ros2/install/xarm_sdk/lib:/home/benongnuel/dev_ws/src/xarm_ros2/install/xarm_msgs/lib:${LD_LIBRARY_PATH} PYTHONPATH=/home/benongnuel/dev_ws/src/xarm_ros2/install/xarm_msgs/local/lib/python3.10/dist-packages:/home/benongnuel/dev_ws/src/xarm_ros2/build/uf_ros_lib:/home/benongnuel/dev_ws/src/xarm_ros2/install/uf_ros_lib/lib/python3.10/site-packages:${PYTHONPATH} /usr/bin/cmake --install /home/benongnuel/dev_ws/src/xarm_ros2/build/xarm_gazebo
[79.264s] Level 1:colcon.colcon_core.environment:create_environment_scripts_only(xarm_gazebo)
[79.265s] Level 1:colcon.colcon_core.environment:checking '/home/benongnuel/dev_ws/src/xarm_ros2/install/xarm_gazebo' for CMake module files
[79.265s] DEBUG:colcon.colcon_core.event_handler.log_command:Invoked command in '/home/benongnuel/dev_ws/src/xarm_ros2/build/xarm_gazebo' returned '0': AMENT_PREFIX_PATH=/home/benongnuel/dev_ws/src/xarm_ros2/install/xarm_controller:/home/benongnuel/dev_ws/src/xarm_ros2/install/xarm_api:/home/benongnuel/dev_ws/src/xarm_ros2/install/xarm_sdk:/home/benongnuel/dev_ws/src/xarm_ros2/install/xarm_msgs:/home/benongnuel/dev_ws/src/xarm_ros2/install/xarm_description:/home/benongnuel/dev_ws/src/xarm_ros2/install/uf_ros_lib:${AMENT_PREFIX_PATH} CMAKE_PREFIX_PATH=/home/benongnuel/dev_ws/src/xarm_ros2/install/xarm_controller:/home/benongnuel/dev_ws/src/xarm_ros2/install/xarm_api:/home/benongnuel/dev_ws/src/xarm_ros2/install/xarm_sdk:/home/benongnuel/dev_ws/src/xarm_ros2/install/xarm_msgs:/home/benongnuel/dev_ws/src/xarm_ros2/install/xarm_description:/home/benongnuel/dev_ws/install/xarm_planner:/home/benongnuel/dev_ws/install/xarm_moveit_servo:/home/benongnuel/dev_ws/install/xarm_moveit_config:/home/benongnuel/dev_ws/install/xarm_gazebo:/home/benongnuel/dev_ws/install/xarm_controller:/home/benongnuel/dev_ws/install/xarm_api:/home/benongnuel/dev_ws/install/xarm_sdk:/home/benongnuel/dev_ws/install/xarm_msgs:/home/benongnuel/dev_ws/install/xarm_description:/home/benongnuel/dev_ws/install/realsense_gazebo_plugin:/home/benongnuel/dev_ws/install/mbot_demo:/home/benongnuel/robo_ws/install/custom_3dof_arm:/home/benongnuel/dev_ws/install/uf_ros_lib:/home/benongnuel/dev_ws/install/my_gripper_scripts:/opt/ros/humble LD_LIBRARY_PATH=/home/benongnuel/dev_ws/src/xarm_ros2/install/xarm_controller/lib:/home/benongnuel/dev_ws/src/xarm_ros2/install/xarm_api/lib:/home/benongnuel/dev_ws/src/xarm_ros2/install/xarm_sdk/lib:/home/benongnuel/dev_ws/src/xarm_ros2/install/xarm_msgs/lib:${LD_LIBRARY_PATH} PYTHONPATH=/home/benongnuel/dev_ws/src/xarm_ros2/install/xarm_msgs/local/lib/python3.10/dist-packages:/home/benongnuel/dev_ws/src/xarm_ros2/build/uf_ros_lib:/home/benongnuel/dev_ws/src/xarm_ros2/install/uf_ros_lib/lib/python3.10/site-packages:${PYTHONPATH} /usr/bin/cmake --install /home/benongnuel/dev_ws/src/xarm_ros2/build/xarm_gazebo
[79.266s] Level 1:colcon.colcon_core.environment:checking '/home/benongnuel/dev_ws/src/xarm_ros2/install/xarm_gazebo' for CMake config files
[79.266s] Level 1:colcon.colcon_core.shell:create_environment_hook('xarm_gazebo', 'cmake_prefix_path')
[79.266s] INFO:colcon.colcon_core.shell:Creating environment hook '/home/benongnuel/dev_ws/src/xarm_ros2/install/xarm_gazebo/share/xarm_gazebo/hook/cmake_prefix_path.ps1'
[79.266s] INFO:colcon.colcon_core.shell:Creating environment descriptor '/home/benongnuel/dev_ws/src/xarm_ros2/install/xarm_gazebo/share/xarm_gazebo/hook/cmake_prefix_path.dsv'
[79.267s] INFO:colcon.colcon_core.shell:Creating environment hook '/home/benongnuel/dev_ws/src/xarm_ros2/install/xarm_gazebo/share/xarm_gazebo/hook/cmake_prefix_path.sh'
[79.267s] Level 1:colcon.colcon_core.environment:checking '/home/benongnuel/dev_ws/src/xarm_ros2/install/xarm_gazebo/lib'
[79.267s] Level 1:colcon.colcon_core.shell:create_environment_hook('xarm_gazebo', 'ld_library_path_lib')
[79.267s] INFO:colcon.colcon_core.shell:Creating environment hook '/home/benongnuel/dev_ws/src/xarm_ros2/install/xarm_gazebo/share/xarm_gazebo/hook/ld_library_path_lib.ps1'
[79.268s] INFO:colcon.colcon_core.shell:Creating environment descriptor '/home/benongnuel/dev_ws/src/xarm_ros2/install/xarm_gazebo/share/xarm_gazebo/hook/ld_library_path_lib.dsv'
[79.268s] INFO:colcon.colcon_core.shell:Creating environment hook '/home/benongnuel/dev_ws/src/xarm_ros2/install/xarm_gazebo/share/xarm_gazebo/hook/ld_library_path_lib.sh'
[79.268s] Level 1:colcon.colcon_core.environment:checking '/home/benongnuel/dev_ws/src/xarm_ros2/install/xarm_gazebo/bin'
[79.268s] Level 1:colcon.colcon_core.environment:checking '/home/benongnuel/dev_ws/src/xarm_ros2/install/xarm_gazebo/lib/pkgconfig/xarm_gazebo.pc'
[79.268s] Level 1:colcon.colcon_core.environment:checking '/home/benongnuel/dev_ws/src/xarm_ros2/install/xarm_gazebo/lib/python3.10/site-packages'
[79.268s] Level 1:colcon.colcon_core.environment:checking '/home/benongnuel/dev_ws/src/xarm_ros2/install/xarm_gazebo/bin'
[79.269s] INFO:colcon.colcon_core.shell:Creating package script '/home/benongnuel/dev_ws/src/xarm_ros2/install/xarm_gazebo/share/xarm_gazebo/package.ps1'
[79.269s] INFO:colcon.colcon_core.shell:Creating package descriptor '/home/benongnuel/dev_ws/src/xarm_ros2/install/xarm_gazebo/share/xarm_gazebo/package.dsv'
[79.269s] INFO:colcon.colcon_core.shell:Creating package script '/home/benongnuel/dev_ws/src/xarm_ros2/install/xarm_gazebo/share/xarm_gazebo/package.sh'
[79.269s] INFO:colcon.colcon_core.shell:Creating package script '/home/benongnuel/dev_ws/src/xarm_ros2/install/xarm_gazebo/share/xarm_gazebo/package.bash'
[79.270s] INFO:colcon.colcon_core.shell:Creating package script '/home/benongnuel/dev_ws/src/xarm_ros2/install/xarm_gazebo/share/xarm_gazebo/package.zsh'
[79.270s] Level 1:colcon.colcon_core.environment:create_file_with_runtime_dependencies(/home/benongnuel/dev_ws/src/xarm_ros2/install/xarm_gazebo/share/colcon-core/packages/xarm_gazebo)
[79.270s] Level 1:colcon.colcon_core.environment:create_environment_scripts_only(xarm_gazebo)
[79.270s] Level 1:colcon.colcon_core.environment:checking '/home/benongnuel/dev_ws/src/xarm_ros2/install/xarm_gazebo' for CMake module files
[79.270s] Level 1:colcon.colcon_core.environment:checking '/home/benongnuel/dev_ws/src/xarm_ros2/install/xarm_gazebo' for CMake config files
[79.271s] Level 1:colcon.colcon_core.shell:create_environment_hook('xarm_gazebo', 'cmake_prefix_path')
[79.271s] INFO:colcon.colcon_core.shell:Creating environment hook '/home/benongnuel/dev_ws/src/xarm_ros2/install/xarm_gazebo/share/xarm_gazebo/hook/cmake_prefix_path.ps1'
[79.271s] INFO:colcon.colcon_core.shell:Creating environment descriptor '/home/benongnuel/dev_ws/src/xarm_ros2/install/xarm_gazebo/share/xarm_gazebo/hook/cmake_prefix_path.dsv'
[79.271s] INFO:colcon.colcon_core.shell:Creating environment hook '/home/benongnuel/dev_ws/src/xarm_ros2/install/xarm_gazebo/share/xarm_gazebo/hook/cmake_prefix_path.sh'
[79.271s] Level 1:colcon.colcon_core.environment:checking '/home/benongnuel/dev_ws/src/xarm_ros2/install/xarm_gazebo/lib'
[79.271s] Level 1:colcon.colcon_core.shell:create_environment_hook('xarm_gazebo', 'ld_library_path_lib')
[79.272s] INFO:colcon.colcon_core.shell:Creating environment hook '/home/benongnuel/dev_ws/src/xarm_ros2/install/xarm_gazebo/share/xarm_gazebo/hook/ld_library_path_lib.ps1'
[79.272s] INFO:colcon.colcon_core.shell:Creating environment descriptor '/home/benongnuel/dev_ws/src/xarm_ros2/install/xarm_gazebo/share/xarm_gazebo/hook/ld_library_path_lib.dsv'
[79.272s] INFO:colcon.colcon_core.shell:Creating environment hook '/home/benongnuel/dev_ws/src/xarm_ros2/install/xarm_gazebo/share/xarm_gazebo/hook/ld_library_path_lib.sh'
[79.272s] Level 1:colcon.colcon_core.environment:checking '/home/benongnuel/dev_ws/src/xarm_ros2/install/xarm_gazebo/bin'
[79.272s] Level 1:colcon.colcon_core.environment:checking '/home/benongnuel/dev_ws/src/xarm_ros2/install/xarm_gazebo/lib/pkgconfig/xarm_gazebo.pc'
[79.272s] Level 1:colcon.colcon_core.environment:checking '/home/benongnuel/dev_ws/src/xarm_ros2/install/xarm_gazebo/lib/python3.10/site-packages'
[79.272s] Level 1:colcon.colcon_core.environment:checking '/home/benongnuel/dev_ws/src/xarm_ros2/install/xarm_gazebo/bin'
[79.272s] INFO:colcon.colcon_core.shell:Creating package script '/home/benongnuel/dev_ws/src/xarm_ros2/install/xarm_gazebo/share/xarm_gazebo/package.ps1'
[79.273s] INFO:colcon.colcon_core.shell:Creating package descriptor '/home/benongnuel/dev_ws/src/xarm_ros2/install/xarm_gazebo/share/xarm_gazebo/package.dsv'
[79.273s] INFO:colcon.colcon_core.shell:Creating package script '/home/benongnuel/dev_ws/src/xarm_ros2/install/xarm_gazebo/share/xarm_gazebo/package.sh'
[79.273s] INFO:colcon.colcon_core.shell:Creating package script '/home/benongnuel/dev_ws/src/xarm_ros2/install/xarm_gazebo/share/xarm_gazebo/package.bash'
[79.273s] INFO:colcon.colcon_core.shell:Creating package script '/home/benongnuel/dev_ws/src/xarm_ros2/install/xarm_gazebo/share/xarm_gazebo/package.zsh'
[79.273s] Level 1:colcon.colcon_core.environment:create_file_with_runtime_dependencies(/home/benongnuel/dev_ws/src/xarm_ros2/install/xarm_gazebo/share/colcon-core/packages/xarm_gazebo)
[79.274s] INFO:colcon.colcon_ros.task.ament_cmake.build:Building ROS package in '/home/benongnuel/dev_ws/src/xarm_ros2/xarm_moveit_config' with build type 'ament_cmake'
[79.274s] INFO:colcon.colcon_cmake.task.cmake.build:Building CMake package in '/home/benongnuel/dev_ws/src/xarm_ros2/xarm_moveit_config'
[79.274s] INFO:colcon.colcon_core.shell:Skip shell extension 'powershell' for command environment: Not usable outside of PowerShell
[79.274s] DEBUG:colcon.colcon_core.shell:Skip shell extension 'dsv' for command environment
[79.291s] DEBUG:colcon.colcon_core.event_handler.log_command:Invoking command in '/home/benongnuel/dev_ws/src/xarm_ros2/build/xarm_moveit_config': AMENT_PREFIX_PATH=/home/benongnuel/dev_ws/src/xarm_ros2/install/xarm_gazebo:/home/benongnuel/dev_ws/src/xarm_ros2/install/xarm_controller:/home/benongnuel/dev_ws/src/xarm_ros2/install/xarm_api:/home/benongnuel/dev_ws/src/xarm_ros2/install/xarm_sdk:/home/benongnuel/dev_ws/src/xarm_ros2/install/xarm_msgs:/home/benongnuel/dev_ws/src/xarm_ros2/install/xarm_description:/home/benongnuel/dev_ws/src/xarm_ros2/install/uf_ros_lib:${AMENT_PREFIX_PATH} CMAKE_PREFIX_PATH=/home/benongnuel/dev_ws/src/xarm_ros2/install/xarm_gazebo:/home/benongnuel/dev_ws/src/xarm_ros2/install/xarm_controller:/home/benongnuel/dev_ws/src/xarm_ros2/install/xarm_api:/home/benongnuel/dev_ws/src/xarm_ros2/install/xarm_sdk:/home/benongnuel/dev_ws/src/xarm_ros2/install/xarm_msgs:/home/benongnuel/dev_ws/src/xarm_ros2/install/xarm_description:/home/benongnuel/dev_ws/install/xarm_planner:/home/benongnuel/dev_ws/install/xarm_moveit_servo:/home/benongnuel/dev_ws/install/xarm_moveit_config:/home/benongnuel/dev_ws/install/xarm_gazebo:/home/benongnuel/dev_ws/install/xarm_controller:/home/benongnuel/dev_ws/install/xarm_api:/home/benongnuel/dev_ws/install/xarm_sdk:/home/benongnuel/dev_ws/install/xarm_msgs:/home/benongnuel/dev_ws/install/xarm_description:/home/benongnuel/dev_ws/install/realsense_gazebo_plugin:/home/benongnuel/dev_ws/install/mbot_demo:/home/benongnuel/robo_ws/install/custom_3dof_arm:/home/benongnuel/dev_ws/install/uf_ros_lib:/home/benongnuel/dev_ws/install/my_gripper_scripts:/opt/ros/humble LD_LIBRARY_PATH=/home/benongnuel/dev_ws/src/xarm_ros2/install/xarm_gazebo/lib:/home/benongnuel/dev_ws/src/xarm_ros2/install/xarm_controller/lib:/home/benongnuel/dev_ws/src/xarm_ros2/install/xarm_api/lib:/home/benongnuel/dev_ws/src/xarm_ros2/install/xarm_sdk/lib:/home/benongnuel/dev_ws/src/xarm_ros2/install/xarm_msgs/lib:${LD_LIBRARY_PATH} PYTHONPATH=/home/benongnuel/dev_ws/src/xarm_ros2/install/xarm_msgs/local/lib/python3.10/dist-packages:/home/benongnuel/dev_ws/src/xarm_ros2/build/uf_ros_lib:/home/benongnuel/dev_ws/src/xarm_ros2/install/uf_ros_lib/lib/python3.10/site-packages:${PYTHONPATH} /usr/bin/cmake /home/benongnuel/dev_ws/src/xarm_ros2/xarm_moveit_config -DAMENT_CMAKE_SYMLINK_INSTALL=1 -DCMAKE_INSTALL_PREFIX=/home/benongnuel/dev_ws/src/xarm_ros2/install/xarm_moveit_config
[79.777s] DEBUG:colcon.colcon_core.event_handler.log_command:Invoked command in '/home/benongnuel/dev_ws/src/xarm_ros2/build/xarm_moveit_config' returned '0': AMENT_PREFIX_PATH=/home/benongnuel/dev_ws/src/xarm_ros2/install/xarm_gazebo:/home/benongnuel/dev_ws/src/xarm_ros2/install/xarm_controller:/home/benongnuel/dev_ws/src/xarm_ros2/install/xarm_api:/home/benongnuel/dev_ws/src/xarm_ros2/install/xarm_sdk:/home/benongnuel/dev_ws/src/xarm_ros2/install/xarm_msgs:/home/benongnuel/dev_ws/src/xarm_ros2/install/xarm_description:/home/benongnuel/dev_ws/src/xarm_ros2/install/uf_ros_lib:${AMENT_PREFIX_PATH} CMAKE_PREFIX_PATH=/home/benongnuel/dev_ws/src/xarm_ros2/install/xarm_gazebo:/home/benongnuel/dev_ws/src/xarm_ros2/install/xarm_controller:/home/benongnuel/dev_ws/src/xarm_ros2/install/xarm_api:/home/benongnuel/dev_ws/src/xarm_ros2/install/xarm_sdk:/home/benongnuel/dev_ws/src/xarm_ros2/install/xarm_msgs:/home/benongnuel/dev_ws/src/xarm_ros2/install/xarm_description:/home/benongnuel/dev_ws/install/xarm_planner:/home/benongnuel/dev_ws/install/xarm_moveit_servo:/home/benongnuel/dev_ws/install/xarm_moveit_config:/home/benongnuel/dev_ws/install/xarm_gazebo:/home/benongnuel/dev_ws/install/xarm_controller:/home/benongnuel/dev_ws/install/xarm_api:/home/benongnuel/dev_ws/install/xarm_sdk:/home/benongnuel/dev_ws/install/xarm_msgs:/home/benongnuel/dev_ws/install/xarm_description:/home/benongnuel/dev_ws/install/realsense_gazebo_plugin:/home/benongnuel/dev_ws/install/mbot_demo:/home/benongnuel/robo_ws/install/custom_3dof_arm:/home/benongnuel/dev_ws/install/uf_ros_lib:/home/benongnuel/dev_ws/install/my_gripper_scripts:/opt/ros/humble LD_LIBRARY_PATH=/home/benongnuel/dev_ws/src/xarm_ros2/install/xarm_gazebo/lib:/home/benongnuel/dev_ws/src/xarm_ros2/install/xarm_controller/lib:/home/benongnuel/dev_ws/src/xarm_ros2/install/xarm_api/lib:/home/benongnuel/dev_ws/src/xarm_ros2/install/xarm_sdk/lib:/home/benongnuel/dev_ws/src/xarm_ros2/install/xarm_msgs/lib:${LD_LIBRARY_PATH} PYTHONPATH=/home/benongnuel/dev_ws/src/xarm_ros2/install/xarm_msgs/local/lib/python3.10/dist-packages:/home/benongnuel/dev_ws/src/xarm_ros2/build/uf_ros_lib:/home/benongnuel/dev_ws/src/xarm_ros2/install/uf_ros_lib/lib/python3.10/site-packages:${PYTHONPATH} /usr/bin/cmake /home/benongnuel/dev_ws/src/xarm_ros2/xarm_moveit_config -DAMENT_CMAKE_SYMLINK_INSTALL=1 -DCMAKE_INSTALL_PREFIX=/home/benongnuel/dev_ws/src/xarm_ros2/install/xarm_moveit_config
[79.777s] DEBUG:colcon.colcon_core.event_handler.log_command:Invoking command in '/home/benongnuel/dev_ws/src/xarm_ros2/build/xarm_moveit_config': AMENT_PREFIX_PATH=/home/benongnuel/dev_ws/src/xarm_ros2/install/xarm_gazebo:/home/benongnuel/dev_ws/src/xarm_ros2/install/xarm_controller:/home/benongnuel/dev_ws/src/xarm_ros2/install/xarm_api:/home/benongnuel/dev_ws/src/xarm_ros2/install/xarm_sdk:/home/benongnuel/dev_ws/src/xarm_ros2/install/xarm_msgs:/home/benongnuel/dev_ws/src/xarm_ros2/install/xarm_description:/home/benongnuel/dev_ws/src/xarm_ros2/install/uf_ros_lib:${AMENT_PREFIX_PATH} CMAKE_PREFIX_PATH=/home/benongnuel/dev_ws/src/xarm_ros2/install/xarm_gazebo:/home/benongnuel/dev_ws/src/xarm_ros2/install/xarm_controller:/home/benongnuel/dev_ws/src/xarm_ros2/install/xarm_api:/home/benongnuel/dev_ws/src/xarm_ros2/install/xarm_sdk:/home/benongnuel/dev_ws/src/xarm_ros2/install/xarm_msgs:/home/benongnuel/dev_ws/src/xarm_ros2/install/xarm_description:/home/benongnuel/dev_ws/install/xarm_planner:/home/benongnuel/dev_ws/install/xarm_moveit_servo:/home/benongnuel/dev_ws/install/xarm_moveit_config:/home/benongnuel/dev_ws/install/xarm_gazebo:/home/benongnuel/dev_ws/install/xarm_controller:/home/benongnuel/dev_ws/install/xarm_api:/home/benongnuel/dev_ws/install/xarm_sdk:/home/benongnuel/dev_ws/install/xarm_msgs:/home/benongnuel/dev_ws/install/xarm_description:/home/benongnuel/dev_ws/install/realsense_gazebo_plugin:/home/benongnuel/dev_ws/install/mbot_demo:/home/benongnuel/robo_ws/install/custom_3dof_arm:/home/benongnuel/dev_ws/install/uf_ros_lib:/home/benongnuel/dev_ws/install/my_gripper_scripts:/opt/ros/humble LD_LIBRARY_PATH=/home/benongnuel/dev_ws/src/xarm_ros2/install/xarm_gazebo/lib:/home/benongnuel/dev_ws/src/xarm_ros2/install/xarm_controller/lib:/home/benongnuel/dev_ws/src/xarm_ros2/install/xarm_api/lib:/home/benongnuel/dev_ws/src/xarm_ros2/install/xarm_sdk/lib:/home/benongnuel/dev_ws/src/xarm_ros2/install/xarm_msgs/lib:${LD_LIBRARY_PATH} PYTHONPATH=/home/benongnuel/dev_ws/src/xarm_ros2/install/xarm_msgs/local/lib/python3.10/dist-packages:/home/benongnuel/dev_ws/src/xarm_ros2/build/uf_ros_lib:/home/benongnuel/dev_ws/src/xarm_ros2/install/uf_ros_lib/lib/python3.10/site-packages:${PYTHONPATH} /usr/bin/cmake --build /home/benongnuel/dev_ws/src/xarm_ros2/build/xarm_moveit_config -- -j16 -l16
[79.804s] DEBUG:colcon.colcon_core.event_handler.log_command:Invoked command in '/home/benongnuel/dev_ws/src/xarm_ros2/build/xarm_moveit_config' returned '0': AMENT_PREFIX_PATH=/home/benongnuel/dev_ws/src/xarm_ros2/install/xarm_gazebo:/home/benongnuel/dev_ws/src/xarm_ros2/install/xarm_controller:/home/benongnuel/dev_ws/src/xarm_ros2/install/xarm_api:/home/benongnuel/dev_ws/src/xarm_ros2/install/xarm_sdk:/home/benongnuel/dev_ws/src/xarm_ros2/install/xarm_msgs:/home/benongnuel/dev_ws/src/xarm_ros2/install/xarm_description:/home/benongnuel/dev_ws/src/xarm_ros2/install/uf_ros_lib:${AMENT_PREFIX_PATH} CMAKE_PREFIX_PATH=/home/benongnuel/dev_ws/src/xarm_ros2/install/xarm_gazebo:/home/benongnuel/dev_ws/src/xarm_ros2/install/xarm_controller:/home/benongnuel/dev_ws/src/xarm_ros2/install/xarm_api:/home/benongnuel/dev_ws/src/xarm_ros2/install/xarm_sdk:/home/benongnuel/dev_ws/src/xarm_ros2/install/xarm_msgs:/home/benongnuel/dev_ws/src/xarm_ros2/install/xarm_description:/home/benongnuel/dev_ws/install/xarm_planner:/home/benongnuel/dev_ws/install/xarm_moveit_servo:/home/benongnuel/dev_ws/install/xarm_moveit_config:/home/benongnuel/dev_ws/install/xarm_gazebo:/home/benongnuel/dev_ws/install/xarm_controller:/home/benongnuel/dev_ws/install/xarm_api:/home/benongnuel/dev_ws/install/xarm_sdk:/home/benongnuel/dev_ws/install/xarm_msgs:/home/benongnuel/dev_ws/install/xarm_description:/home/benongnuel/dev_ws/install/realsense_gazebo_plugin:/home/benongnuel/dev_ws/install/mbot_demo:/home/benongnuel/robo_ws/install/custom_3dof_arm:/home/benongnuel/dev_ws/install/uf_ros_lib:/home/benongnuel/dev_ws/install/my_gripper_scripts:/opt/ros/humble LD_LIBRARY_PATH=/home/benongnuel/dev_ws/src/xarm_ros2/install/xarm_gazebo/lib:/home/benongnuel/dev_ws/src/xarm_ros2/install/xarm_controller/lib:/home/benongnuel/dev_ws/src/xarm_ros2/install/xarm_api/lib:/home/benongnuel/dev_ws/src/xarm_ros2/install/xarm_sdk/lib:/home/benongnuel/dev_ws/src/xarm_ros2/install/xarm_msgs/lib:${LD_LIBRARY_PATH} PYTHONPATH=/home/benongnuel/dev_ws/src/xarm_ros2/install/xarm_msgs/local/lib/python3.10/dist-packages:/home/benongnuel/dev_ws/src/xarm_ros2/build/uf_ros_lib:/home/benongnuel/dev_ws/src/xarm_ros2/install/uf_ros_lib/lib/python3.10/site-packages:${PYTHONPATH} /usr/bin/cmake --build /home/benongnuel/dev_ws/src/xarm_ros2/build/xarm_moveit_config -- -j16 -l16
[79.805s] DEBUG:colcon.colcon_core.event_handler.log_command:Invoking command in '/home/benongnuel/dev_ws/src/xarm_ros2/build/xarm_moveit_config': AMENT_PREFIX_PATH=/home/benongnuel/dev_ws/src/xarm_ros2/install/xarm_gazebo:/home/benongnuel/dev_ws/src/xarm_ros2/install/xarm_controller:/home/benongnuel/dev_ws/src/xarm_ros2/install/xarm_api:/home/benongnuel/dev_ws/src/xarm_ros2/install/xarm_sdk:/home/benongnuel/dev_ws/src/xarm_ros2/install/xarm_msgs:/home/benongnuel/dev_ws/src/xarm_ros2/install/xarm_description:/home/benongnuel/dev_ws/src/xarm_ros2/install/uf_ros_lib:${AMENT_PREFIX_PATH} CMAKE_PREFIX_PATH=/home/benongnuel/dev_ws/src/xarm_ros2/install/xarm_gazebo:/home/benongnuel/dev_ws/src/xarm_ros2/install/xarm_controller:/home/benongnuel/dev_ws/src/xarm_ros2/install/xarm_api:/home/benongnuel/dev_ws/src/xarm_ros2/install/xarm_sdk:/home/benongnuel/dev_ws/src/xarm_ros2/install/xarm_msgs:/home/benongnuel/dev_ws/src/xarm_ros2/install/xarm_description:/home/benongnuel/dev_ws/install/xarm_planner:/home/benongnuel/dev_ws/install/xarm_moveit_servo:/home/benongnuel/dev_ws/install/xarm_moveit_config:/home/benongnuel/dev_ws/install/xarm_gazebo:/home/benongnuel/dev_ws/install/xarm_controller:/home/benongnuel/dev_ws/install/xarm_api:/home/benongnuel/dev_ws/install/xarm_sdk:/home/benongnuel/dev_ws/install/xarm_msgs:/home/benongnuel/dev_ws/install/xarm_description:/home/benongnuel/dev_ws/install/realsense_gazebo_plugin:/home/benongnuel/dev_ws/install/mbot_demo:/home/benongnuel/robo_ws/install/custom_3dof_arm:/home/benongnuel/dev_ws/install/uf_ros_lib:/home/benongnuel/dev_ws/install/my_gripper_scripts:/opt/ros/humble LD_LIBRARY_PATH=/home/benongnuel/dev_ws/src/xarm_ros2/install/xarm_gazebo/lib:/home/benongnuel/dev_ws/src/xarm_ros2/install/xarm_controller/lib:/home/benongnuel/dev_ws/src/xarm_ros2/install/xarm_api/lib:/home/benongnuel/dev_ws/src/xarm_ros2/install/xarm_sdk/lib:/home/benongnuel/dev_ws/src/xarm_ros2/install/xarm_msgs/lib:${LD_LIBRARY_PATH} PYTHONPATH=/home/benongnuel/dev_ws/src/xarm_ros2/install/xarm_msgs/local/lib/python3.10/dist-packages:/home/benongnuel/dev_ws/src/xarm_ros2/build/uf_ros_lib:/home/benongnuel/dev_ws/src/xarm_ros2/install/uf_ros_lib/lib/python3.10/site-packages:${PYTHONPATH} /usr/bin/cmake --install /home/benongnuel/dev_ws/src/xarm_ros2/build/xarm_moveit_config
[80.622s] Level 1:colcon.colcon_core.environment:create_environment_scripts_only(xarm_moveit_config)
[80.622s] Level 1:colcon.colcon_core.environment:checking '/home/benongnuel/dev_ws/src/xarm_ros2/install/xarm_moveit_config' for CMake module files
[80.622s] DEBUG:colcon.colcon_core.event_handler.log_command:Invoked command in '/home/benongnuel/dev_ws/src/xarm_ros2/build/xarm_moveit_config' returned '0': AMENT_PREFIX_PATH=/home/benongnuel/dev_ws/src/xarm_ros2/install/xarm_gazebo:/home/benongnuel/dev_ws/src/xarm_ros2/install/xarm_controller:/home/benongnuel/dev_ws/src/xarm_ros2/install/xarm_api:/home/benongnuel/dev_ws/src/xarm_ros2/install/xarm_sdk:/home/benongnuel/dev_ws/src/xarm_ros2/install/xarm_msgs:/home/benongnuel/dev_ws/src/xarm_ros2/install/xarm_description:/home/benongnuel/dev_ws/src/xarm_ros2/install/uf_ros_lib:${AMENT_PREFIX_PATH} CMAKE_PREFIX_PATH=/home/benongnuel/dev_ws/src/xarm_ros2/install/xarm_gazebo:/home/benongnuel/dev_ws/src/xarm_ros2/install/xarm_controller:/home/benongnuel/dev_ws/src/xarm_ros2/install/xarm_api:/home/benongnuel/dev_ws/src/xarm_ros2/install/xarm_sdk:/home/benongnuel/dev_ws/src/xarm_ros2/install/xarm_msgs:/home/benongnuel/dev_ws/src/xarm_ros2/install/xarm_description:/home/benongnuel/dev_ws/install/xarm_planner:/home/benongnuel/dev_ws/install/xarm_moveit_servo:/home/benongnuel/dev_ws/install/xarm_moveit_config:/home/benongnuel/dev_ws/install/xarm_gazebo:/home/benongnuel/dev_ws/install/xarm_controller:/home/benongnuel/dev_ws/install/xarm_api:/home/benongnuel/dev_ws/install/xarm_sdk:/home/benongnuel/dev_ws/install/xarm_msgs:/home/benongnuel/dev_ws/install/xarm_description:/home/benongnuel/dev_ws/install/realsense_gazebo_plugin:/home/benongnuel/dev_ws/install/mbot_demo:/home/benongnuel/robo_ws/install/custom_3dof_arm:/home/benongnuel/dev_ws/install/uf_ros_lib:/home/benongnuel/dev_ws/install/my_gripper_scripts:/opt/ros/humble LD_LIBRARY_PATH=/home/benongnuel/dev_ws/src/xarm_ros2/install/xarm_gazebo/lib:/home/benongnuel/dev_ws/src/xarm_ros2/install/xarm_controller/lib:/home/benongnuel/dev_ws/src/xarm_ros2/install/xarm_api/lib:/home/benongnuel/dev_ws/src/xarm_ros2/install/xarm_sdk/lib:/home/benongnuel/dev_ws/src/xarm_ros2/install/xarm_msgs/lib:${LD_LIBRARY_PATH} PYTHONPATH=/home/benongnuel/dev_ws/src/xarm_ros2/install/xarm_msgs/local/lib/python3.10/dist-packages:/home/benongnuel/dev_ws/src/xarm_ros2/build/uf_ros_lib:/home/benongnuel/dev_ws/src/xarm_ros2/install/uf_ros_lib/lib/python3.10/site-packages:${PYTHONPATH} /usr/bin/cmake --install /home/benongnuel/dev_ws/src/xarm_ros2/build/xarm_moveit_config
[80.623s] Level 1:colcon.colcon_core.environment:checking '/home/benongnuel/dev_ws/src/xarm_ros2/install/xarm_moveit_config' for CMake config files
[80.624s] Level 1:colcon.colcon_core.shell:create_environment_hook('xarm_moveit_config', 'cmake_prefix_path')
[80.624s] INFO:colcon.colcon_core.shell:Creating environment hook '/home/benongnuel/dev_ws/src/xarm_ros2/install/xarm_moveit_config/share/xarm_moveit_config/hook/cmake_prefix_path.ps1'
[80.625s] INFO:colcon.colcon_core.shell:Creating environment descriptor '/home/benongnuel/dev_ws/src/xarm_ros2/install/xarm_moveit_config/share/xarm_moveit_config/hook/cmake_prefix_path.dsv'
[80.625s] INFO:colcon.colcon_core.shell:Creating environment hook '/home/benongnuel/dev_ws/src/xarm_ros2/install/xarm_moveit_config/share/xarm_moveit_config/hook/cmake_prefix_path.sh'
[80.626s] Level 1:colcon.colcon_core.environment:checking '/home/benongnuel/dev_ws/src/xarm_ros2/install/xarm_moveit_config/bin'
[80.626s] Level 1:colcon.colcon_core.environment:checking '/home/benongnuel/dev_ws/src/xarm_ros2/install/xarm_moveit_config/lib/pkgconfig/xarm_moveit_config.pc'
[80.626s] Level 1:colcon.colcon_core.environment:checking '/home/benongnuel/dev_ws/src/xarm_ros2/install/xarm_moveit_config/lib/python3.10/site-packages'
[80.626s] Level 1:colcon.colcon_core.environment:checking '/home/benongnuel/dev_ws/src/xarm_ros2/install/xarm_moveit_config/bin'
[80.626s] INFO:colcon.colcon_core.shell:Creating package script '/home/benongnuel/dev_ws/src/xarm_ros2/install/xarm_moveit_config/share/xarm_moveit_config/package.ps1'
[80.627s] INFO:colcon.colcon_core.shell:Creating package descriptor '/home/benongnuel/dev_ws/src/xarm_ros2/install/xarm_moveit_config/share/xarm_moveit_config/package.dsv'
[80.627s] INFO:colcon.colcon_core.shell:Creating package script '/home/benongnuel/dev_ws/src/xarm_ros2/install/xarm_moveit_config/share/xarm_moveit_config/package.sh'
[80.627s] INFO:colcon.colcon_core.shell:Creating package script '/home/benongnuel/dev_ws/src/xarm_ros2/install/xarm_moveit_config/share/xarm_moveit_config/package.bash'
[80.627s] INFO:colcon.colcon_core.shell:Creating package script '/home/benongnuel/dev_ws/src/xarm_ros2/install/xarm_moveit_config/share/xarm_moveit_config/package.zsh'
[80.628s] Level 1:colcon.colcon_core.environment:create_file_with_runtime_dependencies(/home/benongnuel/dev_ws/src/xarm_ros2/install/xarm_moveit_config/share/colcon-core/packages/xarm_moveit_config)
[80.628s] Level 1:colcon.colcon_core.environment:create_environment_scripts_only(xarm_moveit_config)
[80.628s] Level 1:colcon.colcon_core.environment:checking '/home/benongnuel/dev_ws/src/xarm_ros2/install/xarm_moveit_config' for CMake module files
[80.629s] Level 1:colcon.colcon_core.environment:checking '/home/benongnuel/dev_ws/src/xarm_ros2/install/xarm_moveit_config' for CMake config files
[80.630s] Level 1:colcon.colcon_core.shell:create_environment_hook('xarm_moveit_config', 'cmake_prefix_path')
[80.630s] INFO:colcon.colcon_core.shell:Creating environment hook '/home/benongnuel/dev_ws/src/xarm_ros2/install/xarm_moveit_config/share/xarm_moveit_config/hook/cmake_prefix_path.ps1'
[80.631s] INFO:colcon.colcon_core.shell:Creating environment descriptor '/home/benongnuel/dev_ws/src/xarm_ros2/install/xarm_moveit_config/share/xarm_moveit_config/hook/cmake_prefix_path.dsv'
[80.631s] INFO:colcon.colcon_core.shell:Creating environment hook '/home/benongnuel/dev_ws/src/xarm_ros2/install/xarm_moveit_config/share/xarm_moveit_config/hook/cmake_prefix_path.sh'
[80.632s] Level 1:colcon.colcon_core.environment:checking '/home/benongnuel/dev_ws/src/xarm_ros2/install/xarm_moveit_config/bin'
[80.632s] Level 1:colcon.colcon_core.environment:checking '/home/benongnuel/dev_ws/src/xarm_ros2/install/xarm_moveit_config/lib/pkgconfig/xarm_moveit_config.pc'
[80.632s] Level 1:colcon.colcon_core.environment:checking '/home/benongnuel/dev_ws/src/xarm_ros2/install/xarm_moveit_config/lib/python3.10/site-packages'
[80.632s] Level 1:colcon.colcon_core.environment:checking '/home/benongnuel/dev_ws/src/xarm_ros2/install/xarm_moveit_config/bin'
[80.632s] INFO:colcon.colcon_core.shell:Creating package script '/home/benongnuel/dev_ws/src/xarm_ros2/install/xarm_moveit_config/share/xarm_moveit_config/package.ps1'
[80.633s] INFO:colcon.colcon_core.shell:Creating package descriptor '/home/benongnuel/dev_ws/src/xarm_ros2/install/xarm_moveit_config/share/xarm_moveit_config/package.dsv'
[80.633s] INFO:colcon.colcon_core.shell:Creating package script '/home/benongnuel/dev_ws/src/xarm_ros2/install/xarm_moveit_config/share/xarm_moveit_config/package.sh'
[80.633s] INFO:colcon.colcon_core.shell:Creating package script '/home/benongnuel/dev_ws/src/xarm_ros2/install/xarm_moveit_config/share/xarm_moveit_config/package.bash'
[80.634s] INFO:colcon.colcon_core.shell:Creating package script '/home/benongnuel/dev_ws/src/xarm_ros2/install/xarm_moveit_config/share/xarm_moveit_config/package.zsh'
[80.634s] Level 1:colcon.colcon_core.environment:create_file_with_runtime_dependencies(/home/benongnuel/dev_ws/src/xarm_ros2/install/xarm_moveit_config/share/colcon-core/packages/xarm_moveit_config)
[80.634s] INFO:colcon.colcon_ros.task.ament_cmake.build:Building ROS package in '/home/benongnuel/dev_ws/src/xarm_ros2/xarm_moveit_servo' with build type 'ament_cmake'
[80.634s] INFO:colcon.colcon_cmake.task.cmake.build:Building CMake package in '/home/benongnuel/dev_ws/src/xarm_ros2/xarm_moveit_servo'
[80.634s] INFO:colcon.colcon_core.shell:Skip shell extension 'powershell' for command environment: Not usable outside of PowerShell
[80.634s] DEBUG:colcon.colcon_core.shell:Skip shell extension 'dsv' for command environment
[80.637s] INFO:colcon.colcon_ros.task.ament_cmake.build:Building ROS package in '/home/benongnuel/dev_ws/src/xarm_ros2/xarm_planner' with build type 'ament_cmake'
[80.638s] INFO:colcon.colcon_cmake.task.cmake.build:Building CMake package in '/home/benongnuel/dev_ws/src/xarm_ros2/xarm_planner'
[80.638s] INFO:colcon.colcon_core.shell:Skip shell extension 'powershell' for command environment: Not usable outside of PowerShell
[80.638s] DEBUG:colcon.colcon_core.shell:Skip shell extension 'dsv' for command environment
[80.655s] DEBUG:colcon.colcon_core.event_handler.log_command:Invoking command in '/home/benongnuel/dev_ws/src/xarm_ros2/build/xarm_moveit_servo': AMENT_PREFIX_PATH=/home/benongnuel/dev_ws/src/xarm_ros2/install/xarm_moveit_config:/home/benongnuel/dev_ws/src/xarm_ros2/install/xarm_gazebo:/home/benongnuel/dev_ws/src/xarm_ros2/install/xarm_controller:/home/benongnuel/dev_ws/src/xarm_ros2/install/xarm_api:/home/benongnuel/dev_ws/src/xarm_ros2/install/xarm_sdk:/home/benongnuel/dev_ws/src/xarm_ros2/install/xarm_msgs:/home/benongnuel/dev_ws/src/xarm_ros2/install/xarm_description:/home/benongnuel/dev_ws/src/xarm_ros2/install/uf_ros_lib:${AMENT_PREFIX_PATH} CMAKE_PREFIX_PATH=/home/benongnuel/dev_ws/src/xarm_ros2/install/xarm_moveit_config:/home/benongnuel/dev_ws/src/xarm_ros2/install/xarm_gazebo:/home/benongnuel/dev_ws/src/xarm_ros2/install/xarm_controller:/home/benongnuel/dev_ws/src/xarm_ros2/install/xarm_api:/home/benongnuel/dev_ws/src/xarm_ros2/install/xarm_sdk:/home/benongnuel/dev_ws/src/xarm_ros2/install/xarm_msgs:/home/benongnuel/dev_ws/src/xarm_ros2/install/xarm_description:/home/benongnuel/dev_ws/install/xarm_planner:/home/benongnuel/dev_ws/install/xarm_moveit_servo:/home/benongnuel/dev_ws/install/xarm_moveit_config:/home/benongnuel/dev_ws/install/xarm_gazebo:/home/benongnuel/dev_ws/install/xarm_controller:/home/benongnuel/dev_ws/install/xarm_api:/home/benongnuel/dev_ws/install/xarm_sdk:/home/benongnuel/dev_ws/install/xarm_msgs:/home/benongnuel/dev_ws/install/xarm_description:/home/benongnuel/dev_ws/install/realsense_gazebo_plugin:/home/benongnuel/dev_ws/install/mbot_demo:/home/benongnuel/robo_ws/install/custom_3dof_arm:/home/benongnuel/dev_ws/install/uf_ros_lib:/home/benongnuel/dev_ws/install/my_gripper_scripts:/opt/ros/humble LD_LIBRARY_PATH=/home/benongnuel/dev_ws/src/xarm_ros2/install/xarm_gazebo/lib:/home/benongnuel/dev_ws/src/xarm_ros2/install/xarm_controller/lib:/home/benongnuel/dev_ws/src/xarm_ros2/install/xarm_api/lib:/home/benongnuel/dev_ws/src/xarm_ros2/install/xarm_sdk/lib:/home/benongnuel/dev_ws/src/xarm_ros2/install/xarm_msgs/lib:${LD_LIBRARY_PATH} PYTHONPATH=/home/benongnuel/dev_ws/src/xarm_ros2/install/xarm_msgs/local/lib/python3.10/dist-packages:/home/benongnuel/dev_ws/src/xarm_ros2/build/uf_ros_lib:/home/benongnuel/dev_ws/src/xarm_ros2/install/uf_ros_lib/lib/python3.10/site-packages:${PYTHONPATH} /usr/bin/cmake /home/benongnuel/dev_ws/src/xarm_ros2/xarm_moveit_servo -DAMENT_CMAKE_SYMLINK_INSTALL=1 -DCMAKE_INSTALL_PREFIX=/home/benongnuel/dev_ws/src/xarm_ros2/install/xarm_moveit_servo
[80.657s] DEBUG:colcon.colcon_core.event_handler.log_command:Invoking command in '/home/benongnuel/dev_ws/src/xarm_ros2/build/xarm_planner': AMENT_PREFIX_PATH=/home/benongnuel/dev_ws/src/xarm_ros2/install/xarm_moveit_config:/home/benongnuel/dev_ws/src/xarm_ros2/install/xarm_gazebo:/home/benongnuel/dev_ws/src/xarm_ros2/install/xarm_controller:/home/benongnuel/dev_ws/src/xarm_ros2/install/xarm_api:/home/benongnuel/dev_ws/src/xarm_ros2/install/xarm_sdk:/home/benongnuel/dev_ws/src/xarm_ros2/install/xarm_msgs:/home/benongnuel/dev_ws/src/xarm_ros2/install/xarm_description:/home/benongnuel/dev_ws/src/xarm_ros2/install/uf_ros_lib:${AMENT_PREFIX_PATH} CMAKE_PREFIX_PATH=/home/benongnuel/dev_ws/src/xarm_ros2/install/xarm_moveit_config:/home/benongnuel/dev_ws/src/xarm_ros2/install/xarm_gazebo:/home/benongnuel/dev_ws/src/xarm_ros2/install/xarm_controller:/home/benongnuel/dev_ws/src/xarm_ros2/install/xarm_api:/home/benongnuel/dev_ws/src/xarm_ros2/install/xarm_sdk:/home/benongnuel/dev_ws/src/xarm_ros2/install/xarm_msgs:/home/benongnuel/dev_ws/src/xarm_ros2/install/xarm_description:/home/benongnuel/dev_ws/install/xarm_planner:/home/benongnuel/dev_ws/install/xarm_moveit_servo:/home/benongnuel/dev_ws/install/xarm_moveit_config:/home/benongnuel/dev_ws/install/xarm_gazebo:/home/benongnuel/dev_ws/install/xarm_controller:/home/benongnuel/dev_ws/install/xarm_api:/home/benongnuel/dev_ws/install/xarm_sdk:/home/benongnuel/dev_ws/install/xarm_msgs:/home/benongnuel/dev_ws/install/xarm_description:/home/benongnuel/dev_ws/install/realsense_gazebo_plugin:/home/benongnuel/dev_ws/install/mbot_demo:/home/benongnuel/robo_ws/install/custom_3dof_arm:/home/benongnuel/dev_ws/install/uf_ros_lib:/home/benongnuel/dev_ws/install/my_gripper_scripts:/opt/ros/humble LD_LIBRARY_PATH=/home/benongnuel/dev_ws/src/xarm_ros2/install/xarm_gazebo/lib:/home/benongnuel/dev_ws/src/xarm_ros2/install/xarm_controller/lib:/home/benongnuel/dev_ws/src/xarm_ros2/install/xarm_api/lib:/home/benongnuel/dev_ws/src/xarm_ros2/install/xarm_sdk/lib:/home/benongnuel/dev_ws/src/xarm_ros2/install/xarm_msgs/lib:${LD_LIBRARY_PATH} PYTHONPATH=/home/benongnuel/dev_ws/src/xarm_ros2/install/xarm_msgs/local/lib/python3.10/dist-packages:/home/benongnuel/dev_ws/src/xarm_ros2/build/uf_ros_lib:/home/benongnuel/dev_ws/src/xarm_ros2/install/uf_ros_lib/lib/python3.10/site-packages:${PYTHONPATH} /usr/bin/cmake /home/benongnuel/dev_ws/src/xarm_ros2/xarm_planner -DAMENT_CMAKE_SYMLINK_INSTALL=1 -DCMAKE_INSTALL_PREFIX=/home/benongnuel/dev_ws/src/xarm_ros2/install/xarm_planner
[81.938s] DEBUG:colcon.colcon_core.event_handler.log_command:Invoked command in '/home/benongnuel/dev_ws/src/xarm_ros2/build/xarm_moveit_servo' returned '0': AMENT_PREFIX_PATH=/home/benongnuel/dev_ws/src/xarm_ros2/install/xarm_moveit_config:/home/benongnuel/dev_ws/src/xarm_ros2/install/xarm_gazebo:/home/benongnuel/dev_ws/src/xarm_ros2/install/xarm_controller:/home/benongnuel/dev_ws/src/xarm_ros2/install/xarm_api:/home/benongnuel/dev_ws/src/xarm_ros2/install/xarm_sdk:/home/benongnuel/dev_ws/src/xarm_ros2/install/xarm_msgs:/home/benongnuel/dev_ws/src/xarm_ros2/install/xarm_description:/home/benongnuel/dev_ws/src/xarm_ros2/install/uf_ros_lib:${AMENT_PREFIX_PATH} CMAKE_PREFIX_PATH=/home/benongnuel/dev_ws/src/xarm_ros2/install/xarm_moveit_config:/home/benongnuel/dev_ws/src/xarm_ros2/install/xarm_gazebo:/home/benongnuel/dev_ws/src/xarm_ros2/install/xarm_controller:/home/benongnuel/dev_ws/src/xarm_ros2/install/xarm_api:/home/benongnuel/dev_ws/src/xarm_ros2/install/xarm_sdk:/home/benongnuel/dev_ws/src/xarm_ros2/install/xarm_msgs:/home/benongnuel/dev_ws/src/xarm_ros2/install/xarm_description:/home/benongnuel/dev_ws/install/xarm_planner:/home/benongnuel/dev_ws/install/xarm_moveit_servo:/home/benongnuel/dev_ws/install/xarm_moveit_config:/home/benongnuel/dev_ws/install/xarm_gazebo:/home/benongnuel/dev_ws/install/xarm_controller:/home/benongnuel/dev_ws/install/xarm_api:/home/benongnuel/dev_ws/install/xarm_sdk:/home/benongnuel/dev_ws/install/xarm_msgs:/home/benongnuel/dev_ws/install/xarm_description:/home/benongnuel/dev_ws/install/realsense_gazebo_plugin:/home/benongnuel/dev_ws/install/mbot_demo:/home/benongnuel/robo_ws/install/custom_3dof_arm:/home/benongnuel/dev_ws/install/uf_ros_lib:/home/benongnuel/dev_ws/install/my_gripper_scripts:/opt/ros/humble LD_LIBRARY_PATH=/home/benongnuel/dev_ws/src/xarm_ros2/install/xarm_gazebo/lib:/home/benongnuel/dev_ws/src/xarm_ros2/install/xarm_controller/lib:/home/benongnuel/dev_ws/src/xarm_ros2/install/xarm_api/lib:/home/benongnuel/dev_ws/src/xarm_ros2/install/xarm_sdk/lib:/home/benongnuel/dev_ws/src/xarm_ros2/install/xarm_msgs/lib:${LD_LIBRARY_PATH} PYTHONPATH=/home/benongnuel/dev_ws/src/xarm_ros2/install/xarm_msgs/local/lib/python3.10/dist-packages:/home/benongnuel/dev_ws/src/xarm_ros2/build/uf_ros_lib:/home/benongnuel/dev_ws/src/xarm_ros2/install/uf_ros_lib/lib/python3.10/site-packages:${PYTHONPATH} /usr/bin/cmake /home/benongnuel/dev_ws/src/xarm_ros2/xarm_moveit_servo -DAMENT_CMAKE_SYMLINK_INSTALL=1 -DCMAKE_INSTALL_PREFIX=/home/benongnuel/dev_ws/src/xarm_ros2/install/xarm_moveit_servo
[81.940s] DEBUG:colcon.colcon_core.event_handler.log_command:Invoking command in '/home/benongnuel/dev_ws/src/xarm_ros2/build/xarm_moveit_servo': AMENT_PREFIX_PATH=/home/benongnuel/dev_ws/src/xarm_ros2/install/xarm_moveit_config:/home/benongnuel/dev_ws/src/xarm_ros2/install/xarm_gazebo:/home/benongnuel/dev_ws/src/xarm_ros2/install/xarm_controller:/home/benongnuel/dev_ws/src/xarm_ros2/install/xarm_api:/home/benongnuel/dev_ws/src/xarm_ros2/install/xarm_sdk:/home/benongnuel/dev_ws/src/xarm_ros2/install/xarm_msgs:/home/benongnuel/dev_ws/src/xarm_ros2/install/xarm_description:/home/benongnuel/dev_ws/src/xarm_ros2/install/uf_ros_lib:${AMENT_PREFIX_PATH} CMAKE_PREFIX_PATH=/home/benongnuel/dev_ws/src/xarm_ros2/install/xarm_moveit_config:/home/benongnuel/dev_ws/src/xarm_ros2/install/xarm_gazebo:/home/benongnuel/dev_ws/src/xarm_ros2/install/xarm_controller:/home/benongnuel/dev_ws/src/xarm_ros2/install/xarm_api:/home/benongnuel/dev_ws/src/xarm_ros2/install/xarm_sdk:/home/benongnuel/dev_ws/src/xarm_ros2/install/xarm_msgs:/home/benongnuel/dev_ws/src/xarm_ros2/install/xarm_description:/home/benongnuel/dev_ws/install/xarm_planner:/home/benongnuel/dev_ws/install/xarm_moveit_servo:/home/benongnuel/dev_ws/install/xarm_moveit_config:/home/benongnuel/dev_ws/install/xarm_gazebo:/home/benongnuel/dev_ws/install/xarm_controller:/home/benongnuel/dev_ws/install/xarm_api:/home/benongnuel/dev_ws/install/xarm_sdk:/home/benongnuel/dev_ws/install/xarm_msgs:/home/benongnuel/dev_ws/install/xarm_description:/home/benongnuel/dev_ws/install/realsense_gazebo_plugin:/home/benongnuel/dev_ws/install/mbot_demo:/home/benongnuel/robo_ws/install/custom_3dof_arm:/home/benongnuel/dev_ws/install/uf_ros_lib:/home/benongnuel/dev_ws/install/my_gripper_scripts:/opt/ros/humble LD_LIBRARY_PATH=/home/benongnuel/dev_ws/src/xarm_ros2/install/xarm_gazebo/lib:/home/benongnuel/dev_ws/src/xarm_ros2/install/xarm_controller/lib:/home/benongnuel/dev_ws/src/xarm_ros2/install/xarm_api/lib:/home/benongnuel/dev_ws/src/xarm_ros2/install/xarm_sdk/lib:/home/benongnuel/dev_ws/src/xarm_ros2/install/xarm_msgs/lib:${LD_LIBRARY_PATH} PYTHONPATH=/home/benongnuel/dev_ws/src/xarm_ros2/install/xarm_msgs/local/lib/python3.10/dist-packages:/home/benongnuel/dev_ws/src/xarm_ros2/build/uf_ros_lib:/home/benongnuel/dev_ws/src/xarm_ros2/install/uf_ros_lib/lib/python3.10/site-packages:${PYTHONPATH} /usr/bin/cmake --build /home/benongnuel/dev_ws/src/xarm_ros2/build/xarm_moveit_servo -- -j16 -l16
[82.039s] DEBUG:colcon.colcon_core.event_handler.log_command:Invoked command in '/home/benongnuel/dev_ws/src/xarm_ros2/build/xarm_planner' returned '0': AMENT_PREFIX_PATH=/home/benongnuel/dev_ws/src/xarm_ros2/install/xarm_moveit_config:/home/benongnuel/dev_ws/src/xarm_ros2/install/xarm_gazebo:/home/benongnuel/dev_ws/src/xarm_ros2/install/xarm_controller:/home/benongnuel/dev_ws/src/xarm_ros2/install/xarm_api:/home/benongnuel/dev_ws/src/xarm_ros2/install/xarm_sdk:/home/benongnuel/dev_ws/src/xarm_ros2/install/xarm_msgs:/home/benongnuel/dev_ws/src/xarm_ros2/install/xarm_description:/home/benongnuel/dev_ws/src/xarm_ros2/install/uf_ros_lib:${AMENT_PREFIX_PATH} CMAKE_PREFIX_PATH=/home/benongnuel/dev_ws/src/xarm_ros2/install/xarm_moveit_config:/home/benongnuel/dev_ws/src/xarm_ros2/install/xarm_gazebo:/home/benongnuel/dev_ws/src/xarm_ros2/install/xarm_controller:/home/benongnuel/dev_ws/src/xarm_ros2/install/xarm_api:/home/benongnuel/dev_ws/src/xarm_ros2/install/xarm_sdk:/home/benongnuel/dev_ws/src/xarm_ros2/install/xarm_msgs:/home/benongnuel/dev_ws/src/xarm_ros2/install/xarm_description:/home/benongnuel/dev_ws/install/xarm_planner:/home/benongnuel/dev_ws/install/xarm_moveit_servo:/home/benongnuel/dev_ws/install/xarm_moveit_config:/home/benongnuel/dev_ws/install/xarm_gazebo:/home/benongnuel/dev_ws/install/xarm_controller:/home/benongnuel/dev_ws/install/xarm_api:/home/benongnuel/dev_ws/install/xarm_sdk:/home/benongnuel/dev_ws/install/xarm_msgs:/home/benongnuel/dev_ws/install/xarm_description:/home/benongnuel/dev_ws/install/realsense_gazebo_plugin:/home/benongnuel/dev_ws/install/mbot_demo:/home/benongnuel/robo_ws/install/custom_3dof_arm:/home/benongnuel/dev_ws/install/uf_ros_lib:/home/benongnuel/dev_ws/install/my_gripper_scripts:/opt/ros/humble LD_LIBRARY_PATH=/home/benongnuel/dev_ws/src/xarm_ros2/install/xarm_gazebo/lib:/home/benongnuel/dev_ws/src/xarm_ros2/install/xarm_controller/lib:/home/benongnuel/dev_ws/src/xarm_ros2/install/xarm_api/lib:/home/benongnuel/dev_ws/src/xarm_ros2/install/xarm_sdk/lib:/home/benongnuel/dev_ws/src/xarm_ros2/install/xarm_msgs/lib:${LD_LIBRARY_PATH} PYTHONPATH=/home/benongnuel/dev_ws/src/xarm_ros2/install/xarm_msgs/local/lib/python3.10/dist-packages:/home/benongnuel/dev_ws/src/xarm_ros2/build/uf_ros_lib:/home/benongnuel/dev_ws/src/xarm_ros2/install/uf_ros_lib/lib/python3.10/site-packages:${PYTHONPATH} /usr/bin/cmake /home/benongnuel/dev_ws/src/xarm_ros2/xarm_planner -DAMENT_CMAKE_SYMLINK_INSTALL=1 -DCMAKE_INSTALL_PREFIX=/home/benongnuel/dev_ws/src/xarm_ros2/install/xarm_planner
[82.041s] DEBUG:colcon.colcon_core.event_handler.log_command:Invoking command in '/home/benongnuel/dev_ws/src/xarm_ros2/build/xarm_planner': AMENT_PREFIX_PATH=/home/benongnuel/dev_ws/src/xarm_ros2/install/xarm_moveit_config:/home/benongnuel/dev_ws/src/xarm_ros2/install/xarm_gazebo:/home/benongnuel/dev_ws/src/xarm_ros2/install/xarm_controller:/home/benongnuel/dev_ws/src/xarm_ros2/install/xarm_api:/home/benongnuel/dev_ws/src/xarm_ros2/install/xarm_sdk:/home/benongnuel/dev_ws/src/xarm_ros2/install/xarm_msgs:/home/benongnuel/dev_ws/src/xarm_ros2/install/xarm_description:/home/benongnuel/dev_ws/src/xarm_ros2/install/uf_ros_lib:${AMENT_PREFIX_PATH} CMAKE_PREFIX_PATH=/home/benongnuel/dev_ws/src/xarm_ros2/install/xarm_moveit_config:/home/benongnuel/dev_ws/src/xarm_ros2/install/xarm_gazebo:/home/benongnuel/dev_ws/src/xarm_ros2/install/xarm_controller:/home/benongnuel/dev_ws/src/xarm_ros2/install/xarm_api:/home/benongnuel/dev_ws/src/xarm_ros2/install/xarm_sdk:/home/benongnuel/dev_ws/src/xarm_ros2/install/xarm_msgs:/home/benongnuel/dev_ws/src/xarm_ros2/install/xarm_description:/home/benongnuel/dev_ws/install/xarm_planner:/home/benongnuel/dev_ws/install/xarm_moveit_servo:/home/benongnuel/dev_ws/install/xarm_moveit_config:/home/benongnuel/dev_ws/install/xarm_gazebo:/home/benongnuel/dev_ws/install/xarm_controller:/home/benongnuel/dev_ws/install/xarm_api:/home/benongnuel/dev_ws/install/xarm_sdk:/home/benongnuel/dev_ws/install/xarm_msgs:/home/benongnuel/dev_ws/install/xarm_description:/home/benongnuel/dev_ws/install/realsense_gazebo_plugin:/home/benongnuel/dev_ws/install/mbot_demo:/home/benongnuel/robo_ws/install/custom_3dof_arm:/home/benongnuel/dev_ws/install/uf_ros_lib:/home/benongnuel/dev_ws/install/my_gripper_scripts:/opt/ros/humble LD_LIBRARY_PATH=/home/benongnuel/dev_ws/src/xarm_ros2/install/xarm_gazebo/lib:/home/benongnuel/dev_ws/src/xarm_ros2/install/xarm_controller/lib:/home/benongnuel/dev_ws/src/xarm_ros2/install/xarm_api/lib:/home/benongnuel/dev_ws/src/xarm_ros2/install/xarm_sdk/lib:/home/benongnuel/dev_ws/src/xarm_ros2/install/xarm_msgs/lib:${LD_LIBRARY_PATH} PYTHONPATH=/home/benongnuel/dev_ws/src/xarm_ros2/install/xarm_msgs/local/lib/python3.10/dist-packages:/home/benongnuel/dev_ws/src/xarm_ros2/build/uf_ros_lib:/home/benongnuel/dev_ws/src/xarm_ros2/install/uf_ros_lib/lib/python3.10/site-packages:${PYTHONPATH} /usr/bin/cmake --build /home/benongnuel/dev_ws/src/xarm_ros2/build/xarm_planner -- -j16 -l16
[89.988s] DEBUG:colcon.colcon_core.event_handler.log_command:Invoked command in '/home/benongnuel/dev_ws/src/xarm_ros2/build/xarm_moveit_servo' returned '0': AMENT_PREFIX_PATH=/home/benongnuel/dev_ws/src/xarm_ros2/install/xarm_moveit_config:/home/benongnuel/dev_ws/src/xarm_ros2/install/xarm_gazebo:/home/benongnuel/dev_ws/src/xarm_ros2/install/xarm_controller:/home/benongnuel/dev_ws/src/xarm_ros2/install/xarm_api:/home/benongnuel/dev_ws/src/xarm_ros2/install/xarm_sdk:/home/benongnuel/dev_ws/src/xarm_ros2/install/xarm_msgs:/home/benongnuel/dev_ws/src/xarm_ros2/install/xarm_description:/home/benongnuel/dev_ws/src/xarm_ros2/install/uf_ros_lib:${AMENT_PREFIX_PATH} CMAKE_PREFIX_PATH=/home/benongnuel/dev_ws/src/xarm_ros2/install/xarm_moveit_config:/home/benongnuel/dev_ws/src/xarm_ros2/install/xarm_gazebo:/home/benongnuel/dev_ws/src/xarm_ros2/install/xarm_controller:/home/benongnuel/dev_ws/src/xarm_ros2/install/xarm_api:/home/benongnuel/dev_ws/src/xarm_ros2/install/xarm_sdk:/home/benongnuel/dev_ws/src/xarm_ros2/install/xarm_msgs:/home/benongnuel/dev_ws/src/xarm_ros2/install/xarm_description:/home/benongnuel/dev_ws/install/xarm_planner:/home/benongnuel/dev_ws/install/xarm_moveit_servo:/home/benongnuel/dev_ws/install/xarm_moveit_config:/home/benongnuel/dev_ws/install/xarm_gazebo:/home/benongnuel/dev_ws/install/xarm_controller:/home/benongnuel/dev_ws/install/xarm_api:/home/benongnuel/dev_ws/install/xarm_sdk:/home/benongnuel/dev_ws/install/xarm_msgs:/home/benongnuel/dev_ws/install/xarm_description:/home/benongnuel/dev_ws/install/realsense_gazebo_plugin:/home/benongnuel/dev_ws/install/mbot_demo:/home/benongnuel/robo_ws/install/custom_3dof_arm:/home/benongnuel/dev_ws/install/uf_ros_lib:/home/benongnuel/dev_ws/install/my_gripper_scripts:/opt/ros/humble LD_LIBRARY_PATH=/home/benongnuel/dev_ws/src/xarm_ros2/install/xarm_gazebo/lib:/home/benongnuel/dev_ws/src/xarm_ros2/install/xarm_controller/lib:/home/benongnuel/dev_ws/src/xarm_ros2/install/xarm_api/lib:/home/benongnuel/dev_ws/src/xarm_ros2/install/xarm_sdk/lib:/home/benongnuel/dev_ws/src/xarm_ros2/install/xarm_msgs/lib:${LD_LIBRARY_PATH} PYTHONPATH=/home/benongnuel/dev_ws/src/xarm_ros2/install/xarm_msgs/local/lib/python3.10/dist-packages:/home/benongnuel/dev_ws/src/xarm_ros2/build/uf_ros_lib:/home/benongnuel/dev_ws/src/xarm_ros2/install/uf_ros_lib/lib/python3.10/site-packages:${PYTHONPATH} /usr/bin/cmake --build /home/benongnuel/dev_ws/src/xarm_ros2/build/xarm_moveit_servo -- -j16 -l16
[89.990s] DEBUG:colcon.colcon_core.event_handler.log_command:Invoking command in '/home/benongnuel/dev_ws/src/xarm_ros2/build/xarm_moveit_servo': AMENT_PREFIX_PATH=/home/benongnuel/dev_ws/src/xarm_ros2/install/xarm_moveit_config:/home/benongnuel/dev_ws/src/xarm_ros2/install/xarm_gazebo:/home/benongnuel/dev_ws/src/xarm_ros2/install/xarm_controller:/home/benongnuel/dev_ws/src/xarm_ros2/install/xarm_api:/home/benongnuel/dev_ws/src/xarm_ros2/install/xarm_sdk:/home/benongnuel/dev_ws/src/xarm_ros2/install/xarm_msgs:/home/benongnuel/dev_ws/src/xarm_ros2/install/xarm_description:/home/benongnuel/dev_ws/src/xarm_ros2/install/uf_ros_lib:${AMENT_PREFIX_PATH} CMAKE_PREFIX_PATH=/home/benongnuel/dev_ws/src/xarm_ros2/install/xarm_moveit_config:/home/benongnuel/dev_ws/src/xarm_ros2/install/xarm_gazebo:/home/benongnuel/dev_ws/src/xarm_ros2/install/xarm_controller:/home/benongnuel/dev_ws/src/xarm_ros2/install/xarm_api:/home/benongnuel/dev_ws/src/xarm_ros2/install/xarm_sdk:/home/benongnuel/dev_ws/src/xarm_ros2/install/xarm_msgs:/home/benongnuel/dev_ws/src/xarm_ros2/install/xarm_description:/home/benongnuel/dev_ws/install/xarm_planner:/home/benongnuel/dev_ws/install/xarm_moveit_servo:/home/benongnuel/dev_ws/install/xarm_moveit_config:/home/benongnuel/dev_ws/install/xarm_gazebo:/home/benongnuel/dev_ws/install/xarm_controller:/home/benongnuel/dev_ws/install/xarm_api:/home/benongnuel/dev_ws/install/xarm_sdk:/home/benongnuel/dev_ws/install/xarm_msgs:/home/benongnuel/dev_ws/install/xarm_description:/home/benongnuel/dev_ws/install/realsense_gazebo_plugin:/home/benongnuel/dev_ws/install/mbot_demo:/home/benongnuel/robo_ws/install/custom_3dof_arm:/home/benongnuel/dev_ws/install/uf_ros_lib:/home/benongnuel/dev_ws/install/my_gripper_scripts:/opt/ros/humble LD_LIBRARY_PATH=/home/benongnuel/dev_ws/src/xarm_ros2/install/xarm_gazebo/lib:/home/benongnuel/dev_ws/src/xarm_ros2/install/xarm_controller/lib:/home/benongnuel/dev_ws/src/xarm_ros2/install/xarm_api/lib:/home/benongnuel/dev_ws/src/xarm_ros2/install/xarm_sdk/lib:/home/benongnuel/dev_ws/src/xarm_ros2/install/xarm_msgs/lib:${LD_LIBRARY_PATH} PYTHONPATH=/home/benongnuel/dev_ws/src/xarm_ros2/install/xarm_msgs/local/lib/python3.10/dist-packages:/home/benongnuel/dev_ws/src/xarm_ros2/build/uf_ros_lib:/home/benongnuel/dev_ws/src/xarm_ros2/install/uf_ros_lib/lib/python3.10/site-packages:${PYTHONPATH} /usr/bin/cmake --install /home/benongnuel/dev_ws/src/xarm_ros2/build/xarm_moveit_servo
[90.292s] Level 1:colcon.colcon_core.environment:create_environment_scripts_only(xarm_moveit_servo)
[90.292s] Level 1:colcon.colcon_core.environment:checking '/home/benongnuel/dev_ws/src/xarm_ros2/install/xarm_moveit_servo' for CMake module files
[90.293s] DEBUG:colcon.colcon_core.event_handler.log_command:Invoked command in '/home/benongnuel/dev_ws/src/xarm_ros2/build/xarm_moveit_servo' returned '0': AMENT_PREFIX_PATH=/home/benongnuel/dev_ws/src/xarm_ros2/install/xarm_moveit_config:/home/benongnuel/dev_ws/src/xarm_ros2/install/xarm_gazebo:/home/benongnuel/dev_ws/src/xarm_ros2/install/xarm_controller:/home/benongnuel/dev_ws/src/xarm_ros2/install/xarm_api:/home/benongnuel/dev_ws/src/xarm_ros2/install/xarm_sdk:/home/benongnuel/dev_ws/src/xarm_ros2/install/xarm_msgs:/home/benongnuel/dev_ws/src/xarm_ros2/install/xarm_description:/home/benongnuel/dev_ws/src/xarm_ros2/install/uf_ros_lib:${AMENT_PREFIX_PATH} CMAKE_PREFIX_PATH=/home/benongnuel/dev_ws/src/xarm_ros2/install/xarm_moveit_config:/home/benongnuel/dev_ws/src/xarm_ros2/install/xarm_gazebo:/home/benongnuel/dev_ws/src/xarm_ros2/install/xarm_controller:/home/benongnuel/dev_ws/src/xarm_ros2/install/xarm_api:/home/benongnuel/dev_ws/src/xarm_ros2/install/xarm_sdk:/home/benongnuel/dev_ws/src/xarm_ros2/install/xarm_msgs:/home/benongnuel/dev_ws/src/xarm_ros2/install/xarm_description:/home/benongnuel/dev_ws/install/xarm_planner:/home/benongnuel/dev_ws/install/xarm_moveit_servo:/home/benongnuel/dev_ws/install/xarm_moveit_config:/home/benongnuel/dev_ws/install/xarm_gazebo:/home/benongnuel/dev_ws/install/xarm_controller:/home/benongnuel/dev_ws/install/xarm_api:/home/benongnuel/dev_ws/install/xarm_sdk:/home/benongnuel/dev_ws/install/xarm_msgs:/home/benongnuel/dev_ws/install/xarm_description:/home/benongnuel/dev_ws/install/realsense_gazebo_plugin:/home/benongnuel/dev_ws/install/mbot_demo:/home/benongnuel/robo_ws/install/custom_3dof_arm:/home/benongnuel/dev_ws/install/uf_ros_lib:/home/benongnuel/dev_ws/install/my_gripper_scripts:/opt/ros/humble LD_LIBRARY_PATH=/home/benongnuel/dev_ws/src/xarm_ros2/install/xarm_gazebo/lib:/home/benongnuel/dev_ws/src/xarm_ros2/install/xarm_controller/lib:/home/benongnuel/dev_ws/src/xarm_ros2/install/xarm_api/lib:/home/benongnuel/dev_ws/src/xarm_ros2/install/xarm_sdk/lib:/home/benongnuel/dev_ws/src/xarm_ros2/install/xarm_msgs/lib:${LD_LIBRARY_PATH} PYTHONPATH=/home/benongnuel/dev_ws/src/xarm_ros2/install/xarm_msgs/local/lib/python3.10/dist-packages:/home/benongnuel/dev_ws/src/xarm_ros2/build/uf_ros_lib:/home/benongnuel/dev_ws/src/xarm_ros2/install/uf_ros_lib/lib/python3.10/site-packages:${PYTHONPATH} /usr/bin/cmake --install /home/benongnuel/dev_ws/src/xarm_ros2/build/xarm_moveit_servo
[90.293s] Level 1:colcon.colcon_core.environment:checking '/home/benongnuel/dev_ws/src/xarm_ros2/install/xarm_moveit_servo' for CMake config files
[90.294s] Level 1:colcon.colcon_core.shell:create_environment_hook('xarm_moveit_servo', 'cmake_prefix_path')
[90.294s] INFO:colcon.colcon_core.shell:Creating environment hook '/home/benongnuel/dev_ws/src/xarm_ros2/install/xarm_moveit_servo/share/xarm_moveit_servo/hook/cmake_prefix_path.ps1'
[90.295s] INFO:colcon.colcon_core.shell:Creating environment descriptor '/home/benongnuel/dev_ws/src/xarm_ros2/install/xarm_moveit_servo/share/xarm_moveit_servo/hook/cmake_prefix_path.dsv'
[90.295s] INFO:colcon.colcon_core.shell:Creating environment hook '/home/benongnuel/dev_ws/src/xarm_ros2/install/xarm_moveit_servo/share/xarm_moveit_servo/hook/cmake_prefix_path.sh'
[90.295s] Level 1:colcon.colcon_core.environment:checking '/home/benongnuel/dev_ws/src/xarm_ros2/install/xarm_moveit_servo/lib'
[90.295s] Level 1:colcon.colcon_core.shell:create_environment_hook('xarm_moveit_servo', 'ld_library_path_lib')
[90.296s] INFO:colcon.colcon_core.shell:Creating environment hook '/home/benongnuel/dev_ws/src/xarm_ros2/install/xarm_moveit_servo/share/xarm_moveit_servo/hook/ld_library_path_lib.ps1'
[90.296s] INFO:colcon.colcon_core.shell:Creating environment descriptor '/home/benongnuel/dev_ws/src/xarm_ros2/install/xarm_moveit_servo/share/xarm_moveit_servo/hook/ld_library_path_lib.dsv'
[90.296s] INFO:colcon.colcon_core.shell:Creating environment hook '/home/benongnuel/dev_ws/src/xarm_ros2/install/xarm_moveit_servo/share/xarm_moveit_servo/hook/ld_library_path_lib.sh'
[90.297s] Level 1:colcon.colcon_core.environment:checking '/home/benongnuel/dev_ws/src/xarm_ros2/install/xarm_moveit_servo/bin'
[90.297s] Level 1:colcon.colcon_core.environment:checking '/home/benongnuel/dev_ws/src/xarm_ros2/install/xarm_moveit_servo/lib/pkgconfig/xarm_moveit_servo.pc'
[90.297s] Level 1:colcon.colcon_core.environment:checking '/home/benongnuel/dev_ws/src/xarm_ros2/install/xarm_moveit_servo/lib/python3.10/site-packages'
[90.297s] Level 1:colcon.colcon_core.environment:checking '/home/benongnuel/dev_ws/src/xarm_ros2/install/xarm_moveit_servo/bin'
[90.297s] INFO:colcon.colcon_core.shell:Creating package script '/home/benongnuel/dev_ws/src/xarm_ros2/install/xarm_moveit_servo/share/xarm_moveit_servo/package.ps1'
[90.298s] INFO:colcon.colcon_core.shell:Creating package descriptor '/home/benongnuel/dev_ws/src/xarm_ros2/install/xarm_moveit_servo/share/xarm_moveit_servo/package.dsv'
[90.298s] INFO:colcon.colcon_core.shell:Creating package script '/home/benongnuel/dev_ws/src/xarm_ros2/install/xarm_moveit_servo/share/xarm_moveit_servo/package.sh'
[90.299s] INFO:colcon.colcon_core.shell:Creating package script '/home/benongnuel/dev_ws/src/xarm_ros2/install/xarm_moveit_servo/share/xarm_moveit_servo/package.bash'
[90.299s] INFO:colcon.colcon_core.shell:Creating package script '/home/benongnuel/dev_ws/src/xarm_ros2/install/xarm_moveit_servo/share/xarm_moveit_servo/package.zsh'
[90.299s] Level 1:colcon.colcon_core.environment:create_file_with_runtime_dependencies(/home/benongnuel/dev_ws/src/xarm_ros2/install/xarm_moveit_servo/share/colcon-core/packages/xarm_moveit_servo)
[90.300s] Level 1:colcon.colcon_core.environment:create_environment_scripts_only(xarm_moveit_servo)
[90.300s] Level 1:colcon.colcon_core.environment:checking '/home/benongnuel/dev_ws/src/xarm_ros2/install/xarm_moveit_servo' for CMake module files
[90.301s] Level 1:colcon.colcon_core.environment:checking '/home/benongnuel/dev_ws/src/xarm_ros2/install/xarm_moveit_servo' for CMake config files
[90.301s] Level 1:colcon.colcon_core.shell:create_environment_hook('xarm_moveit_servo', 'cmake_prefix_path')
[90.301s] INFO:colcon.colcon_core.shell:Creating environment hook '/home/benongnuel/dev_ws/src/xarm_ros2/install/xarm_moveit_servo/share/xarm_moveit_servo/hook/cmake_prefix_path.ps1'
[90.302s] INFO:colcon.colcon_core.shell:Creating environment descriptor '/home/benongnuel/dev_ws/src/xarm_ros2/install/xarm_moveit_servo/share/xarm_moveit_servo/hook/cmake_prefix_path.dsv'
[90.302s] INFO:colcon.colcon_core.shell:Creating environment hook '/home/benongnuel/dev_ws/src/xarm_ros2/install/xarm_moveit_servo/share/xarm_moveit_servo/hook/cmake_prefix_path.sh'
[90.302s] Level 1:colcon.colcon_core.environment:checking '/home/benongnuel/dev_ws/src/xarm_ros2/install/xarm_moveit_servo/lib'
[90.302s] Level 1:colcon.colcon_core.shell:create_environment_hook('xarm_moveit_servo', 'ld_library_path_lib')
[90.303s] INFO:colcon.colcon_core.shell:Creating environment hook '/home/benongnuel/dev_ws/src/xarm_ros2/install/xarm_moveit_servo/share/xarm_moveit_servo/hook/ld_library_path_lib.ps1'
[90.303s] INFO:colcon.colcon_core.shell:Creating environment descriptor '/home/benongnuel/dev_ws/src/xarm_ros2/install/xarm_moveit_servo/share/xarm_moveit_servo/hook/ld_library_path_lib.dsv'
[90.303s] INFO:colcon.colcon_core.shell:Creating environment hook '/home/benongnuel/dev_ws/src/xarm_ros2/install/xarm_moveit_servo/share/xarm_moveit_servo/hook/ld_library_path_lib.sh'
[90.304s] Level 1:colcon.colcon_core.environment:checking '/home/benongnuel/dev_ws/src/xarm_ros2/install/xarm_moveit_servo/bin'
[90.304s] Level 1:colcon.colcon_core.environment:checking '/home/benongnuel/dev_ws/src/xarm_ros2/install/xarm_moveit_servo/lib/pkgconfig/xarm_moveit_servo.pc'
[90.304s] Level 1:colcon.colcon_core.environment:checking '/home/benongnuel/dev_ws/src/xarm_ros2/install/xarm_moveit_servo/lib/python3.10/site-packages'
[90.304s] Level 1:colcon.colcon_core.environment:checking '/home/benongnuel/dev_ws/src/xarm_ros2/install/xarm_moveit_servo/bin'
[90.304s] INFO:colcon.colcon_core.shell:Creating package script '/home/benongnuel/dev_ws/src/xarm_ros2/install/xarm_moveit_servo/share/xarm_moveit_servo/package.ps1'
[90.305s] INFO:colcon.colcon_core.shell:Creating package descriptor '/home/benongnuel/dev_ws/src/xarm_ros2/install/xarm_moveit_servo/share/xarm_moveit_servo/package.dsv'
[90.306s] INFO:colcon.colcon_core.shell:Creating package script '/home/benongnuel/dev_ws/src/xarm_ros2/install/xarm_moveit_servo/share/xarm_moveit_servo/package.sh'
[90.306s] INFO:colcon.colcon_core.shell:Creating package script '/home/benongnuel/dev_ws/src/xarm_ros2/install/xarm_moveit_servo/share/xarm_moveit_servo/package.bash'
[90.306s] INFO:colcon.colcon_core.shell:Creating package script '/home/benongnuel/dev_ws/src/xarm_ros2/install/xarm_moveit_servo/share/xarm_moveit_servo/package.zsh'
[90.307s] Level 1:colcon.colcon_core.environment:create_file_with_runtime_dependencies(/home/benongnuel/dev_ws/src/xarm_ros2/install/xarm_moveit_servo/share/colcon-core/packages/xarm_moveit_servo)
[96.584s] DEBUG:colcon.colcon_core.event_handler.log_command:Invoked command in '/home/benongnuel/dev_ws/src/xarm_ros2/build/xarm_planner' returned '0': AMENT_PREFIX_PATH=/home/benongnuel/dev_ws/src/xarm_ros2/install/xarm_moveit_config:/home/benongnuel/dev_ws/src/xarm_ros2/install/xarm_gazebo:/home/benongnuel/dev_ws/src/xarm_ros2/install/xarm_controller:/home/benongnuel/dev_ws/src/xarm_ros2/install/xarm_api:/home/benongnuel/dev_ws/src/xarm_ros2/install/xarm_sdk:/home/benongnuel/dev_ws/src/xarm_ros2/install/xarm_msgs:/home/benongnuel/dev_ws/src/xarm_ros2/install/xarm_description:/home/benongnuel/dev_ws/src/xarm_ros2/install/uf_ros_lib:${AMENT_PREFIX_PATH} CMAKE_PREFIX_PATH=/home/benongnuel/dev_ws/src/xarm_ros2/install/xarm_moveit_config:/home/benongnuel/dev_ws/src/xarm_ros2/install/xarm_gazebo:/home/benongnuel/dev_ws/src/xarm_ros2/install/xarm_controller:/home/benongnuel/dev_ws/src/xarm_ros2/install/xarm_api:/home/benongnuel/dev_ws/src/xarm_ros2/install/xarm_sdk:/home/benongnuel/dev_ws/src/xarm_ros2/install/xarm_msgs:/home/benongnuel/dev_ws/src/xarm_ros2/install/xarm_description:/home/benongnuel/dev_ws/install/xarm_planner:/home/benongnuel/dev_ws/install/xarm_moveit_servo:/home/benongnuel/dev_ws/install/xarm_moveit_config:/home/benongnuel/dev_ws/install/xarm_gazebo:/home/benongnuel/dev_ws/install/xarm_controller:/home/benongnuel/dev_ws/install/xarm_api:/home/benongnuel/dev_ws/install/xarm_sdk:/home/benongnuel/dev_ws/install/xarm_msgs:/home/benongnuel/dev_ws/install/xarm_description:/home/benongnuel/dev_ws/install/realsense_gazebo_plugin:/home/benongnuel/dev_ws/install/mbot_demo:/home/benongnuel/robo_ws/install/custom_3dof_arm:/home/benongnuel/dev_ws/install/uf_ros_lib:/home/benongnuel/dev_ws/install/my_gripper_scripts:/opt/ros/humble LD_LIBRARY_PATH=/home/benongnuel/dev_ws/src/xarm_ros2/install/xarm_gazebo/lib:/home/benongnuel/dev_ws/src/xarm_ros2/install/xarm_controller/lib:/home/benongnuel/dev_ws/src/xarm_ros2/install/xarm_api/lib:/home/benongnuel/dev_ws/src/xarm_ros2/install/xarm_sdk/lib:/home/benongnuel/dev_ws/src/xarm_ros2/install/xarm_msgs/lib:${LD_LIBRARY_PATH} PYTHONPATH=/home/benongnuel/dev_ws/src/xarm_ros2/install/xarm_msgs/local/lib/python3.10/dist-packages:/home/benongnuel/dev_ws/src/xarm_ros2/build/uf_ros_lib:/home/benongnuel/dev_ws/src/xarm_ros2/install/uf_ros_lib/lib/python3.10/site-packages:${PYTHONPATH} /usr/bin/cmake --build /home/benongnuel/dev_ws/src/xarm_ros2/build/xarm_planner -- -j16 -l16
[96.586s] DEBUG:colcon.colcon_core.event_handler.log_command:Invoking command in '/home/benongnuel/dev_ws/src/xarm_ros2/build/xarm_planner': AMENT_PREFIX_PATH=/home/benongnuel/dev_ws/src/xarm_ros2/install/xarm_moveit_config:/home/benongnuel/dev_ws/src/xarm_ros2/install/xarm_gazebo:/home/benongnuel/dev_ws/src/xarm_ros2/install/xarm_controller:/home/benongnuel/dev_ws/src/xarm_ros2/install/xarm_api:/home/benongnuel/dev_ws/src/xarm_ros2/install/xarm_sdk:/home/benongnuel/dev_ws/src/xarm_ros2/install/xarm_msgs:/home/benongnuel/dev_ws/src/xarm_ros2/install/xarm_description:/home/benongnuel/dev_ws/src/xarm_ros2/install/uf_ros_lib:${AMENT_PREFIX_PATH} CMAKE_PREFIX_PATH=/home/benongnuel/dev_ws/src/xarm_ros2/install/xarm_moveit_config:/home/benongnuel/dev_ws/src/xarm_ros2/install/xarm_gazebo:/home/benongnuel/dev_ws/src/xarm_ros2/install/xarm_controller:/home/benongnuel/dev_ws/src/xarm_ros2/install/xarm_api:/home/benongnuel/dev_ws/src/xarm_ros2/install/xarm_sdk:/home/benongnuel/dev_ws/src/xarm_ros2/install/xarm_msgs:/home/benongnuel/dev_ws/src/xarm_ros2/install/xarm_description:/home/benongnuel/dev_ws/install/xarm_planner:/home/benongnuel/dev_ws/install/xarm_moveit_servo:/home/benongnuel/dev_ws/install/xarm_moveit_config:/home/benongnuel/dev_ws/install/xarm_gazebo:/home/benongnuel/dev_ws/install/xarm_controller:/home/benongnuel/dev_ws/install/xarm_api:/home/benongnuel/dev_ws/install/xarm_sdk:/home/benongnuel/dev_ws/install/xarm_msgs:/home/benongnuel/dev_ws/install/xarm_description:/home/benongnuel/dev_ws/install/realsense_gazebo_plugin:/home/benongnuel/dev_ws/install/mbot_demo:/home/benongnuel/robo_ws/install/custom_3dof_arm:/home/benongnuel/dev_ws/install/uf_ros_lib:/home/benongnuel/dev_ws/install/my_gripper_scripts:/opt/ros/humble LD_LIBRARY_PATH=/home/benongnuel/dev_ws/src/xarm_ros2/install/xarm_gazebo/lib:/home/benongnuel/dev_ws/src/xarm_ros2/install/xarm_controller/lib:/home/benongnuel/dev_ws/src/xarm_ros2/install/xarm_api/lib:/home/benongnuel/dev_ws/src/xarm_ros2/install/xarm_sdk/lib:/home/benongnuel/dev_ws/src/xarm_ros2/install/xarm_msgs/lib:${LD_LIBRARY_PATH} PYTHONPATH=/home/benongnuel/dev_ws/src/xarm_ros2/install/xarm_msgs/local/lib/python3.10/dist-packages:/home/benongnuel/dev_ws/src/xarm_ros2/build/uf_ros_lib:/home/benongnuel/dev_ws/src/xarm_ros2/install/uf_ros_lib/lib/python3.10/site-packages:${PYTHONPATH} /usr/bin/cmake --install /home/benongnuel/dev_ws/src/xarm_ros2/build/xarm_planner
[96.970s] Level 1:colcon.colcon_core.environment:create_environment_scripts_only(xarm_planner)
[96.970s] Level 1:colcon.colcon_core.environment:checking '/home/benongnuel/dev_ws/src/xarm_ros2/install/xarm_planner' for CMake module files
[96.971s] DEBUG:colcon.colcon_core.event_handler.log_command:Invoked command in '/home/benongnuel/dev_ws/src/xarm_ros2/build/xarm_planner' returned '0': AMENT_PREFIX_PATH=/home/benongnuel/dev_ws/src/xarm_ros2/install/xarm_moveit_config:/home/benongnuel/dev_ws/src/xarm_ros2/install/xarm_gazebo:/home/benongnuel/dev_ws/src/xarm_ros2/install/xarm_controller:/home/benongnuel/dev_ws/src/xarm_ros2/install/xarm_api:/home/benongnuel/dev_ws/src/xarm_ros2/install/xarm_sdk:/home/benongnuel/dev_ws/src/xarm_ros2/install/xarm_msgs:/home/benongnuel/dev_ws/src/xarm_ros2/install/xarm_description:/home/benongnuel/dev_ws/src/xarm_ros2/install/uf_ros_lib:${AMENT_PREFIX_PATH} CMAKE_PREFIX_PATH=/home/benongnuel/dev_ws/src/xarm_ros2/install/xarm_moveit_config:/home/benongnuel/dev_ws/src/xarm_ros2/install/xarm_gazebo:/home/benongnuel/dev_ws/src/xarm_ros2/install/xarm_controller:/home/benongnuel/dev_ws/src/xarm_ros2/install/xarm_api:/home/benongnuel/dev_ws/src/xarm_ros2/install/xarm_sdk:/home/benongnuel/dev_ws/src/xarm_ros2/install/xarm_msgs:/home/benongnuel/dev_ws/src/xarm_ros2/install/xarm_description:/home/benongnuel/dev_ws/install/xarm_planner:/home/benongnuel/dev_ws/install/xarm_moveit_servo:/home/benongnuel/dev_ws/install/xarm_moveit_config:/home/benongnuel/dev_ws/install/xarm_gazebo:/home/benongnuel/dev_ws/install/xarm_controller:/home/benongnuel/dev_ws/install/xarm_api:/home/benongnuel/dev_ws/install/xarm_sdk:/home/benongnuel/dev_ws/install/xarm_msgs:/home/benongnuel/dev_ws/install/xarm_description:/home/benongnuel/dev_ws/install/realsense_gazebo_plugin:/home/benongnuel/dev_ws/install/mbot_demo:/home/benongnuel/robo_ws/install/custom_3dof_arm:/home/benongnuel/dev_ws/install/uf_ros_lib:/home/benongnuel/dev_ws/install/my_gripper_scripts:/opt/ros/humble LD_LIBRARY_PATH=/home/benongnuel/dev_ws/src/xarm_ros2/install/xarm_gazebo/lib:/home/benongnuel/dev_ws/src/xarm_ros2/install/xarm_controller/lib:/home/benongnuel/dev_ws/src/xarm_ros2/install/xarm_api/lib:/home/benongnuel/dev_ws/src/xarm_ros2/install/xarm_sdk/lib:/home/benongnuel/dev_ws/src/xarm_ros2/install/xarm_msgs/lib:${LD_LIBRARY_PATH} PYTHONPATH=/home/benongnuel/dev_ws/src/xarm_ros2/install/xarm_msgs/local/lib/python3.10/dist-packages:/home/benongnuel/dev_ws/src/xarm_ros2/build/uf_ros_lib:/home/benongnuel/dev_ws/src/xarm_ros2/install/uf_ros_lib/lib/python3.10/site-packages:${PYTHONPATH} /usr/bin/cmake --install /home/benongnuel/dev_ws/src/xarm_ros2/build/xarm_planner
[96.971s] Level 1:colcon.colcon_core.environment:checking '/home/benongnuel/dev_ws/src/xarm_ros2/install/xarm_planner' for CMake config files
[96.971s] Level 1:colcon.colcon_core.shell:create_environment_hook('xarm_planner', 'cmake_prefix_path')
[96.971s] INFO:colcon.colcon_core.shell:Creating environment hook '/home/benongnuel/dev_ws/src/xarm_ros2/install/xarm_planner/share/xarm_planner/hook/cmake_prefix_path.ps1'
[96.971s] INFO:colcon.colcon_core.shell:Creating environment descriptor '/home/benongnuel/dev_ws/src/xarm_ros2/install/xarm_planner/share/xarm_planner/hook/cmake_prefix_path.dsv'
[96.972s] INFO:colcon.colcon_core.shell:Creating environment hook '/home/benongnuel/dev_ws/src/xarm_ros2/install/xarm_planner/share/xarm_planner/hook/cmake_prefix_path.sh'
[96.972s] Level 1:colcon.colcon_core.environment:checking '/home/benongnuel/dev_ws/src/xarm_ros2/install/xarm_planner/lib'
[96.972s] Level 1:colcon.colcon_core.shell:create_environment_hook('xarm_planner', 'ld_library_path_lib')
[96.972s] INFO:colcon.colcon_core.shell:Creating environment hook '/home/benongnuel/dev_ws/src/xarm_ros2/install/xarm_planner/share/xarm_planner/hook/ld_library_path_lib.ps1'
[96.972s] INFO:colcon.colcon_core.shell:Creating environment descriptor '/home/benongnuel/dev_ws/src/xarm_ros2/install/xarm_planner/share/xarm_planner/hook/ld_library_path_lib.dsv'
[96.972s] INFO:colcon.colcon_core.shell:Creating environment hook '/home/benongnuel/dev_ws/src/xarm_ros2/install/xarm_planner/share/xarm_planner/hook/ld_library_path_lib.sh'
[96.973s] Level 1:colcon.colcon_core.environment:checking '/home/benongnuel/dev_ws/src/xarm_ros2/install/xarm_planner/bin'
[96.973s] Level 1:colcon.colcon_core.environment:checking '/home/benongnuel/dev_ws/src/xarm_ros2/install/xarm_planner/lib/pkgconfig/xarm_planner.pc'
[96.973s] Level 1:colcon.colcon_core.environment:checking '/home/benongnuel/dev_ws/src/xarm_ros2/install/xarm_planner/lib/python3.10/site-packages'
[96.973s] Level 1:colcon.colcon_core.environment:checking '/home/benongnuel/dev_ws/src/xarm_ros2/install/xarm_planner/bin'
[96.973s] INFO:colcon.colcon_core.shell:Creating package script '/home/benongnuel/dev_ws/src/xarm_ros2/install/xarm_planner/share/xarm_planner/package.ps1'
[96.973s] INFO:colcon.colcon_core.shell:Creating package descriptor '/home/benongnuel/dev_ws/src/xarm_ros2/install/xarm_planner/share/xarm_planner/package.dsv'
[96.974s] INFO:colcon.colcon_core.shell:Creating package script '/home/benongnuel/dev_ws/src/xarm_ros2/install/xarm_planner/share/xarm_planner/package.sh'
[96.974s] INFO:colcon.colcon_core.shell:Creating package script '/home/benongnuel/dev_ws/src/xarm_ros2/install/xarm_planner/share/xarm_planner/package.bash'
[96.974s] INFO:colcon.colcon_core.shell:Creating package script '/home/benongnuel/dev_ws/src/xarm_ros2/install/xarm_planner/share/xarm_planner/package.zsh'
[96.974s] Level 1:colcon.colcon_core.environment:create_file_with_runtime_dependencies(/home/benongnuel/dev_ws/src/xarm_ros2/install/xarm_planner/share/colcon-core/packages/xarm_planner)
[96.974s] Level 1:colcon.colcon_core.environment:create_environment_scripts_only(xarm_planner)
[96.975s] Level 1:colcon.colcon_core.environment:checking '/home/benongnuel/dev_ws/src/xarm_ros2/install/xarm_planner' for CMake module files
[96.975s] Level 1:colcon.colcon_core.environment:checking '/home/benongnuel/dev_ws/src/xarm_ros2/install/xarm_planner' for CMake config files
[96.975s] Level 1:colcon.colcon_core.shell:create_environment_hook('xarm_planner', 'cmake_prefix_path')
[96.975s] INFO:colcon.colcon_core.shell:Creating environment hook '/home/benongnuel/dev_ws/src/xarm_ros2/install/xarm_planner/share/xarm_planner/hook/cmake_prefix_path.ps1'
[96.975s] INFO:colcon.colcon_core.shell:Creating environment descriptor '/home/benongnuel/dev_ws/src/xarm_ros2/install/xarm_planner/share/xarm_planner/hook/cmake_prefix_path.dsv'
[96.975s] INFO:colcon.colcon_core.shell:Creating environment hook '/home/benongnuel/dev_ws/src/xarm_ros2/install/xarm_planner/share/xarm_planner/hook/cmake_prefix_path.sh'
[96.976s] Level 1:colcon.colcon_core.environment:checking '/home/benongnuel/dev_ws/src/xarm_ros2/install/xarm_planner/lib'
[96.976s] Level 1:colcon.colcon_core.shell:create_environment_hook('xarm_planner', 'ld_library_path_lib')
[96.976s] INFO:colcon.colcon_core.shell:Creating environment hook '/home/benongnuel/dev_ws/src/xarm_ros2/install/xarm_planner/share/xarm_planner/hook/ld_library_path_lib.ps1'
[96.976s] INFO:colcon.colcon_core.shell:Creating environment descriptor '/home/benongnuel/dev_ws/src/xarm_ros2/install/xarm_planner/share/xarm_planner/hook/ld_library_path_lib.dsv'
[96.976s] INFO:colcon.colcon_core.shell:Creating environment hook '/home/benongnuel/dev_ws/src/xarm_ros2/install/xarm_planner/share/xarm_planner/hook/ld_library_path_lib.sh'
[96.976s] Level 1:colcon.colcon_core.environment:checking '/home/benongnuel/dev_ws/src/xarm_ros2/install/xarm_planner/bin'
[96.976s] Level 1:colcon.colcon_core.environment:checking '/home/benongnuel/dev_ws/src/xarm_ros2/install/xarm_planner/lib/pkgconfig/xarm_planner.pc'
[96.976s] Level 1:colcon.colcon_core.environment:checking '/home/benongnuel/dev_ws/src/xarm_ros2/install/xarm_planner/lib/python3.10/site-packages'
[96.977s] Level 1:colcon.colcon_core.environment:checking '/home/benongnuel/dev_ws/src/xarm_ros2/install/xarm_planner/bin'
[96.977s] INFO:colcon.colcon_core.shell:Creating package script '/home/benongnuel/dev_ws/src/xarm_ros2/install/xarm_planner/share/xarm_planner/package.ps1'
[96.977s] INFO:colcon.colcon_core.shell:Creating package descriptor '/home/benongnuel/dev_ws/src/xarm_ros2/install/xarm_planner/share/xarm_planner/package.dsv'
[96.977s] INFO:colcon.colcon_core.shell:Creating package script '/home/benongnuel/dev_ws/src/xarm_ros2/install/xarm_planner/share/xarm_planner/package.sh'
[96.977s] INFO:colcon.colcon_core.shell:Creating package script '/home/benongnuel/dev_ws/src/xarm_ros2/install/xarm_planner/share/xarm_planner/package.bash'
[96.978s] INFO:colcon.colcon_core.shell:Creating package script '/home/benongnuel/dev_ws/src/xarm_ros2/install/xarm_planner/share/xarm_planner/package.zsh'
[96.978s] Level 1:colcon.colcon_core.environment:create_file_with_runtime_dependencies(/home/benongnuel/dev_ws/src/xarm_ros2/install/xarm_planner/share/colcon-core/packages/xarm_planner)
[96.978s] DEBUG:colcon.colcon_parallel_executor.executor.parallel:closing loop
[96.978s] DEBUG:colcon.colcon_parallel_executor.executor.parallel:loop closed
[96.978s] DEBUG:colcon.colcon_parallel_executor.executor.parallel:run_until_complete finished with '0'
[96.978s] DEBUG:colcon.colcon_core.event_reactor:joining thread
[96.981s] INFO:colcon.colcon_core.plugin_system:Skipping extension 'colcon_notification.desktop_notification.terminal_notifier': Not used on non-Darwin systems
[96.981s] INFO:colcon.colcon_core.plugin_system:Skipping extension 'colcon_notification.desktop_notification.win32': Not used on non-Windows systems
[96.981s] INFO:colcon.colcon_notification.desktop_notification:Sending desktop notification using 'notify2'
[96.989s] DEBUG:colcon.colcon_core.event_reactor:joined thread
[96.989s] INFO:colcon.colcon_core.shell:Creating prefix script '/home/benongnuel/dev_ws/src/xarm_ros2/install/local_setup.ps1'
[96.990s] INFO:colcon.colcon_core.shell:Creating prefix util module '/home/benongnuel/dev_ws/src/xarm_ros2/install/_local_setup_util_ps1.py'
[96.990s] INFO:colcon.colcon_core.shell:Creating prefix chain script '/home/benongnuel/dev_ws/src/xarm_ros2/install/setup.ps1'
[96.991s] INFO:colcon.colcon_core.shell:Creating prefix script '/home/benongnuel/dev_ws/src/xarm_ros2/install/local_setup.sh'
[96.991s] INFO:colcon.colcon_core.shell:Creating prefix util module '/home/benongnuel/dev_ws/src/xarm_ros2/install/_local_setup_util_sh.py'
[96.992s] INFO:colcon.colcon_core.shell:Creating prefix chain script '/home/benongnuel/dev_ws/src/xarm_ros2/install/setup.sh'
[96.992s] INFO:colcon.colcon_core.shell:Creating prefix script '/home/benongnuel/dev_ws/src/xarm_ros2/install/local_setup.bash'
[96.993s] INFO:colcon.colcon_core.shell:Creating prefix chain script '/home/benongnuel/dev_ws/src/xarm_ros2/install/setup.bash'
[96.993s] INFO:colcon.colcon_core.shell:Creating prefix script '/home/benongnuel/dev_ws/src/xarm_ros2/install/local_setup.zsh'
[96.994s] INFO:colcon.colcon_core.shell:Creating prefix chain script '/home/benongnuel/dev_ws/src/xarm_ros2/install/setup.zsh'
