[0.016s] Invoking command in '/home/benongnuel/dev_ws/src/xarm_ros2/build/xarm_msgs': CMAKE_PREFIX_PATH=${CMAKE_PREFIX_PATH}:/home/benongnuel/dev_ws/install/uf_ros_lib:/home/benongnuel/dev_ws/install/my_gripper_scripts:/opt/ros/humble /usr/bin/cmake /home/benongnuel/dev_ws/src/xarm_ros2/xarm_msgs -DAMENT_CMAKE_SYMLINK_INSTALL=1 -DCMAKE_INSTALL_PREFIX=/home/benongnuel/dev_ws/src/xarm_ros2/install/xarm_msgs
[0.161s] -- The C compiler identification is GNU 11.4.0
[0.161s] -- The CXX compiler identification is GNU 11.4.0
[0.162s] -- Detecting C compiler ABI info
[0.162s] -- Detecting C compiler ABI info - done
[0.168s] -- Check for working C compiler: /usr/bin/cc - skipped
[0.168s] -- Detecting C compile features
[0.168s] -- Detecting C compile features - done
[0.171s] -- Detecting CXX compiler ABI info
[0.242s] -- Detecting CXX compiler ABI info - done
[0.250s] -- Check for working CXX compiler: /usr/bin/c++ - skipped
[0.250s] -- Detecting CXX compile features
[0.250s] -- Detecting CXX compile features - done
[0.254s] -- Found ament_cmake: 1.3.11 (/opt/ros/humble/share/ament_cmake/cmake)
[0.373s] -- Found Python3: /usr/bin/python3 (found version "3.10.12") found components: Interpreter 
[0.439s] -- Override CMake install command with custom implementation using symlinks instead of copying resources
[0.482s] -- Found ament_lint_auto: 0.12.12 (/opt/ros/humble/share/ament_lint_auto/cmake)
[0.560s] -- Found std_msgs: 4.8.0 (/opt/ros/humble/share/std_msgs/cmake)
[0.592s] -- Found rosidl_generator_c: 3.1.6 (/opt/ros/humble/share/rosidl_generator_c/cmake)
[0.596s] -- Found rosidl_adapter: 3.1.6 (/opt/ros/humble/share/rosidl_adapter/cmake)
[0.610s] -- Found rosidl_generator_cpp: 3.1.6 (/opt/ros/humble/share/rosidl_generator_cpp/cmake)
[0.628s] -- Using all available rosidl_typesupport_c: rosidl_typesupport_fastrtps_c;rosidl_typesupport_introspection_c
[0.653s] -- Using all available rosidl_typesupport_cpp: rosidl_typesupport_fastrtps_cpp;rosidl_typesupport_introspection_cpp
[0.695s] -- Found geometry_msgs: 4.8.0 (/opt/ros/humble/share/geometry_msgs/cmake)
[0.710s] -- Found rosidl_default_generators: 1.2.0 (/opt/ros/humble/share/rosidl_default_generators/cmake)
[1.779s] -- Found ament_cmake_ros: 0.10.0 (/opt/ros/humble/share/ament_cmake_ros/cmake)
[2.652s] -- Using all available rosidl_typesupport_c: rosidl_typesupport_fastrtps_c;rosidl_typesupport_introspection_c
[2.826s] -- Using all available rosidl_typesupport_cpp: rosidl_typesupport_fastrtps_cpp;rosidl_typesupport_introspection_cpp
[2.851s] -- Found PythonInterp: /usr/bin/python3 (found suitable version "3.10.12", minimum required is "3.6") 
[2.854s] -- Found python_cmake_module: 0.10.0 (/opt/ros/humble/share/python_cmake_module/cmake)
[2.880s] -- Found PythonLibs: /usr/lib/x86_64-linux-gnu/libpython3.10.so (found suitable version "3.10.12", minimum required is "3.5") 
[2.880s] -- Using PYTHON_EXECUTABLE: /usr/bin/python3
[2.880s] -- Using PYTHON_INCLUDE_DIRS: /usr/include/python3.10
[2.881s] -- Using PYTHON_LIBRARIES: /usr/lib/x86_64-linux-gnu/libpython3.10.so
[2.894s] -- Found PythonExtra: .so  
[2.959s] -- Added test 'copyright' to check source files copyright and LICENSE
[2.961s] -- Added test 'lint_cmake' to check CMake code style
[2.963s] -- Added test 'xmllint' to check XML markup files
[2.966s] -- Configuring done
[3.046s] -- Generating done
[3.060s] -- Build files have been written to: /home/benongnuel/dev_ws/src/xarm_ros2/build/xarm_msgs
[3.072s] Invoked command in '/home/benongnuel/dev_ws/src/xarm_ros2/build/xarm_msgs' returned '0': CMAKE_PREFIX_PATH=${CMAKE_PREFIX_PATH}:/home/benongnuel/dev_ws/install/uf_ros_lib:/home/benongnuel/dev_ws/install/my_gripper_scripts:/opt/ros/humble /usr/bin/cmake /home/benongnuel/dev_ws/src/xarm_ros2/xarm_msgs -DAMENT_CMAKE_SYMLINK_INSTALL=1 -DCMAKE_INSTALL_PREFIX=/home/benongnuel/dev_ws/src/xarm_ros2/install/xarm_msgs
[3.075s] Invoking command in '/home/benongnuel/dev_ws/src/xarm_ros2/build/xarm_msgs': CMAKE_PREFIX_PATH=${CMAKE_PREFIX_PATH}:/home/benongnuel/dev_ws/install/uf_ros_lib:/home/benongnuel/dev_ws/install/my_gripper_scripts:/opt/ros/humble /usr/bin/cmake --build /home/benongnuel/dev_ws/src/xarm_ros2/build/xarm_msgs -- -j16 -l16
[3.136s] [  0%] [34m[1mGenerating C code for ROS interfaces[0m
[3.152s] [  0%] [34m[1mGenerating C++ code for ROS interfaces[0m
[3.153s] [  0%] Built target ament_cmake_python_symlink_xarm_msgs
[3.425s] running egg_info
[3.426s] creating xarm_msgs.egg-info
[3.426s] writing xarm_msgs.egg-info/PKG-INFO
[3.426s] writing dependency_links to xarm_msgs.egg-info/dependency_links.txt
[3.426s] writing top-level names to xarm_msgs.egg-info/top_level.txt
[3.426s] writing manifest file 'xarm_msgs.egg-info/SOURCES.txt'
[3.429s] reading manifest file 'xarm_msgs.egg-info/SOURCES.txt'
[3.429s] writing manifest file 'xarm_msgs.egg-info/SOURCES.txt'
[3.471s] [  0%] Built target ament_cmake_python_build_xarm_msgs_egg
[6.803s] [  0%] Built target xarm_msgs__cpp
[6.814s] [  0%] [34m[1mGenerating C++ introspection for ROS interfaces[0m
[6.814s] [  0%] [34m[1mGenerating C++ type support dispatch for ROS interfaces[0m
[6.815s] [  0%] [34m[1mGenerating C++ type support for eProsima Fast-RTPS[0m
[7.360s] [  0%] [32mBuilding C object CMakeFiles/xarm_msgs__rosidl_generator_c.dir/rosidl_generator_c/xarm_msgs/srv/detail/get_analog_io__functions.c.o[0m
[7.360s] [  0%] [32mBuilding C object CMakeFiles/xarm_msgs__rosidl_generator_c.dir/rosidl_generator_c/xarm_msgs/msg/detail/cio_state__functions.c.o[0m
[7.360s] [  0%] [32mBuilding C object CMakeFiles/xarm_msgs__rosidl_generator_c.dir/rosidl_generator_c/xarm_msgs/srv/detail/call__functions.c.o[0m
[7.360s] [  0%] [32mBuilding C object CMakeFiles/xarm_msgs__rosidl_generator_c.dir/rosidl_generator_c/xarm_msgs/srv/detail/bio_gripper_ctrl__functions.c.o[0m
[7.361s] [  1%] [32mBuilding C object CMakeFiles/xarm_msgs__rosidl_generator_c.dir/rosidl_generator_c/xarm_msgs/srv/detail/get_float32__functions.c.o[0m
[7.361s] [  1%] [32mBuilding C object CMakeFiles/xarm_msgs__rosidl_generator_c.dir/rosidl_generator_c/xarm_msgs/msg/detail/move_velocity__functions.c.o[0m
[7.361s] [  1%] [32mBuilding C object CMakeFiles/xarm_msgs__rosidl_generator_c.dir/rosidl_generator_c/xarm_msgs/msg/detail/robot_msg__functions.c.o[0m
[7.364s] [  2%] [32mBuilding C object CMakeFiles/xarm_msgs__rosidl_generator_c.dir/rosidl_generator_c/xarm_msgs/srv/detail/bio_gripper_enable__functions.c.o[0m
[7.365s] [  3%] [32mBuilding C object CMakeFiles/xarm_msgs__rosidl_generator_c.dir/rosidl_generator_c/xarm_msgs/msg/detail/io_state__functions.c.o[0m
[7.365s] [  3%] [32mBuilding C object CMakeFiles/xarm_msgs__rosidl_generator_c.dir/rosidl_generator_c/xarm_msgs/srv/detail/get_digital_io__functions.c.o[0m
[7.365s] [  3%] [32mBuilding C object CMakeFiles/xarm_msgs__rosidl_generator_c.dir/rosidl_generator_c/xarm_msgs/srv/detail/get_int16__functions.c.o[0m
[7.366s] [  3%] [32mBuilding C object CMakeFiles/xarm_msgs__rosidl_generator_c.dir/rosidl_generator_c/xarm_msgs/srv/detail/get_float32_list__functions.c.o[0m
[7.373s] [  3%] [32mBuilding C object CMakeFiles/xarm_msgs__rosidl_generator_c.dir/rosidl_generator_c/xarm_msgs/srv/detail/get_int16_list__functions.c.o[0m
[7.433s] [  5%] [32mBuilding C object CMakeFiles/xarm_msgs__rosidl_generator_c.dir/rosidl_generator_c/xarm_msgs/srv/detail/get_int32_by_type__functions.c.o[0m
[7.433s] [  5%] [32mBuilding C object CMakeFiles/xarm_msgs__rosidl_generator_c.dir/rosidl_generator_c/xarm_msgs/srv/detail/move_circle__functions.c.o[0m
[7.433s] [  5%] [32mBuilding C object CMakeFiles/xarm_msgs__rosidl_generator_c.dir/rosidl_generator_c/xarm_msgs/srv/detail/get_int32__functions.c.o[0m
[7.434s] [  5%] [32mBuilding C object CMakeFiles/xarm_msgs__rosidl_generator_c.dir/rosidl_generator_c/xarm_msgs/srv/detail/gripper_move__functions.c.o[0m
[7.435s] [  5%] [32mBuilding C object CMakeFiles/xarm_msgs__rosidl_generator_c.dir/rosidl_generator_c/xarm_msgs/srv/detail/move_home__functions.c.o[0m
[7.437s] [  5%] [32mBuilding C object CMakeFiles/xarm_msgs__rosidl_generator_c.dir/rosidl_generator_c/xarm_msgs/srv/detail/get_set_modbus_data__functions.c.o[0m
[7.437s] [  5%] [32mBuilding C object CMakeFiles/xarm_msgs__rosidl_generator_c.dir/rosidl_generator_c/xarm_msgs/srv/detail/move_cartesian__functions.c.o[0m
[7.437s] [  5%] [32mBuilding C object CMakeFiles/xarm_msgs__rosidl_generator_c.dir/rosidl_generator_c/xarm_msgs/srv/detail/move_joint__functions.c.o[0m
[7.445s] [  5%] [32mBuilding C object CMakeFiles/xarm_msgs__rosidl_generator_c.dir/rosidl_generator_c/xarm_msgs/srv/detail/move_velocity__functions.c.o[0m
[7.468s] [  6%] [32mBuilding C object CMakeFiles/xarm_msgs__rosidl_generator_c.dir/rosidl_generator_c/xarm_msgs/srv/detail/robotiq_get_status__functions.c.o[0m
[7.468s] [  6%] [32mBuilding C object CMakeFiles/xarm_msgs__rosidl_generator_c.dir/rosidl_generator_c/xarm_msgs/srv/detail/robotiq_activate__functions.c.o[0m
[7.481s] [  6%] [32mBuilding C object CMakeFiles/xarm_msgs__rosidl_generator_c.dir/rosidl_generator_c/xarm_msgs/srv/detail/robotiq_move__functions.c.o[0m
[7.483s] [  6%] [32mBuilding C object CMakeFiles/xarm_msgs__rosidl_generator_c.dir/rosidl_generator_c/xarm_msgs/srv/detail/robotiq_reset__functions.c.o[0m
[7.493s] [  6%] [32mBuilding C object CMakeFiles/xarm_msgs__rosidl_generator_c.dir/rosidl_generator_c/xarm_msgs/srv/detail/set_analog_io__functions.c.o[0m
[7.507s] [  7%] [32mBuilding C object CMakeFiles/xarm_msgs__rosidl_generator_c.dir/rosidl_generator_c/xarm_msgs/srv/detail/set_digital_io__functions.c.o[0m
[7.510s] [  7%] [32mBuilding C object CMakeFiles/xarm_msgs__rosidl_generator_c.dir/rosidl_generator_c/xarm_msgs/srv/detail/set_float32__functions.c.o[0m
[7.511s] [  7%] [32mBuilding C object CMakeFiles/xarm_msgs__rosidl_generator_c.dir/rosidl_generator_c/xarm_msgs/srv/detail/set_int16__functions.c.o[0m
[7.511s] [  7%] [32mBuilding C object CMakeFiles/xarm_msgs__rosidl_generator_c.dir/rosidl_generator_c/xarm_msgs/srv/detail/set_float32_list__functions.c.o[0m
[7.513s] [  8%] [32mBuilding C object CMakeFiles/xarm_msgs__rosidl_generator_c.dir/rosidl_generator_c/xarm_msgs/srv/detail/set_int16_by_id__functions.c.o[0m
[7.514s] [  8%] [32mBuilding C object CMakeFiles/xarm_msgs__rosidl_generator_c.dir/rosidl_generator_c/xarm_msgs/srv/detail/set_int32__functions.c.o[0m
[7.515s] [  8%] [32mBuilding C object CMakeFiles/xarm_msgs__rosidl_generator_c.dir/rosidl_generator_c/xarm_msgs/srv/detail/set_int16_list__functions.c.o[0m
[7.521s] [  8%] [32mBuilding C object CMakeFiles/xarm_msgs__rosidl_generator_c.dir/rosidl_generator_c/xarm_msgs/srv/detail/set_int32_by_type__functions.c.o[0m
[7.553s] [  9%] [32mBuilding C object CMakeFiles/xarm_msgs__rosidl_generator_c.dir/rosidl_generator_c/xarm_msgs/srv/detail/traj_ctrl__functions.c.o[0m
[7.564s] [  9%] [32mBuilding C object CMakeFiles/xarm_msgs__rosidl_generator_c.dir/rosidl_generator_c/xarm_msgs/srv/detail/traj_play__functions.c.o[0m
[7.566s] [  9%] [32mBuilding C object CMakeFiles/xarm_msgs__rosidl_generator_c.dir/rosidl_generator_c/xarm_msgs/srv/detail/vacuum_gripper_ctrl__functions.c.o[0m
[7.573s] [  9%] [32mBuilding C object CMakeFiles/xarm_msgs__rosidl_generator_c.dir/rosidl_generator_c/xarm_msgs/srv/detail/set_tcp_load__functions.c.o[0m
[7.585s] [  9%] [32mBuilding C object CMakeFiles/xarm_msgs__rosidl_generator_c.dir/rosidl_generator_c/xarm_msgs/srv/detail/set_modbus_timeout__functions.c.o[0m
[7.590s] [  9%] [32mBuilding C object CMakeFiles/xarm_msgs__rosidl_generator_c.dir/rosidl_generator_c/xarm_msgs/srv/detail/ft_cali_load__functions.c.o[0m
[7.596s] [ 10%] [32mBuilding C object CMakeFiles/xarm_msgs__rosidl_generator_c.dir/rosidl_generator_c/xarm_msgs/srv/detail/ft_force_pid__functions.c.o[0m
[7.599s] [ 10%] [32mBuilding C object CMakeFiles/xarm_msgs__rosidl_generator_c.dir/rosidl_generator_c/xarm_msgs/srv/detail/iden_load__functions.c.o[0m
[7.605s] [ 10%] [32mBuilding C object CMakeFiles/xarm_msgs__rosidl_generator_c.dir/rosidl_generator_c/xarm_msgs/srv/detail/ft_force_config__functions.c.o[0m
[7.626s] [ 11%] [32mBuilding C object CMakeFiles/xarm_msgs__rosidl_generator_c.dir/rosidl_generator_c/xarm_msgs/srv/detail/ft_impedance__functions.c.o[0m
[7.634s] [ 11%] [32mBuilding C object CMakeFiles/xarm_msgs__rosidl_generator_c.dir/rosidl_generator_c/xarm_msgs/srv/detail/linear_track_set_pos__functions.c.o[0m
[7.635s] [ 11%] [32mBuilding C object CMakeFiles/xarm_msgs__rosidl_generator_c.dir/rosidl_generator_c/xarm_msgs/srv/detail/linear_track_back_origin__functions.c.o[0m
[7.653s] [ 11%] [32mBuilding C object CMakeFiles/xarm_msgs__rosidl_generator_c.dir/rosidl_generator_c/xarm_msgs/srv/detail/plan_exec__functions.c.o[0m
[7.656s] [ 11%] [32mBuilding C object CMakeFiles/xarm_msgs__rosidl_generator_c.dir/rosidl_generator_c/xarm_msgs/srv/detail/plan_pose__functions.c.o[0m
[7.662s] [ 11%] [32mBuilding C object CMakeFiles/xarm_msgs__rosidl_generator_c.dir/rosidl_generator_c/xarm_msgs/srv/detail/plan_single_straight__functions.c.o[0m
[7.666s] [ 12%] [32mBuilding C object CMakeFiles/xarm_msgs__rosidl_generator_c.dir/rosidl_generator_c/xarm_msgs/srv/detail/plan_joint__functions.c.o[0m
[7.736s] [ 12%] [32m[1mLinking C shared library libxarm_msgs__rosidl_generator_c.so[0m
[7.779s] [ 12%] Built target xarm_msgs__rosidl_generator_c
[7.788s] [ 13%] [34m[1mGenerating C introspection for ROS interfaces[0m
[7.792s] [ 15%] [34m[1mGenerating C type support for eProsima Fast-RTPS[0m
[7.792s] [ 15%] [34m[1mGenerating C type support dispatch for ROS interfaces[0m
[9.197s] [ 15%] [32mBuilding CXX object CMakeFiles/xarm_msgs__rosidl_typesupport_cpp.dir/rosidl_typesupport_cpp/xarm_msgs/srv/call__type_support.cpp.o[0m
[9.197s] [ 15%] [32mBuilding CXX object CMakeFiles/xarm_msgs__rosidl_typesupport_cpp.dir/rosidl_typesupport_cpp/xarm_msgs/srv/bio_gripper_ctrl__type_support.cpp.o[0m
[9.198s] [ 15%] [32mBuilding CXX object CMakeFiles/xarm_msgs__rosidl_typesupport_cpp.dir/rosidl_typesupport_cpp/xarm_msgs/msg/cio_state__type_support.cpp.o[0m
[9.198s] [ 15%] [32mBuilding CXX object CMakeFiles/xarm_msgs__rosidl_typesupport_cpp.dir/rosidl_typesupport_cpp/xarm_msgs/msg/move_velocity__type_support.cpp.o[0m
[9.198s] [ 15%] [32mBuilding CXX object CMakeFiles/xarm_msgs__rosidl_typesupport_cpp.dir/rosidl_typesupport_cpp/xarm_msgs/srv/get_analog_io__type_support.cpp.o[0m
[9.198s] [ 16%] [32mBuilding CXX object CMakeFiles/xarm_msgs__rosidl_typesupport_cpp.dir/rosidl_typesupport_cpp/xarm_msgs/srv/bio_gripper_enable__type_support.cpp.o[0m
[9.198s] [ 16%] [32mBuilding CXX object CMakeFiles/xarm_msgs__rosidl_typesupport_cpp.dir/rosidl_typesupport_cpp/xarm_msgs/srv/get_digital_io__type_support.cpp.o[0m
[9.198s] [ 16%] [32mBuilding CXX object CMakeFiles/xarm_msgs__rosidl_typesupport_cpp.dir/rosidl_typesupport_cpp/xarm_msgs/msg/io_state__type_support.cpp.o[0m
[9.199s] [ 16%] [32mBuilding CXX object CMakeFiles/xarm_msgs__rosidl_typesupport_cpp.dir/rosidl_typesupport_cpp/xarm_msgs/srv/get_float32_list__type_support.cpp.o[0m
[9.199s] [ 17%] [32mBuilding CXX object CMakeFiles/xarm_msgs__rosidl_typesupport_cpp.dir/rosidl_typesupport_cpp/xarm_msgs/msg/robot_msg__type_support.cpp.o[0m
[9.205s] [ 18%] [32mBuilding CXX object CMakeFiles/xarm_msgs__rosidl_typesupport_cpp.dir/rosidl_typesupport_cpp/xarm_msgs/srv/get_float32__type_support.cpp.o[0m
[9.492s] [ 18%] [32mBuilding CXX object CMakeFiles/xarm_msgs__rosidl_typesupport_cpp.dir/rosidl_typesupport_cpp/xarm_msgs/srv/get_int16__type_support.cpp.o[0m
[9.508s] [ 18%] [32mBuilding CXX object CMakeFiles/xarm_msgs__rosidl_typesupport_cpp.dir/rosidl_typesupport_cpp/xarm_msgs/srv/get_int16_list__type_support.cpp.o[0m
[9.531s] [ 19%] [32mBuilding CXX object CMakeFiles/xarm_msgs__rosidl_typesupport_cpp.dir/rosidl_typesupport_cpp/xarm_msgs/srv/get_int32__type_support.cpp.o[0m
[9.536s] [ 19%] [32mBuilding CXX object CMakeFiles/xarm_msgs__rosidl_typesupport_cpp.dir/rosidl_typesupport_cpp/xarm_msgs/srv/get_int32_by_type__type_support.cpp.o[0m
[9.543s] [ 19%] [32mBuilding CXX object CMakeFiles/xarm_msgs__rosidl_typesupport_cpp.dir/rosidl_typesupport_cpp/xarm_msgs/srv/get_set_modbus_data__type_support.cpp.o[0m
[9.550s] [ 19%] [32mBuilding CXX object CMakeFiles/xarm_msgs__rosidl_typesupport_cpp.dir/rosidl_typesupport_cpp/xarm_msgs/srv/gripper_move__type_support.cpp.o[0m
[9.606s] [ 20%] [32mBuilding CXX object CMakeFiles/xarm_msgs__rosidl_typesupport_cpp.dir/rosidl_typesupport_cpp/xarm_msgs/srv/move_circle__type_support.cpp.o[0m
[9.617s] [ 20%] [32mBuilding CXX object CMakeFiles/xarm_msgs__rosidl_typesupport_cpp.dir/rosidl_typesupport_cpp/xarm_msgs/srv/move_cartesian__type_support.cpp.o[0m
[9.628s] [ 20%] [32mBuilding CXX object CMakeFiles/xarm_msgs__rosidl_typesupport_cpp.dir/rosidl_typesupport_cpp/xarm_msgs/srv/move_home__type_support.cpp.o[0m
[9.661s] [ 20%] [32mBuilding CXX object CMakeFiles/xarm_msgs__rosidl_typesupport_cpp.dir/rosidl_typesupport_cpp/xarm_msgs/srv/move_joint__type_support.cpp.o[0m
[9.702s] [ 20%] [32mBuilding CXX object CMakeFiles/xarm_msgs__rosidl_typesupport_cpp.dir/rosidl_typesupport_cpp/xarm_msgs/srv/move_velocity__type_support.cpp.o[0m
[9.797s] [ 21%] [32mBuilding CXX object CMakeFiles/xarm_msgs__rosidl_typesupport_cpp.dir/rosidl_typesupport_cpp/xarm_msgs/srv/robotiq_activate__type_support.cpp.o[0m
[9.860s] [ 21%] [32mBuilding CXX object CMakeFiles/xarm_msgs__rosidl_typesupport_cpp.dir/rosidl_typesupport_cpp/xarm_msgs/srv/robotiq_get_status__type_support.cpp.o[0m
[9.880s] [ 21%] [32mBuilding CXX object CMakeFiles/xarm_msgs__rosidl_typesupport_cpp.dir/rosidl_typesupport_cpp/xarm_msgs/srv/robotiq_move__type_support.cpp.o[0m
[9.884s] [ 21%] [32mBuilding CXX object CMakeFiles/xarm_msgs__rosidl_typesupport_cpp.dir/rosidl_typesupport_cpp/xarm_msgs/srv/robotiq_reset__type_support.cpp.o[0m
[9.918s] [ 22%] [32mBuilding CXX object CMakeFiles/xarm_msgs__rosidl_typesupport_cpp.dir/rosidl_typesupport_cpp/xarm_msgs/srv/set_analog_io__type_support.cpp.o[0m
[9.930s] [ 22%] [32mBuilding CXX object CMakeFiles/xarm_msgs__rosidl_typesupport_cpp.dir/rosidl_typesupport_cpp/xarm_msgs/srv/set_digital_io__type_support.cpp.o[0m
[9.980s] [ 22%] [32mBuilding CXX object CMakeFiles/xarm_msgs__rosidl_typesupport_cpp.dir/rosidl_typesupport_cpp/xarm_msgs/srv/set_float32__type_support.cpp.o[0m
[9.988s] [ 22%] [32mBuilding CXX object CMakeFiles/xarm_msgs__rosidl_typesupport_cpp.dir/rosidl_typesupport_cpp/xarm_msgs/srv/set_float32_list__type_support.cpp.o[0m
[10.024s] [ 23%] [32mBuilding CXX object CMakeFiles/xarm_msgs__rosidl_typesupport_cpp.dir/rosidl_typesupport_cpp/xarm_msgs/srv/set_int16__type_support.cpp.o[0m
[10.031s] [ 23%] [32mBuilding CXX object CMakeFiles/xarm_msgs__rosidl_typesupport_cpp.dir/rosidl_typesupport_cpp/xarm_msgs/srv/set_int16_by_id__type_support.cpp.o[0m
[10.169s] [ 23%] [32mBuilding CXX object CMakeFiles/xarm_msgs__rosidl_typesupport_cpp.dir/rosidl_typesupport_cpp/xarm_msgs/srv/set_int16_list__type_support.cpp.o[0m
[10.229s] [ 23%] [32mBuilding CXX object CMakeFiles/xarm_msgs__rosidl_typesupport_cpp.dir/rosidl_typesupport_cpp/xarm_msgs/srv/set_int32__type_support.cpp.o[0m
[10.253s] [ 23%] [32mBuilding CXX object CMakeFiles/xarm_msgs__rosidl_typesupport_cpp.dir/rosidl_typesupport_cpp/xarm_msgs/srv/set_int32_by_type__type_support.cpp.o[0m
[10.264s] [ 24%] [32mBuilding CXX object CMakeFiles/xarm_msgs__rosidl_typesupport_cpp.dir/rosidl_typesupport_cpp/xarm_msgs/srv/traj_ctrl__type_support.cpp.o[0m
[10.265s] [ 24%] [32mBuilding CXX object CMakeFiles/xarm_msgs__rosidl_typesupport_cpp.dir/rosidl_typesupport_cpp/xarm_msgs/srv/traj_play__type_support.cpp.o[0m
[10.318s] [ 24%] [32mBuilding CXX object CMakeFiles/xarm_msgs__rosidl_typesupport_cpp.dir/rosidl_typesupport_cpp/xarm_msgs/srv/vacuum_gripper_ctrl__type_support.cpp.o[0m
[10.321s] [ 24%] [32mBuilding CXX object CMakeFiles/xarm_msgs__rosidl_typesupport_cpp.dir/rosidl_typesupport_cpp/xarm_msgs/srv/set_tcp_load__type_support.cpp.o[0m
[10.367s] [ 25%] [32mBuilding CXX object CMakeFiles/xarm_msgs__rosidl_typesupport_cpp.dir/rosidl_typesupport_cpp/xarm_msgs/srv/set_modbus_timeout__type_support.cpp.o[0m
[10.370s] [ 25%] [32mBuilding CXX object CMakeFiles/xarm_msgs__rosidl_typesupport_cpp.dir/rosidl_typesupport_cpp/xarm_msgs/srv/iden_load__type_support.cpp.o[0m
[10.401s] [ 25%] [32mBuilding CXX object CMakeFiles/xarm_msgs__rosidl_typesupport_cpp.dir/rosidl_typesupport_cpp/xarm_msgs/srv/ft_cali_load__type_support.cpp.o[0m
[10.482s] [ 25%] [32mBuilding CXX object CMakeFiles/xarm_msgs__rosidl_typesupport_cpp.dir/rosidl_typesupport_cpp/xarm_msgs/srv/ft_force_config__type_support.cpp.o[0m
[10.603s] [ 26%] [32mBuilding CXX object CMakeFiles/xarm_msgs__rosidl_typesupport_cpp.dir/rosidl_typesupport_cpp/xarm_msgs/srv/ft_force_pid__type_support.cpp.o[0m
[10.616s] [ 26%] [32mBuilding CXX object CMakeFiles/xarm_msgs__rosidl_typesupport_cpp.dir/rosidl_typesupport_cpp/xarm_msgs/srv/ft_impedance__type_support.cpp.o[0m
[10.621s] [ 26%] [32mBuilding CXX object CMakeFiles/xarm_msgs__rosidl_typesupport_cpp.dir/rosidl_typesupport_cpp/xarm_msgs/srv/linear_track_back_origin__type_support.cpp.o[0m
[10.636s] [ 26%] [32mBuilding CXX object CMakeFiles/xarm_msgs__rosidl_typesupport_cpp.dir/rosidl_typesupport_cpp/xarm_msgs/srv/linear_track_set_pos__type_support.cpp.o[0m
[10.652s] [ 26%] [32mBuilding CXX object CMakeFiles/xarm_msgs__rosidl_typesupport_cpp.dir/rosidl_typesupport_cpp/xarm_msgs/srv/plan_exec__type_support.cpp.o[0m
[10.700s] [ 27%] [32mBuilding CXX object CMakeFiles/xarm_msgs__rosidl_typesupport_cpp.dir/rosidl_typesupport_cpp/xarm_msgs/srv/plan_joint__type_support.cpp.o[0m
[10.761s] [ 27%] [32mBuilding CXX object CMakeFiles/xarm_msgs__rosidl_typesupport_cpp.dir/rosidl_typesupport_cpp/xarm_msgs/srv/plan_single_straight__type_support.cpp.o[0m
[10.770s] [ 27%] [32mBuilding CXX object CMakeFiles/xarm_msgs__rosidl_typesupport_cpp.dir/rosidl_typesupport_cpp/xarm_msgs/srv/plan_pose__type_support.cpp.o[0m
[11.070s] [ 27%] [32mBuilding CXX object CMakeFiles/xarm_msgs__rosidl_typesupport_c.dir/rosidl_typesupport_c/xarm_msgs/msg/robot_msg__type_support.cpp.o[0m
[11.071s] [ 27%] [32mBuilding CXX object CMakeFiles/xarm_msgs__rosidl_typesupport_c.dir/rosidl_typesupport_c/xarm_msgs/msg/io_state__type_support.cpp.o[0m
[11.072s] [ 27%] [32mBuilding CXX object CMakeFiles/xarm_msgs__rosidl_typesupport_c.dir/rosidl_typesupport_c/xarm_msgs/srv/bio_gripper_enable__type_support.cpp.o[0m
[11.072s] [ 27%] [32mBuilding CXX object CMakeFiles/xarm_msgs__rosidl_typesupport_c.dir/rosidl_typesupport_c/xarm_msgs/msg/cio_state__type_support.cpp.o[0m
[11.073s] [ 28%] [32mBuilding CXX object CMakeFiles/xarm_msgs__rosidl_typesupport_c.dir/rosidl_typesupport_c/xarm_msgs/msg/move_velocity__type_support.cpp.o[0m
[11.073s] [ 28%] [32mBuilding CXX object CMakeFiles/xarm_msgs__rosidl_typesupport_c.dir/rosidl_typesupport_c/xarm_msgs/srv/bio_gripper_ctrl__type_support.cpp.o[0m
[11.078s] [ 28%] [32mBuilding CXX object CMakeFiles/xarm_msgs__rosidl_typesupport_c.dir/rosidl_typesupport_c/xarm_msgs/srv/get_analog_io__type_support.cpp.o[0m
[11.088s] [ 29%] [32mBuilding CXX object CMakeFiles/xarm_msgs__rosidl_typesupport_c.dir/rosidl_typesupport_c/xarm_msgs/srv/get_digital_io__type_support.cpp.o[0m
[11.088s] [ 29%] [32mBuilding CXX object CMakeFiles/xarm_msgs__rosidl_typesupport_c.dir/rosidl_typesupport_c/xarm_msgs/srv/call__type_support.cpp.o[0m
[11.100s] [ 29%] [32mBuilding CXX object CMakeFiles/xarm_msgs__rosidl_typesupport_c.dir/rosidl_typesupport_c/xarm_msgs/srv/get_float32__type_support.cpp.o[0m
[11.107s] [ 30%] [32mBuilding CXX object CMakeFiles/xarm_msgs__rosidl_typesupport_introspection_cpp.dir/rosidl_typesupport_introspection_cpp/xarm_msgs/msg/detail/robot_msg__type_support.cpp.o[0m
[11.113s] [ 30%] [32mBuilding CXX object CMakeFiles/xarm_msgs__rosidl_typesupport_introspection_cpp.dir/rosidl_typesupport_introspection_cpp/xarm_msgs/msg/detail/cio_state__type_support.cpp.o[0m
[11.114s] [ 30%] [32mBuilding CXX object CMakeFiles/xarm_msgs__rosidl_typesupport_introspection_cpp.dir/rosidl_typesupport_introspection_cpp/xarm_msgs/msg/detail/io_state__type_support.cpp.o[0m
[11.114s] [ 30%] [32mBuilding CXX object CMakeFiles/xarm_msgs__rosidl_typesupport_c.dir/rosidl_typesupport_c/xarm_msgs/srv/get_float32_list__type_support.cpp.o[0m
[11.121s] [ 30%] [32mBuilding CXX object CMakeFiles/xarm_msgs__rosidl_typesupport_c.dir/rosidl_typesupport_c/xarm_msgs/srv/get_int16__type_support.cpp.o[0m
[11.126s] [ 31%] [32mBuilding CXX object CMakeFiles/xarm_msgs__rosidl_typesupport_c.dir/rosidl_typesupport_c/xarm_msgs/srv/get_int16_list__type_support.cpp.o[0m
[11.136s] [ 31%] [32mBuilding CXX object CMakeFiles/xarm_msgs__rosidl_typesupport_introspection_cpp.dir/rosidl_typesupport_introspection_cpp/xarm_msgs/msg/detail/move_velocity__type_support.cpp.o[0m
[11.137s] [ 31%] [32mBuilding CXX object CMakeFiles/xarm_msgs__rosidl_typesupport_c.dir/rosidl_typesupport_c/xarm_msgs/srv/get_int32__type_support.cpp.o[0m
[11.144s] [ 32%] [32mBuilding CXX object CMakeFiles/xarm_msgs__rosidl_typesupport_introspection_cpp.dir/rosidl_typesupport_introspection_cpp/xarm_msgs/srv/detail/bio_gripper_ctrl__type_support.cpp.o[0m
[11.147s] [ 32%] [32mBuilding CXX object CMakeFiles/xarm_msgs__rosidl_typesupport_introspection_cpp.dir/rosidl_typesupport_introspection_cpp/xarm_msgs/srv/detail/bio_gripper_enable__type_support.cpp.o[0m
[11.154s] [ 32%] [32m[1mLinking CXX shared library libxarm_msgs__rosidl_typesupport_cpp.so[0m
[11.158s] [ 32%] [32mBuilding CXX object CMakeFiles/xarm_msgs__rosidl_typesupport_introspection_cpp.dir/rosidl_typesupport_introspection_cpp/xarm_msgs/srv/detail/call__type_support.cpp.o[0m
[11.161s] [ 32%] [32mBuilding CXX object CMakeFiles/xarm_msgs__rosidl_typesupport_c.dir/rosidl_typesupport_c/xarm_msgs/srv/get_int32_by_type__type_support.cpp.o[0m
[11.173s] [ 32%] [32mBuilding CXX object CMakeFiles/xarm_msgs__rosidl_typesupport_c.dir/rosidl_typesupport_c/xarm_msgs/srv/get_set_modbus_data__type_support.cpp.o[0m
[11.178s] [ 32%] [32mBuilding CXX object CMakeFiles/xarm_msgs__rosidl_typesupport_introspection_cpp.dir/rosidl_typesupport_introspection_cpp/xarm_msgs/srv/detail/get_analog_io__type_support.cpp.o[0m
[11.182s] [ 33%] [32mBuilding CXX object CMakeFiles/xarm_msgs__rosidl_typesupport_introspection_cpp.dir/rosidl_typesupport_introspection_cpp/xarm_msgs/srv/detail/get_digital_io__type_support.cpp.o[0m
[11.201s] [ 34%] [32mBuilding CXX object CMakeFiles/xarm_msgs__rosidl_typesupport_c.dir/rosidl_typesupport_c/xarm_msgs/srv/gripper_move__type_support.cpp.o[0m
[11.207s] [ 34%] [32mBuilding CXX object CMakeFiles/xarm_msgs__rosidl_typesupport_c.dir/rosidl_typesupport_c/xarm_msgs/srv/move_cartesian__type_support.cpp.o[0m
[11.238s] [ 34%] [32mBuilding CXX object CMakeFiles/xarm_msgs__rosidl_typesupport_c.dir/rosidl_typesupport_c/xarm_msgs/srv/move_circle__type_support.cpp.o[0m
[11.257s] [ 34%] [32mBuilding CXX object CMakeFiles/xarm_msgs__rosidl_typesupport_introspection_cpp.dir/rosidl_typesupport_introspection_cpp/xarm_msgs/srv/detail/get_float32__type_support.cpp.o[0m
[11.272s] [ 34%] Built target xarm_msgs__rosidl_typesupport_cpp
[11.273s] [ 34%] [32mBuilding CXX object CMakeFiles/xarm_msgs__rosidl_typesupport_introspection_cpp.dir/rosidl_typesupport_introspection_cpp/xarm_msgs/srv/detail/get_float32_list__type_support.cpp.o[0m
[11.309s] [ 34%] [32mBuilding CXX object CMakeFiles/xarm_msgs__rosidl_typesupport_c.dir/rosidl_typesupport_c/xarm_msgs/srv/move_home__type_support.cpp.o[0m
[11.323s] [ 34%] [32mBuilding CXX object CMakeFiles/xarm_msgs__rosidl_typesupport_introspection_cpp.dir/rosidl_typesupport_introspection_cpp/xarm_msgs/srv/detail/get_int16__type_support.cpp.o[0m
[11.401s] [ 34%] [32mBuilding CXX object CMakeFiles/xarm_msgs__rosidl_typesupport_c.dir/rosidl_typesupport_c/xarm_msgs/srv/move_joint__type_support.cpp.o[0m
[11.509s] [ 35%] [32mBuilding CXX object CMakeFiles/xarm_msgs__rosidl_typesupport_c.dir/rosidl_typesupport_c/xarm_msgs/srv/move_velocity__type_support.cpp.o[0m
[11.603s] [ 35%] [32mBuilding CXX object CMakeFiles/xarm_msgs__rosidl_typesupport_c.dir/rosidl_typesupport_c/xarm_msgs/srv/robotiq_activate__type_support.cpp.o[0m
[11.614s] [ 35%] [32mBuilding CXX object CMakeFiles/xarm_msgs__rosidl_typesupport_introspection_cpp.dir/rosidl_typesupport_introspection_cpp/xarm_msgs/srv/detail/get_int16_list__type_support.cpp.o[0m
[11.647s] [ 36%] [32mBuilding CXX object CMakeFiles/xarm_msgs__rosidl_typesupport_introspection_cpp.dir/rosidl_typesupport_introspection_cpp/xarm_msgs/srv/detail/get_int32__type_support.cpp.o[0m
[11.660s] [ 36%] [32mBuilding CXX object CMakeFiles/xarm_msgs__rosidl_typesupport_c.dir/rosidl_typesupport_c/xarm_msgs/srv/robotiq_get_status__type_support.cpp.o[0m
[11.686s] [ 36%] [32mBuilding CXX object CMakeFiles/xarm_msgs__rosidl_typesupport_introspection_cpp.dir/rosidl_typesupport_introspection_cpp/xarm_msgs/srv/detail/get_int32_by_type__type_support.cpp.o[0m
[11.708s] [ 36%] [32mBuilding CXX object CMakeFiles/xarm_msgs__rosidl_typesupport_introspection_cpp.dir/rosidl_typesupport_introspection_cpp/xarm_msgs/srv/detail/get_set_modbus_data__type_support.cpp.o[0m
[11.722s] [ 36%] [32mBuilding CXX object CMakeFiles/xarm_msgs__rosidl_typesupport_introspection_cpp.dir/rosidl_typesupport_introspection_cpp/xarm_msgs/srv/detail/gripper_move__type_support.cpp.o[0m
[11.742s] [ 36%] [32mBuilding CXX object CMakeFiles/xarm_msgs__rosidl_typesupport_c.dir/rosidl_typesupport_c/xarm_msgs/srv/robotiq_move__type_support.cpp.o[0m
[11.772s] [ 37%] [32mBuilding CXX object CMakeFiles/xarm_msgs__rosidl_typesupport_c.dir/rosidl_typesupport_c/xarm_msgs/srv/robotiq_reset__type_support.cpp.o[0m
[11.818s] [ 37%] [32mBuilding CXX object CMakeFiles/xarm_msgs__rosidl_typesupport_c.dir/rosidl_typesupport_c/xarm_msgs/srv/set_analog_io__type_support.cpp.o[0m
[11.826s] [ 37%] [32mBuilding CXX object CMakeFiles/xarm_msgs__rosidl_typesupport_c.dir/rosidl_typesupport_c/xarm_msgs/srv/set_float32__type_support.cpp.o[0m
[11.832s] [ 37%] [32mBuilding CXX object CMakeFiles/xarm_msgs__rosidl_typesupport_c.dir/rosidl_typesupport_c/xarm_msgs/srv/set_digital_io__type_support.cpp.o[0m
[11.837s] [ 37%] [32mBuilding CXX object CMakeFiles/xarm_msgs__rosidl_typesupport_introspection_cpp.dir/rosidl_typesupport_introspection_cpp/xarm_msgs/srv/detail/move_circle__type_support.cpp.o[0m
[11.838s] [ 38%] [32mBuilding CXX object CMakeFiles/xarm_msgs__rosidl_typesupport_introspection_cpp.dir/rosidl_typesupport_introspection_cpp/xarm_msgs/srv/detail/move_cartesian__type_support.cpp.o[0m
[11.838s] [ 38%] [32mBuilding CXX object CMakeFiles/xarm_msgs__rosidl_typesupport_introspection_cpp.dir/rosidl_typesupport_introspection_cpp/xarm_msgs/srv/detail/move_home__type_support.cpp.o[0m
[11.864s] [ 39%] [32mBuilding CXX object CMakeFiles/xarm_msgs__rosidl_typesupport_c.dir/rosidl_typesupport_c/xarm_msgs/srv/set_float32_list__type_support.cpp.o[0m
[11.869s] [ 39%] [32mBuilding CXX object CMakeFiles/xarm_msgs__rosidl_typesupport_introspection_cpp.dir/rosidl_typesupport_introspection_cpp/xarm_msgs/srv/detail/move_joint__type_support.cpp.o[0m
[11.873s] [ 40%] [32mBuilding CXX object CMakeFiles/xarm_msgs__rosidl_typesupport_introspection_cpp.dir/rosidl_typesupport_introspection_cpp/xarm_msgs/srv/detail/move_velocity__type_support.cpp.o[0m
[11.913s] [ 40%] [32mBuilding CXX object CMakeFiles/xarm_msgs__rosidl_typesupport_c.dir/rosidl_typesupport_c/xarm_msgs/srv/set_int16__type_support.cpp.o[0m
[11.928s] [ 40%] [32mBuilding CXX object CMakeFiles/xarm_msgs__rosidl_typesupport_introspection_cpp.dir/rosidl_typesupport_introspection_cpp/xarm_msgs/srv/detail/robotiq_activate__type_support.cpp.o[0m
[11.960s] [ 40%] [32mBuilding CXX object CMakeFiles/xarm_msgs__rosidl_typesupport_introspection_cpp.dir/rosidl_typesupport_introspection_cpp/xarm_msgs/srv/detail/robotiq_get_status__type_support.cpp.o[0m
[11.974s] [ 40%] [32mBuilding CXX object CMakeFiles/xarm_msgs__rosidl_typesupport_c.dir/rosidl_typesupport_c/xarm_msgs/srv/set_int16_by_id__type_support.cpp.o[0m
[12.024s] [ 40%] [32mBuilding CXX object CMakeFiles/xarm_msgs__rosidl_typesupport_c.dir/rosidl_typesupport_c/xarm_msgs/srv/set_int16_list__type_support.cpp.o[0m
[12.068s] [ 40%] [32mBuilding CXX object CMakeFiles/xarm_msgs__rosidl_typesupport_c.dir/rosidl_typesupport_c/xarm_msgs/srv/set_int32__type_support.cpp.o[0m
[12.116s] [ 41%] [32mBuilding CXX object CMakeFiles/xarm_msgs__rosidl_typesupport_c.dir/rosidl_typesupport_c/xarm_msgs/srv/set_int32_by_type__type_support.cpp.o[0m
[12.129s] [ 41%] [32mBuilding CXX object CMakeFiles/xarm_msgs__rosidl_typesupport_introspection_cpp.dir/rosidl_typesupport_introspection_cpp/xarm_msgs/srv/detail/robotiq_move__type_support.cpp.o[0m
[12.162s] [ 41%] [32mBuilding CXX object CMakeFiles/xarm_msgs__rosidl_typesupport_c.dir/rosidl_typesupport_c/xarm_msgs/srv/traj_ctrl__type_support.cpp.o[0m
[12.204s] [ 41%] [32mBuilding CXX object CMakeFiles/xarm_msgs__rosidl_typesupport_c.dir/rosidl_typesupport_c/xarm_msgs/srv/traj_play__type_support.cpp.o[0m
[12.225s] [ 41%] [32mBuilding CXX object CMakeFiles/xarm_msgs__rosidl_typesupport_c.dir/rosidl_typesupport_c/xarm_msgs/srv/vacuum_gripper_ctrl__type_support.cpp.o[0m
[12.250s] [ 42%] [32mBuilding CXX object CMakeFiles/xarm_msgs__rosidl_typesupport_c.dir/rosidl_typesupport_c/xarm_msgs/srv/set_tcp_load__type_support.cpp.o[0m
[12.309s] [ 42%] [32mBuilding CXX object CMakeFiles/xarm_msgs__rosidl_typesupport_introspection_cpp.dir/rosidl_typesupport_introspection_cpp/xarm_msgs/srv/detail/robotiq_reset__type_support.cpp.o[0m
[12.318s] [ 43%] [32mBuilding CXX object CMakeFiles/xarm_msgs__rosidl_typesupport_introspection_cpp.dir/rosidl_typesupport_introspection_cpp/xarm_msgs/srv/detail/set_analog_io__type_support.cpp.o[0m
[12.322s] [ 43%] [32mBuilding CXX object CMakeFiles/xarm_msgs__rosidl_typesupport_c.dir/rosidl_typesupport_c/xarm_msgs/srv/set_modbus_timeout__type_support.cpp.o[0m
[12.348s] [ 43%] [32mBuilding CXX object CMakeFiles/xarm_msgs__rosidl_typesupport_introspection_cpp.dir/rosidl_typesupport_introspection_cpp/xarm_msgs/srv/detail/set_digital_io__type_support.cpp.o[0m
[12.407s] [ 43%] [32mBuilding CXX object CMakeFiles/xarm_msgs__rosidl_typesupport_introspection_cpp.dir/rosidl_typesupport_introspection_cpp/xarm_msgs/srv/detail/set_float32__type_support.cpp.o[0m
[12.420s] [ 43%] [32mBuilding CXX object CMakeFiles/xarm_msgs__rosidl_typesupport_c.dir/rosidl_typesupport_c/xarm_msgs/srv/iden_load__type_support.cpp.o[0m
[12.449s] [ 43%] [32mBuilding CXX object CMakeFiles/xarm_msgs__rosidl_typesupport_c.dir/rosidl_typesupport_c/xarm_msgs/srv/ft_cali_load__type_support.cpp.o[0m
[12.455s] [ 43%] [32mBuilding CXX object CMakeFiles/xarm_msgs__rosidl_typesupport_introspection_cpp.dir/rosidl_typesupport_introspection_cpp/xarm_msgs/srv/detail/set_float32_list__type_support.cpp.o[0m
[12.512s] [ 44%] [32mBuilding CXX object CMakeFiles/xarm_msgs__rosidl_typesupport_c.dir/rosidl_typesupport_c/xarm_msgs/srv/ft_force_config__type_support.cpp.o[0m
[12.540s] [ 44%] [32mBuilding CXX object CMakeFiles/xarm_msgs__rosidl_typesupport_introspection_cpp.dir/rosidl_typesupport_introspection_cpp/xarm_msgs/srv/detail/set_int16_by_id__type_support.cpp.o[0m
[12.543s] [ 45%] [32mBuilding CXX object CMakeFiles/xarm_msgs__rosidl_typesupport_introspection_cpp.dir/rosidl_typesupport_introspection_cpp/xarm_msgs/srv/detail/set_int16__type_support.cpp.o[0m
[12.585s] [ 45%] [32mBuilding CXX object CMakeFiles/xarm_msgs__rosidl_typesupport_c.dir/rosidl_typesupport_c/xarm_msgs/srv/ft_force_pid__type_support.cpp.o[0m
[12.594s] [ 45%] [32mBuilding CXX object CMakeFiles/xarm_msgs__rosidl_typesupport_introspection_cpp.dir/rosidl_typesupport_introspection_cpp/xarm_msgs/srv/detail/set_int16_list__type_support.cpp.o[0m
[12.667s] [ 45%] [32mBuilding CXX object CMakeFiles/xarm_msgs__rosidl_typesupport_introspection_cpp.dir/rosidl_typesupport_introspection_cpp/xarm_msgs/srv/detail/set_int32__type_support.cpp.o[0m
[12.675s] [ 45%] [32mBuilding CXX object CMakeFiles/xarm_msgs__rosidl_typesupport_c.dir/rosidl_typesupport_c/xarm_msgs/srv/ft_impedance__type_support.cpp.o[0m
[12.708s] [ 46%] [32mBuilding CXX object CMakeFiles/xarm_msgs__rosidl_typesupport_introspection_cpp.dir/rosidl_typesupport_introspection_cpp/xarm_msgs/srv/detail/set_int32_by_type__type_support.cpp.o[0m
[12.716s] [ 46%] [32mBuilding CXX object CMakeFiles/xarm_msgs__rosidl_typesupport_introspection_cpp.dir/rosidl_typesupport_introspection_cpp/xarm_msgs/srv/detail/traj_ctrl__type_support.cpp.o[0m
[12.766s] [ 46%] [32mBuilding CXX object CMakeFiles/xarm_msgs__rosidl_typesupport_c.dir/rosidl_typesupport_c/xarm_msgs/srv/linear_track_back_origin__type_support.cpp.o[0m
[12.823s] [ 46%] [32mBuilding CXX object CMakeFiles/xarm_msgs__rosidl_typesupport_c.dir/rosidl_typesupport_c/xarm_msgs/srv/linear_track_set_pos__type_support.cpp.o[0m
[12.844s] [ 47%] [32mBuilding CXX object CMakeFiles/xarm_msgs__rosidl_typesupport_c.dir/rosidl_typesupport_c/xarm_msgs/srv/plan_exec__type_support.cpp.o[0m
[12.942s] [ 47%] [32mBuilding CXX object CMakeFiles/xarm_msgs__rosidl_typesupport_c.dir/rosidl_typesupport_c/xarm_msgs/srv/plan_joint__type_support.cpp.o[0m
[12.967s] [ 47%] [32mBuilding CXX object CMakeFiles/xarm_msgs__rosidl_typesupport_c.dir/rosidl_typesupport_c/xarm_msgs/srv/plan_pose__type_support.cpp.o[0m
[12.983s] [ 47%] [32mBuilding CXX object CMakeFiles/xarm_msgs__rosidl_typesupport_c.dir/rosidl_typesupport_c/xarm_msgs/srv/plan_single_straight__type_support.cpp.o[0m
[13.012s] [ 47%] [32mBuilding CXX object CMakeFiles/xarm_msgs__rosidl_typesupport_introspection_cpp.dir/rosidl_typesupport_introspection_cpp/xarm_msgs/srv/detail/traj_play__type_support.cpp.o[0m
[13.043s] [ 47%] [32mBuilding CXX object CMakeFiles/xarm_msgs__rosidl_typesupport_introspection_cpp.dir/rosidl_typesupport_introspection_cpp/xarm_msgs/srv/detail/vacuum_gripper_ctrl__type_support.cpp.o[0m
[13.059s] [ 47%] [32mBuilding CXX object CMakeFiles/xarm_msgs__rosidl_typesupport_introspection_cpp.dir/rosidl_typesupport_introspection_cpp/xarm_msgs/srv/detail/set_tcp_load__type_support.cpp.o[0m
[13.068s] [ 48%] [32m[1mLinking CXX shared library libxarm_msgs__rosidl_typesupport_c.so[0m
[13.127s] [ 48%] [32mBuilding CXX object CMakeFiles/xarm_msgs__rosidl_typesupport_introspection_cpp.dir/rosidl_typesupport_introspection_cpp/xarm_msgs/srv/detail/iden_load__type_support.cpp.o[0m
[13.128s] [ 49%] [32mBuilding CXX object CMakeFiles/xarm_msgs__rosidl_typesupport_introspection_cpp.dir/rosidl_typesupport_introspection_cpp/xarm_msgs/srv/detail/set_modbus_timeout__type_support.cpp.o[0m
[13.159s] [ 49%] [32mBuilding CXX object CMakeFiles/xarm_msgs__rosidl_typesupport_introspection_cpp.dir/rosidl_typesupport_introspection_cpp/xarm_msgs/srv/detail/ft_cali_load__type_support.cpp.o[0m
[13.179s] [ 49%] Built target xarm_msgs__rosidl_typesupport_c
[13.207s] [ 49%] [32mBuilding CXX object CMakeFiles/xarm_msgs__rosidl_typesupport_introspection_cpp.dir/rosidl_typesupport_introspection_cpp/xarm_msgs/srv/detail/ft_force_config__type_support.cpp.o[0m
[13.219s] [ 50%] [32mBuilding CXX object CMakeFiles/xarm_msgs__rosidl_typesupport_introspection_cpp.dir/rosidl_typesupport_introspection_cpp/xarm_msgs/srv/detail/ft_force_pid__type_support.cpp.o[0m
[13.253s] [ 50%] [32mBuilding CXX object CMakeFiles/xarm_msgs__rosidl_typesupport_introspection_cpp.dir/rosidl_typesupport_introspection_cpp/xarm_msgs/srv/detail/ft_impedance__type_support.cpp.o[0m
[13.296s] [ 50%] [32mBuilding CXX object CMakeFiles/xarm_msgs__rosidl_typesupport_introspection_cpp.dir/rosidl_typesupport_introspection_cpp/xarm_msgs/srv/detail/linear_track_back_origin__type_support.cpp.o[0m
[13.300s] [ 50%] [32mBuilding CXX object CMakeFiles/xarm_msgs__rosidl_typesupport_introspection_cpp.dir/rosidl_typesupport_introspection_cpp/xarm_msgs/srv/detail/linear_track_set_pos__type_support.cpp.o[0m
[13.358s] [ 51%] [32mBuilding CXX object CMakeFiles/xarm_msgs__rosidl_typesupport_introspection_cpp.dir/rosidl_typesupport_introspection_cpp/xarm_msgs/srv/detail/plan_exec__type_support.cpp.o[0m
[13.450s] [ 51%] [32mBuilding CXX object CMakeFiles/xarm_msgs__rosidl_typesupport_introspection_cpp.dir/rosidl_typesupport_introspection_cpp/xarm_msgs/srv/detail/plan_joint__type_support.cpp.o[0m
[13.597s] [ 51%] [32mBuilding CXX object CMakeFiles/xarm_msgs__rosidl_typesupport_introspection_cpp.dir/rosidl_typesupport_introspection_cpp/xarm_msgs/srv/detail/plan_pose__type_support.cpp.o[0m
[13.634s] [ 51%] [32mBuilding CXX object CMakeFiles/xarm_msgs__rosidl_typesupport_introspection_cpp.dir/rosidl_typesupport_introspection_cpp/xarm_msgs/srv/detail/plan_single_straight__type_support.cpp.o[0m
[13.904s] [ 52%] [32mBuilding CXX object CMakeFiles/xarm_msgs__rosidl_typesupport_fastrtps_cpp.dir/rosidl_typesupport_fastrtps_cpp/xarm_msgs/msg/detail/dds_fastrtps/robot_msg__type_support.cpp.o[0m
[13.904s] [ 52%] [32mBuilding CXX object CMakeFiles/xarm_msgs__rosidl_typesupport_fastrtps_cpp.dir/rosidl_typesupport_fastrtps_cpp/xarm_msgs/msg/detail/dds_fastrtps/io_state__type_support.cpp.o[0m
[13.908s] [ 52%] [32mBuilding CXX object CMakeFiles/xarm_msgs__rosidl_typesupport_fastrtps_cpp.dir/rosidl_typesupport_fastrtps_cpp/xarm_msgs/msg/detail/dds_fastrtps/cio_state__type_support.cpp.o[0m
[13.915s] [ 52%] [32mBuilding CXX object CMakeFiles/xarm_msgs__rosidl_typesupport_fastrtps_cpp.dir/rosidl_typesupport_fastrtps_cpp/xarm_msgs/msg/detail/dds_fastrtps/move_velocity__type_support.cpp.o[0m
[13.921s] [ 53%] [32mBuilding CXX object CMakeFiles/xarm_msgs__rosidl_typesupport_fastrtps_cpp.dir/rosidl_typesupport_fastrtps_cpp/xarm_msgs/srv/detail/dds_fastrtps/bio_gripper_ctrl__type_support.cpp.o[0m
[13.928s] [ 53%] [32mBuilding CXX object CMakeFiles/xarm_msgs__rosidl_typesupport_fastrtps_cpp.dir/rosidl_typesupport_fastrtps_cpp/xarm_msgs/srv/detail/dds_fastrtps/bio_gripper_enable__type_support.cpp.o[0m
[13.932s] [ 53%] [32mBuilding CXX object CMakeFiles/xarm_msgs__rosidl_typesupport_fastrtps_cpp.dir/rosidl_typesupport_fastrtps_cpp/xarm_msgs/srv/detail/dds_fastrtps/call__type_support.cpp.o[0m
[13.945s] [ 53%] [32mBuilding CXX object CMakeFiles/xarm_msgs__rosidl_typesupport_fastrtps_cpp.dir/rosidl_typesupport_fastrtps_cpp/xarm_msgs/srv/detail/dds_fastrtps/get_analog_io__type_support.cpp.o[0m
[13.951s] [ 53%] [32mBuilding CXX object CMakeFiles/xarm_msgs__rosidl_typesupport_fastrtps_cpp.dir/rosidl_typesupport_fastrtps_cpp/xarm_msgs/srv/detail/dds_fastrtps/get_digital_io__type_support.cpp.o[0m
[13.964s] [ 54%] [32mBuilding CXX object CMakeFiles/xarm_msgs__rosidl_typesupport_fastrtps_cpp.dir/rosidl_typesupport_fastrtps_cpp/xarm_msgs/srv/detail/dds_fastrtps/get_float32__type_support.cpp.o[0m
[13.970s] [ 54%] [32mBuilding CXX object CMakeFiles/xarm_msgs__rosidl_typesupport_fastrtps_cpp.dir/rosidl_typesupport_fastrtps_cpp/xarm_msgs/srv/detail/dds_fastrtps/get_float32_list__type_support.cpp.o[0m
[14.088s] [ 54%] [32mBuilding CXX object CMakeFiles/xarm_msgs__rosidl_typesupport_fastrtps_cpp.dir/rosidl_typesupport_fastrtps_cpp/xarm_msgs/srv/detail/dds_fastrtps/get_int16__type_support.cpp.o[0m
[14.131s] [ 54%] [32mBuilding CXX object CMakeFiles/xarm_msgs__rosidl_typesupport_fastrtps_cpp.dir/rosidl_typesupport_fastrtps_cpp/xarm_msgs/srv/detail/dds_fastrtps/get_int16_list__type_support.cpp.o[0m
[14.221s] [ 55%] [32m[1mLinking CXX shared library libxarm_msgs__rosidl_typesupport_introspection_cpp.so[0m
[14.429s] [ 56%] [32mBuilding CXX object CMakeFiles/xarm_msgs__rosidl_typesupport_fastrtps_cpp.dir/rosidl_typesupport_fastrtps_cpp/xarm_msgs/srv/detail/dds_fastrtps/get_int32__type_support.cpp.o[0m
[14.461s] [ 56%] [32mBuilding CXX object CMakeFiles/xarm_msgs__rosidl_typesupport_fastrtps_cpp.dir/rosidl_typesupport_fastrtps_cpp/xarm_msgs/srv/detail/dds_fastrtps/get_int32_by_type__type_support.cpp.o[0m
[14.465s] [ 56%] Built target xarm_msgs__rosidl_typesupport_introspection_cpp
[14.479s] [ 56%] [32mBuilding CXX object CMakeFiles/xarm_msgs__rosidl_typesupport_fastrtps_cpp.dir/rosidl_typesupport_fastrtps_cpp/xarm_msgs/srv/detail/dds_fastrtps/gripper_move__type_support.cpp.o[0m
[14.484s] [ 56%] [32mBuilding CXX object CMakeFiles/xarm_msgs__rosidl_typesupport_fastrtps_cpp.dir/rosidl_typesupport_fastrtps_cpp/xarm_msgs/srv/detail/dds_fastrtps/get_set_modbus_data__type_support.cpp.o[0m
[14.495s] [ 57%] [32mBuilding CXX object CMakeFiles/xarm_msgs__rosidl_typesupport_fastrtps_cpp.dir/rosidl_typesupport_fastrtps_cpp/xarm_msgs/srv/detail/dds_fastrtps/move_cartesian__type_support.cpp.o[0m
[14.505s] [ 57%] [32mBuilding CXX object CMakeFiles/xarm_msgs__rosidl_typesupport_fastrtps_cpp.dir/rosidl_typesupport_fastrtps_cpp/xarm_msgs/srv/detail/dds_fastrtps/move_circle__type_support.cpp.o[0m
[14.507s] [ 57%] [32mBuilding CXX object CMakeFiles/xarm_msgs__rosidl_typesupport_fastrtps_cpp.dir/rosidl_typesupport_fastrtps_cpp/xarm_msgs/srv/detail/dds_fastrtps/move_home__type_support.cpp.o[0m
[14.513s] [ 57%] [32mBuilding CXX object CMakeFiles/xarm_msgs__rosidl_typesupport_fastrtps_c.dir/rosidl_typesupport_fastrtps_c/xarm_msgs/msg/detail/robot_msg__type_support_c.cpp.o[0m
[14.548s] [ 57%] [32mBuilding CXX object CMakeFiles/xarm_msgs__rosidl_typesupport_fastrtps_cpp.dir/rosidl_typesupport_fastrtps_cpp/xarm_msgs/srv/detail/dds_fastrtps/move_joint__type_support.cpp.o[0m
[14.585s] [ 57%] [32mBuilding CXX object CMakeFiles/xarm_msgs__rosidl_typesupport_fastrtps_c.dir/rosidl_typesupport_fastrtps_c/xarm_msgs/msg/detail/io_state__type_support_c.cpp.o[0m
[14.607s] [ 57%] [32mBuilding C object CMakeFiles/xarm_msgs__rosidl_typesupport_introspection_c.dir/rosidl_typesupport_introspection_c/xarm_msgs/msg/detail/robot_msg__type_support.c.o[0m
[14.642s] [ 57%] [32mBuilding CXX object CMakeFiles/xarm_msgs__rosidl_typesupport_fastrtps_c.dir/rosidl_typesupport_fastrtps_c/xarm_msgs/msg/detail/cio_state__type_support_c.cpp.o[0m
[14.719s] [ 58%] [32mBuilding CXX object CMakeFiles/xarm_msgs__rosidl_typesupport_fastrtps_c.dir/rosidl_typesupport_fastrtps_c/xarm_msgs/msg/detail/move_velocity__type_support_c.cpp.o[0m
[14.730s] [ 58%] [32mBuilding C object CMakeFiles/xarm_msgs__rosidl_typesupport_introspection_c.dir/rosidl_typesupport_introspection_c/xarm_msgs/msg/detail/io_state__type_support.c.o[0m
[14.740s] [ 58%] [32mBuilding CXX object CMakeFiles/xarm_msgs__rosidl_typesupport_fastrtps_cpp.dir/rosidl_typesupport_fastrtps_cpp/xarm_msgs/srv/detail/dds_fastrtps/move_velocity__type_support.cpp.o[0m
[14.783s] [ 58%] [32mBuilding CXX object CMakeFiles/xarm_msgs__rosidl_typesupport_fastrtps_c.dir/rosidl_typesupport_fastrtps_c/xarm_msgs/srv/detail/bio_gripper_ctrl__type_support_c.cpp.o[0m
[14.788s] [ 59%] [32mBuilding CXX object CMakeFiles/xarm_msgs__rosidl_typesupport_fastrtps_cpp.dir/rosidl_typesupport_fastrtps_cpp/xarm_msgs/srv/detail/dds_fastrtps/robotiq_activate__type_support.cpp.o[0m
[14.799s] [ 59%] [32mBuilding C object CMakeFiles/xarm_msgs__rosidl_typesupport_introspection_c.dir/rosidl_typesupport_introspection_c/xarm_msgs/msg/detail/cio_state__type_support.c.o[0m
[14.939s] [ 60%] [32mBuilding C object CMakeFiles/xarm_msgs__rosidl_typesupport_introspection_c.dir/rosidl_typesupport_introspection_c/xarm_msgs/msg/detail/move_velocity__type_support.c.o[0m
[15.023s] [ 60%] [32mBuilding CXX object CMakeFiles/xarm_msgs__rosidl_typesupport_fastrtps_cpp.dir/rosidl_typesupport_fastrtps_cpp/xarm_msgs/srv/detail/dds_fastrtps/robotiq_get_status__type_support.cpp.o[0m
[15.025s] [ 60%] [32mBuilding CXX object CMakeFiles/xarm_msgs__rosidl_typesupport_fastrtps_c.dir/rosidl_typesupport_fastrtps_c/xarm_msgs/srv/detail/bio_gripper_enable__type_support_c.cpp.o[0m
[15.036s] [ 60%] [32mBuilding C object CMakeFiles/xarm_msgs__rosidl_typesupport_introspection_c.dir/rosidl_typesupport_introspection_c/xarm_msgs/srv/detail/bio_gripper_ctrl__type_support.c.o[0m
[15.046s] [ 60%] [32mBuilding C object CMakeFiles/xarm_msgs__rosidl_typesupport_introspection_c.dir/rosidl_typesupport_introspection_c/xarm_msgs/srv/detail/bio_gripper_enable__type_support.c.o[0m
[15.048s] [ 60%] [32mBuilding C object CMakeFiles/xarm_msgs__rosidl_typesupport_introspection_c.dir/rosidl_typesupport_introspection_c/xarm_msgs/srv/detail/call__type_support.c.o[0m
[15.052s] [ 61%] [32mBuilding C object CMakeFiles/xarm_msgs__rosidl_typesupport_introspection_c.dir/rosidl_typesupport_introspection_c/xarm_msgs/srv/detail/get_analog_io__type_support.c.o[0m
[15.072s] [ 61%] [32mBuilding C object CMakeFiles/xarm_msgs__rosidl_typesupport_introspection_c.dir/rosidl_typesupport_introspection_c/xarm_msgs/srv/detail/get_digital_io__type_support.c.o[0m
[15.111s] [ 61%] [32mBuilding C object CMakeFiles/xarm_msgs__rosidl_typesupport_introspection_c.dir/rosidl_typesupport_introspection_c/xarm_msgs/srv/detail/get_float32__type_support.c.o[0m
[15.116s] [ 61%] [32mBuilding C object CMakeFiles/xarm_msgs__rosidl_typesupport_introspection_c.dir/rosidl_typesupport_introspection_c/xarm_msgs/srv/detail/get_float32_list__type_support.c.o[0m
[15.116s] [ 61%] [32mBuilding CXX object CMakeFiles/xarm_msgs__rosidl_typesupport_fastrtps_c.dir/rosidl_typesupport_fastrtps_c/xarm_msgs/srv/detail/call__type_support_c.cpp.o[0m
[15.128s] [ 61%] [32mBuilding CXX object CMakeFiles/xarm_msgs__rosidl_typesupport_fastrtps_cpp.dir/rosidl_typesupport_fastrtps_cpp/xarm_msgs/srv/detail/dds_fastrtps/robotiq_move__type_support.cpp.o[0m
[15.138s] [ 61%] [32mBuilding C object CMakeFiles/xarm_msgs__rosidl_typesupport_introspection_c.dir/rosidl_typesupport_introspection_c/xarm_msgs/srv/detail/get_int16__type_support.c.o[0m
[15.151s] [ 61%] [32mBuilding CXX object CMakeFiles/xarm_msgs__rosidl_typesupport_fastrtps_c.dir/rosidl_typesupport_fastrtps_c/xarm_msgs/srv/detail/get_analog_io__type_support_c.cpp.o[0m
[15.157s] [ 62%] [32mBuilding C object CMakeFiles/xarm_msgs__rosidl_typesupport_introspection_c.dir/rosidl_typesupport_introspection_c/xarm_msgs/srv/detail/get_int16_list__type_support.c.o[0m
[15.159s] [ 63%] [32mBuilding CXX object CMakeFiles/xarm_msgs__rosidl_typesupport_fastrtps_c.dir/rosidl_typesupport_fastrtps_c/xarm_msgs/srv/detail/get_digital_io__type_support_c.cpp.o[0m
[15.173s] [ 63%] [32mBuilding CXX object CMakeFiles/xarm_msgs__rosidl_typesupport_fastrtps_cpp.dir/rosidl_typesupport_fastrtps_cpp/xarm_msgs/srv/detail/dds_fastrtps/robotiq_reset__type_support.cpp.o[0m
[15.185s] [ 63%] [32mBuilding C object CMakeFiles/xarm_msgs__rosidl_typesupport_introspection_c.dir/rosidl_typesupport_introspection_c/xarm_msgs/srv/detail/get_int32__type_support.c.o[0m
[15.200s] [ 63%] [32mBuilding C object CMakeFiles/xarm_msgs__rosidl_typesupport_introspection_c.dir/rosidl_typesupport_introspection_c/xarm_msgs/srv/detail/get_int32_by_type__type_support.c.o[0m
[15.207s] [ 63%] [32mBuilding CXX object CMakeFiles/xarm_msgs__rosidl_typesupport_fastrtps_c.dir/rosidl_typesupport_fastrtps_c/xarm_msgs/srv/detail/get_float32__type_support_c.cpp.o[0m
[15.212s] [ 64%] [32mBuilding CXX object CMakeFiles/xarm_msgs__rosidl_typesupport_fastrtps_cpp.dir/rosidl_typesupport_fastrtps_cpp/xarm_msgs/srv/detail/dds_fastrtps/set_analog_io__type_support.cpp.o[0m
[15.243s] [ 65%] [32mBuilding C object CMakeFiles/xarm_msgs__rosidl_typesupport_introspection_c.dir/rosidl_typesupport_introspection_c/xarm_msgs/srv/detail/gripper_move__type_support.c.o[0m
[15.244s] [ 65%] [32mBuilding C object CMakeFiles/xarm_msgs__rosidl_typesupport_introspection_c.dir/rosidl_typesupport_introspection_c/xarm_msgs/srv/detail/get_set_modbus_data__type_support.c.o[0m
[15.256s] [ 65%] [32mBuilding C object CMakeFiles/xarm_msgs__rosidl_typesupport_introspection_c.dir/rosidl_typesupport_introspection_c/xarm_msgs/srv/detail/move_cartesian__type_support.c.o[0m
[15.262s] [ 65%] [32mBuilding C object CMakeFiles/xarm_msgs__rosidl_typesupport_introspection_c.dir/rosidl_typesupport_introspection_c/xarm_msgs/srv/detail/move_circle__type_support.c.o[0m
[15.308s] [ 65%] [32mBuilding C object CMakeFiles/xarm_msgs__rosidl_typesupport_introspection_c.dir/rosidl_typesupport_introspection_c/xarm_msgs/srv/detail/move_home__type_support.c.o[0m
[15.323s] [ 66%] [32mBuilding C object CMakeFiles/xarm_msgs__rosidl_typesupport_introspection_c.dir/rosidl_typesupport_introspection_c/xarm_msgs/srv/detail/move_joint__type_support.c.o[0m
[15.331s] [ 66%] [32mBuilding CXX object CMakeFiles/xarm_msgs__rosidl_typesupport_fastrtps_c.dir/rosidl_typesupport_fastrtps_c/xarm_msgs/srv/detail/get_float32_list__type_support_c.cpp.o[0m
[15.338s] [ 66%] [32mBuilding C object CMakeFiles/xarm_msgs__rosidl_typesupport_introspection_c.dir/rosidl_typesupport_introspection_c/xarm_msgs/srv/detail/move_velocity__type_support.c.o[0m
[15.365s] [ 66%] [32mBuilding CXX object CMakeFiles/xarm_msgs__rosidl_typesupport_fastrtps_c.dir/rosidl_typesupport_fastrtps_c/xarm_msgs/srv/detail/get_int16__type_support_c.cpp.o[0m
[15.386s] [ 67%] [32mBuilding CXX object CMakeFiles/xarm_msgs__rosidl_typesupport_fastrtps_c.dir/rosidl_typesupport_fastrtps_c/xarm_msgs/srv/detail/get_int16_list__type_support_c.cpp.o[0m
[15.408s] [ 67%] [32mBuilding C object CMakeFiles/xarm_msgs__rosidl_typesupport_introspection_c.dir/rosidl_typesupport_introspection_c/xarm_msgs/srv/detail/robotiq_activate__type_support.c.o[0m
[15.464s] [ 67%] [32mBuilding C object CMakeFiles/xarm_msgs__rosidl_typesupport_introspection_c.dir/rosidl_typesupport_introspection_c/xarm_msgs/srv/detail/robotiq_get_status__type_support.c.o[0m
[15.464s] [ 67%] [32mBuilding CXX object CMakeFiles/xarm_msgs__rosidl_typesupport_fastrtps_cpp.dir/rosidl_typesupport_fastrtps_cpp/xarm_msgs/srv/detail/dds_fastrtps/set_digital_io__type_support.cpp.o[0m
[15.509s] [ 67%] [32mBuilding CXX object CMakeFiles/xarm_msgs__rosidl_typesupport_fastrtps_c.dir/rosidl_typesupport_fastrtps_c/xarm_msgs/srv/detail/get_int32__type_support_c.cpp.o[0m
[15.570s] [ 67%] [32mBuilding C object CMakeFiles/xarm_msgs__rosidl_typesupport_introspection_c.dir/rosidl_typesupport_introspection_c/xarm_msgs/srv/detail/robotiq_move__type_support.c.o[0m
[15.588s] [ 68%] [32mBuilding C object CMakeFiles/xarm_msgs__rosidl_typesupport_introspection_c.dir/rosidl_typesupport_introspection_c/xarm_msgs/srv/detail/robotiq_reset__type_support.c.o[0m
[15.599s] [ 68%] [32mBuilding CXX object CMakeFiles/xarm_msgs__rosidl_typesupport_fastrtps_c.dir/rosidl_typesupport_fastrtps_c/xarm_msgs/srv/detail/get_int32_by_type__type_support_c.cpp.o[0m
[15.628s] [ 68%] [32mBuilding C object CMakeFiles/xarm_msgs__rosidl_typesupport_introspection_c.dir/rosidl_typesupport_introspection_c/xarm_msgs/srv/detail/set_analog_io__type_support.c.o[0m
[15.664s] [ 68%] [32mBuilding C object CMakeFiles/xarm_msgs__rosidl_typesupport_introspection_c.dir/rosidl_typesupport_introspection_c/xarm_msgs/srv/detail/set_digital_io__type_support.c.o[0m
[15.668s] [ 68%] [32mBuilding CXX object CMakeFiles/xarm_msgs__rosidl_typesupport_fastrtps_c.dir/rosidl_typesupport_fastrtps_c/xarm_msgs/srv/detail/get_set_modbus_data__type_support_c.cpp.o[0m
[15.684s] [ 69%] [32mBuilding CXX object CMakeFiles/xarm_msgs__rosidl_typesupport_fastrtps_c.dir/rosidl_typesupport_fastrtps_c/xarm_msgs/srv/detail/gripper_move__type_support_c.cpp.o[0m
[15.685s] [ 69%] [32mBuilding CXX object CMakeFiles/xarm_msgs__rosidl_typesupport_fastrtps_cpp.dir/rosidl_typesupport_fastrtps_cpp/xarm_msgs/srv/detail/dds_fastrtps/set_float32__type_support.cpp.o[0m
[15.719s] [ 69%] [32mBuilding C object CMakeFiles/xarm_msgs__rosidl_typesupport_introspection_c.dir/rosidl_typesupport_introspection_c/xarm_msgs/srv/detail/set_float32__type_support.c.o[0m
[15.764s] [ 70%] [32mBuilding C object CMakeFiles/xarm_msgs__rosidl_typesupport_introspection_c.dir/rosidl_typesupport_introspection_c/xarm_msgs/srv/detail/set_float32_list__type_support.c.o[0m
[15.802s] [ 70%] [32mBuilding CXX object CMakeFiles/xarm_msgs__rosidl_typesupport_fastrtps_c.dir/rosidl_typesupport_fastrtps_c/xarm_msgs/srv/detail/move_cartesian__type_support_c.cpp.o[0m
[15.825s] [ 70%] [32mBuilding C object CMakeFiles/xarm_msgs__rosidl_typesupport_introspection_c.dir/rosidl_typesupport_introspection_c/xarm_msgs/srv/detail/set_int16_by_id__type_support.c.o[0m
[15.837s] [ 70%] [32mBuilding C object CMakeFiles/xarm_msgs__rosidl_typesupport_introspection_c.dir/rosidl_typesupport_introspection_c/xarm_msgs/srv/detail/set_int16__type_support.c.o[0m
[15.838s] [ 70%] [32mBuilding C object CMakeFiles/xarm_msgs__rosidl_typesupport_introspection_c.dir/rosidl_typesupport_introspection_c/xarm_msgs/srv/detail/set_int16_list__type_support.c.o[0m
[15.847s] [ 70%] [32mBuilding CXX object CMakeFiles/xarm_msgs__rosidl_typesupport_fastrtps_c.dir/rosidl_typesupport_fastrtps_c/xarm_msgs/srv/detail/move_circle__type_support_c.cpp.o[0m
[15.857s] [ 70%] [32mBuilding CXX object CMakeFiles/xarm_msgs__rosidl_typesupport_fastrtps_c.dir/rosidl_typesupport_fastrtps_c/xarm_msgs/srv/detail/move_home__type_support_c.cpp.o[0m
[15.860s] [ 70%] [32mBuilding CXX object CMakeFiles/xarm_msgs__rosidl_typesupport_fastrtps_cpp.dir/rosidl_typesupport_fastrtps_cpp/xarm_msgs/srv/detail/dds_fastrtps/set_float32_list__type_support.cpp.o[0m
[15.860s] [ 71%] [32mBuilding CXX object CMakeFiles/xarm_msgs__rosidl_typesupport_fastrtps_cpp.dir/rosidl_typesupport_fastrtps_cpp/xarm_msgs/srv/detail/dds_fastrtps/set_int16__type_support.cpp.o[0m
[15.893s] [ 71%] [32mBuilding CXX object CMakeFiles/xarm_msgs__rosidl_typesupport_fastrtps_c.dir/rosidl_typesupport_fastrtps_c/xarm_msgs/srv/detail/move_joint__type_support_c.cpp.o[0m
[15.937s] [ 72%] [32mBuilding C object CMakeFiles/xarm_msgs__rosidl_typesupport_introspection_c.dir/rosidl_typesupport_introspection_c/xarm_msgs/srv/detail/set_int32__type_support.c.o[0m
[15.959s] [ 72%] [32mBuilding C object CMakeFiles/xarm_msgs__rosidl_typesupport_introspection_c.dir/rosidl_typesupport_introspection_c/xarm_msgs/srv/detail/set_int32_by_type__type_support.c.o[0m
[15.974s] [ 72%] [32mBuilding C object CMakeFiles/xarm_msgs__rosidl_typesupport_introspection_c.dir/rosidl_typesupport_introspection_c/xarm_msgs/srv/detail/traj_ctrl__type_support.c.o[0m
[16.034s] [ 72%] [32mBuilding C object CMakeFiles/xarm_msgs__rosidl_typesupport_introspection_c.dir/rosidl_typesupport_introspection_c/xarm_msgs/srv/detail/traj_play__type_support.c.o[0m
[16.037s] [ 73%] [32mBuilding CXX object CMakeFiles/xarm_msgs__rosidl_typesupport_fastrtps_c.dir/rosidl_typesupport_fastrtps_c/xarm_msgs/srv/detail/move_velocity__type_support_c.cpp.o[0m
[16.057s] [ 73%] [32mBuilding C object CMakeFiles/xarm_msgs__rosidl_typesupport_introspection_c.dir/rosidl_typesupport_introspection_c/xarm_msgs/srv/detail/vacuum_gripper_ctrl__type_support.c.o[0m
[16.068s] [ 74%] [32mBuilding C object CMakeFiles/xarm_msgs__rosidl_typesupport_introspection_c.dir/rosidl_typesupport_introspection_c/xarm_msgs/srv/detail/set_tcp_load__type_support.c.o[0m
[16.106s] [ 74%] [32mBuilding CXX object CMakeFiles/xarm_msgs__rosidl_typesupport_fastrtps_c.dir/rosidl_typesupport_fastrtps_c/xarm_msgs/srv/detail/robotiq_activate__type_support_c.cpp.o[0m
[16.124s] [ 74%] [32mBuilding CXX object CMakeFiles/xarm_msgs__rosidl_typesupport_fastrtps_cpp.dir/rosidl_typesupport_fastrtps_cpp/xarm_msgs/srv/detail/dds_fastrtps/set_int16_by_id__type_support.cpp.o[0m
[16.149s] [ 74%] [32mBuilding C object CMakeFiles/xarm_msgs__rosidl_typesupport_introspection_c.dir/rosidl_typesupport_introspection_c/xarm_msgs/srv/detail/set_modbus_timeout__type_support.c.o[0m
[16.168s] [ 74%] [32mBuilding C object CMakeFiles/xarm_msgs__rosidl_typesupport_introspection_c.dir/rosidl_typesupport_introspection_c/xarm_msgs/srv/detail/iden_load__type_support.c.o[0m
[16.203s] [ 74%] [32mBuilding CXX object CMakeFiles/xarm_msgs__rosidl_typesupport_fastrtps_c.dir/rosidl_typesupport_fastrtps_c/xarm_msgs/srv/detail/robotiq_get_status__type_support_c.cpp.o[0m
[16.218s] [ 74%] [32mBuilding C object CMakeFiles/xarm_msgs__rosidl_typesupport_introspection_c.dir/rosidl_typesupport_introspection_c/xarm_msgs/srv/detail/ft_cali_load__type_support.c.o[0m
[16.238s] [ 74%] [32mBuilding CXX object CMakeFiles/xarm_msgs__rosidl_typesupport_fastrtps_cpp.dir/rosidl_typesupport_fastrtps_cpp/xarm_msgs/srv/detail/dds_fastrtps/set_int16_list__type_support.cpp.o[0m
[16.239s] [ 75%] [32mBuilding C object CMakeFiles/xarm_msgs__rosidl_typesupport_introspection_c.dir/rosidl_typesupport_introspection_c/xarm_msgs/srv/detail/ft_force_config__type_support.c.o[0m
[16.313s] [ 75%] [32mBuilding CXX object CMakeFiles/xarm_msgs__rosidl_typesupport_fastrtps_c.dir/rosidl_typesupport_fastrtps_c/xarm_msgs/srv/detail/robotiq_move__type_support_c.cpp.o[0m
[16.315s] [ 75%] [32mBuilding C object CMakeFiles/xarm_msgs__rosidl_typesupport_introspection_c.dir/rosidl_typesupport_introspection_c/xarm_msgs/srv/detail/ft_force_pid__type_support.c.o[0m
[16.334s] [ 75%] [32mBuilding C object CMakeFiles/xarm_msgs__rosidl_typesupport_introspection_c.dir/rosidl_typesupport_introspection_c/xarm_msgs/srv/detail/ft_impedance__type_support.c.o[0m
[16.380s] [ 75%] [32mBuilding CXX object CMakeFiles/xarm_msgs__rosidl_typesupport_fastrtps_cpp.dir/rosidl_typesupport_fastrtps_cpp/xarm_msgs/srv/detail/dds_fastrtps/set_int32__type_support.cpp.o[0m
[16.401s] [ 75%] [32mBuilding C object CMakeFiles/xarm_msgs__rosidl_typesupport_introspection_c.dir/rosidl_typesupport_introspection_c/xarm_msgs/srv/detail/linear_track_back_origin__type_support.c.o[0m
[16.433s] [ 76%] [32mBuilding CXX object CMakeFiles/xarm_msgs__rosidl_typesupport_fastrtps_c.dir/rosidl_typesupport_fastrtps_c/xarm_msgs/srv/detail/robotiq_reset__type_support_c.cpp.o[0m
[16.458s] [ 77%] [32mBuilding C object CMakeFiles/xarm_msgs__rosidl_typesupport_introspection_c.dir/rosidl_typesupport_introspection_c/xarm_msgs/srv/detail/linear_track_set_pos__type_support.c.o[0m
[16.493s] [ 77%] [32mBuilding CXX object CMakeFiles/xarm_msgs__rosidl_typesupport_fastrtps_c.dir/rosidl_typesupport_fastrtps_c/xarm_msgs/srv/detail/set_analog_io__type_support_c.cpp.o[0m
[16.522s] [ 77%] [32mBuilding CXX object CMakeFiles/xarm_msgs__rosidl_typesupport_fastrtps_cpp.dir/rosidl_typesupport_fastrtps_cpp/xarm_msgs/srv/detail/dds_fastrtps/set_int32_by_type__type_support.cpp.o[0m
[16.545s] [ 78%] [32mBuilding CXX object CMakeFiles/xarm_msgs__rosidl_typesupport_fastrtps_cpp.dir/rosidl_typesupport_fastrtps_cpp/xarm_msgs/srv/detail/dds_fastrtps/traj_ctrl__type_support.cpp.o[0m
[16.556s] [ 78%] [32mBuilding CXX object CMakeFiles/xarm_msgs__rosidl_typesupport_fastrtps_cpp.dir/rosidl_typesupport_fastrtps_cpp/xarm_msgs/srv/detail/dds_fastrtps/traj_play__type_support.cpp.o[0m
[16.571s] [ 78%] [32mBuilding C object CMakeFiles/xarm_msgs__rosidl_typesupport_introspection_c.dir/rosidl_typesupport_introspection_c/xarm_msgs/srv/detail/plan_exec__type_support.c.o[0m
[16.605s] [ 78%] [32mBuilding CXX object CMakeFiles/xarm_msgs__rosidl_typesupport_fastrtps_c.dir/rosidl_typesupport_fastrtps_c/xarm_msgs/srv/detail/set_digital_io__type_support_c.cpp.o[0m
[16.653s] [ 78%] [32mBuilding C object CMakeFiles/xarm_msgs__rosidl_typesupport_introspection_c.dir/rosidl_typesupport_introspection_c/xarm_msgs/srv/detail/plan_joint__type_support.c.o[0m
[16.660s] [ 78%] [32mBuilding C object CMakeFiles/xarm_msgs__rosidl_typesupport_introspection_c.dir/rosidl_typesupport_introspection_c/xarm_msgs/srv/detail/plan_pose__type_support.c.o[0m
[16.662s] [ 78%] [32mBuilding CXX object CMakeFiles/xarm_msgs__rosidl_typesupport_fastrtps_c.dir/rosidl_typesupport_fastrtps_c/xarm_msgs/srv/detail/set_float32__type_support_c.cpp.o[0m
[16.704s] [ 79%] [32mBuilding CXX object CMakeFiles/xarm_msgs__rosidl_typesupport_fastrtps_c.dir/rosidl_typesupport_fastrtps_c/xarm_msgs/srv/detail/set_float32_list__type_support_c.cpp.o[0m
[16.719s] [ 79%] [32mBuilding CXX object CMakeFiles/xarm_msgs__rosidl_typesupport_fastrtps_cpp.dir/rosidl_typesupport_fastrtps_cpp/xarm_msgs/srv/detail/dds_fastrtps/vacuum_gripper_ctrl__type_support.cpp.o[0m
[16.757s] [ 80%] [32mBuilding C object CMakeFiles/xarm_msgs__rosidl_typesupport_introspection_c.dir/rosidl_typesupport_introspection_c/xarm_msgs/srv/detail/plan_single_straight__type_support.c.o[0m
[16.778s] [ 80%] [32mBuilding CXX object CMakeFiles/xarm_msgs__rosidl_typesupport_fastrtps_cpp.dir/rosidl_typesupport_fastrtps_cpp/xarm_msgs/srv/detail/dds_fastrtps/set_tcp_load__type_support.cpp.o[0m
[16.827s] [ 80%] [32m[1mLinking C shared library libxarm_msgs__rosidl_typesupport_introspection_c.so[0m
[16.892s] [ 80%] [32mBuilding CXX object CMakeFiles/xarm_msgs__rosidl_typesupport_fastrtps_c.dir/rosidl_typesupport_fastrtps_c/xarm_msgs/srv/detail/set_int16__type_support_c.cpp.o[0m
[16.951s] [ 80%] [32mBuilding CXX object CMakeFiles/xarm_msgs__rosidl_typesupport_fastrtps_c.dir/rosidl_typesupport_fastrtps_c/xarm_msgs/srv/detail/set_int16_by_id__type_support_c.cpp.o[0m
[16.994s] [ 81%] [32mBuilding CXX object CMakeFiles/xarm_msgs__rosidl_typesupport_fastrtps_cpp.dir/rosidl_typesupport_fastrtps_cpp/xarm_msgs/srv/detail/dds_fastrtps/set_modbus_timeout__type_support.cpp.o[0m
[16.997s] [ 81%] Built target xarm_msgs__rosidl_typesupport_introspection_c
[17.002s] [ 81%] [32mBuilding CXX object CMakeFiles/xarm_msgs__rosidl_typesupport_fastrtps_cpp.dir/rosidl_typesupport_fastrtps_cpp/xarm_msgs/srv/detail/dds_fastrtps/iden_load__type_support.cpp.o[0m
[17.028s] [ 81%] [32mBuilding CXX object CMakeFiles/xarm_msgs__rosidl_typesupport_fastrtps_cpp.dir/rosidl_typesupport_fastrtps_cpp/xarm_msgs/srv/detail/dds_fastrtps/ft_cali_load__type_support.cpp.o[0m
[17.167s] [ 81%] [32mBuilding CXX object CMakeFiles/xarm_msgs__rosidl_typesupport_fastrtps_cpp.dir/rosidl_typesupport_fastrtps_cpp/xarm_msgs/srv/detail/dds_fastrtps/ft_force_config__type_support.cpp.o[0m
[17.202s] [ 82%] [32mBuilding CXX object CMakeFiles/xarm_msgs__rosidl_typesupport_fastrtps_cpp.dir/rosidl_typesupport_fastrtps_cpp/xarm_msgs/srv/detail/dds_fastrtps/ft_force_pid__type_support.cpp.o[0m
[17.202s] [ 82%] [32mBuilding CXX object CMakeFiles/xarm_msgs__rosidl_typesupport_fastrtps_cpp.dir/rosidl_typesupport_fastrtps_cpp/xarm_msgs/srv/detail/dds_fastrtps/ft_impedance__type_support.cpp.o[0m
[17.217s] [ 82%] [32mBuilding CXX object CMakeFiles/xarm_msgs__rosidl_typesupport_fastrtps_cpp.dir/rosidl_typesupport_fastrtps_cpp/xarm_msgs/srv/detail/dds_fastrtps/linear_track_back_origin__type_support.cpp.o[0m
[17.263s] [ 82%] [32mBuilding CXX object CMakeFiles/xarm_msgs__rosidl_typesupport_fastrtps_cpp.dir/rosidl_typesupport_fastrtps_cpp/xarm_msgs/srv/detail/dds_fastrtps/linear_track_set_pos__type_support.cpp.o[0m
[17.285s] [ 83%] [32mBuilding CXX object CMakeFiles/xarm_msgs__rosidl_typesupport_fastrtps_cpp.dir/rosidl_typesupport_fastrtps_cpp/xarm_msgs/srv/detail/dds_fastrtps/plan_exec__type_support.cpp.o[0m
[17.312s] [ 83%] [32mBuilding CXX object CMakeFiles/xarm_msgs__rosidl_typesupport_fastrtps_cpp.dir/rosidl_typesupport_fastrtps_cpp/xarm_msgs/srv/detail/dds_fastrtps/plan_joint__type_support.cpp.o[0m
[17.344s] [ 83%] [32mBuilding CXX object CMakeFiles/xarm_msgs__rosidl_typesupport_fastrtps_c.dir/rosidl_typesupport_fastrtps_c/xarm_msgs/srv/detail/set_int16_list__type_support_c.cpp.o[0m
[17.414s] [ 84%] [32mBuilding CXX object CMakeFiles/xarm_msgs__rosidl_typesupport_fastrtps_c.dir/rosidl_typesupport_fastrtps_c/xarm_msgs/srv/detail/set_int32__type_support_c.cpp.o[0m
[17.546s] [ 84%] [32mBuilding CXX object CMakeFiles/xarm_msgs__rosidl_typesupport_fastrtps_c.dir/rosidl_typesupport_fastrtps_c/xarm_msgs/srv/detail/set_int32_by_type__type_support_c.cpp.o[0m
[17.588s] [ 84%] [32mBuilding CXX object CMakeFiles/xarm_msgs__rosidl_typesupport_fastrtps_cpp.dir/rosidl_typesupport_fastrtps_cpp/xarm_msgs/srv/detail/dds_fastrtps/plan_pose__type_support.cpp.o[0m
[17.603s] [ 84%] [32mBuilding CXX object CMakeFiles/xarm_msgs__rosidl_typesupport_fastrtps_c.dir/rosidl_typesupport_fastrtps_c/xarm_msgs/srv/detail/traj_ctrl__type_support_c.cpp.o[0m
[17.608s] [ 84%] [32mBuilding CXX object CMakeFiles/xarm_msgs__rosidl_typesupport_fastrtps_cpp.dir/rosidl_typesupport_fastrtps_cpp/xarm_msgs/srv/detail/dds_fastrtps/plan_single_straight__type_support.cpp.o[0m
[17.740s] [ 84%] [32mBuilding CXX object CMakeFiles/xarm_msgs__rosidl_typesupport_fastrtps_c.dir/rosidl_typesupport_fastrtps_c/xarm_msgs/srv/detail/traj_play__type_support_c.cpp.o[0m
[17.772s] [ 84%] [32mBuilding CXX object CMakeFiles/xarm_msgs__rosidl_typesupport_fastrtps_c.dir/rosidl_typesupport_fastrtps_c/xarm_msgs/srv/detail/vacuum_gripper_ctrl__type_support_c.cpp.o[0m
[17.837s] [ 85%] [32mBuilding CXX object CMakeFiles/xarm_msgs__rosidl_typesupport_fastrtps_c.dir/rosidl_typesupport_fastrtps_c/xarm_msgs/srv/detail/set_tcp_load__type_support_c.cpp.o[0m
[17.935s] [ 85%] [32mBuilding CXX object CMakeFiles/xarm_msgs__rosidl_typesupport_fastrtps_c.dir/rosidl_typesupport_fastrtps_c/xarm_msgs/srv/detail/set_modbus_timeout__type_support_c.cpp.o[0m
[17.941s] [ 85%] [32mBuilding CXX object CMakeFiles/xarm_msgs__rosidl_typesupport_fastrtps_c.dir/rosidl_typesupport_fastrtps_c/xarm_msgs/srv/detail/iden_load__type_support_c.cpp.o[0m
[17.962s] [ 86%] [32mBuilding CXX object CMakeFiles/xarm_msgs__rosidl_typesupport_fastrtps_c.dir/rosidl_typesupport_fastrtps_c/xarm_msgs/srv/detail/ft_cali_load__type_support_c.cpp.o[0m
[17.962s] [ 86%] [32mBuilding CXX object CMakeFiles/xarm_msgs__rosidl_typesupport_fastrtps_c.dir/rosidl_typesupport_fastrtps_c/xarm_msgs/srv/detail/ft_force_config__type_support_c.cpp.o[0m
[17.988s] [ 86%] [32mBuilding CXX object CMakeFiles/xarm_msgs__rosidl_typesupport_fastrtps_c.dir/rosidl_typesupport_fastrtps_c/xarm_msgs/srv/detail/ft_force_pid__type_support_c.cpp.o[0m
[18.025s] [ 86%] [32mBuilding CXX object CMakeFiles/xarm_msgs__rosidl_typesupport_fastrtps_c.dir/rosidl_typesupport_fastrtps_c/xarm_msgs/srv/detail/ft_impedance__type_support_c.cpp.o[0m
[18.037s] [ 86%] [32mBuilding CXX object CMakeFiles/xarm_msgs__rosidl_typesupport_fastrtps_c.dir/rosidl_typesupport_fastrtps_c/xarm_msgs/srv/detail/linear_track_back_origin__type_support_c.cpp.o[0m
[18.230s] [ 87%] [32mBuilding CXX object CMakeFiles/xarm_msgs__rosidl_typesupport_fastrtps_c.dir/rosidl_typesupport_fastrtps_c/xarm_msgs/srv/detail/linear_track_set_pos__type_support_c.cpp.o[0m
[18.326s] [ 87%] [32mBuilding CXX object CMakeFiles/xarm_msgs__rosidl_typesupport_fastrtps_c.dir/rosidl_typesupport_fastrtps_c/xarm_msgs/srv/detail/plan_joint__type_support_c.cpp.o[0m
[18.326s] [ 87%] [32mBuilding CXX object CMakeFiles/xarm_msgs__rosidl_typesupport_fastrtps_c.dir/rosidl_typesupport_fastrtps_c/xarm_msgs/srv/detail/plan_exec__type_support_c.cpp.o[0m
[18.326s] [ 87%] [32mBuilding CXX object CMakeFiles/xarm_msgs__rosidl_typesupport_fastrtps_c.dir/rosidl_typesupport_fastrtps_c/xarm_msgs/srv/detail/plan_pose__type_support_c.cpp.o[0m
[18.391s] [ 87%] [32mBuilding CXX object CMakeFiles/xarm_msgs__rosidl_typesupport_fastrtps_c.dir/rosidl_typesupport_fastrtps_c/xarm_msgs/srv/detail/plan_single_straight__type_support_c.cpp.o[0m
[18.438s] [ 87%] [32m[1mLinking CXX shared library libxarm_msgs__rosidl_typesupport_fastrtps_cpp.so[0m
[18.653s] [ 87%] Built target xarm_msgs__rosidl_typesupport_fastrtps_cpp
[18.744s] [ 88%] [32m[1mLinking CXX shared library libxarm_msgs__rosidl_typesupport_fastrtps_c.so[0m
[18.823s] [ 88%] Built target xarm_msgs__rosidl_typesupport_fastrtps_c
[18.851s] [ 88%] Built target xarm_msgs
[18.882s] [ 88%] [34m[1mGenerating Python code for ROS interfaces[0m
[25.107s] [ 88%] Built target xarm_msgs__py
[25.135s] [ 89%] [32mBuilding C object CMakeFiles/xarm_msgs__rosidl_generator_py.dir/rosidl_generator_py/xarm_msgs/msg/_io_state_s.c.o[0m
[25.137s] [ 89%] [32mBuilding C object CMakeFiles/xarm_msgs__rosidl_generator_py.dir/rosidl_generator_py/xarm_msgs/srv/_get_digital_io_s.c.o[0m
[25.137s] [ 89%] [32mBuilding C object CMakeFiles/xarm_msgs__rosidl_generator_py.dir/rosidl_generator_py/xarm_msgs/msg/_move_velocity_s.c.o[0m
[25.137s] [ 89%] [32mBuilding C object CMakeFiles/xarm_msgs__rosidl_generator_py.dir/rosidl_generator_py/xarm_msgs/srv/_bio_gripper_ctrl_s.c.o[0m
[25.139s] [ 89%] [32mBuilding C object CMakeFiles/xarm_msgs__rosidl_generator_py.dir/rosidl_generator_py/xarm_msgs/srv/_get_analog_io_s.c.o[0m
[25.142s] [ 90%] [32mBuilding C object CMakeFiles/xarm_msgs__rosidl_generator_py.dir/rosidl_generator_py/xarm_msgs/srv/_get_float32_s.c.o[0m
[25.145s] [ 89%] [32mBuilding C object CMakeFiles/xarm_msgs__rosidl_generator_py.dir/rosidl_generator_py/xarm_msgs/msg/_robot_msg_s.c.o[0m
[25.145s] [ 91%] [32mBuilding C object CMakeFiles/xarm_msgs__rosidl_generator_py.dir/rosidl_generator_py/xarm_msgs/srv/_bio_gripper_enable_s.c.o[0m
[25.145s] [ 89%] [32mBuilding C object CMakeFiles/xarm_msgs__rosidl_generator_py.dir/rosidl_generator_py/xarm_msgs/srv/_get_int16_s.c.o[0m
[25.146s] [ 91%] [32mBuilding C object CMakeFiles/xarm_msgs__rosidl_generator_py.dir/rosidl_generator_py/xarm_msgs/msg/_cio_state_s.c.o[0m
[25.147s] [ 91%] [32mBuilding C object CMakeFiles/xarm_msgs__rosidl_generator_py.dir/rosidl_generator_py/xarm_msgs/srv/_get_int16_list_s.c.o[0m
[25.147s] [ 91%] [32mBuilding C object CMakeFiles/xarm_msgs__rosidl_generator_py.dir/rosidl_generator_py/xarm_msgs/srv/_call_s.c.o[0m
[25.151s] [ 92%] [32mBuilding C object CMakeFiles/xarm_msgs__rosidl_generator_py.dir/rosidl_generator_py/xarm_msgs/srv/_get_int32_s.c.o[0m
[25.152s] [ 92%] [32mBuilding C object CMakeFiles/xarm_msgs__rosidl_generator_py.dir/rosidl_generator_py/xarm_msgs/srv/_get_int32_by_type_s.c.o[0m
[25.155s] [ 92%] [32mBuilding C object CMakeFiles/xarm_msgs__rosidl_generator_py.dir/rosidl_generator_py/xarm_msgs/srv/_get_float32_list_s.c.o[0m
[25.165s] [ 92%] [32mBuilding C object CMakeFiles/xarm_msgs__rosidl_generator_py.dir/rosidl_generator_py/xarm_msgs/srv/_get_set_modbus_data_s.c.o[0m
[25.304s] [ 92%] [32mBuilding C object CMakeFiles/xarm_msgs__rosidl_generator_py.dir/rosidl_generator_py/xarm_msgs/srv/_gripper_move_s.c.o[0m
[25.314s] [ 93%] [32mBuilding C object CMakeFiles/xarm_msgs__rosidl_generator_py.dir/rosidl_generator_py/xarm_msgs/srv/_move_circle_s.c.o[0m
[25.319s] [ 93%] [32mBuilding C object CMakeFiles/xarm_msgs__rosidl_generator_py.dir/rosidl_generator_py/xarm_msgs/srv/_move_cartesian_s.c.o[0m
[25.347s] [ 93%] [32mBuilding C object CMakeFiles/xarm_msgs__rosidl_generator_py.dir/rosidl_generator_py/xarm_msgs/srv/_move_home_s.c.o[0m
[25.350s] [ 93%] [32mBuilding C object CMakeFiles/xarm_msgs__rosidl_generator_py.dir/rosidl_generator_py/xarm_msgs/srv/_move_joint_s.c.o[0m
[25.363s] [ 93%] [32mBuilding C object CMakeFiles/xarm_msgs__rosidl_generator_py.dir/rosidl_generator_py/xarm_msgs/srv/_move_velocity_s.c.o[0m
[25.363s] [ 94%] [32mBuilding C object CMakeFiles/xarm_msgs__rosidl_generator_py.dir/rosidl_generator_py/xarm_msgs/srv/_robotiq_activate_s.c.o[0m
[25.384s] [ 94%] [32mBuilding C object CMakeFiles/xarm_msgs__rosidl_generator_py.dir/rosidl_generator_py/xarm_msgs/srv/_robotiq_move_s.c.o[0m
[25.390s] [ 94%] [32mBuilding C object CMakeFiles/xarm_msgs__rosidl_generator_py.dir/rosidl_generator_py/xarm_msgs/srv/_robotiq_get_status_s.c.o[0m
[25.394s] [ 94%] [32mBuilding C object CMakeFiles/xarm_msgs__rosidl_generator_py.dir/rosidl_generator_py/xarm_msgs/srv/_robotiq_reset_s.c.o[0m
[25.414s] [ 95%] [32mBuilding C object CMakeFiles/xarm_msgs__rosidl_generator_py.dir/rosidl_generator_py/xarm_msgs/srv/_set_analog_io_s.c.o[0m
[25.455s] [ 95%] [32mBuilding C object CMakeFiles/xarm_msgs__rosidl_generator_py.dir/rosidl_generator_py/xarm_msgs/srv/_set_digital_io_s.c.o[0m
[25.455s] [ 95%] [32mBuilding C object CMakeFiles/xarm_msgs__rosidl_generator_py.dir/rosidl_generator_py/xarm_msgs/srv/_set_float32_s.c.o[0m
[25.473s] [ 95%] [32mBuilding C object CMakeFiles/xarm_msgs__rosidl_generator_py.dir/rosidl_generator_py/xarm_msgs/srv/_set_float32_list_s.c.o[0m
[25.496s] [ 95%] [32mBuilding C object CMakeFiles/xarm_msgs__rosidl_generator_py.dir/rosidl_generator_py/xarm_msgs/srv/_set_int16_s.c.o[0m
[25.497s] [ 96%] [32mBuilding C object CMakeFiles/xarm_msgs__rosidl_generator_py.dir/rosidl_generator_py/xarm_msgs/srv/_set_int16_by_id_s.c.o[0m
[25.544s] [ 96%] [32mBuilding C object CMakeFiles/xarm_msgs__rosidl_generator_py.dir/rosidl_generator_py/xarm_msgs/srv/_set_int16_list_s.c.o[0m
[25.562s] [ 96%] [32mBuilding C object CMakeFiles/xarm_msgs__rosidl_generator_py.dir/rosidl_generator_py/xarm_msgs/srv/_set_int32_by_type_s.c.o[0m
[25.580s] [ 96%] [32mBuilding C object CMakeFiles/xarm_msgs__rosidl_generator_py.dir/rosidl_generator_py/xarm_msgs/srv/_set_int32_s.c.o[0m
[25.591s] [ 96%] [32mBuilding C object CMakeFiles/xarm_msgs__rosidl_generator_py.dir/rosidl_generator_py/xarm_msgs/srv/_traj_play_s.c.o[0m
[25.594s] [ 97%] [32mBuilding C object CMakeFiles/xarm_msgs__rosidl_generator_py.dir/rosidl_generator_py/xarm_msgs/srv/_traj_ctrl_s.c.o[0m
[25.606s] [ 97%] [32mBuilding C object CMakeFiles/xarm_msgs__rosidl_generator_py.dir/rosidl_generator_py/xarm_msgs/srv/_set_tcp_load_s.c.o[0m
[25.611s] [ 97%] [32mBuilding C object CMakeFiles/xarm_msgs__rosidl_generator_py.dir/rosidl_generator_py/xarm_msgs/srv/_vacuum_gripper_ctrl_s.c.o[0m
[25.623s] [ 98%] [32mBuilding C object CMakeFiles/xarm_msgs__rosidl_generator_py.dir/rosidl_generator_py/xarm_msgs/srv/_set_modbus_timeout_s.c.o[0m
[25.633s] [ 98%] [32mBuilding C object CMakeFiles/xarm_msgs__rosidl_generator_py.dir/rosidl_generator_py/xarm_msgs/srv/_iden_load_s.c.o[0m
[25.662s] [ 98%] [32mBuilding C object CMakeFiles/xarm_msgs__rosidl_generator_py.dir/rosidl_generator_py/xarm_msgs/srv/_ft_force_config_s.c.o[0m
[25.669s] [ 98%] [32mBuilding C object CMakeFiles/xarm_msgs__rosidl_generator_py.dir/rosidl_generator_py/xarm_msgs/srv/_ft_cali_load_s.c.o[0m
[25.672s] [ 98%] [32mBuilding C object CMakeFiles/xarm_msgs__rosidl_generator_py.dir/rosidl_generator_py/xarm_msgs/srv/_ft_force_pid_s.c.o[0m
[25.678s] [ 99%] [32mBuilding C object CMakeFiles/xarm_msgs__rosidl_generator_py.dir/rosidl_generator_py/xarm_msgs/srv/_ft_impedance_s.c.o[0m
[25.687s] [ 99%] [32mBuilding C object CMakeFiles/xarm_msgs__rosidl_generator_py.dir/rosidl_generator_py/xarm_msgs/srv/_linear_track_back_origin_s.c.o[0m
[25.713s] [ 99%] [32mBuilding C object CMakeFiles/xarm_msgs__rosidl_generator_py.dir/rosidl_generator_py/xarm_msgs/srv/_linear_track_set_pos_s.c.o[0m
[25.723s] [ 99%] [32mBuilding C object CMakeFiles/xarm_msgs__rosidl_generator_py.dir/rosidl_generator_py/xarm_msgs/srv/_plan_exec_s.c.o[0m
[25.769s] [100%] [32mBuilding C object CMakeFiles/xarm_msgs__rosidl_generator_py.dir/rosidl_generator_py/xarm_msgs/srv/_plan_joint_s.c.o[0m
[25.770s] [100%] [32mBuilding C object CMakeFiles/xarm_msgs__rosidl_generator_py.dir/rosidl_generator_py/xarm_msgs/srv/_plan_pose_s.c.o[0m
[25.788s] [100%] [32mBuilding C object CMakeFiles/xarm_msgs__rosidl_generator_py.dir/rosidl_generator_py/xarm_msgs/srv/_plan_single_straight_s.c.o[0m
[25.913s] [100%] [32m[1mLinking C shared library rosidl_generator_py/xarm_msgs/libxarm_msgs__rosidl_generator_py.so[0m
[25.952s] [100%] Built target xarm_msgs__rosidl_generator_py
[25.970s] [100%] [32mBuilding C object CMakeFiles/xarm_msgs__rosidl_typesupport_fastrtps_c__pyext.dir/rosidl_generator_py/xarm_msgs/_xarm_msgs_s.ep.rosidl_typesupport_fastrtps_c.c.o[0m
[25.971s] [100%] [32mBuilding C object CMakeFiles/xarm_msgs__rosidl_typesupport_c__pyext.dir/rosidl_generator_py/xarm_msgs/_xarm_msgs_s.ep.rosidl_typesupport_c.c.o[0m
[25.971s] [100%] [32mBuilding C object CMakeFiles/xarm_msgs__rosidl_typesupport_introspection_c__pyext.dir/rosidl_generator_py/xarm_msgs/_xarm_msgs_s.ep.rosidl_typesupport_introspection_c.c.o[0m
[26.226s] [100%] [32m[1mLinking C shared library rosidl_generator_py/xarm_msgs/xarm_msgs_s__rosidl_typesupport_c.cpython-310-x86_64-linux-gnu.so[0m
[26.226s] [100%] [32m[1mLinking C shared library rosidl_generator_py/xarm_msgs/xarm_msgs_s__rosidl_typesupport_introspection_c.cpython-310-x86_64-linux-gnu.so[0m
[26.226s] [100%] [32m[1mLinking C shared library rosidl_generator_py/xarm_msgs/xarm_msgs_s__rosidl_typesupport_fastrtps_c.cpython-310-x86_64-linux-gnu.so[0m
[26.264s] [100%] Built target xarm_msgs__rosidl_typesupport_c__pyext
[26.264s] [100%] Built target xarm_msgs__rosidl_typesupport_fastrtps_c__pyext
[26.268s] [100%] Built target xarm_msgs__rosidl_typesupport_introspection_c__pyext
[26.277s] Invoked command in '/home/benongnuel/dev_ws/src/xarm_ros2/build/xarm_msgs' returned '0': CMAKE_PREFIX_PATH=${CMAKE_PREFIX_PATH}:/home/benongnuel/dev_ws/install/uf_ros_lib:/home/benongnuel/dev_ws/install/my_gripper_scripts:/opt/ros/humble /usr/bin/cmake --build /home/benongnuel/dev_ws/src/xarm_ros2/build/xarm_msgs -- -j16 -l16
[26.279s] Invoking command in '/home/benongnuel/dev_ws/src/xarm_ros2/build/xarm_msgs': CMAKE_PREFIX_PATH=${CMAKE_PREFIX_PATH}:/home/benongnuel/dev_ws/install/uf_ros_lib:/home/benongnuel/dev_ws/install/my_gripper_scripts:/opt/ros/humble /usr/bin/cmake --install /home/benongnuel/dev_ws/src/xarm_ros2/build/xarm_msgs
[26.285s] -- Install configuration: ""
[26.286s] -- Execute custom install script
[26.286s] -- Symlinking: /home/benongnuel/dev_ws/src/xarm_ros2/install/xarm_msgs/share/ament_index/resource_index/rosidl_interfaces/xarm_msgs
[26.294s] -- Symlinking: /home/benongnuel/dev_ws/src/xarm_ros2/install/xarm_msgs/include/xarm_msgs/xarm_msgs/msg/cio_state.h
[26.300s] -- Symlinking: /home/benongnuel/dev_ws/src/xarm_ros2/install/xarm_msgs/include/xarm_msgs/xarm_msgs/msg/detail/cio_state__functions.h
[26.307s] -- Symlinking: /home/benongnuel/dev_ws/src/xarm_ros2/install/xarm_msgs/include/xarm_msgs/xarm_msgs/msg/detail/cio_state__struct.h
[26.314s] -- Symlinking: /home/benongnuel/dev_ws/src/xarm_ros2/install/xarm_msgs/include/xarm_msgs/xarm_msgs/msg/detail/cio_state__type_support.h
[26.321s] -- Symlinking: /home/benongnuel/dev_ws/src/xarm_ros2/install/xarm_msgs/include/xarm_msgs/xarm_msgs/msg/detail/io_state__functions.h
[26.327s] -- Symlinking: /home/benongnuel/dev_ws/src/xarm_ros2/install/xarm_msgs/include/xarm_msgs/xarm_msgs/msg/detail/io_state__struct.h
[26.332s] -- Symlinking: /home/benongnuel/dev_ws/src/xarm_ros2/install/xarm_msgs/include/xarm_msgs/xarm_msgs/msg/detail/io_state__type_support.h
[26.340s] -- Symlinking: /home/benongnuel/dev_ws/src/xarm_ros2/install/xarm_msgs/include/xarm_msgs/xarm_msgs/msg/detail/move_velocity__functions.h
[26.347s] -- Symlinking: /home/benongnuel/dev_ws/src/xarm_ros2/install/xarm_msgs/include/xarm_msgs/xarm_msgs/msg/detail/move_velocity__struct.h
[26.352s] -- Symlinking: /home/benongnuel/dev_ws/src/xarm_ros2/install/xarm_msgs/include/xarm_msgs/xarm_msgs/msg/detail/move_velocity__type_support.h
[26.358s] -- Symlinking: /home/benongnuel/dev_ws/src/xarm_ros2/install/xarm_msgs/include/xarm_msgs/xarm_msgs/msg/detail/robot_msg__functions.h
[26.365s] -- Symlinking: /home/benongnuel/dev_ws/src/xarm_ros2/install/xarm_msgs/include/xarm_msgs/xarm_msgs/msg/detail/robot_msg__struct.h
[26.372s] -- Symlinking: /home/benongnuel/dev_ws/src/xarm_ros2/install/xarm_msgs/include/xarm_msgs/xarm_msgs/msg/detail/robot_msg__type_support.h
[26.380s] -- Symlinking: /home/benongnuel/dev_ws/src/xarm_ros2/install/xarm_msgs/include/xarm_msgs/xarm_msgs/msg/io_state.h
[26.387s] -- Symlinking: /home/benongnuel/dev_ws/src/xarm_ros2/install/xarm_msgs/include/xarm_msgs/xarm_msgs/msg/move_velocity.h
[26.395s] -- Symlinking: /home/benongnuel/dev_ws/src/xarm_ros2/install/xarm_msgs/include/xarm_msgs/xarm_msgs/msg/robot_msg.h
[26.402s] -- Symlinking: /home/benongnuel/dev_ws/src/xarm_ros2/install/xarm_msgs/include/xarm_msgs/xarm_msgs/msg/rosidl_generator_c__visibility_control.h
[26.409s] -- Symlinking: /home/benongnuel/dev_ws/src/xarm_ros2/install/xarm_msgs/include/xarm_msgs/xarm_msgs/srv/bio_gripper_ctrl.h
[26.416s] -- Symlinking: /home/benongnuel/dev_ws/src/xarm_ros2/install/xarm_msgs/include/xarm_msgs/xarm_msgs/srv/bio_gripper_enable.h
[26.423s] -- Symlinking: /home/benongnuel/dev_ws/src/xarm_ros2/install/xarm_msgs/include/xarm_msgs/xarm_msgs/srv/call.h
[26.428s] -- Symlinking: /home/benongnuel/dev_ws/src/xarm_ros2/install/xarm_msgs/include/xarm_msgs/xarm_msgs/srv/detail/bio_gripper_ctrl__functions.h
[26.434s] -- Symlinking: /home/benongnuel/dev_ws/src/xarm_ros2/install/xarm_msgs/include/xarm_msgs/xarm_msgs/srv/detail/bio_gripper_ctrl__struct.h
[26.440s] -- Symlinking: /home/benongnuel/dev_ws/src/xarm_ros2/install/xarm_msgs/include/xarm_msgs/xarm_msgs/srv/detail/bio_gripper_ctrl__type_support.h
[26.447s] -- Symlinking: /home/benongnuel/dev_ws/src/xarm_ros2/install/xarm_msgs/include/xarm_msgs/xarm_msgs/srv/detail/bio_gripper_enable__functions.h
[26.453s] -- Symlinking: /home/benongnuel/dev_ws/src/xarm_ros2/install/xarm_msgs/include/xarm_msgs/xarm_msgs/srv/detail/bio_gripper_enable__struct.h
[26.461s] -- Symlinking: /home/benongnuel/dev_ws/src/xarm_ros2/install/xarm_msgs/include/xarm_msgs/xarm_msgs/srv/detail/bio_gripper_enable__type_support.h
[26.467s] -- Symlinking: /home/benongnuel/dev_ws/src/xarm_ros2/install/xarm_msgs/include/xarm_msgs/xarm_msgs/srv/detail/call__functions.h
[26.473s] -- Symlinking: /home/benongnuel/dev_ws/src/xarm_ros2/install/xarm_msgs/include/xarm_msgs/xarm_msgs/srv/detail/call__struct.h
[26.480s] -- Symlinking: /home/benongnuel/dev_ws/src/xarm_ros2/install/xarm_msgs/include/xarm_msgs/xarm_msgs/srv/detail/call__type_support.h
[26.487s] -- Symlinking: /home/benongnuel/dev_ws/src/xarm_ros2/install/xarm_msgs/include/xarm_msgs/xarm_msgs/srv/detail/ft_cali_load__functions.h
[26.494s] -- Symlinking: /home/benongnuel/dev_ws/src/xarm_ros2/install/xarm_msgs/include/xarm_msgs/xarm_msgs/srv/detail/ft_cali_load__struct.h
[26.499s] -- Symlinking: /home/benongnuel/dev_ws/src/xarm_ros2/install/xarm_msgs/include/xarm_msgs/xarm_msgs/srv/detail/ft_cali_load__type_support.h
[26.505s] -- Symlinking: /home/benongnuel/dev_ws/src/xarm_ros2/install/xarm_msgs/include/xarm_msgs/xarm_msgs/srv/detail/ft_force_config__functions.h
[26.511s] -- Symlinking: /home/benongnuel/dev_ws/src/xarm_ros2/install/xarm_msgs/include/xarm_msgs/xarm_msgs/srv/detail/ft_force_config__struct.h
[26.516s] -- Symlinking: /home/benongnuel/dev_ws/src/xarm_ros2/install/xarm_msgs/include/xarm_msgs/xarm_msgs/srv/detail/ft_force_config__type_support.h
[26.522s] -- Symlinking: /home/benongnuel/dev_ws/src/xarm_ros2/install/xarm_msgs/include/xarm_msgs/xarm_msgs/srv/detail/ft_force_pid__functions.h
[26.527s] -- Symlinking: /home/benongnuel/dev_ws/src/xarm_ros2/install/xarm_msgs/include/xarm_msgs/xarm_msgs/srv/detail/ft_force_pid__struct.h
[26.533s] -- Symlinking: /home/benongnuel/dev_ws/src/xarm_ros2/install/xarm_msgs/include/xarm_msgs/xarm_msgs/srv/detail/ft_force_pid__type_support.h
[26.540s] -- Symlinking: /home/benongnuel/dev_ws/src/xarm_ros2/install/xarm_msgs/include/xarm_msgs/xarm_msgs/srv/detail/ft_impedance__functions.h
[26.547s] -- Symlinking: /home/benongnuel/dev_ws/src/xarm_ros2/install/xarm_msgs/include/xarm_msgs/xarm_msgs/srv/detail/ft_impedance__struct.h
[26.554s] -- Symlinking: /home/benongnuel/dev_ws/src/xarm_ros2/install/xarm_msgs/include/xarm_msgs/xarm_msgs/srv/detail/ft_impedance__type_support.h
[26.559s] -- Symlinking: /home/benongnuel/dev_ws/src/xarm_ros2/install/xarm_msgs/include/xarm_msgs/xarm_msgs/srv/detail/get_analog_io__functions.h
[26.565s] -- Symlinking: /home/benongnuel/dev_ws/src/xarm_ros2/install/xarm_msgs/include/xarm_msgs/xarm_msgs/srv/detail/get_analog_io__struct.h
[26.570s] -- Symlinking: /home/benongnuel/dev_ws/src/xarm_ros2/install/xarm_msgs/include/xarm_msgs/xarm_msgs/srv/detail/get_analog_io__type_support.h
[26.578s] -- Symlinking: /home/benongnuel/dev_ws/src/xarm_ros2/install/xarm_msgs/include/xarm_msgs/xarm_msgs/srv/detail/get_digital_io__functions.h
[26.585s] -- Symlinking: /home/benongnuel/dev_ws/src/xarm_ros2/install/xarm_msgs/include/xarm_msgs/xarm_msgs/srv/detail/get_digital_io__struct.h
[26.591s] -- Symlinking: /home/benongnuel/dev_ws/src/xarm_ros2/install/xarm_msgs/include/xarm_msgs/xarm_msgs/srv/detail/get_digital_io__type_support.h
[26.598s] -- Symlinking: /home/benongnuel/dev_ws/src/xarm_ros2/install/xarm_msgs/include/xarm_msgs/xarm_msgs/srv/detail/get_float32__functions.h
[26.604s] -- Symlinking: /home/benongnuel/dev_ws/src/xarm_ros2/install/xarm_msgs/include/xarm_msgs/xarm_msgs/srv/detail/get_float32__struct.h
[26.611s] -- Symlinking: /home/benongnuel/dev_ws/src/xarm_ros2/install/xarm_msgs/include/xarm_msgs/xarm_msgs/srv/detail/get_float32__type_support.h
[26.617s] -- Symlinking: /home/benongnuel/dev_ws/src/xarm_ros2/install/xarm_msgs/include/xarm_msgs/xarm_msgs/srv/detail/get_float32_list__functions.h
[26.625s] -- Symlinking: /home/benongnuel/dev_ws/src/xarm_ros2/install/xarm_msgs/include/xarm_msgs/xarm_msgs/srv/detail/get_float32_list__struct.h
[26.630s] -- Symlinking: /home/benongnuel/dev_ws/src/xarm_ros2/install/xarm_msgs/include/xarm_msgs/xarm_msgs/srv/detail/get_float32_list__type_support.h
[26.636s] -- Symlinking: /home/benongnuel/dev_ws/src/xarm_ros2/install/xarm_msgs/include/xarm_msgs/xarm_msgs/srv/detail/get_int16__functions.h
[26.641s] -- Symlinking: /home/benongnuel/dev_ws/src/xarm_ros2/install/xarm_msgs/include/xarm_msgs/xarm_msgs/srv/detail/get_int16__struct.h
[26.647s] -- Symlinking: /home/benongnuel/dev_ws/src/xarm_ros2/install/xarm_msgs/include/xarm_msgs/xarm_msgs/srv/detail/get_int16__type_support.h
[26.654s] -- Symlinking: /home/benongnuel/dev_ws/src/xarm_ros2/install/xarm_msgs/include/xarm_msgs/xarm_msgs/srv/detail/get_int16_list__functions.h
[26.659s] -- Symlinking: /home/benongnuel/dev_ws/src/xarm_ros2/install/xarm_msgs/include/xarm_msgs/xarm_msgs/srv/detail/get_int16_list__struct.h
[26.664s] -- Symlinking: /home/benongnuel/dev_ws/src/xarm_ros2/install/xarm_msgs/include/xarm_msgs/xarm_msgs/srv/detail/get_int16_list__type_support.h
[26.671s] -- Symlinking: /home/benongnuel/dev_ws/src/xarm_ros2/install/xarm_msgs/include/xarm_msgs/xarm_msgs/srv/detail/get_int32__functions.h
[26.678s] -- Symlinking: /home/benongnuel/dev_ws/src/xarm_ros2/install/xarm_msgs/include/xarm_msgs/xarm_msgs/srv/detail/get_int32__struct.h
[26.686s] -- Symlinking: /home/benongnuel/dev_ws/src/xarm_ros2/install/xarm_msgs/include/xarm_msgs/xarm_msgs/srv/detail/get_int32__type_support.h
[26.692s] -- Symlinking: /home/benongnuel/dev_ws/src/xarm_ros2/install/xarm_msgs/include/xarm_msgs/xarm_msgs/srv/detail/get_int32_by_type__functions.h
[26.697s] -- Symlinking: /home/benongnuel/dev_ws/src/xarm_ros2/install/xarm_msgs/include/xarm_msgs/xarm_msgs/srv/detail/get_int32_by_type__struct.h
[26.705s] -- Symlinking: /home/benongnuel/dev_ws/src/xarm_ros2/install/xarm_msgs/include/xarm_msgs/xarm_msgs/srv/detail/get_int32_by_type__type_support.h
[26.712s] -- Symlinking: /home/benongnuel/dev_ws/src/xarm_ros2/install/xarm_msgs/include/xarm_msgs/xarm_msgs/srv/detail/get_set_modbus_data__functions.h
[26.719s] -- Symlinking: /home/benongnuel/dev_ws/src/xarm_ros2/install/xarm_msgs/include/xarm_msgs/xarm_msgs/srv/detail/get_set_modbus_data__struct.h
[26.725s] -- Symlinking: /home/benongnuel/dev_ws/src/xarm_ros2/install/xarm_msgs/include/xarm_msgs/xarm_msgs/srv/detail/get_set_modbus_data__type_support.h
[26.731s] -- Symlinking: /home/benongnuel/dev_ws/src/xarm_ros2/install/xarm_msgs/include/xarm_msgs/xarm_msgs/srv/detail/gripper_move__functions.h
[26.736s] -- Symlinking: /home/benongnuel/dev_ws/src/xarm_ros2/install/xarm_msgs/include/xarm_msgs/xarm_msgs/srv/detail/gripper_move__struct.h
[26.742s] -- Symlinking: /home/benongnuel/dev_ws/src/xarm_ros2/install/xarm_msgs/include/xarm_msgs/xarm_msgs/srv/detail/gripper_move__type_support.h
[26.749s] -- Symlinking: /home/benongnuel/dev_ws/src/xarm_ros2/install/xarm_msgs/include/xarm_msgs/xarm_msgs/srv/detail/iden_load__functions.h
[26.756s] -- Symlinking: /home/benongnuel/dev_ws/src/xarm_ros2/install/xarm_msgs/include/xarm_msgs/xarm_msgs/srv/detail/iden_load__struct.h
[26.761s] -- Symlinking: /home/benongnuel/dev_ws/src/xarm_ros2/install/xarm_msgs/include/xarm_msgs/xarm_msgs/srv/detail/iden_load__type_support.h
[26.767s] -- Symlinking: /home/benongnuel/dev_ws/src/xarm_ros2/install/xarm_msgs/include/xarm_msgs/xarm_msgs/srv/detail/linear_track_back_origin__functions.h
[26.773s] -- Symlinking: /home/benongnuel/dev_ws/src/xarm_ros2/install/xarm_msgs/include/xarm_msgs/xarm_msgs/srv/detail/linear_track_back_origin__struct.h
[26.779s] -- Symlinking: /home/benongnuel/dev_ws/src/xarm_ros2/install/xarm_msgs/include/xarm_msgs/xarm_msgs/srv/detail/linear_track_back_origin__type_support.h
[26.787s] -- Symlinking: /home/benongnuel/dev_ws/src/xarm_ros2/install/xarm_msgs/include/xarm_msgs/xarm_msgs/srv/detail/linear_track_set_pos__functions.h
[26.793s] -- Symlinking: /home/benongnuel/dev_ws/src/xarm_ros2/install/xarm_msgs/include/xarm_msgs/xarm_msgs/srv/detail/linear_track_set_pos__struct.h
[26.801s] -- Symlinking: /home/benongnuel/dev_ws/src/xarm_ros2/install/xarm_msgs/include/xarm_msgs/xarm_msgs/srv/detail/linear_track_set_pos__type_support.h
[26.807s] -- Symlinking: /home/benongnuel/dev_ws/src/xarm_ros2/install/xarm_msgs/include/xarm_msgs/xarm_msgs/srv/detail/move_cartesian__functions.h
[26.814s] -- Symlinking: /home/benongnuel/dev_ws/src/xarm_ros2/install/xarm_msgs/include/xarm_msgs/xarm_msgs/srv/detail/move_cartesian__struct.h
[26.821s] -- Symlinking: /home/benongnuel/dev_ws/src/xarm_ros2/install/xarm_msgs/include/xarm_msgs/xarm_msgs/srv/detail/move_cartesian__type_support.h
[26.829s] -- Symlinking: /home/benongnuel/dev_ws/src/xarm_ros2/install/xarm_msgs/include/xarm_msgs/xarm_msgs/srv/detail/move_circle__functions.h
[26.836s] -- Symlinking: /home/benongnuel/dev_ws/src/xarm_ros2/install/xarm_msgs/include/xarm_msgs/xarm_msgs/srv/detail/move_circle__struct.h
[26.842s] -- Symlinking: /home/benongnuel/dev_ws/src/xarm_ros2/install/xarm_msgs/include/xarm_msgs/xarm_msgs/srv/detail/move_circle__type_support.h
[26.848s] -- Symlinking: /home/benongnuel/dev_ws/src/xarm_ros2/install/xarm_msgs/include/xarm_msgs/xarm_msgs/srv/detail/move_home__functions.h
[26.855s] -- Symlinking: /home/benongnuel/dev_ws/src/xarm_ros2/install/xarm_msgs/include/xarm_msgs/xarm_msgs/srv/detail/move_home__struct.h
[26.860s] -- Symlinking: /home/benongnuel/dev_ws/src/xarm_ros2/install/xarm_msgs/include/xarm_msgs/xarm_msgs/srv/detail/move_home__type_support.h
[26.867s] -- Symlinking: /home/benongnuel/dev_ws/src/xarm_ros2/install/xarm_msgs/include/xarm_msgs/xarm_msgs/srv/detail/move_joint__functions.h
[26.873s] -- Symlinking: /home/benongnuel/dev_ws/src/xarm_ros2/install/xarm_msgs/include/xarm_msgs/xarm_msgs/srv/detail/move_joint__struct.h
[26.880s] -- Symlinking: /home/benongnuel/dev_ws/src/xarm_ros2/install/xarm_msgs/include/xarm_msgs/xarm_msgs/srv/detail/move_joint__type_support.h
[26.886s] -- Symlinking: /home/benongnuel/dev_ws/src/xarm_ros2/install/xarm_msgs/include/xarm_msgs/xarm_msgs/srv/detail/move_velocity__functions.h
[26.892s] -- Symlinking: /home/benongnuel/dev_ws/src/xarm_ros2/install/xarm_msgs/include/xarm_msgs/xarm_msgs/srv/detail/move_velocity__struct.h
[26.899s] -- Symlinking: /home/benongnuel/dev_ws/src/xarm_ros2/install/xarm_msgs/include/xarm_msgs/xarm_msgs/srv/detail/move_velocity__type_support.h
[26.906s] -- Symlinking: /home/benongnuel/dev_ws/src/xarm_ros2/install/xarm_msgs/include/xarm_msgs/xarm_msgs/srv/detail/plan_exec__functions.h
[26.912s] -- Symlinking: /home/benongnuel/dev_ws/src/xarm_ros2/install/xarm_msgs/include/xarm_msgs/xarm_msgs/srv/detail/plan_exec__struct.h
[26.917s] -- Symlinking: /home/benongnuel/dev_ws/src/xarm_ros2/install/xarm_msgs/include/xarm_msgs/xarm_msgs/srv/detail/plan_exec__type_support.h
[26.922s] -- Symlinking: /home/benongnuel/dev_ws/src/xarm_ros2/install/xarm_msgs/include/xarm_msgs/xarm_msgs/srv/detail/plan_joint__functions.h
[26.929s] -- Symlinking: /home/benongnuel/dev_ws/src/xarm_ros2/install/xarm_msgs/include/xarm_msgs/xarm_msgs/srv/detail/plan_joint__struct.h
[26.935s] -- Symlinking: /home/benongnuel/dev_ws/src/xarm_ros2/install/xarm_msgs/include/xarm_msgs/xarm_msgs/srv/detail/plan_joint__type_support.h
[26.940s] -- Symlinking: /home/benongnuel/dev_ws/src/xarm_ros2/install/xarm_msgs/include/xarm_msgs/xarm_msgs/srv/detail/plan_pose__functions.h
[26.947s] -- Symlinking: /home/benongnuel/dev_ws/src/xarm_ros2/install/xarm_msgs/include/xarm_msgs/xarm_msgs/srv/detail/plan_pose__struct.h
[26.954s] -- Symlinking: /home/benongnuel/dev_ws/src/xarm_ros2/install/xarm_msgs/include/xarm_msgs/xarm_msgs/srv/detail/plan_pose__type_support.h
[26.961s] -- Symlinking: /home/benongnuel/dev_ws/src/xarm_ros2/install/xarm_msgs/include/xarm_msgs/xarm_msgs/srv/detail/plan_single_straight__functions.h
[26.968s] -- Symlinking: /home/benongnuel/dev_ws/src/xarm_ros2/install/xarm_msgs/include/xarm_msgs/xarm_msgs/srv/detail/plan_single_straight__struct.h
[26.975s] -- Symlinking: /home/benongnuel/dev_ws/src/xarm_ros2/install/xarm_msgs/include/xarm_msgs/xarm_msgs/srv/detail/plan_single_straight__type_support.h
[26.982s] -- Symlinking: /home/benongnuel/dev_ws/src/xarm_ros2/install/xarm_msgs/include/xarm_msgs/xarm_msgs/srv/detail/robotiq_activate__functions.h
[26.989s] -- Symlinking: /home/benongnuel/dev_ws/src/xarm_ros2/install/xarm_msgs/include/xarm_msgs/xarm_msgs/srv/detail/robotiq_activate__struct.h
[26.996s] -- Symlinking: /home/benongnuel/dev_ws/src/xarm_ros2/install/xarm_msgs/include/xarm_msgs/xarm_msgs/srv/detail/robotiq_activate__type_support.h
[27.002s] -- Symlinking: /home/benongnuel/dev_ws/src/xarm_ros2/install/xarm_msgs/include/xarm_msgs/xarm_msgs/srv/detail/robotiq_get_status__functions.h
[27.010s] -- Symlinking: /home/benongnuel/dev_ws/src/xarm_ros2/install/xarm_msgs/include/xarm_msgs/xarm_msgs/srv/detail/robotiq_get_status__struct.h
[27.016s] -- Symlinking: /home/benongnuel/dev_ws/src/xarm_ros2/install/xarm_msgs/include/xarm_msgs/xarm_msgs/srv/detail/robotiq_get_status__type_support.h
[27.024s] -- Symlinking: /home/benongnuel/dev_ws/src/xarm_ros2/install/xarm_msgs/include/xarm_msgs/xarm_msgs/srv/detail/robotiq_move__functions.h
[27.031s] -- Symlinking: /home/benongnuel/dev_ws/src/xarm_ros2/install/xarm_msgs/include/xarm_msgs/xarm_msgs/srv/detail/robotiq_move__struct.h
[27.039s] -- Symlinking: /home/benongnuel/dev_ws/src/xarm_ros2/install/xarm_msgs/include/xarm_msgs/xarm_msgs/srv/detail/robotiq_move__type_support.h
[27.046s] -- Symlinking: /home/benongnuel/dev_ws/src/xarm_ros2/install/xarm_msgs/include/xarm_msgs/xarm_msgs/srv/detail/robotiq_reset__functions.h
[27.053s] -- Symlinking: /home/benongnuel/dev_ws/src/xarm_ros2/install/xarm_msgs/include/xarm_msgs/xarm_msgs/srv/detail/robotiq_reset__struct.h
[27.060s] -- Symlinking: /home/benongnuel/dev_ws/src/xarm_ros2/install/xarm_msgs/include/xarm_msgs/xarm_msgs/srv/detail/robotiq_reset__type_support.h
[27.068s] -- Symlinking: /home/benongnuel/dev_ws/src/xarm_ros2/install/xarm_msgs/include/xarm_msgs/xarm_msgs/srv/detail/set_analog_io__functions.h
[27.073s] -- Symlinking: /home/benongnuel/dev_ws/src/xarm_ros2/install/xarm_msgs/include/xarm_msgs/xarm_msgs/srv/detail/set_analog_io__struct.h
[27.080s] -- Symlinking: /home/benongnuel/dev_ws/src/xarm_ros2/install/xarm_msgs/include/xarm_msgs/xarm_msgs/srv/detail/set_analog_io__type_support.h
[27.088s] -- Symlinking: /home/benongnuel/dev_ws/src/xarm_ros2/install/xarm_msgs/include/xarm_msgs/xarm_msgs/srv/detail/set_digital_io__functions.h
[27.096s] -- Symlinking: /home/benongnuel/dev_ws/src/xarm_ros2/install/xarm_msgs/include/xarm_msgs/xarm_msgs/srv/detail/set_digital_io__struct.h
[27.103s] -- Symlinking: /home/benongnuel/dev_ws/src/xarm_ros2/install/xarm_msgs/include/xarm_msgs/xarm_msgs/srv/detail/set_digital_io__type_support.h
[27.110s] -- Symlinking: /home/benongnuel/dev_ws/src/xarm_ros2/install/xarm_msgs/include/xarm_msgs/xarm_msgs/srv/detail/set_float32__functions.h
[27.118s] -- Symlinking: /home/benongnuel/dev_ws/src/xarm_ros2/install/xarm_msgs/include/xarm_msgs/xarm_msgs/srv/detail/set_float32__struct.h
[27.126s] -- Symlinking: /home/benongnuel/dev_ws/src/xarm_ros2/install/xarm_msgs/include/xarm_msgs/xarm_msgs/srv/detail/set_float32__type_support.h
[27.134s] -- Symlinking: /home/benongnuel/dev_ws/src/xarm_ros2/install/xarm_msgs/include/xarm_msgs/xarm_msgs/srv/detail/set_float32_list__functions.h
[27.142s] -- Symlinking: /home/benongnuel/dev_ws/src/xarm_ros2/install/xarm_msgs/include/xarm_msgs/xarm_msgs/srv/detail/set_float32_list__struct.h
[27.151s] -- Symlinking: /home/benongnuel/dev_ws/src/xarm_ros2/install/xarm_msgs/include/xarm_msgs/xarm_msgs/srv/detail/set_float32_list__type_support.h
[27.159s] -- Symlinking: /home/benongnuel/dev_ws/src/xarm_ros2/install/xarm_msgs/include/xarm_msgs/xarm_msgs/srv/detail/set_int16__functions.h
[27.168s] -- Symlinking: /home/benongnuel/dev_ws/src/xarm_ros2/install/xarm_msgs/include/xarm_msgs/xarm_msgs/srv/detail/set_int16__struct.h
[27.176s] -- Symlinking: /home/benongnuel/dev_ws/src/xarm_ros2/install/xarm_msgs/include/xarm_msgs/xarm_msgs/srv/detail/set_int16__type_support.h
[27.184s] -- Symlinking: /home/benongnuel/dev_ws/src/xarm_ros2/install/xarm_msgs/include/xarm_msgs/xarm_msgs/srv/detail/set_int16_by_id__functions.h
[27.192s] -- Symlinking: /home/benongnuel/dev_ws/src/xarm_ros2/install/xarm_msgs/include/xarm_msgs/xarm_msgs/srv/detail/set_int16_by_id__struct.h
[27.201s] -- Symlinking: /home/benongnuel/dev_ws/src/xarm_ros2/install/xarm_msgs/include/xarm_msgs/xarm_msgs/srv/detail/set_int16_by_id__type_support.h
[27.208s] -- Symlinking: /home/benongnuel/dev_ws/src/xarm_ros2/install/xarm_msgs/include/xarm_msgs/xarm_msgs/srv/detail/set_int16_list__functions.h
[27.216s] -- Symlinking: /home/benongnuel/dev_ws/src/xarm_ros2/install/xarm_msgs/include/xarm_msgs/xarm_msgs/srv/detail/set_int16_list__struct.h
[27.223s] -- Symlinking: /home/benongnuel/dev_ws/src/xarm_ros2/install/xarm_msgs/include/xarm_msgs/xarm_msgs/srv/detail/set_int16_list__type_support.h
[27.232s] -- Symlinking: /home/benongnuel/dev_ws/src/xarm_ros2/install/xarm_msgs/include/xarm_msgs/xarm_msgs/srv/detail/set_int32__functions.h
[27.238s] -- Symlinking: /home/benongnuel/dev_ws/src/xarm_ros2/install/xarm_msgs/include/xarm_msgs/xarm_msgs/srv/detail/set_int32__struct.h
[27.246s] -- Symlinking: /home/benongnuel/dev_ws/src/xarm_ros2/install/xarm_msgs/include/xarm_msgs/xarm_msgs/srv/detail/set_int32__type_support.h
[27.254s] -- Symlinking: /home/benongnuel/dev_ws/src/xarm_ros2/install/xarm_msgs/include/xarm_msgs/xarm_msgs/srv/detail/set_int32_by_type__functions.h
[27.261s] -- Symlinking: /home/benongnuel/dev_ws/src/xarm_ros2/install/xarm_msgs/include/xarm_msgs/xarm_msgs/srv/detail/set_int32_by_type__struct.h
[27.270s] -- Symlinking: /home/benongnuel/dev_ws/src/xarm_ros2/install/xarm_msgs/include/xarm_msgs/xarm_msgs/srv/detail/set_int32_by_type__type_support.h
[27.276s] -- Symlinking: /home/benongnuel/dev_ws/src/xarm_ros2/install/xarm_msgs/include/xarm_msgs/xarm_msgs/srv/detail/set_modbus_timeout__functions.h
[27.283s] -- Symlinking: /home/benongnuel/dev_ws/src/xarm_ros2/install/xarm_msgs/include/xarm_msgs/xarm_msgs/srv/detail/set_modbus_timeout__struct.h
[27.290s] -- Symlinking: /home/benongnuel/dev_ws/src/xarm_ros2/install/xarm_msgs/include/xarm_msgs/xarm_msgs/srv/detail/set_modbus_timeout__type_support.h
[27.299s] -- Symlinking: /home/benongnuel/dev_ws/src/xarm_ros2/install/xarm_msgs/include/xarm_msgs/xarm_msgs/srv/detail/set_tcp_load__functions.h
[27.305s] -- Symlinking: /home/benongnuel/dev_ws/src/xarm_ros2/install/xarm_msgs/include/xarm_msgs/xarm_msgs/srv/detail/set_tcp_load__struct.h
[27.311s] -- Symlinking: /home/benongnuel/dev_ws/src/xarm_ros2/install/xarm_msgs/include/xarm_msgs/xarm_msgs/srv/detail/set_tcp_load__type_support.h
[27.319s] -- Symlinking: /home/benongnuel/dev_ws/src/xarm_ros2/install/xarm_msgs/include/xarm_msgs/xarm_msgs/srv/detail/traj_ctrl__functions.h
[27.326s] -- Symlinking: /home/benongnuel/dev_ws/src/xarm_ros2/install/xarm_msgs/include/xarm_msgs/xarm_msgs/srv/detail/traj_ctrl__struct.h
[27.333s] -- Symlinking: /home/benongnuel/dev_ws/src/xarm_ros2/install/xarm_msgs/include/xarm_msgs/xarm_msgs/srv/detail/traj_ctrl__type_support.h
[27.341s] -- Symlinking: /home/benongnuel/dev_ws/src/xarm_ros2/install/xarm_msgs/include/xarm_msgs/xarm_msgs/srv/detail/traj_play__functions.h
[27.348s] -- Symlinking: /home/benongnuel/dev_ws/src/xarm_ros2/install/xarm_msgs/include/xarm_msgs/xarm_msgs/srv/detail/traj_play__struct.h
[27.356s] -- Symlinking: /home/benongnuel/dev_ws/src/xarm_ros2/install/xarm_msgs/include/xarm_msgs/xarm_msgs/srv/detail/traj_play__type_support.h
[27.363s] -- Symlinking: /home/benongnuel/dev_ws/src/xarm_ros2/install/xarm_msgs/include/xarm_msgs/xarm_msgs/srv/detail/vacuum_gripper_ctrl__functions.h
[27.372s] -- Symlinking: /home/benongnuel/dev_ws/src/xarm_ros2/install/xarm_msgs/include/xarm_msgs/xarm_msgs/srv/detail/vacuum_gripper_ctrl__struct.h
[27.381s] -- Symlinking: /home/benongnuel/dev_ws/src/xarm_ros2/install/xarm_msgs/include/xarm_msgs/xarm_msgs/srv/detail/vacuum_gripper_ctrl__type_support.h
[27.388s] -- Symlinking: /home/benongnuel/dev_ws/src/xarm_ros2/install/xarm_msgs/include/xarm_msgs/xarm_msgs/srv/ft_cali_load.h
[27.397s] -- Symlinking: /home/benongnuel/dev_ws/src/xarm_ros2/install/xarm_msgs/include/xarm_msgs/xarm_msgs/srv/ft_force_config.h
[27.404s] -- Symlinking: /home/benongnuel/dev_ws/src/xarm_ros2/install/xarm_msgs/include/xarm_msgs/xarm_msgs/srv/ft_force_pid.h
[27.413s] -- Symlinking: /home/benongnuel/dev_ws/src/xarm_ros2/install/xarm_msgs/include/xarm_msgs/xarm_msgs/srv/ft_impedance.h
[27.421s] -- Symlinking: /home/benongnuel/dev_ws/src/xarm_ros2/install/xarm_msgs/include/xarm_msgs/xarm_msgs/srv/get_analog_io.h
[27.429s] -- Symlinking: /home/benongnuel/dev_ws/src/xarm_ros2/install/xarm_msgs/include/xarm_msgs/xarm_msgs/srv/get_digital_io.h
[27.437s] -- Symlinking: /home/benongnuel/dev_ws/src/xarm_ros2/install/xarm_msgs/include/xarm_msgs/xarm_msgs/srv/get_float32.h
[27.445s] -- Symlinking: /home/benongnuel/dev_ws/src/xarm_ros2/install/xarm_msgs/include/xarm_msgs/xarm_msgs/srv/get_float32_list.h
[27.454s] -- Symlinking: /home/benongnuel/dev_ws/src/xarm_ros2/install/xarm_msgs/include/xarm_msgs/xarm_msgs/srv/get_int16.h
[27.462s] -- Symlinking: /home/benongnuel/dev_ws/src/xarm_ros2/install/xarm_msgs/include/xarm_msgs/xarm_msgs/srv/get_int16_list.h
[27.468s] -- Symlinking: /home/benongnuel/dev_ws/src/xarm_ros2/install/xarm_msgs/include/xarm_msgs/xarm_msgs/srv/get_int32.h
[27.475s] -- Symlinking: /home/benongnuel/dev_ws/src/xarm_ros2/install/xarm_msgs/include/xarm_msgs/xarm_msgs/srv/get_int32_by_type.h
[27.482s] -- Symlinking: /home/benongnuel/dev_ws/src/xarm_ros2/install/xarm_msgs/include/xarm_msgs/xarm_msgs/srv/get_set_modbus_data.h
[27.489s] -- Symlinking: /home/benongnuel/dev_ws/src/xarm_ros2/install/xarm_msgs/include/xarm_msgs/xarm_msgs/srv/gripper_move.h
[27.495s] -- Symlinking: /home/benongnuel/dev_ws/src/xarm_ros2/install/xarm_msgs/include/xarm_msgs/xarm_msgs/srv/iden_load.h
[27.504s] -- Symlinking: /home/benongnuel/dev_ws/src/xarm_ros2/install/xarm_msgs/include/xarm_msgs/xarm_msgs/srv/linear_track_back_origin.h
[27.510s] -- Symlinking: /home/benongnuel/dev_ws/src/xarm_ros2/install/xarm_msgs/include/xarm_msgs/xarm_msgs/srv/linear_track_set_pos.h
[27.517s] -- Symlinking: /home/benongnuel/dev_ws/src/xarm_ros2/install/xarm_msgs/include/xarm_msgs/xarm_msgs/srv/move_cartesian.h
[27.525s] -- Symlinking: /home/benongnuel/dev_ws/src/xarm_ros2/install/xarm_msgs/include/xarm_msgs/xarm_msgs/srv/move_circle.h
[27.533s] -- Symlinking: /home/benongnuel/dev_ws/src/xarm_ros2/install/xarm_msgs/include/xarm_msgs/xarm_msgs/srv/move_home.h
[27.539s] -- Symlinking: /home/benongnuel/dev_ws/src/xarm_ros2/install/xarm_msgs/include/xarm_msgs/xarm_msgs/srv/move_joint.h
[27.548s] -- Symlinking: /home/benongnuel/dev_ws/src/xarm_ros2/install/xarm_msgs/include/xarm_msgs/xarm_msgs/srv/move_velocity.h
[27.554s] -- Symlinking: /home/benongnuel/dev_ws/src/xarm_ros2/install/xarm_msgs/include/xarm_msgs/xarm_msgs/srv/plan_exec.h
[27.561s] -- Symlinking: /home/benongnuel/dev_ws/src/xarm_ros2/install/xarm_msgs/include/xarm_msgs/xarm_msgs/srv/plan_joint.h
[27.568s] -- Symlinking: /home/benongnuel/dev_ws/src/xarm_ros2/install/xarm_msgs/include/xarm_msgs/xarm_msgs/srv/plan_pose.h
[27.575s] -- Symlinking: /home/benongnuel/dev_ws/src/xarm_ros2/install/xarm_msgs/include/xarm_msgs/xarm_msgs/srv/plan_single_straight.h
[27.582s] -- Symlinking: /home/benongnuel/dev_ws/src/xarm_ros2/install/xarm_msgs/include/xarm_msgs/xarm_msgs/srv/robotiq_activate.h
[27.591s] -- Symlinking: /home/benongnuel/dev_ws/src/xarm_ros2/install/xarm_msgs/include/xarm_msgs/xarm_msgs/srv/robotiq_get_status.h
[27.597s] -- Symlinking: /home/benongnuel/dev_ws/src/xarm_ros2/install/xarm_msgs/include/xarm_msgs/xarm_msgs/srv/robotiq_move.h
[27.602s] -- Symlinking: /home/benongnuel/dev_ws/src/xarm_ros2/install/xarm_msgs/include/xarm_msgs/xarm_msgs/srv/robotiq_reset.h
[27.609s] -- Symlinking: /home/benongnuel/dev_ws/src/xarm_ros2/install/xarm_msgs/include/xarm_msgs/xarm_msgs/srv/set_analog_io.h
[27.615s] -- Symlinking: /home/benongnuel/dev_ws/src/xarm_ros2/install/xarm_msgs/include/xarm_msgs/xarm_msgs/srv/set_digital_io.h
[27.624s] -- Symlinking: /home/benongnuel/dev_ws/src/xarm_ros2/install/xarm_msgs/include/xarm_msgs/xarm_msgs/srv/set_float32.h
[27.632s] -- Symlinking: /home/benongnuel/dev_ws/src/xarm_ros2/install/xarm_msgs/include/xarm_msgs/xarm_msgs/srv/set_float32_list.h
[27.638s] -- Symlinking: /home/benongnuel/dev_ws/src/xarm_ros2/install/xarm_msgs/include/xarm_msgs/xarm_msgs/srv/set_int16.h
[27.644s] -- Symlinking: /home/benongnuel/dev_ws/src/xarm_ros2/install/xarm_msgs/include/xarm_msgs/xarm_msgs/srv/set_int16_by_id.h
[27.649s] -- Symlinking: /home/benongnuel/dev_ws/src/xarm_ros2/install/xarm_msgs/include/xarm_msgs/xarm_msgs/srv/set_int16_list.h
[27.657s] -- Symlinking: /home/benongnuel/dev_ws/src/xarm_ros2/install/xarm_msgs/include/xarm_msgs/xarm_msgs/srv/set_int32.h
[27.664s] -- Symlinking: /home/benongnuel/dev_ws/src/xarm_ros2/install/xarm_msgs/include/xarm_msgs/xarm_msgs/srv/set_int32_by_type.h
[27.672s] -- Symlinking: /home/benongnuel/dev_ws/src/xarm_ros2/install/xarm_msgs/include/xarm_msgs/xarm_msgs/srv/set_modbus_timeout.h
[27.678s] -- Symlinking: /home/benongnuel/dev_ws/src/xarm_ros2/install/xarm_msgs/include/xarm_msgs/xarm_msgs/srv/set_tcp_load.h
[27.684s] -- Symlinking: /home/benongnuel/dev_ws/src/xarm_ros2/install/xarm_msgs/include/xarm_msgs/xarm_msgs/srv/traj_ctrl.h
[27.692s] -- Symlinking: /home/benongnuel/dev_ws/src/xarm_ros2/install/xarm_msgs/include/xarm_msgs/xarm_msgs/srv/traj_play.h
[27.698s] -- Symlinking: /home/benongnuel/dev_ws/src/xarm_ros2/install/xarm_msgs/include/xarm_msgs/xarm_msgs/srv/vacuum_gripper_ctrl.h
[27.705s] -- Symlinking: /home/benongnuel/dev_ws/src/xarm_ros2/install/xarm_msgs/share/xarm_msgs/environment/library_path.sh
[27.712s] -- Symlinking: /home/benongnuel/dev_ws/src/xarm_ros2/install/xarm_msgs/share/xarm_msgs/environment/library_path.dsv
[27.721s] -- Symlinking: /home/benongnuel/dev_ws/src/xarm_ros2/install/xarm_msgs/include/xarm_msgs/xarm_msgs/msg/detail/cio_state__rosidl_typesupport_fastrtps_c.h
[27.728s] -- Symlinking: /home/benongnuel/dev_ws/src/xarm_ros2/install/xarm_msgs/include/xarm_msgs/xarm_msgs/msg/detail/io_state__rosidl_typesupport_fastrtps_c.h
[27.734s] -- Symlinking: /home/benongnuel/dev_ws/src/xarm_ros2/install/xarm_msgs/include/xarm_msgs/xarm_msgs/msg/detail/move_velocity__rosidl_typesupport_fastrtps_c.h
[27.741s] -- Symlinking: /home/benongnuel/dev_ws/src/xarm_ros2/install/xarm_msgs/include/xarm_msgs/xarm_msgs/msg/detail/robot_msg__rosidl_typesupport_fastrtps_c.h
[27.746s] -- Symlinking: /home/benongnuel/dev_ws/src/xarm_ros2/install/xarm_msgs/include/xarm_msgs/xarm_msgs/msg/rosidl_typesupport_fastrtps_c__visibility_control.h
[27.752s] -- Symlinking: /home/benongnuel/dev_ws/src/xarm_ros2/install/xarm_msgs/include/xarm_msgs/xarm_msgs/srv/detail/bio_gripper_ctrl__rosidl_typesupport_fastrtps_c.h
[27.759s] -- Symlinking: /home/benongnuel/dev_ws/src/xarm_ros2/install/xarm_msgs/include/xarm_msgs/xarm_msgs/srv/detail/bio_gripper_enable__rosidl_typesupport_fastrtps_c.h
[27.767s] -- Symlinking: /home/benongnuel/dev_ws/src/xarm_ros2/install/xarm_msgs/include/xarm_msgs/xarm_msgs/srv/detail/call__rosidl_typesupport_fastrtps_c.h
[27.774s] -- Symlinking: /home/benongnuel/dev_ws/src/xarm_ros2/install/xarm_msgs/include/xarm_msgs/xarm_msgs/srv/detail/ft_cali_load__rosidl_typesupport_fastrtps_c.h
[27.780s] -- Symlinking: /home/benongnuel/dev_ws/src/xarm_ros2/install/xarm_msgs/include/xarm_msgs/xarm_msgs/srv/detail/ft_force_config__rosidl_typesupport_fastrtps_c.h
[27.786s] -- Symlinking: /home/benongnuel/dev_ws/src/xarm_ros2/install/xarm_msgs/include/xarm_msgs/xarm_msgs/srv/detail/ft_force_pid__rosidl_typesupport_fastrtps_c.h
[27.791s] -- Symlinking: /home/benongnuel/dev_ws/src/xarm_ros2/install/xarm_msgs/include/xarm_msgs/xarm_msgs/srv/detail/ft_impedance__rosidl_typesupport_fastrtps_c.h
[27.797s] -- Symlinking: /home/benongnuel/dev_ws/src/xarm_ros2/install/xarm_msgs/include/xarm_msgs/xarm_msgs/srv/detail/get_analog_io__rosidl_typesupport_fastrtps_c.h
[27.803s] -- Symlinking: /home/benongnuel/dev_ws/src/xarm_ros2/install/xarm_msgs/include/xarm_msgs/xarm_msgs/srv/detail/get_digital_io__rosidl_typesupport_fastrtps_c.h
[27.808s] -- Symlinking: /home/benongnuel/dev_ws/src/xarm_ros2/install/xarm_msgs/include/xarm_msgs/xarm_msgs/srv/detail/get_float32__rosidl_typesupport_fastrtps_c.h
[27.814s] -- Symlinking: /home/benongnuel/dev_ws/src/xarm_ros2/install/xarm_msgs/include/xarm_msgs/xarm_msgs/srv/detail/get_float32_list__rosidl_typesupport_fastrtps_c.h
[27.818s] -- Symlinking: /home/benongnuel/dev_ws/src/xarm_ros2/install/xarm_msgs/include/xarm_msgs/xarm_msgs/srv/detail/get_int16__rosidl_typesupport_fastrtps_c.h
[27.823s] -- Symlinking: /home/benongnuel/dev_ws/src/xarm_ros2/install/xarm_msgs/include/xarm_msgs/xarm_msgs/srv/detail/get_int16_list__rosidl_typesupport_fastrtps_c.h
[27.828s] -- Symlinking: /home/benongnuel/dev_ws/src/xarm_ros2/install/xarm_msgs/include/xarm_msgs/xarm_msgs/srv/detail/get_int32__rosidl_typesupport_fastrtps_c.h
[27.834s] -- Symlinking: /home/benongnuel/dev_ws/src/xarm_ros2/install/xarm_msgs/include/xarm_msgs/xarm_msgs/srv/detail/get_int32_by_type__rosidl_typesupport_fastrtps_c.h
[27.839s] -- Symlinking: /home/benongnuel/dev_ws/src/xarm_ros2/install/xarm_msgs/include/xarm_msgs/xarm_msgs/srv/detail/get_set_modbus_data__rosidl_typesupport_fastrtps_c.h
[27.845s] -- Symlinking: /home/benongnuel/dev_ws/src/xarm_ros2/install/xarm_msgs/include/xarm_msgs/xarm_msgs/srv/detail/gripper_move__rosidl_typesupport_fastrtps_c.h
[27.851s] -- Symlinking: /home/benongnuel/dev_ws/src/xarm_ros2/install/xarm_msgs/include/xarm_msgs/xarm_msgs/srv/detail/iden_load__rosidl_typesupport_fastrtps_c.h
[27.857s] -- Symlinking: /home/benongnuel/dev_ws/src/xarm_ros2/install/xarm_msgs/include/xarm_msgs/xarm_msgs/srv/detail/linear_track_back_origin__rosidl_typesupport_fastrtps_c.h
[27.862s] -- Symlinking: /home/benongnuel/dev_ws/src/xarm_ros2/install/xarm_msgs/include/xarm_msgs/xarm_msgs/srv/detail/linear_track_set_pos__rosidl_typesupport_fastrtps_c.h
[27.868s] -- Symlinking: /home/benongnuel/dev_ws/src/xarm_ros2/install/xarm_msgs/include/xarm_msgs/xarm_msgs/srv/detail/move_cartesian__rosidl_typesupport_fastrtps_c.h
[27.877s] -- Symlinking: /home/benongnuel/dev_ws/src/xarm_ros2/install/xarm_msgs/include/xarm_msgs/xarm_msgs/srv/detail/move_circle__rosidl_typesupport_fastrtps_c.h
[27.887s] -- Symlinking: /home/benongnuel/dev_ws/src/xarm_ros2/install/xarm_msgs/include/xarm_msgs/xarm_msgs/srv/detail/move_home__rosidl_typesupport_fastrtps_c.h
[27.894s] -- Symlinking: /home/benongnuel/dev_ws/src/xarm_ros2/install/xarm_msgs/include/xarm_msgs/xarm_msgs/srv/detail/move_joint__rosidl_typesupport_fastrtps_c.h
[27.904s] -- Symlinking: /home/benongnuel/dev_ws/src/xarm_ros2/install/xarm_msgs/include/xarm_msgs/xarm_msgs/srv/detail/move_velocity__rosidl_typesupport_fastrtps_c.h
[27.911s] -- Symlinking: /home/benongnuel/dev_ws/src/xarm_ros2/install/xarm_msgs/include/xarm_msgs/xarm_msgs/srv/detail/plan_exec__rosidl_typesupport_fastrtps_c.h
[27.918s] -- Symlinking: /home/benongnuel/dev_ws/src/xarm_ros2/install/xarm_msgs/include/xarm_msgs/xarm_msgs/srv/detail/plan_joint__rosidl_typesupport_fastrtps_c.h
[27.924s] -- Symlinking: /home/benongnuel/dev_ws/src/xarm_ros2/install/xarm_msgs/include/xarm_msgs/xarm_msgs/srv/detail/plan_pose__rosidl_typesupport_fastrtps_c.h
[27.930s] -- Symlinking: /home/benongnuel/dev_ws/src/xarm_ros2/install/xarm_msgs/include/xarm_msgs/xarm_msgs/srv/detail/plan_single_straight__rosidl_typesupport_fastrtps_c.h
[27.937s] -- Symlinking: /home/benongnuel/dev_ws/src/xarm_ros2/install/xarm_msgs/include/xarm_msgs/xarm_msgs/srv/detail/robotiq_activate__rosidl_typesupport_fastrtps_c.h
[27.942s] -- Symlinking: /home/benongnuel/dev_ws/src/xarm_ros2/install/xarm_msgs/include/xarm_msgs/xarm_msgs/srv/detail/robotiq_get_status__rosidl_typesupport_fastrtps_c.h
[27.947s] -- Symlinking: /home/benongnuel/dev_ws/src/xarm_ros2/install/xarm_msgs/include/xarm_msgs/xarm_msgs/srv/detail/robotiq_move__rosidl_typesupport_fastrtps_c.h
[27.954s] -- Symlinking: /home/benongnuel/dev_ws/src/xarm_ros2/install/xarm_msgs/include/xarm_msgs/xarm_msgs/srv/detail/robotiq_reset__rosidl_typesupport_fastrtps_c.h
[27.960s] -- Symlinking: /home/benongnuel/dev_ws/src/xarm_ros2/install/xarm_msgs/include/xarm_msgs/xarm_msgs/srv/detail/set_analog_io__rosidl_typesupport_fastrtps_c.h
[27.969s] -- Symlinking: /home/benongnuel/dev_ws/src/xarm_ros2/install/xarm_msgs/include/xarm_msgs/xarm_msgs/srv/detail/set_digital_io__rosidl_typesupport_fastrtps_c.h
[27.976s] -- Symlinking: /home/benongnuel/dev_ws/src/xarm_ros2/install/xarm_msgs/include/xarm_msgs/xarm_msgs/srv/detail/set_float32__rosidl_typesupport_fastrtps_c.h
[27.984s] -- Symlinking: /home/benongnuel/dev_ws/src/xarm_ros2/install/xarm_msgs/include/xarm_msgs/xarm_msgs/srv/detail/set_float32_list__rosidl_typesupport_fastrtps_c.h
[27.992s] -- Symlinking: /home/benongnuel/dev_ws/src/xarm_ros2/install/xarm_msgs/include/xarm_msgs/xarm_msgs/srv/detail/set_int16__rosidl_typesupport_fastrtps_c.h
[28.000s] -- Symlinking: /home/benongnuel/dev_ws/src/xarm_ros2/install/xarm_msgs/include/xarm_msgs/xarm_msgs/srv/detail/set_int16_by_id__rosidl_typesupport_fastrtps_c.h
[28.006s] -- Symlinking: /home/benongnuel/dev_ws/src/xarm_ros2/install/xarm_msgs/include/xarm_msgs/xarm_msgs/srv/detail/set_int16_list__rosidl_typesupport_fastrtps_c.h
[28.012s] -- Symlinking: /home/benongnuel/dev_ws/src/xarm_ros2/install/xarm_msgs/include/xarm_msgs/xarm_msgs/srv/detail/set_int32__rosidl_typesupport_fastrtps_c.h
[28.018s] -- Symlinking: /home/benongnuel/dev_ws/src/xarm_ros2/install/xarm_msgs/include/xarm_msgs/xarm_msgs/srv/detail/set_int32_by_type__rosidl_typesupport_fastrtps_c.h
[28.027s] -- Symlinking: /home/benongnuel/dev_ws/src/xarm_ros2/install/xarm_msgs/include/xarm_msgs/xarm_msgs/srv/detail/set_modbus_timeout__rosidl_typesupport_fastrtps_c.h
[28.035s] -- Symlinking: /home/benongnuel/dev_ws/src/xarm_ros2/install/xarm_msgs/include/xarm_msgs/xarm_msgs/srv/detail/set_tcp_load__rosidl_typesupport_fastrtps_c.h
[28.044s] -- Symlinking: /home/benongnuel/dev_ws/src/xarm_ros2/install/xarm_msgs/include/xarm_msgs/xarm_msgs/srv/detail/traj_ctrl__rosidl_typesupport_fastrtps_c.h
[28.050s] -- Symlinking: /home/benongnuel/dev_ws/src/xarm_ros2/install/xarm_msgs/include/xarm_msgs/xarm_msgs/srv/detail/traj_play__rosidl_typesupport_fastrtps_c.h
[28.056s] -- Symlinking: /home/benongnuel/dev_ws/src/xarm_ros2/install/xarm_msgs/include/xarm_msgs/xarm_msgs/srv/detail/vacuum_gripper_ctrl__rosidl_typesupport_fastrtps_c.h
[28.063s] -- Symlinking: /home/benongnuel/dev_ws/src/xarm_ros2/install/xarm_msgs/include/xarm_msgs/xarm_msgs/msg/cio_state.hpp
[28.068s] -- Symlinking: /home/benongnuel/dev_ws/src/xarm_ros2/install/xarm_msgs/include/xarm_msgs/xarm_msgs/msg/detail/cio_state__builder.hpp
[28.074s] -- Symlinking: /home/benongnuel/dev_ws/src/xarm_ros2/install/xarm_msgs/include/xarm_msgs/xarm_msgs/msg/detail/cio_state__struct.hpp
[28.079s] -- Symlinking: /home/benongnuel/dev_ws/src/xarm_ros2/install/xarm_msgs/include/xarm_msgs/xarm_msgs/msg/detail/cio_state__traits.hpp
[28.083s] -- Symlinking: /home/benongnuel/dev_ws/src/xarm_ros2/install/xarm_msgs/include/xarm_msgs/xarm_msgs/msg/detail/cio_state__type_support.hpp
[28.091s] -- Symlinking: /home/benongnuel/dev_ws/src/xarm_ros2/install/xarm_msgs/include/xarm_msgs/xarm_msgs/msg/detail/io_state__builder.hpp
[28.098s] -- Symlinking: /home/benongnuel/dev_ws/src/xarm_ros2/install/xarm_msgs/include/xarm_msgs/xarm_msgs/msg/detail/io_state__struct.hpp
[28.104s] -- Symlinking: /home/benongnuel/dev_ws/src/xarm_ros2/install/xarm_msgs/include/xarm_msgs/xarm_msgs/msg/detail/io_state__traits.hpp
[28.111s] -- Symlinking: /home/benongnuel/dev_ws/src/xarm_ros2/install/xarm_msgs/include/xarm_msgs/xarm_msgs/msg/detail/io_state__type_support.hpp
[28.119s] -- Symlinking: /home/benongnuel/dev_ws/src/xarm_ros2/install/xarm_msgs/include/xarm_msgs/xarm_msgs/msg/detail/move_velocity__builder.hpp
[28.125s] -- Symlinking: /home/benongnuel/dev_ws/src/xarm_ros2/install/xarm_msgs/include/xarm_msgs/xarm_msgs/msg/detail/move_velocity__struct.hpp
[28.131s] -- Symlinking: /home/benongnuel/dev_ws/src/xarm_ros2/install/xarm_msgs/include/xarm_msgs/xarm_msgs/msg/detail/move_velocity__traits.hpp
[28.138s] -- Symlinking: /home/benongnuel/dev_ws/src/xarm_ros2/install/xarm_msgs/include/xarm_msgs/xarm_msgs/msg/detail/move_velocity__type_support.hpp
[28.146s] -- Symlinking: /home/benongnuel/dev_ws/src/xarm_ros2/install/xarm_msgs/include/xarm_msgs/xarm_msgs/msg/detail/robot_msg__builder.hpp
[28.152s] -- Symlinking: /home/benongnuel/dev_ws/src/xarm_ros2/install/xarm_msgs/include/xarm_msgs/xarm_msgs/msg/detail/robot_msg__struct.hpp
[28.159s] -- Symlinking: /home/benongnuel/dev_ws/src/xarm_ros2/install/xarm_msgs/include/xarm_msgs/xarm_msgs/msg/detail/robot_msg__traits.hpp
[28.164s] -- Symlinking: /home/benongnuel/dev_ws/src/xarm_ros2/install/xarm_msgs/include/xarm_msgs/xarm_msgs/msg/detail/robot_msg__type_support.hpp
[28.169s] -- Symlinking: /home/benongnuel/dev_ws/src/xarm_ros2/install/xarm_msgs/include/xarm_msgs/xarm_msgs/msg/io_state.hpp
[28.176s] -- Symlinking: /home/benongnuel/dev_ws/src/xarm_ros2/install/xarm_msgs/include/xarm_msgs/xarm_msgs/msg/move_velocity.hpp
[28.181s] -- Symlinking: /home/benongnuel/dev_ws/src/xarm_ros2/install/xarm_msgs/include/xarm_msgs/xarm_msgs/msg/robot_msg.hpp
[28.186s] -- Symlinking: /home/benongnuel/dev_ws/src/xarm_ros2/install/xarm_msgs/include/xarm_msgs/xarm_msgs/msg/rosidl_generator_cpp__visibility_control.hpp
[28.194s] -- Symlinking: /home/benongnuel/dev_ws/src/xarm_ros2/install/xarm_msgs/include/xarm_msgs/xarm_msgs/srv/bio_gripper_ctrl.hpp
[28.202s] -- Symlinking: /home/benongnuel/dev_ws/src/xarm_ros2/install/xarm_msgs/include/xarm_msgs/xarm_msgs/srv/bio_gripper_enable.hpp
[28.210s] -- Symlinking: /home/benongnuel/dev_ws/src/xarm_ros2/install/xarm_msgs/include/xarm_msgs/xarm_msgs/srv/call.hpp
[28.217s] -- Symlinking: /home/benongnuel/dev_ws/src/xarm_ros2/install/xarm_msgs/include/xarm_msgs/xarm_msgs/srv/detail/bio_gripper_ctrl__builder.hpp
[28.226s] -- Symlinking: /home/benongnuel/dev_ws/src/xarm_ros2/install/xarm_msgs/include/xarm_msgs/xarm_msgs/srv/detail/bio_gripper_ctrl__struct.hpp
[28.233s] -- Symlinking: /home/benongnuel/dev_ws/src/xarm_ros2/install/xarm_msgs/include/xarm_msgs/xarm_msgs/srv/detail/bio_gripper_ctrl__traits.hpp
[28.241s] -- Symlinking: /home/benongnuel/dev_ws/src/xarm_ros2/install/xarm_msgs/include/xarm_msgs/xarm_msgs/srv/detail/bio_gripper_ctrl__type_support.hpp
[28.247s] -- Symlinking: /home/benongnuel/dev_ws/src/xarm_ros2/install/xarm_msgs/include/xarm_msgs/xarm_msgs/srv/detail/bio_gripper_enable__builder.hpp
[28.254s] -- Symlinking: /home/benongnuel/dev_ws/src/xarm_ros2/install/xarm_msgs/include/xarm_msgs/xarm_msgs/srv/detail/bio_gripper_enable__struct.hpp
[28.259s] -- Symlinking: /home/benongnuel/dev_ws/src/xarm_ros2/install/xarm_msgs/include/xarm_msgs/xarm_msgs/srv/detail/bio_gripper_enable__traits.hpp
[28.265s] -- Symlinking: /home/benongnuel/dev_ws/src/xarm_ros2/install/xarm_msgs/include/xarm_msgs/xarm_msgs/srv/detail/bio_gripper_enable__type_support.hpp
[28.273s] -- Symlinking: /home/benongnuel/dev_ws/src/xarm_ros2/install/xarm_msgs/include/xarm_msgs/xarm_msgs/srv/detail/call__builder.hpp
[28.279s] -- Symlinking: /home/benongnuel/dev_ws/src/xarm_ros2/install/xarm_msgs/include/xarm_msgs/xarm_msgs/srv/detail/call__struct.hpp
[28.286s] -- Symlinking: /home/benongnuel/dev_ws/src/xarm_ros2/install/xarm_msgs/include/xarm_msgs/xarm_msgs/srv/detail/call__traits.hpp
[28.293s] -- Symlinking: /home/benongnuel/dev_ws/src/xarm_ros2/install/xarm_msgs/include/xarm_msgs/xarm_msgs/srv/detail/call__type_support.hpp
[28.300s] -- Symlinking: /home/benongnuel/dev_ws/src/xarm_ros2/install/xarm_msgs/include/xarm_msgs/xarm_msgs/srv/detail/ft_cali_load__builder.hpp
[28.307s] -- Symlinking: /home/benongnuel/dev_ws/src/xarm_ros2/install/xarm_msgs/include/xarm_msgs/xarm_msgs/srv/detail/ft_cali_load__struct.hpp
[28.314s] -- Symlinking: /home/benongnuel/dev_ws/src/xarm_ros2/install/xarm_msgs/include/xarm_msgs/xarm_msgs/srv/detail/ft_cali_load__traits.hpp
[28.320s] -- Symlinking: /home/benongnuel/dev_ws/src/xarm_ros2/install/xarm_msgs/include/xarm_msgs/xarm_msgs/srv/detail/ft_cali_load__type_support.hpp
[28.326s] -- Symlinking: /home/benongnuel/dev_ws/src/xarm_ros2/install/xarm_msgs/include/xarm_msgs/xarm_msgs/srv/detail/ft_force_config__builder.hpp
[28.331s] -- Symlinking: /home/benongnuel/dev_ws/src/xarm_ros2/install/xarm_msgs/include/xarm_msgs/xarm_msgs/srv/detail/ft_force_config__struct.hpp
[28.338s] -- Symlinking: /home/benongnuel/dev_ws/src/xarm_ros2/install/xarm_msgs/include/xarm_msgs/xarm_msgs/srv/detail/ft_force_config__traits.hpp
[28.345s] -- Symlinking: /home/benongnuel/dev_ws/src/xarm_ros2/install/xarm_msgs/include/xarm_msgs/xarm_msgs/srv/detail/ft_force_config__type_support.hpp
[28.353s] -- Symlinking: /home/benongnuel/dev_ws/src/xarm_ros2/install/xarm_msgs/include/xarm_msgs/xarm_msgs/srv/detail/ft_force_pid__builder.hpp
[28.360s] -- Symlinking: /home/benongnuel/dev_ws/src/xarm_ros2/install/xarm_msgs/include/xarm_msgs/xarm_msgs/srv/detail/ft_force_pid__struct.hpp
[28.365s] -- Symlinking: /home/benongnuel/dev_ws/src/xarm_ros2/install/xarm_msgs/include/xarm_msgs/xarm_msgs/srv/detail/ft_force_pid__traits.hpp
[28.371s] -- Symlinking: /home/benongnuel/dev_ws/src/xarm_ros2/install/xarm_msgs/include/xarm_msgs/xarm_msgs/srv/detail/ft_force_pid__type_support.hpp
[28.378s] -- Symlinking: /home/benongnuel/dev_ws/src/xarm_ros2/install/xarm_msgs/include/xarm_msgs/xarm_msgs/srv/detail/ft_impedance__builder.hpp
[28.388s] -- Symlinking: /home/benongnuel/dev_ws/src/xarm_ros2/install/xarm_msgs/include/xarm_msgs/xarm_msgs/srv/detail/ft_impedance__struct.hpp
[28.394s] -- Symlinking: /home/benongnuel/dev_ws/src/xarm_ros2/install/xarm_msgs/include/xarm_msgs/xarm_msgs/srv/detail/ft_impedance__traits.hpp
[28.399s] -- Symlinking: /home/benongnuel/dev_ws/src/xarm_ros2/install/xarm_msgs/include/xarm_msgs/xarm_msgs/srv/detail/ft_impedance__type_support.hpp
[28.406s] -- Symlinking: /home/benongnuel/dev_ws/src/xarm_ros2/install/xarm_msgs/include/xarm_msgs/xarm_msgs/srv/detail/get_analog_io__builder.hpp
[28.412s] -- Symlinking: /home/benongnuel/dev_ws/src/xarm_ros2/install/xarm_msgs/include/xarm_msgs/xarm_msgs/srv/detail/get_analog_io__struct.hpp
[28.417s] -- Symlinking: /home/benongnuel/dev_ws/src/xarm_ros2/install/xarm_msgs/include/xarm_msgs/xarm_msgs/srv/detail/get_analog_io__traits.hpp
[28.424s] -- Symlinking: /home/benongnuel/dev_ws/src/xarm_ros2/install/xarm_msgs/include/xarm_msgs/xarm_msgs/srv/detail/get_analog_io__type_support.hpp
[28.429s] -- Symlinking: /home/benongnuel/dev_ws/src/xarm_ros2/install/xarm_msgs/include/xarm_msgs/xarm_msgs/srv/detail/get_digital_io__builder.hpp
[28.434s] -- Symlinking: /home/benongnuel/dev_ws/src/xarm_ros2/install/xarm_msgs/include/xarm_msgs/xarm_msgs/srv/detail/get_digital_io__struct.hpp
[28.441s] -- Symlinking: /home/benongnuel/dev_ws/src/xarm_ros2/install/xarm_msgs/include/xarm_msgs/xarm_msgs/srv/detail/get_digital_io__traits.hpp
[28.448s] -- Symlinking: /home/benongnuel/dev_ws/src/xarm_ros2/install/xarm_msgs/include/xarm_msgs/xarm_msgs/srv/detail/get_digital_io__type_support.hpp
[28.455s] -- Symlinking: /home/benongnuel/dev_ws/src/xarm_ros2/install/xarm_msgs/include/xarm_msgs/xarm_msgs/srv/detail/get_float32__builder.hpp
[28.462s] -- Symlinking: /home/benongnuel/dev_ws/src/xarm_ros2/install/xarm_msgs/include/xarm_msgs/xarm_msgs/srv/detail/get_float32__struct.hpp
[28.468s] -- Symlinking: /home/benongnuel/dev_ws/src/xarm_ros2/install/xarm_msgs/include/xarm_msgs/xarm_msgs/srv/detail/get_float32__traits.hpp
[28.474s] -- Symlinking: /home/benongnuel/dev_ws/src/xarm_ros2/install/xarm_msgs/include/xarm_msgs/xarm_msgs/srv/detail/get_float32__type_support.hpp
[28.479s] -- Symlinking: /home/benongnuel/dev_ws/src/xarm_ros2/install/xarm_msgs/include/xarm_msgs/xarm_msgs/srv/detail/get_float32_list__builder.hpp
[28.485s] -- Symlinking: /home/benongnuel/dev_ws/src/xarm_ros2/install/xarm_msgs/include/xarm_msgs/xarm_msgs/srv/detail/get_float32_list__struct.hpp
[28.491s] -- Symlinking: /home/benongnuel/dev_ws/src/xarm_ros2/install/xarm_msgs/include/xarm_msgs/xarm_msgs/srv/detail/get_float32_list__traits.hpp
[28.497s] -- Symlinking: /home/benongnuel/dev_ws/src/xarm_ros2/install/xarm_msgs/include/xarm_msgs/xarm_msgs/srv/detail/get_float32_list__type_support.hpp
[28.504s] -- Symlinking: /home/benongnuel/dev_ws/src/xarm_ros2/install/xarm_msgs/include/xarm_msgs/xarm_msgs/srv/detail/get_int16__builder.hpp
[28.511s] -- Symlinking: /home/benongnuel/dev_ws/src/xarm_ros2/install/xarm_msgs/include/xarm_msgs/xarm_msgs/srv/detail/get_int16__struct.hpp
[28.516s] -- Symlinking: /home/benongnuel/dev_ws/src/xarm_ros2/install/xarm_msgs/include/xarm_msgs/xarm_msgs/srv/detail/get_int16__traits.hpp
[28.522s] -- Symlinking: /home/benongnuel/dev_ws/src/xarm_ros2/install/xarm_msgs/include/xarm_msgs/xarm_msgs/srv/detail/get_int16__type_support.hpp
[28.528s] -- Symlinking: /home/benongnuel/dev_ws/src/xarm_ros2/install/xarm_msgs/include/xarm_msgs/xarm_msgs/srv/detail/get_int16_list__builder.hpp
[28.535s] -- Symlinking: /home/benongnuel/dev_ws/src/xarm_ros2/install/xarm_msgs/include/xarm_msgs/xarm_msgs/srv/detail/get_int16_list__struct.hpp
[28.542s] -- Symlinking: /home/benongnuel/dev_ws/src/xarm_ros2/install/xarm_msgs/include/xarm_msgs/xarm_msgs/srv/detail/get_int16_list__traits.hpp
[28.547s] -- Symlinking: /home/benongnuel/dev_ws/src/xarm_ros2/install/xarm_msgs/include/xarm_msgs/xarm_msgs/srv/detail/get_int16_list__type_support.hpp
[28.553s] -- Symlinking: /home/benongnuel/dev_ws/src/xarm_ros2/install/xarm_msgs/include/xarm_msgs/xarm_msgs/srv/detail/get_int32__builder.hpp
[28.560s] -- Symlinking: /home/benongnuel/dev_ws/src/xarm_ros2/install/xarm_msgs/include/xarm_msgs/xarm_msgs/srv/detail/get_int32__struct.hpp
[28.566s] -- Symlinking: /home/benongnuel/dev_ws/src/xarm_ros2/install/xarm_msgs/include/xarm_msgs/xarm_msgs/srv/detail/get_int32__traits.hpp
[28.571s] -- Symlinking: /home/benongnuel/dev_ws/src/xarm_ros2/install/xarm_msgs/include/xarm_msgs/xarm_msgs/srv/detail/get_int32__type_support.hpp
[28.577s] -- Symlinking: /home/benongnuel/dev_ws/src/xarm_ros2/install/xarm_msgs/include/xarm_msgs/xarm_msgs/srv/detail/get_int32_by_type__builder.hpp
[28.584s] -- Symlinking: /home/benongnuel/dev_ws/src/xarm_ros2/install/xarm_msgs/include/xarm_msgs/xarm_msgs/srv/detail/get_int32_by_type__struct.hpp
[28.591s] -- Symlinking: /home/benongnuel/dev_ws/src/xarm_ros2/install/xarm_msgs/include/xarm_msgs/xarm_msgs/srv/detail/get_int32_by_type__traits.hpp
[28.600s] -- Symlinking: /home/benongnuel/dev_ws/src/xarm_ros2/install/xarm_msgs/include/xarm_msgs/xarm_msgs/srv/detail/get_int32_by_type__type_support.hpp
[28.608s] -- Symlinking: /home/benongnuel/dev_ws/src/xarm_ros2/install/xarm_msgs/include/xarm_msgs/xarm_msgs/srv/detail/get_set_modbus_data__builder.hpp
[28.613s] -- Symlinking: /home/benongnuel/dev_ws/src/xarm_ros2/install/xarm_msgs/include/xarm_msgs/xarm_msgs/srv/detail/get_set_modbus_data__struct.hpp
[28.621s] -- Symlinking: /home/benongnuel/dev_ws/src/xarm_ros2/install/xarm_msgs/include/xarm_msgs/xarm_msgs/srv/detail/get_set_modbus_data__traits.hpp
[28.627s] -- Symlinking: /home/benongnuel/dev_ws/src/xarm_ros2/install/xarm_msgs/include/xarm_msgs/xarm_msgs/srv/detail/get_set_modbus_data__type_support.hpp
[28.633s] -- Symlinking: /home/benongnuel/dev_ws/src/xarm_ros2/install/xarm_msgs/include/xarm_msgs/xarm_msgs/srv/detail/gripper_move__builder.hpp
[28.639s] -- Symlinking: /home/benongnuel/dev_ws/src/xarm_ros2/install/xarm_msgs/include/xarm_msgs/xarm_msgs/srv/detail/gripper_move__struct.hpp
[28.647s] -- Symlinking: /home/benongnuel/dev_ws/src/xarm_ros2/install/xarm_msgs/include/xarm_msgs/xarm_msgs/srv/detail/gripper_move__traits.hpp
[28.654s] -- Symlinking: /home/benongnuel/dev_ws/src/xarm_ros2/install/xarm_msgs/include/xarm_msgs/xarm_msgs/srv/detail/gripper_move__type_support.hpp
[28.661s] -- Symlinking: /home/benongnuel/dev_ws/src/xarm_ros2/install/xarm_msgs/include/xarm_msgs/xarm_msgs/srv/detail/iden_load__builder.hpp
[28.668s] -- Symlinking: /home/benongnuel/dev_ws/src/xarm_ros2/install/xarm_msgs/include/xarm_msgs/xarm_msgs/srv/detail/iden_load__struct.hpp
[28.673s] -- Symlinking: /home/benongnuel/dev_ws/src/xarm_ros2/install/xarm_msgs/include/xarm_msgs/xarm_msgs/srv/detail/iden_load__traits.hpp
[28.679s] -- Symlinking: /home/benongnuel/dev_ws/src/xarm_ros2/install/xarm_msgs/include/xarm_msgs/xarm_msgs/srv/detail/iden_load__type_support.hpp
[28.685s] -- Symlinking: /home/benongnuel/dev_ws/src/xarm_ros2/install/xarm_msgs/include/xarm_msgs/xarm_msgs/srv/detail/linear_track_back_origin__builder.hpp
[28.692s] -- Symlinking: /home/benongnuel/dev_ws/src/xarm_ros2/install/xarm_msgs/include/xarm_msgs/xarm_msgs/srv/detail/linear_track_back_origin__struct.hpp
[28.698s] -- Symlinking: /home/benongnuel/dev_ws/src/xarm_ros2/install/xarm_msgs/include/xarm_msgs/xarm_msgs/srv/detail/linear_track_back_origin__traits.hpp
[28.705s] -- Symlinking: /home/benongnuel/dev_ws/src/xarm_ros2/install/xarm_msgs/include/xarm_msgs/xarm_msgs/srv/detail/linear_track_back_origin__type_support.hpp
[28.713s] -- Symlinking: /home/benongnuel/dev_ws/src/xarm_ros2/install/xarm_msgs/include/xarm_msgs/xarm_msgs/srv/detail/linear_track_set_pos__builder.hpp
[28.719s] -- Symlinking: /home/benongnuel/dev_ws/src/xarm_ros2/install/xarm_msgs/include/xarm_msgs/xarm_msgs/srv/detail/linear_track_set_pos__struct.hpp
[28.726s] -- Symlinking: /home/benongnuel/dev_ws/src/xarm_ros2/install/xarm_msgs/include/xarm_msgs/xarm_msgs/srv/detail/linear_track_set_pos__traits.hpp
[28.732s] -- Symlinking: /home/benongnuel/dev_ws/src/xarm_ros2/install/xarm_msgs/include/xarm_msgs/xarm_msgs/srv/detail/linear_track_set_pos__type_support.hpp
[28.737s] -- Symlinking: /home/benongnuel/dev_ws/src/xarm_ros2/install/xarm_msgs/include/xarm_msgs/xarm_msgs/srv/detail/move_cartesian__builder.hpp
[28.743s] -- Symlinking: /home/benongnuel/dev_ws/src/xarm_ros2/install/xarm_msgs/include/xarm_msgs/xarm_msgs/srv/detail/move_cartesian__struct.hpp
[28.749s] -- Symlinking: /home/benongnuel/dev_ws/src/xarm_ros2/install/xarm_msgs/include/xarm_msgs/xarm_msgs/srv/detail/move_cartesian__traits.hpp
[28.755s] -- Symlinking: /home/benongnuel/dev_ws/src/xarm_ros2/install/xarm_msgs/include/xarm_msgs/xarm_msgs/srv/detail/move_cartesian__type_support.hpp
[28.762s] -- Symlinking: /home/benongnuel/dev_ws/src/xarm_ros2/install/xarm_msgs/include/xarm_msgs/xarm_msgs/srv/detail/move_circle__builder.hpp
[28.769s] -- Symlinking: /home/benongnuel/dev_ws/src/xarm_ros2/install/xarm_msgs/include/xarm_msgs/xarm_msgs/srv/detail/move_circle__struct.hpp
[28.776s] -- Symlinking: /home/benongnuel/dev_ws/src/xarm_ros2/install/xarm_msgs/include/xarm_msgs/xarm_msgs/srv/detail/move_circle__traits.hpp
[28.782s] -- Symlinking: /home/benongnuel/dev_ws/src/xarm_ros2/install/xarm_msgs/include/xarm_msgs/xarm_msgs/srv/detail/move_circle__type_support.hpp
[28.787s] -- Symlinking: /home/benongnuel/dev_ws/src/xarm_ros2/install/xarm_msgs/include/xarm_msgs/xarm_msgs/srv/detail/move_home__builder.hpp
[28.792s] -- Symlinking: /home/benongnuel/dev_ws/src/xarm_ros2/install/xarm_msgs/include/xarm_msgs/xarm_msgs/srv/detail/move_home__struct.hpp
[28.799s] -- Symlinking: /home/benongnuel/dev_ws/src/xarm_ros2/install/xarm_msgs/include/xarm_msgs/xarm_msgs/srv/detail/move_home__traits.hpp
[28.804s] -- Symlinking: /home/benongnuel/dev_ws/src/xarm_ros2/install/xarm_msgs/include/xarm_msgs/xarm_msgs/srv/detail/move_home__type_support.hpp
[28.811s] -- Symlinking: /home/benongnuel/dev_ws/src/xarm_ros2/install/xarm_msgs/include/xarm_msgs/xarm_msgs/srv/detail/move_joint__builder.hpp
[28.816s] -- Symlinking: /home/benongnuel/dev_ws/src/xarm_ros2/install/xarm_msgs/include/xarm_msgs/xarm_msgs/srv/detail/move_joint__struct.hpp
[28.823s] -- Symlinking: /home/benongnuel/dev_ws/src/xarm_ros2/install/xarm_msgs/include/xarm_msgs/xarm_msgs/srv/detail/move_joint__traits.hpp
[28.828s] -- Symlinking: /home/benongnuel/dev_ws/src/xarm_ros2/install/xarm_msgs/include/xarm_msgs/xarm_msgs/srv/detail/move_joint__type_support.hpp
[28.834s] -- Symlinking: /home/benongnuel/dev_ws/src/xarm_ros2/install/xarm_msgs/include/xarm_msgs/xarm_msgs/srv/detail/move_velocity__builder.hpp
[28.841s] -- Symlinking: /home/benongnuel/dev_ws/src/xarm_ros2/install/xarm_msgs/include/xarm_msgs/xarm_msgs/srv/detail/move_velocity__struct.hpp
[28.846s] -- Symlinking: /home/benongnuel/dev_ws/src/xarm_ros2/install/xarm_msgs/include/xarm_msgs/xarm_msgs/srv/detail/move_velocity__traits.hpp
[28.852s] -- Symlinking: /home/benongnuel/dev_ws/src/xarm_ros2/install/xarm_msgs/include/xarm_msgs/xarm_msgs/srv/detail/move_velocity__type_support.hpp
[28.858s] -- Symlinking: /home/benongnuel/dev_ws/src/xarm_ros2/install/xarm_msgs/include/xarm_msgs/xarm_msgs/srv/detail/plan_exec__builder.hpp
[28.863s] -- Symlinking: /home/benongnuel/dev_ws/src/xarm_ros2/install/xarm_msgs/include/xarm_msgs/xarm_msgs/srv/detail/plan_exec__struct.hpp
[28.868s] -- Symlinking: /home/benongnuel/dev_ws/src/xarm_ros2/install/xarm_msgs/include/xarm_msgs/xarm_msgs/srv/detail/plan_exec__traits.hpp
[28.874s] -- Symlinking: /home/benongnuel/dev_ws/src/xarm_ros2/install/xarm_msgs/include/xarm_msgs/xarm_msgs/srv/detail/plan_exec__type_support.hpp
[28.879s] -- Symlinking: /home/benongnuel/dev_ws/src/xarm_ros2/install/xarm_msgs/include/xarm_msgs/xarm_msgs/srv/detail/plan_joint__builder.hpp
[28.884s] -- Symlinking: /home/benongnuel/dev_ws/src/xarm_ros2/install/xarm_msgs/include/xarm_msgs/xarm_msgs/srv/detail/plan_joint__struct.hpp
[28.891s] -- Symlinking: /home/benongnuel/dev_ws/src/xarm_ros2/install/xarm_msgs/include/xarm_msgs/xarm_msgs/srv/detail/plan_joint__traits.hpp
[28.900s] -- Symlinking: /home/benongnuel/dev_ws/src/xarm_ros2/install/xarm_msgs/include/xarm_msgs/xarm_msgs/srv/detail/plan_joint__type_support.hpp
[28.908s] -- Symlinking: /home/benongnuel/dev_ws/src/xarm_ros2/install/xarm_msgs/include/xarm_msgs/xarm_msgs/srv/detail/plan_pose__builder.hpp
[28.915s] -- Symlinking: /home/benongnuel/dev_ws/src/xarm_ros2/install/xarm_msgs/include/xarm_msgs/xarm_msgs/srv/detail/plan_pose__struct.hpp
[28.922s] -- Symlinking: /home/benongnuel/dev_ws/src/xarm_ros2/install/xarm_msgs/include/xarm_msgs/xarm_msgs/srv/detail/plan_pose__traits.hpp
[28.930s] -- Symlinking: /home/benongnuel/dev_ws/src/xarm_ros2/install/xarm_msgs/include/xarm_msgs/xarm_msgs/srv/detail/plan_pose__type_support.hpp
[28.935s] -- Symlinking: /home/benongnuel/dev_ws/src/xarm_ros2/install/xarm_msgs/include/xarm_msgs/xarm_msgs/srv/detail/plan_single_straight__builder.hpp
[28.940s] -- Symlinking: /home/benongnuel/dev_ws/src/xarm_ros2/install/xarm_msgs/include/xarm_msgs/xarm_msgs/srv/detail/plan_single_straight__struct.hpp
[28.946s] -- Symlinking: /home/benongnuel/dev_ws/src/xarm_ros2/install/xarm_msgs/include/xarm_msgs/xarm_msgs/srv/detail/plan_single_straight__traits.hpp
[28.953s] -- Symlinking: /home/benongnuel/dev_ws/src/xarm_ros2/install/xarm_msgs/include/xarm_msgs/xarm_msgs/srv/detail/plan_single_straight__type_support.hpp
[28.959s] -- Symlinking: /home/benongnuel/dev_ws/src/xarm_ros2/install/xarm_msgs/include/xarm_msgs/xarm_msgs/srv/detail/robotiq_activate__builder.hpp
[28.967s] -- Symlinking: /home/benongnuel/dev_ws/src/xarm_ros2/install/xarm_msgs/include/xarm_msgs/xarm_msgs/srv/detail/robotiq_activate__struct.hpp
[28.972s] -- Symlinking: /home/benongnuel/dev_ws/src/xarm_ros2/install/xarm_msgs/include/xarm_msgs/xarm_msgs/srv/detail/robotiq_activate__traits.hpp
[28.977s] -- Symlinking: /home/benongnuel/dev_ws/src/xarm_ros2/install/xarm_msgs/include/xarm_msgs/xarm_msgs/srv/detail/robotiq_activate__type_support.hpp
[28.981s] -- Symlinking: /home/benongnuel/dev_ws/src/xarm_ros2/install/xarm_msgs/include/xarm_msgs/xarm_msgs/srv/detail/robotiq_get_status__builder.hpp
[28.986s] -- Symlinking: /home/benongnuel/dev_ws/src/xarm_ros2/install/xarm_msgs/include/xarm_msgs/xarm_msgs/srv/detail/robotiq_get_status__struct.hpp
[28.992s] -- Symlinking: /home/benongnuel/dev_ws/src/xarm_ros2/install/xarm_msgs/include/xarm_msgs/xarm_msgs/srv/detail/robotiq_get_status__traits.hpp
[28.998s] -- Symlinking: /home/benongnuel/dev_ws/src/xarm_ros2/install/xarm_msgs/include/xarm_msgs/xarm_msgs/srv/detail/robotiq_get_status__type_support.hpp
[29.004s] -- Symlinking: /home/benongnuel/dev_ws/src/xarm_ros2/install/xarm_msgs/include/xarm_msgs/xarm_msgs/srv/detail/robotiq_move__builder.hpp
[29.010s] -- Symlinking: /home/benongnuel/dev_ws/src/xarm_ros2/install/xarm_msgs/include/xarm_msgs/xarm_msgs/srv/detail/robotiq_move__struct.hpp
[29.015s] -- Symlinking: /home/benongnuel/dev_ws/src/xarm_ros2/install/xarm_msgs/include/xarm_msgs/xarm_msgs/srv/detail/robotiq_move__traits.hpp
[29.020s] -- Symlinking: /home/benongnuel/dev_ws/src/xarm_ros2/install/xarm_msgs/include/xarm_msgs/xarm_msgs/srv/detail/robotiq_move__type_support.hpp
[29.025s] -- Symlinking: /home/benongnuel/dev_ws/src/xarm_ros2/install/xarm_msgs/include/xarm_msgs/xarm_msgs/srv/detail/robotiq_reset__builder.hpp
[29.033s] -- Symlinking: /home/benongnuel/dev_ws/src/xarm_ros2/install/xarm_msgs/include/xarm_msgs/xarm_msgs/srv/detail/robotiq_reset__struct.hpp
[29.039s] -- Symlinking: /home/benongnuel/dev_ws/src/xarm_ros2/install/xarm_msgs/include/xarm_msgs/xarm_msgs/srv/detail/robotiq_reset__traits.hpp
[29.045s] -- Symlinking: /home/benongnuel/dev_ws/src/xarm_ros2/install/xarm_msgs/include/xarm_msgs/xarm_msgs/srv/detail/robotiq_reset__type_support.hpp
[29.051s] -- Symlinking: /home/benongnuel/dev_ws/src/xarm_ros2/install/xarm_msgs/include/xarm_msgs/xarm_msgs/srv/detail/set_analog_io__builder.hpp
[29.056s] -- Symlinking: /home/benongnuel/dev_ws/src/xarm_ros2/install/xarm_msgs/include/xarm_msgs/xarm_msgs/srv/detail/set_analog_io__struct.hpp
[29.061s] -- Symlinking: /home/benongnuel/dev_ws/src/xarm_ros2/install/xarm_msgs/include/xarm_msgs/xarm_msgs/srv/detail/set_analog_io__traits.hpp
[29.066s] -- Symlinking: /home/benongnuel/dev_ws/src/xarm_ros2/install/xarm_msgs/include/xarm_msgs/xarm_msgs/srv/detail/set_analog_io__type_support.hpp
[29.074s] -- Symlinking: /home/benongnuel/dev_ws/src/xarm_ros2/install/xarm_msgs/include/xarm_msgs/xarm_msgs/srv/detail/set_digital_io__builder.hpp
[29.080s] -- Symlinking: /home/benongnuel/dev_ws/src/xarm_ros2/install/xarm_msgs/include/xarm_msgs/xarm_msgs/srv/detail/set_digital_io__struct.hpp
[29.085s] -- Symlinking: /home/benongnuel/dev_ws/src/xarm_ros2/install/xarm_msgs/include/xarm_msgs/xarm_msgs/srv/detail/set_digital_io__traits.hpp
[29.092s] -- Symlinking: /home/benongnuel/dev_ws/src/xarm_ros2/install/xarm_msgs/include/xarm_msgs/xarm_msgs/srv/detail/set_digital_io__type_support.hpp
[29.098s] -- Symlinking: /home/benongnuel/dev_ws/src/xarm_ros2/install/xarm_msgs/include/xarm_msgs/xarm_msgs/srv/detail/set_float32__builder.hpp
[29.103s] -- Symlinking: /home/benongnuel/dev_ws/src/xarm_ros2/install/xarm_msgs/include/xarm_msgs/xarm_msgs/srv/detail/set_float32__struct.hpp
[29.108s] -- Symlinking: /home/benongnuel/dev_ws/src/xarm_ros2/install/xarm_msgs/include/xarm_msgs/xarm_msgs/srv/detail/set_float32__traits.hpp
[29.115s] -- Symlinking: /home/benongnuel/dev_ws/src/xarm_ros2/install/xarm_msgs/include/xarm_msgs/xarm_msgs/srv/detail/set_float32__type_support.hpp
[29.120s] -- Symlinking: /home/benongnuel/dev_ws/src/xarm_ros2/install/xarm_msgs/include/xarm_msgs/xarm_msgs/srv/detail/set_float32_list__builder.hpp
[29.125s] -- Symlinking: /home/benongnuel/dev_ws/src/xarm_ros2/install/xarm_msgs/include/xarm_msgs/xarm_msgs/srv/detail/set_float32_list__struct.hpp
[29.132s] -- Symlinking: /home/benongnuel/dev_ws/src/xarm_ros2/install/xarm_msgs/include/xarm_msgs/xarm_msgs/srv/detail/set_float32_list__traits.hpp
[29.137s] -- Symlinking: /home/benongnuel/dev_ws/src/xarm_ros2/install/xarm_msgs/include/xarm_msgs/xarm_msgs/srv/detail/set_float32_list__type_support.hpp
[29.144s] -- Symlinking: /home/benongnuel/dev_ws/src/xarm_ros2/install/xarm_msgs/include/xarm_msgs/xarm_msgs/srv/detail/set_int16__builder.hpp
[29.150s] -- Symlinking: /home/benongnuel/dev_ws/src/xarm_ros2/install/xarm_msgs/include/xarm_msgs/xarm_msgs/srv/detail/set_int16__struct.hpp
[29.154s] -- Symlinking: /home/benongnuel/dev_ws/src/xarm_ros2/install/xarm_msgs/include/xarm_msgs/xarm_msgs/srv/detail/set_int16__traits.hpp
[29.159s] -- Symlinking: /home/benongnuel/dev_ws/src/xarm_ros2/install/xarm_msgs/include/xarm_msgs/xarm_msgs/srv/detail/set_int16__type_support.hpp
[29.167s] -- Symlinking: /home/benongnuel/dev_ws/src/xarm_ros2/install/xarm_msgs/include/xarm_msgs/xarm_msgs/srv/detail/set_int16_by_id__builder.hpp
[29.172s] -- Symlinking: /home/benongnuel/dev_ws/src/xarm_ros2/install/xarm_msgs/include/xarm_msgs/xarm_msgs/srv/detail/set_int16_by_id__struct.hpp
[29.177s] -- Symlinking: /home/benongnuel/dev_ws/src/xarm_ros2/install/xarm_msgs/include/xarm_msgs/xarm_msgs/srv/detail/set_int16_by_id__traits.hpp
[29.184s] -- Symlinking: /home/benongnuel/dev_ws/src/xarm_ros2/install/xarm_msgs/include/xarm_msgs/xarm_msgs/srv/detail/set_int16_by_id__type_support.hpp
[29.191s] -- Symlinking: /home/benongnuel/dev_ws/src/xarm_ros2/install/xarm_msgs/include/xarm_msgs/xarm_msgs/srv/detail/set_int16_list__builder.hpp
[29.197s] -- Symlinking: /home/benongnuel/dev_ws/src/xarm_ros2/install/xarm_msgs/include/xarm_msgs/xarm_msgs/srv/detail/set_int16_list__struct.hpp
[29.202s] -- Symlinking: /home/benongnuel/dev_ws/src/xarm_ros2/install/xarm_msgs/include/xarm_msgs/xarm_msgs/srv/detail/set_int16_list__traits.hpp
[29.207s] -- Symlinking: /home/benongnuel/dev_ws/src/xarm_ros2/install/xarm_msgs/include/xarm_msgs/xarm_msgs/srv/detail/set_int16_list__type_support.hpp
[29.214s] -- Symlinking: /home/benongnuel/dev_ws/src/xarm_ros2/install/xarm_msgs/include/xarm_msgs/xarm_msgs/srv/detail/set_int32__builder.hpp
[29.221s] -- Symlinking: /home/benongnuel/dev_ws/src/xarm_ros2/install/xarm_msgs/include/xarm_msgs/xarm_msgs/srv/detail/set_int32__struct.hpp
[29.227s] -- Symlinking: /home/benongnuel/dev_ws/src/xarm_ros2/install/xarm_msgs/include/xarm_msgs/xarm_msgs/srv/detail/set_int32__traits.hpp
[29.232s] -- Symlinking: /home/benongnuel/dev_ws/src/xarm_ros2/install/xarm_msgs/include/xarm_msgs/xarm_msgs/srv/detail/set_int32__type_support.hpp
[29.238s] -- Symlinking: /home/benongnuel/dev_ws/src/xarm_ros2/install/xarm_msgs/include/xarm_msgs/xarm_msgs/srv/detail/set_int32_by_type__builder.hpp
[29.245s] -- Symlinking: /home/benongnuel/dev_ws/src/xarm_ros2/install/xarm_msgs/include/xarm_msgs/xarm_msgs/srv/detail/set_int32_by_type__struct.hpp
[29.250s] -- Symlinking: /home/benongnuel/dev_ws/src/xarm_ros2/install/xarm_msgs/include/xarm_msgs/xarm_msgs/srv/detail/set_int32_by_type__traits.hpp
[29.255s] -- Symlinking: /home/benongnuel/dev_ws/src/xarm_ros2/install/xarm_msgs/include/xarm_msgs/xarm_msgs/srv/detail/set_int32_by_type__type_support.hpp
[29.262s] -- Symlinking: /home/benongnuel/dev_ws/src/xarm_ros2/install/xarm_msgs/include/xarm_msgs/xarm_msgs/srv/detail/set_modbus_timeout__builder.hpp
[29.268s] -- Symlinking: /home/benongnuel/dev_ws/src/xarm_ros2/install/xarm_msgs/include/xarm_msgs/xarm_msgs/srv/detail/set_modbus_timeout__struct.hpp
[29.276s] -- Symlinking: /home/benongnuel/dev_ws/src/xarm_ros2/install/xarm_msgs/include/xarm_msgs/xarm_msgs/srv/detail/set_modbus_timeout__traits.hpp
[29.281s] -- Symlinking: /home/benongnuel/dev_ws/src/xarm_ros2/install/xarm_msgs/include/xarm_msgs/xarm_msgs/srv/detail/set_modbus_timeout__type_support.hpp
[29.287s] -- Symlinking: /home/benongnuel/dev_ws/src/xarm_ros2/install/xarm_msgs/include/xarm_msgs/xarm_msgs/srv/detail/set_tcp_load__builder.hpp
[29.293s] -- Symlinking: /home/benongnuel/dev_ws/src/xarm_ros2/install/xarm_msgs/include/xarm_msgs/xarm_msgs/srv/detail/set_tcp_load__struct.hpp
[29.300s] -- Symlinking: /home/benongnuel/dev_ws/src/xarm_ros2/install/xarm_msgs/include/xarm_msgs/xarm_msgs/srv/detail/set_tcp_load__traits.hpp
[29.305s] -- Symlinking: /home/benongnuel/dev_ws/src/xarm_ros2/install/xarm_msgs/include/xarm_msgs/xarm_msgs/srv/detail/set_tcp_load__type_support.hpp
[29.312s] -- Symlinking: /home/benongnuel/dev_ws/src/xarm_ros2/install/xarm_msgs/include/xarm_msgs/xarm_msgs/srv/detail/traj_ctrl__builder.hpp
[29.318s] -- Symlinking: /home/benongnuel/dev_ws/src/xarm_ros2/install/xarm_msgs/include/xarm_msgs/xarm_msgs/srv/detail/traj_ctrl__struct.hpp
[29.324s] -- Symlinking: /home/benongnuel/dev_ws/src/xarm_ros2/install/xarm_msgs/include/xarm_msgs/xarm_msgs/srv/detail/traj_ctrl__traits.hpp
[29.331s] -- Symlinking: /home/benongnuel/dev_ws/src/xarm_ros2/install/xarm_msgs/include/xarm_msgs/xarm_msgs/srv/detail/traj_ctrl__type_support.hpp
[29.336s] -- Symlinking: /home/benongnuel/dev_ws/src/xarm_ros2/install/xarm_msgs/include/xarm_msgs/xarm_msgs/srv/detail/traj_play__builder.hpp
[29.342s] -- Symlinking: /home/benongnuel/dev_ws/src/xarm_ros2/install/xarm_msgs/include/xarm_msgs/xarm_msgs/srv/detail/traj_play__struct.hpp
[29.349s] -- Symlinking: /home/benongnuel/dev_ws/src/xarm_ros2/install/xarm_msgs/include/xarm_msgs/xarm_msgs/srv/detail/traj_play__traits.hpp
[29.354s] -- Symlinking: /home/benongnuel/dev_ws/src/xarm_ros2/install/xarm_msgs/include/xarm_msgs/xarm_msgs/srv/detail/traj_play__type_support.hpp
[29.361s] -- Symlinking: /home/benongnuel/dev_ws/src/xarm_ros2/install/xarm_msgs/include/xarm_msgs/xarm_msgs/srv/detail/vacuum_gripper_ctrl__builder.hpp
[29.370s] -- Symlinking: /home/benongnuel/dev_ws/src/xarm_ros2/install/xarm_msgs/include/xarm_msgs/xarm_msgs/srv/detail/vacuum_gripper_ctrl__struct.hpp
[29.379s] -- Symlinking: /home/benongnuel/dev_ws/src/xarm_ros2/install/xarm_msgs/include/xarm_msgs/xarm_msgs/srv/detail/vacuum_gripper_ctrl__traits.hpp
[29.385s] -- Symlinking: /home/benongnuel/dev_ws/src/xarm_ros2/install/xarm_msgs/include/xarm_msgs/xarm_msgs/srv/detail/vacuum_gripper_ctrl__type_support.hpp
[29.395s] -- Symlinking: /home/benongnuel/dev_ws/src/xarm_ros2/install/xarm_msgs/include/xarm_msgs/xarm_msgs/srv/ft_cali_load.hpp
[29.401s] -- Symlinking: /home/benongnuel/dev_ws/src/xarm_ros2/install/xarm_msgs/include/xarm_msgs/xarm_msgs/srv/ft_force_config.hpp
[29.411s] -- Symlinking: /home/benongnuel/dev_ws/src/xarm_ros2/install/xarm_msgs/include/xarm_msgs/xarm_msgs/srv/ft_force_pid.hpp
[29.417s] -- Symlinking: /home/benongnuel/dev_ws/src/xarm_ros2/install/xarm_msgs/include/xarm_msgs/xarm_msgs/srv/ft_impedance.hpp
[29.423s] -- Symlinking: /home/benongnuel/dev_ws/src/xarm_ros2/install/xarm_msgs/include/xarm_msgs/xarm_msgs/srv/get_analog_io.hpp
[29.429s] -- Symlinking: /home/benongnuel/dev_ws/src/xarm_ros2/install/xarm_msgs/include/xarm_msgs/xarm_msgs/srv/get_digital_io.hpp
[29.434s] -- Symlinking: /home/benongnuel/dev_ws/src/xarm_ros2/install/xarm_msgs/include/xarm_msgs/xarm_msgs/srv/get_float32.hpp
[29.441s] -- Symlinking: /home/benongnuel/dev_ws/src/xarm_ros2/install/xarm_msgs/include/xarm_msgs/xarm_msgs/srv/get_float32_list.hpp
[29.447s] -- Symlinking: /home/benongnuel/dev_ws/src/xarm_ros2/install/xarm_msgs/include/xarm_msgs/xarm_msgs/srv/get_int16.hpp
[29.452s] -- Symlinking: /home/benongnuel/dev_ws/src/xarm_ros2/install/xarm_msgs/include/xarm_msgs/xarm_msgs/srv/get_int16_list.hpp
[29.459s] -- Symlinking: /home/benongnuel/dev_ws/src/xarm_ros2/install/xarm_msgs/include/xarm_msgs/xarm_msgs/srv/get_int32.hpp
[29.463s] -- Symlinking: /home/benongnuel/dev_ws/src/xarm_ros2/install/xarm_msgs/include/xarm_msgs/xarm_msgs/srv/get_int32_by_type.hpp
[29.470s] -- Symlinking: /home/benongnuel/dev_ws/src/xarm_ros2/install/xarm_msgs/include/xarm_msgs/xarm_msgs/srv/get_set_modbus_data.hpp
[29.477s] -- Symlinking: /home/benongnuel/dev_ws/src/xarm_ros2/install/xarm_msgs/include/xarm_msgs/xarm_msgs/srv/gripper_move.hpp
[29.482s] -- Symlinking: /home/benongnuel/dev_ws/src/xarm_ros2/install/xarm_msgs/include/xarm_msgs/xarm_msgs/srv/iden_load.hpp
[29.491s] -- Symlinking: /home/benongnuel/dev_ws/src/xarm_ros2/install/xarm_msgs/include/xarm_msgs/xarm_msgs/srv/linear_track_back_origin.hpp
[29.497s] -- Symlinking: /home/benongnuel/dev_ws/src/xarm_ros2/install/xarm_msgs/include/xarm_msgs/xarm_msgs/srv/linear_track_set_pos.hpp
[29.503s] -- Symlinking: /home/benongnuel/dev_ws/src/xarm_ros2/install/xarm_msgs/include/xarm_msgs/xarm_msgs/srv/move_cartesian.hpp
[29.510s] -- Symlinking: /home/benongnuel/dev_ws/src/xarm_ros2/install/xarm_msgs/include/xarm_msgs/xarm_msgs/srv/move_circle.hpp
[29.516s] -- Symlinking: /home/benongnuel/dev_ws/src/xarm_ros2/install/xarm_msgs/include/xarm_msgs/xarm_msgs/srv/move_home.hpp
[29.523s] -- Symlinking: /home/benongnuel/dev_ws/src/xarm_ros2/install/xarm_msgs/include/xarm_msgs/xarm_msgs/srv/move_joint.hpp
[29.528s] -- Symlinking: /home/benongnuel/dev_ws/src/xarm_ros2/install/xarm_msgs/include/xarm_msgs/xarm_msgs/srv/move_velocity.hpp
[29.533s] -- Symlinking: /home/benongnuel/dev_ws/src/xarm_ros2/install/xarm_msgs/include/xarm_msgs/xarm_msgs/srv/plan_exec.hpp
[29.540s] -- Symlinking: /home/benongnuel/dev_ws/src/xarm_ros2/install/xarm_msgs/include/xarm_msgs/xarm_msgs/srv/plan_joint.hpp
[29.544s] -- Symlinking: /home/benongnuel/dev_ws/src/xarm_ros2/install/xarm_msgs/include/xarm_msgs/xarm_msgs/srv/plan_pose.hpp
[29.549s] -- Symlinking: /home/benongnuel/dev_ws/src/xarm_ros2/install/xarm_msgs/include/xarm_msgs/xarm_msgs/srv/plan_single_straight.hpp
[29.554s] -- Symlinking: /home/benongnuel/dev_ws/src/xarm_ros2/install/xarm_msgs/include/xarm_msgs/xarm_msgs/srv/robotiq_activate.hpp
[29.560s] -- Symlinking: /home/benongnuel/dev_ws/src/xarm_ros2/install/xarm_msgs/include/xarm_msgs/xarm_msgs/srv/robotiq_get_status.hpp
[29.565s] -- Symlinking: /home/benongnuel/dev_ws/src/xarm_ros2/install/xarm_msgs/include/xarm_msgs/xarm_msgs/srv/robotiq_move.hpp
[29.573s] -- Symlinking: /home/benongnuel/dev_ws/src/xarm_ros2/install/xarm_msgs/include/xarm_msgs/xarm_msgs/srv/robotiq_reset.hpp
[29.578s] -- Symlinking: /home/benongnuel/dev_ws/src/xarm_ros2/install/xarm_msgs/include/xarm_msgs/xarm_msgs/srv/set_analog_io.hpp
[29.584s] -- Symlinking: /home/benongnuel/dev_ws/src/xarm_ros2/install/xarm_msgs/include/xarm_msgs/xarm_msgs/srv/set_digital_io.hpp
[29.592s] -- Symlinking: /home/benongnuel/dev_ws/src/xarm_ros2/install/xarm_msgs/include/xarm_msgs/xarm_msgs/srv/set_float32.hpp
[29.599s] -- Symlinking: /home/benongnuel/dev_ws/src/xarm_ros2/install/xarm_msgs/include/xarm_msgs/xarm_msgs/srv/set_float32_list.hpp
[29.608s] -- Symlinking: /home/benongnuel/dev_ws/src/xarm_ros2/install/xarm_msgs/include/xarm_msgs/xarm_msgs/srv/set_int16.hpp
[29.615s] -- Symlinking: /home/benongnuel/dev_ws/src/xarm_ros2/install/xarm_msgs/include/xarm_msgs/xarm_msgs/srv/set_int16_by_id.hpp
[29.623s] -- Symlinking: /home/benongnuel/dev_ws/src/xarm_ros2/install/xarm_msgs/include/xarm_msgs/xarm_msgs/srv/set_int16_list.hpp
[29.630s] -- Symlinking: /home/benongnuel/dev_ws/src/xarm_ros2/install/xarm_msgs/include/xarm_msgs/xarm_msgs/srv/set_int32.hpp
[29.638s] -- Symlinking: /home/benongnuel/dev_ws/src/xarm_ros2/install/xarm_msgs/include/xarm_msgs/xarm_msgs/srv/set_int32_by_type.hpp
[29.644s] -- Symlinking: /home/benongnuel/dev_ws/src/xarm_ros2/install/xarm_msgs/include/xarm_msgs/xarm_msgs/srv/set_modbus_timeout.hpp
[29.652s] -- Symlinking: /home/benongnuel/dev_ws/src/xarm_ros2/install/xarm_msgs/include/xarm_msgs/xarm_msgs/srv/set_tcp_load.hpp
[29.659s] -- Symlinking: /home/benongnuel/dev_ws/src/xarm_ros2/install/xarm_msgs/include/xarm_msgs/xarm_msgs/srv/traj_ctrl.hpp
[29.665s] -- Symlinking: /home/benongnuel/dev_ws/src/xarm_ros2/install/xarm_msgs/include/xarm_msgs/xarm_msgs/srv/traj_play.hpp
[29.673s] -- Symlinking: /home/benongnuel/dev_ws/src/xarm_ros2/install/xarm_msgs/include/xarm_msgs/xarm_msgs/srv/vacuum_gripper_ctrl.hpp
[29.682s] -- Symlinking: /home/benongnuel/dev_ws/src/xarm_ros2/install/xarm_msgs/include/xarm_msgs/xarm_msgs/msg/detail/cio_state__rosidl_typesupport_fastrtps_cpp.hpp
[29.690s] -- Symlinking: /home/benongnuel/dev_ws/src/xarm_ros2/install/xarm_msgs/include/xarm_msgs/xarm_msgs/msg/detail/io_state__rosidl_typesupport_fastrtps_cpp.hpp
[29.697s] -- Symlinking: /home/benongnuel/dev_ws/src/xarm_ros2/install/xarm_msgs/include/xarm_msgs/xarm_msgs/msg/detail/move_velocity__rosidl_typesupport_fastrtps_cpp.hpp
[29.705s] -- Symlinking: /home/benongnuel/dev_ws/src/xarm_ros2/install/xarm_msgs/include/xarm_msgs/xarm_msgs/msg/detail/robot_msg__rosidl_typesupport_fastrtps_cpp.hpp
[29.712s] -- Symlinking: /home/benongnuel/dev_ws/src/xarm_ros2/install/xarm_msgs/include/xarm_msgs/xarm_msgs/msg/rosidl_typesupport_fastrtps_cpp__visibility_control.h
[29.719s] -- Symlinking: /home/benongnuel/dev_ws/src/xarm_ros2/install/xarm_msgs/include/xarm_msgs/xarm_msgs/srv/detail/bio_gripper_ctrl__rosidl_typesupport_fastrtps_cpp.hpp
[29.727s] -- Symlinking: /home/benongnuel/dev_ws/src/xarm_ros2/install/xarm_msgs/include/xarm_msgs/xarm_msgs/srv/detail/bio_gripper_enable__rosidl_typesupport_fastrtps_cpp.hpp
[29.733s] -- Symlinking: /home/benongnuel/dev_ws/src/xarm_ros2/install/xarm_msgs/include/xarm_msgs/xarm_msgs/srv/detail/call__rosidl_typesupport_fastrtps_cpp.hpp
[29.739s] -- Symlinking: /home/benongnuel/dev_ws/src/xarm_ros2/install/xarm_msgs/include/xarm_msgs/xarm_msgs/srv/detail/ft_cali_load__rosidl_typesupport_fastrtps_cpp.hpp
[29.745s] -- Symlinking: /home/benongnuel/dev_ws/src/xarm_ros2/install/xarm_msgs/include/xarm_msgs/xarm_msgs/srv/detail/ft_force_config__rosidl_typesupport_fastrtps_cpp.hpp
[29.752s] -- Symlinking: /home/benongnuel/dev_ws/src/xarm_ros2/install/xarm_msgs/include/xarm_msgs/xarm_msgs/srv/detail/ft_force_pid__rosidl_typesupport_fastrtps_cpp.hpp
[29.758s] -- Symlinking: /home/benongnuel/dev_ws/src/xarm_ros2/install/xarm_msgs/include/xarm_msgs/xarm_msgs/srv/detail/ft_impedance__rosidl_typesupport_fastrtps_cpp.hpp
[29.764s] -- Symlinking: /home/benongnuel/dev_ws/src/xarm_ros2/install/xarm_msgs/include/xarm_msgs/xarm_msgs/srv/detail/get_analog_io__rosidl_typesupport_fastrtps_cpp.hpp
[29.770s] -- Symlinking: /home/benongnuel/dev_ws/src/xarm_ros2/install/xarm_msgs/include/xarm_msgs/xarm_msgs/srv/detail/get_digital_io__rosidl_typesupport_fastrtps_cpp.hpp
[29.776s] -- Symlinking: /home/benongnuel/dev_ws/src/xarm_ros2/install/xarm_msgs/include/xarm_msgs/xarm_msgs/srv/detail/get_float32__rosidl_typesupport_fastrtps_cpp.hpp
[29.784s] -- Symlinking: /home/benongnuel/dev_ws/src/xarm_ros2/install/xarm_msgs/include/xarm_msgs/xarm_msgs/srv/detail/get_float32_list__rosidl_typesupport_fastrtps_cpp.hpp
[29.789s] -- Symlinking: /home/benongnuel/dev_ws/src/xarm_ros2/install/xarm_msgs/include/xarm_msgs/xarm_msgs/srv/detail/get_int16__rosidl_typesupport_fastrtps_cpp.hpp
[29.795s] -- Symlinking: /home/benongnuel/dev_ws/src/xarm_ros2/install/xarm_msgs/include/xarm_msgs/xarm_msgs/srv/detail/get_int16_list__rosidl_typesupport_fastrtps_cpp.hpp
[29.803s] -- Symlinking: /home/benongnuel/dev_ws/src/xarm_ros2/install/xarm_msgs/include/xarm_msgs/xarm_msgs/srv/detail/get_int32__rosidl_typesupport_fastrtps_cpp.hpp
[29.809s] -- Symlinking: /home/benongnuel/dev_ws/src/xarm_ros2/install/xarm_msgs/include/xarm_msgs/xarm_msgs/srv/detail/get_int32_by_type__rosidl_typesupport_fastrtps_cpp.hpp
[29.817s] -- Symlinking: /home/benongnuel/dev_ws/src/xarm_ros2/install/xarm_msgs/include/xarm_msgs/xarm_msgs/srv/detail/get_set_modbus_data__rosidl_typesupport_fastrtps_cpp.hpp
[29.824s] -- Symlinking: /home/benongnuel/dev_ws/src/xarm_ros2/install/xarm_msgs/include/xarm_msgs/xarm_msgs/srv/detail/gripper_move__rosidl_typesupport_fastrtps_cpp.hpp
[29.832s] -- Symlinking: /home/benongnuel/dev_ws/src/xarm_ros2/install/xarm_msgs/include/xarm_msgs/xarm_msgs/srv/detail/iden_load__rosidl_typesupport_fastrtps_cpp.hpp
[29.838s] -- Symlinking: /home/benongnuel/dev_ws/src/xarm_ros2/install/xarm_msgs/include/xarm_msgs/xarm_msgs/srv/detail/linear_track_back_origin__rosidl_typesupport_fastrtps_cpp.hpp
[29.847s] -- Symlinking: /home/benongnuel/dev_ws/src/xarm_ros2/install/xarm_msgs/include/xarm_msgs/xarm_msgs/srv/detail/linear_track_set_pos__rosidl_typesupport_fastrtps_cpp.hpp
[29.853s] -- Symlinking: /home/benongnuel/dev_ws/src/xarm_ros2/install/xarm_msgs/include/xarm_msgs/xarm_msgs/srv/detail/move_cartesian__rosidl_typesupport_fastrtps_cpp.hpp
[29.859s] -- Symlinking: /home/benongnuel/dev_ws/src/xarm_ros2/install/xarm_msgs/include/xarm_msgs/xarm_msgs/srv/detail/move_circle__rosidl_typesupport_fastrtps_cpp.hpp
[29.865s] -- Symlinking: /home/benongnuel/dev_ws/src/xarm_ros2/install/xarm_msgs/include/xarm_msgs/xarm_msgs/srv/detail/move_home__rosidl_typesupport_fastrtps_cpp.hpp
[29.871s] -- Symlinking: /home/benongnuel/dev_ws/src/xarm_ros2/install/xarm_msgs/include/xarm_msgs/xarm_msgs/srv/detail/move_joint__rosidl_typesupport_fastrtps_cpp.hpp
[29.876s] -- Symlinking: /home/benongnuel/dev_ws/src/xarm_ros2/install/xarm_msgs/include/xarm_msgs/xarm_msgs/srv/detail/move_velocity__rosidl_typesupport_fastrtps_cpp.hpp
[29.883s] -- Symlinking: /home/benongnuel/dev_ws/src/xarm_ros2/install/xarm_msgs/include/xarm_msgs/xarm_msgs/srv/detail/plan_exec__rosidl_typesupport_fastrtps_cpp.hpp
[29.889s] -- Symlinking: /home/benongnuel/dev_ws/src/xarm_ros2/install/xarm_msgs/include/xarm_msgs/xarm_msgs/srv/detail/plan_joint__rosidl_typesupport_fastrtps_cpp.hpp
[29.897s] -- Symlinking: /home/benongnuel/dev_ws/src/xarm_ros2/install/xarm_msgs/include/xarm_msgs/xarm_msgs/srv/detail/plan_pose__rosidl_typesupport_fastrtps_cpp.hpp
[29.903s] -- Symlinking: /home/benongnuel/dev_ws/src/xarm_ros2/install/xarm_msgs/include/xarm_msgs/xarm_msgs/srv/detail/plan_single_straight__rosidl_typesupport_fastrtps_cpp.hpp
[29.909s] -- Symlinking: /home/benongnuel/dev_ws/src/xarm_ros2/install/xarm_msgs/include/xarm_msgs/xarm_msgs/srv/detail/robotiq_activate__rosidl_typesupport_fastrtps_cpp.hpp
[29.916s] -- Symlinking: /home/benongnuel/dev_ws/src/xarm_ros2/install/xarm_msgs/include/xarm_msgs/xarm_msgs/srv/detail/robotiq_get_status__rosidl_typesupport_fastrtps_cpp.hpp
[29.922s] -- Symlinking: /home/benongnuel/dev_ws/src/xarm_ros2/install/xarm_msgs/include/xarm_msgs/xarm_msgs/srv/detail/robotiq_move__rosidl_typesupport_fastrtps_cpp.hpp
[29.928s] -- Symlinking: /home/benongnuel/dev_ws/src/xarm_ros2/install/xarm_msgs/include/xarm_msgs/xarm_msgs/srv/detail/robotiq_reset__rosidl_typesupport_fastrtps_cpp.hpp
[29.934s] -- Symlinking: /home/benongnuel/dev_ws/src/xarm_ros2/install/xarm_msgs/include/xarm_msgs/xarm_msgs/srv/detail/set_analog_io__rosidl_typesupport_fastrtps_cpp.hpp
[29.940s] -- Symlinking: /home/benongnuel/dev_ws/src/xarm_ros2/install/xarm_msgs/include/xarm_msgs/xarm_msgs/srv/detail/set_digital_io__rosidl_typesupport_fastrtps_cpp.hpp
[29.947s] -- Symlinking: /home/benongnuel/dev_ws/src/xarm_ros2/install/xarm_msgs/include/xarm_msgs/xarm_msgs/srv/detail/set_float32__rosidl_typesupport_fastrtps_cpp.hpp
[29.955s] -- Symlinking: /home/benongnuel/dev_ws/src/xarm_ros2/install/xarm_msgs/include/xarm_msgs/xarm_msgs/srv/detail/set_float32_list__rosidl_typesupport_fastrtps_cpp.hpp
[29.963s] -- Symlinking: /home/benongnuel/dev_ws/src/xarm_ros2/install/xarm_msgs/include/xarm_msgs/xarm_msgs/srv/detail/set_int16__rosidl_typesupport_fastrtps_cpp.hpp
[29.970s] -- Symlinking: /home/benongnuel/dev_ws/src/xarm_ros2/install/xarm_msgs/include/xarm_msgs/xarm_msgs/srv/detail/set_int16_by_id__rosidl_typesupport_fastrtps_cpp.hpp
[29.977s] -- Symlinking: /home/benongnuel/dev_ws/src/xarm_ros2/install/xarm_msgs/include/xarm_msgs/xarm_msgs/srv/detail/set_int16_list__rosidl_typesupport_fastrtps_cpp.hpp
[29.984s] -- Symlinking: /home/benongnuel/dev_ws/src/xarm_ros2/install/xarm_msgs/include/xarm_msgs/xarm_msgs/srv/detail/set_int32__rosidl_typesupport_fastrtps_cpp.hpp
[29.989s] -- Symlinking: /home/benongnuel/dev_ws/src/xarm_ros2/install/xarm_msgs/include/xarm_msgs/xarm_msgs/srv/detail/set_int32_by_type__rosidl_typesupport_fastrtps_cpp.hpp
[29.997s] -- Symlinking: /home/benongnuel/dev_ws/src/xarm_ros2/install/xarm_msgs/include/xarm_msgs/xarm_msgs/srv/detail/set_modbus_timeout__rosidl_typesupport_fastrtps_cpp.hpp
[30.004s] -- Symlinking: /home/benongnuel/dev_ws/src/xarm_ros2/install/xarm_msgs/include/xarm_msgs/xarm_msgs/srv/detail/set_tcp_load__rosidl_typesupport_fastrtps_cpp.hpp
[30.009s] -- Symlinking: /home/benongnuel/dev_ws/src/xarm_ros2/install/xarm_msgs/include/xarm_msgs/xarm_msgs/srv/detail/traj_ctrl__rosidl_typesupport_fastrtps_cpp.hpp
[30.016s] -- Symlinking: /home/benongnuel/dev_ws/src/xarm_ros2/install/xarm_msgs/include/xarm_msgs/xarm_msgs/srv/detail/traj_play__rosidl_typesupport_fastrtps_cpp.hpp
[30.022s] -- Symlinking: /home/benongnuel/dev_ws/src/xarm_ros2/install/xarm_msgs/include/xarm_msgs/xarm_msgs/srv/detail/vacuum_gripper_ctrl__rosidl_typesupport_fastrtps_cpp.hpp
[30.031s] -- Symlinking: /home/benongnuel/dev_ws/src/xarm_ros2/install/xarm_msgs/include/xarm_msgs/xarm_msgs/msg/detail/cio_state__rosidl_typesupport_introspection_c.h
[30.038s] -- Symlinking: /home/benongnuel/dev_ws/src/xarm_ros2/install/xarm_msgs/include/xarm_msgs/xarm_msgs/msg/detail/io_state__rosidl_typesupport_introspection_c.h
[30.044s] -- Symlinking: /home/benongnuel/dev_ws/src/xarm_ros2/install/xarm_msgs/include/xarm_msgs/xarm_msgs/msg/detail/move_velocity__rosidl_typesupport_introspection_c.h
[30.050s] -- Symlinking: /home/benongnuel/dev_ws/src/xarm_ros2/install/xarm_msgs/include/xarm_msgs/xarm_msgs/msg/detail/robot_msg__rosidl_typesupport_introspection_c.h
[30.056s] -- Symlinking: /home/benongnuel/dev_ws/src/xarm_ros2/install/xarm_msgs/include/xarm_msgs/xarm_msgs/msg/rosidl_typesupport_introspection_c__visibility_control.h
[30.062s] -- Symlinking: /home/benongnuel/dev_ws/src/xarm_ros2/install/xarm_msgs/include/xarm_msgs/xarm_msgs/srv/detail/bio_gripper_ctrl__rosidl_typesupport_introspection_c.h
[30.071s] -- Symlinking: /home/benongnuel/dev_ws/src/xarm_ros2/install/xarm_msgs/include/xarm_msgs/xarm_msgs/srv/detail/bio_gripper_enable__rosidl_typesupport_introspection_c.h
[30.080s] -- Symlinking: /home/benongnuel/dev_ws/src/xarm_ros2/install/xarm_msgs/include/xarm_msgs/xarm_msgs/srv/detail/call__rosidl_typesupport_introspection_c.h
[30.089s] -- Symlinking: /home/benongnuel/dev_ws/src/xarm_ros2/install/xarm_msgs/include/xarm_msgs/xarm_msgs/srv/detail/ft_cali_load__rosidl_typesupport_introspection_c.h
[30.096s] -- Symlinking: /home/benongnuel/dev_ws/src/xarm_ros2/install/xarm_msgs/include/xarm_msgs/xarm_msgs/srv/detail/ft_force_config__rosidl_typesupport_introspection_c.h
[30.102s] -- Symlinking: /home/benongnuel/dev_ws/src/xarm_ros2/install/xarm_msgs/include/xarm_msgs/xarm_msgs/srv/detail/ft_force_pid__rosidl_typesupport_introspection_c.h
[30.110s] -- Symlinking: /home/benongnuel/dev_ws/src/xarm_ros2/install/xarm_msgs/include/xarm_msgs/xarm_msgs/srv/detail/ft_impedance__rosidl_typesupport_introspection_c.h
[30.117s] -- Symlinking: /home/benongnuel/dev_ws/src/xarm_ros2/install/xarm_msgs/include/xarm_msgs/xarm_msgs/srv/detail/get_analog_io__rosidl_typesupport_introspection_c.h
[30.124s] -- Symlinking: /home/benongnuel/dev_ws/src/xarm_ros2/install/xarm_msgs/include/xarm_msgs/xarm_msgs/srv/detail/get_digital_io__rosidl_typesupport_introspection_c.h
[30.131s] -- Symlinking: /home/benongnuel/dev_ws/src/xarm_ros2/install/xarm_msgs/include/xarm_msgs/xarm_msgs/srv/detail/get_float32__rosidl_typesupport_introspection_c.h
[30.138s] -- Symlinking: /home/benongnuel/dev_ws/src/xarm_ros2/install/xarm_msgs/include/xarm_msgs/xarm_msgs/srv/detail/get_float32_list__rosidl_typesupport_introspection_c.h
[30.144s] -- Symlinking: /home/benongnuel/dev_ws/src/xarm_ros2/install/xarm_msgs/include/xarm_msgs/xarm_msgs/srv/detail/get_int16__rosidl_typesupport_introspection_c.h
[30.151s] -- Symlinking: /home/benongnuel/dev_ws/src/xarm_ros2/install/xarm_msgs/include/xarm_msgs/xarm_msgs/srv/detail/get_int16_list__rosidl_typesupport_introspection_c.h
[30.159s] -- Symlinking: /home/benongnuel/dev_ws/src/xarm_ros2/install/xarm_msgs/include/xarm_msgs/xarm_msgs/srv/detail/get_int32__rosidl_typesupport_introspection_c.h
[30.166s] -- Symlinking: /home/benongnuel/dev_ws/src/xarm_ros2/install/xarm_msgs/include/xarm_msgs/xarm_msgs/srv/detail/get_int32_by_type__rosidl_typesupport_introspection_c.h
[30.176s] -- Symlinking: /home/benongnuel/dev_ws/src/xarm_ros2/install/xarm_msgs/include/xarm_msgs/xarm_msgs/srv/detail/get_set_modbus_data__rosidl_typesupport_introspection_c.h
[30.183s] -- Symlinking: /home/benongnuel/dev_ws/src/xarm_ros2/install/xarm_msgs/include/xarm_msgs/xarm_msgs/srv/detail/gripper_move__rosidl_typesupport_introspection_c.h
[30.194s] -- Symlinking: /home/benongnuel/dev_ws/src/xarm_ros2/install/xarm_msgs/include/xarm_msgs/xarm_msgs/srv/detail/iden_load__rosidl_typesupport_introspection_c.h
[30.205s] -- Symlinking: /home/benongnuel/dev_ws/src/xarm_ros2/install/xarm_msgs/include/xarm_msgs/xarm_msgs/srv/detail/linear_track_back_origin__rosidl_typesupport_introspection_c.h
[30.210s] -- Symlinking: /home/benongnuel/dev_ws/src/xarm_ros2/install/xarm_msgs/include/xarm_msgs/xarm_msgs/srv/detail/linear_track_set_pos__rosidl_typesupport_introspection_c.h
[30.219s] -- Symlinking: /home/benongnuel/dev_ws/src/xarm_ros2/install/xarm_msgs/include/xarm_msgs/xarm_msgs/srv/detail/move_cartesian__rosidl_typesupport_introspection_c.h
[30.225s] -- Symlinking: /home/benongnuel/dev_ws/src/xarm_ros2/install/xarm_msgs/include/xarm_msgs/xarm_msgs/srv/detail/move_circle__rosidl_typesupport_introspection_c.h
[30.231s] -- Symlinking: /home/benongnuel/dev_ws/src/xarm_ros2/install/xarm_msgs/include/xarm_msgs/xarm_msgs/srv/detail/move_home__rosidl_typesupport_introspection_c.h
[30.238s] -- Symlinking: /home/benongnuel/dev_ws/src/xarm_ros2/install/xarm_msgs/include/xarm_msgs/xarm_msgs/srv/detail/move_joint__rosidl_typesupport_introspection_c.h
[30.244s] -- Symlinking: /home/benongnuel/dev_ws/src/xarm_ros2/install/xarm_msgs/include/xarm_msgs/xarm_msgs/srv/detail/move_velocity__rosidl_typesupport_introspection_c.h
[30.252s] -- Symlinking: /home/benongnuel/dev_ws/src/xarm_ros2/install/xarm_msgs/include/xarm_msgs/xarm_msgs/srv/detail/plan_exec__rosidl_typesupport_introspection_c.h
[30.257s] -- Symlinking: /home/benongnuel/dev_ws/src/xarm_ros2/install/xarm_msgs/include/xarm_msgs/xarm_msgs/srv/detail/plan_joint__rosidl_typesupport_introspection_c.h
[30.263s] -- Symlinking: /home/benongnuel/dev_ws/src/xarm_ros2/install/xarm_msgs/include/xarm_msgs/xarm_msgs/srv/detail/plan_pose__rosidl_typesupport_introspection_c.h
[30.268s] -- Symlinking: /home/benongnuel/dev_ws/src/xarm_ros2/install/xarm_msgs/include/xarm_msgs/xarm_msgs/srv/detail/plan_single_straight__rosidl_typesupport_introspection_c.h
[30.274s] -- Symlinking: /home/benongnuel/dev_ws/src/xarm_ros2/install/xarm_msgs/include/xarm_msgs/xarm_msgs/srv/detail/robotiq_activate__rosidl_typesupport_introspection_c.h
[30.279s] -- Symlinking: /home/benongnuel/dev_ws/src/xarm_ros2/install/xarm_msgs/include/xarm_msgs/xarm_msgs/srv/detail/robotiq_get_status__rosidl_typesupport_introspection_c.h
[30.285s] -- Symlinking: /home/benongnuel/dev_ws/src/xarm_ros2/install/xarm_msgs/include/xarm_msgs/xarm_msgs/srv/detail/robotiq_move__rosidl_typesupport_introspection_c.h
[30.290s] -- Symlinking: /home/benongnuel/dev_ws/src/xarm_ros2/install/xarm_msgs/include/xarm_msgs/xarm_msgs/srv/detail/robotiq_reset__rosidl_typesupport_introspection_c.h
[30.295s] -- Symlinking: /home/benongnuel/dev_ws/src/xarm_ros2/install/xarm_msgs/include/xarm_msgs/xarm_msgs/srv/detail/set_analog_io__rosidl_typesupport_introspection_c.h
[30.301s] -- Symlinking: /home/benongnuel/dev_ws/src/xarm_ros2/install/xarm_msgs/include/xarm_msgs/xarm_msgs/srv/detail/set_digital_io__rosidl_typesupport_introspection_c.h
[30.306s] -- Symlinking: /home/benongnuel/dev_ws/src/xarm_ros2/install/xarm_msgs/include/xarm_msgs/xarm_msgs/srv/detail/set_float32__rosidl_typesupport_introspection_c.h
[30.312s] -- Symlinking: /home/benongnuel/dev_ws/src/xarm_ros2/install/xarm_msgs/include/xarm_msgs/xarm_msgs/srv/detail/set_float32_list__rosidl_typesupport_introspection_c.h
[30.317s] -- Symlinking: /home/benongnuel/dev_ws/src/xarm_ros2/install/xarm_msgs/include/xarm_msgs/xarm_msgs/srv/detail/set_int16__rosidl_typesupport_introspection_c.h
[30.322s] -- Symlinking: /home/benongnuel/dev_ws/src/xarm_ros2/install/xarm_msgs/include/xarm_msgs/xarm_msgs/srv/detail/set_int16_by_id__rosidl_typesupport_introspection_c.h
[30.327s] -- Symlinking: /home/benongnuel/dev_ws/src/xarm_ros2/install/xarm_msgs/include/xarm_msgs/xarm_msgs/srv/detail/set_int16_list__rosidl_typesupport_introspection_c.h
[30.333s] -- Symlinking: /home/benongnuel/dev_ws/src/xarm_ros2/install/xarm_msgs/include/xarm_msgs/xarm_msgs/srv/detail/set_int32__rosidl_typesupport_introspection_c.h
[30.338s] -- Symlinking: /home/benongnuel/dev_ws/src/xarm_ros2/install/xarm_msgs/include/xarm_msgs/xarm_msgs/srv/detail/set_int32_by_type__rosidl_typesupport_introspection_c.h
[30.343s] -- Symlinking: /home/benongnuel/dev_ws/src/xarm_ros2/install/xarm_msgs/include/xarm_msgs/xarm_msgs/srv/detail/set_modbus_timeout__rosidl_typesupport_introspection_c.h
[30.349s] -- Symlinking: /home/benongnuel/dev_ws/src/xarm_ros2/install/xarm_msgs/include/xarm_msgs/xarm_msgs/srv/detail/set_tcp_load__rosidl_typesupport_introspection_c.h
[30.354s] -- Symlinking: /home/benongnuel/dev_ws/src/xarm_ros2/install/xarm_msgs/include/xarm_msgs/xarm_msgs/srv/detail/traj_ctrl__rosidl_typesupport_introspection_c.h
[30.359s] -- Symlinking: /home/benongnuel/dev_ws/src/xarm_ros2/install/xarm_msgs/include/xarm_msgs/xarm_msgs/srv/detail/traj_play__rosidl_typesupport_introspection_c.h
[30.365s] -- Symlinking: /home/benongnuel/dev_ws/src/xarm_ros2/install/xarm_msgs/include/xarm_msgs/xarm_msgs/srv/detail/vacuum_gripper_ctrl__rosidl_typesupport_introspection_c.h
[30.371s] -- Symlinking: /home/benongnuel/dev_ws/src/xarm_ros2/install/xarm_msgs/include/xarm_msgs/xarm_msgs/msg/detail/cio_state__rosidl_typesupport_introspection_cpp.hpp
[30.376s] -- Symlinking: /home/benongnuel/dev_ws/src/xarm_ros2/install/xarm_msgs/include/xarm_msgs/xarm_msgs/msg/detail/io_state__rosidl_typesupport_introspection_cpp.hpp
[30.381s] -- Symlinking: /home/benongnuel/dev_ws/src/xarm_ros2/install/xarm_msgs/include/xarm_msgs/xarm_msgs/msg/detail/move_velocity__rosidl_typesupport_introspection_cpp.hpp
[30.387s] -- Symlinking: /home/benongnuel/dev_ws/src/xarm_ros2/install/xarm_msgs/include/xarm_msgs/xarm_msgs/msg/detail/robot_msg__rosidl_typesupport_introspection_cpp.hpp
[30.393s] -- Symlinking: /home/benongnuel/dev_ws/src/xarm_ros2/install/xarm_msgs/include/xarm_msgs/xarm_msgs/srv/detail/bio_gripper_ctrl__rosidl_typesupport_introspection_cpp.hpp
[30.399s] -- Symlinking: /home/benongnuel/dev_ws/src/xarm_ros2/install/xarm_msgs/include/xarm_msgs/xarm_msgs/srv/detail/bio_gripper_enable__rosidl_typesupport_introspection_cpp.hpp
[30.404s] -- Symlinking: /home/benongnuel/dev_ws/src/xarm_ros2/install/xarm_msgs/include/xarm_msgs/xarm_msgs/srv/detail/call__rosidl_typesupport_introspection_cpp.hpp
[30.410s] -- Symlinking: /home/benongnuel/dev_ws/src/xarm_ros2/install/xarm_msgs/include/xarm_msgs/xarm_msgs/srv/detail/ft_cali_load__rosidl_typesupport_introspection_cpp.hpp
[30.415s] -- Symlinking: /home/benongnuel/dev_ws/src/xarm_ros2/install/xarm_msgs/include/xarm_msgs/xarm_msgs/srv/detail/ft_force_config__rosidl_typesupport_introspection_cpp.hpp
[30.421s] -- Symlinking: /home/benongnuel/dev_ws/src/xarm_ros2/install/xarm_msgs/include/xarm_msgs/xarm_msgs/srv/detail/ft_force_pid__rosidl_typesupport_introspection_cpp.hpp
[30.426s] -- Symlinking: /home/benongnuel/dev_ws/src/xarm_ros2/install/xarm_msgs/include/xarm_msgs/xarm_msgs/srv/detail/ft_impedance__rosidl_typesupport_introspection_cpp.hpp
[30.432s] -- Symlinking: /home/benongnuel/dev_ws/src/xarm_ros2/install/xarm_msgs/include/xarm_msgs/xarm_msgs/srv/detail/get_analog_io__rosidl_typesupport_introspection_cpp.hpp
[30.437s] -- Symlinking: /home/benongnuel/dev_ws/src/xarm_ros2/install/xarm_msgs/include/xarm_msgs/xarm_msgs/srv/detail/get_digital_io__rosidl_typesupport_introspection_cpp.hpp
[30.443s] -- Symlinking: /home/benongnuel/dev_ws/src/xarm_ros2/install/xarm_msgs/include/xarm_msgs/xarm_msgs/srv/detail/get_float32__rosidl_typesupport_introspection_cpp.hpp
[30.448s] -- Symlinking: /home/benongnuel/dev_ws/src/xarm_ros2/install/xarm_msgs/include/xarm_msgs/xarm_msgs/srv/detail/get_float32_list__rosidl_typesupport_introspection_cpp.hpp
[30.454s] -- Symlinking: /home/benongnuel/dev_ws/src/xarm_ros2/install/xarm_msgs/include/xarm_msgs/xarm_msgs/srv/detail/get_int16__rosidl_typesupport_introspection_cpp.hpp
[30.459s] -- Symlinking: /home/benongnuel/dev_ws/src/xarm_ros2/install/xarm_msgs/include/xarm_msgs/xarm_msgs/srv/detail/get_int16_list__rosidl_typesupport_introspection_cpp.hpp
[30.464s] -- Symlinking: /home/benongnuel/dev_ws/src/xarm_ros2/install/xarm_msgs/include/xarm_msgs/xarm_msgs/srv/detail/get_int32__rosidl_typesupport_introspection_cpp.hpp
[30.470s] -- Symlinking: /home/benongnuel/dev_ws/src/xarm_ros2/install/xarm_msgs/include/xarm_msgs/xarm_msgs/srv/detail/get_int32_by_type__rosidl_typesupport_introspection_cpp.hpp
[30.476s] -- Symlinking: /home/benongnuel/dev_ws/src/xarm_ros2/install/xarm_msgs/include/xarm_msgs/xarm_msgs/srv/detail/get_set_modbus_data__rosidl_typesupport_introspection_cpp.hpp
[30.481s] -- Symlinking: /home/benongnuel/dev_ws/src/xarm_ros2/install/xarm_msgs/include/xarm_msgs/xarm_msgs/srv/detail/gripper_move__rosidl_typesupport_introspection_cpp.hpp
[30.486s] -- Symlinking: /home/benongnuel/dev_ws/src/xarm_ros2/install/xarm_msgs/include/xarm_msgs/xarm_msgs/srv/detail/iden_load__rosidl_typesupport_introspection_cpp.hpp
[30.492s] -- Symlinking: /home/benongnuel/dev_ws/src/xarm_ros2/install/xarm_msgs/include/xarm_msgs/xarm_msgs/srv/detail/linear_track_back_origin__rosidl_typesupport_introspection_cpp.hpp
[30.498s] -- Symlinking: /home/benongnuel/dev_ws/src/xarm_ros2/install/xarm_msgs/include/xarm_msgs/xarm_msgs/srv/detail/linear_track_set_pos__rosidl_typesupport_introspection_cpp.hpp
[30.503s] -- Symlinking: /home/benongnuel/dev_ws/src/xarm_ros2/install/xarm_msgs/include/xarm_msgs/xarm_msgs/srv/detail/move_cartesian__rosidl_typesupport_introspection_cpp.hpp
[30.509s] -- Symlinking: /home/benongnuel/dev_ws/src/xarm_ros2/install/xarm_msgs/include/xarm_msgs/xarm_msgs/srv/detail/move_circle__rosidl_typesupport_introspection_cpp.hpp
[30.515s] -- Symlinking: /home/benongnuel/dev_ws/src/xarm_ros2/install/xarm_msgs/include/xarm_msgs/xarm_msgs/srv/detail/move_home__rosidl_typesupport_introspection_cpp.hpp
[30.520s] -- Symlinking: /home/benongnuel/dev_ws/src/xarm_ros2/install/xarm_msgs/include/xarm_msgs/xarm_msgs/srv/detail/move_joint__rosidl_typesupport_introspection_cpp.hpp
[30.526s] -- Symlinking: /home/benongnuel/dev_ws/src/xarm_ros2/install/xarm_msgs/include/xarm_msgs/xarm_msgs/srv/detail/move_velocity__rosidl_typesupport_introspection_cpp.hpp
[30.531s] -- Symlinking: /home/benongnuel/dev_ws/src/xarm_ros2/install/xarm_msgs/include/xarm_msgs/xarm_msgs/srv/detail/plan_exec__rosidl_typesupport_introspection_cpp.hpp
[30.537s] -- Symlinking: /home/benongnuel/dev_ws/src/xarm_ros2/install/xarm_msgs/include/xarm_msgs/xarm_msgs/srv/detail/plan_joint__rosidl_typesupport_introspection_cpp.hpp
[30.543s] -- Symlinking: /home/benongnuel/dev_ws/src/xarm_ros2/install/xarm_msgs/include/xarm_msgs/xarm_msgs/srv/detail/plan_pose__rosidl_typesupport_introspection_cpp.hpp
[30.548s] -- Symlinking: /home/benongnuel/dev_ws/src/xarm_ros2/install/xarm_msgs/include/xarm_msgs/xarm_msgs/srv/detail/plan_single_straight__rosidl_typesupport_introspection_cpp.hpp
[30.554s] -- Symlinking: /home/benongnuel/dev_ws/src/xarm_ros2/install/xarm_msgs/include/xarm_msgs/xarm_msgs/srv/detail/robotiq_activate__rosidl_typesupport_introspection_cpp.hpp
[30.560s] -- Symlinking: /home/benongnuel/dev_ws/src/xarm_ros2/install/xarm_msgs/include/xarm_msgs/xarm_msgs/srv/detail/robotiq_get_status__rosidl_typesupport_introspection_cpp.hpp
[30.565s] -- Symlinking: /home/benongnuel/dev_ws/src/xarm_ros2/install/xarm_msgs/include/xarm_msgs/xarm_msgs/srv/detail/robotiq_move__rosidl_typesupport_introspection_cpp.hpp
[30.570s] -- Symlinking: /home/benongnuel/dev_ws/src/xarm_ros2/install/xarm_msgs/include/xarm_msgs/xarm_msgs/srv/detail/robotiq_reset__rosidl_typesupport_introspection_cpp.hpp
[30.576s] -- Symlinking: /home/benongnuel/dev_ws/src/xarm_ros2/install/xarm_msgs/include/xarm_msgs/xarm_msgs/srv/detail/set_analog_io__rosidl_typesupport_introspection_cpp.hpp
[30.581s] -- Symlinking: /home/benongnuel/dev_ws/src/xarm_ros2/install/xarm_msgs/include/xarm_msgs/xarm_msgs/srv/detail/set_digital_io__rosidl_typesupport_introspection_cpp.hpp
[30.588s] -- Symlinking: /home/benongnuel/dev_ws/src/xarm_ros2/install/xarm_msgs/include/xarm_msgs/xarm_msgs/srv/detail/set_float32__rosidl_typesupport_introspection_cpp.hpp
[30.594s] -- Symlinking: /home/benongnuel/dev_ws/src/xarm_ros2/install/xarm_msgs/include/xarm_msgs/xarm_msgs/srv/detail/set_float32_list__rosidl_typesupport_introspection_cpp.hpp
[30.599s] -- Symlinking: /home/benongnuel/dev_ws/src/xarm_ros2/install/xarm_msgs/include/xarm_msgs/xarm_msgs/srv/detail/set_int16__rosidl_typesupport_introspection_cpp.hpp
[30.604s] -- Symlinking: /home/benongnuel/dev_ws/src/xarm_ros2/install/xarm_msgs/include/xarm_msgs/xarm_msgs/srv/detail/set_int16_by_id__rosidl_typesupport_introspection_cpp.hpp
[30.610s] -- Symlinking: /home/benongnuel/dev_ws/src/xarm_ros2/install/xarm_msgs/include/xarm_msgs/xarm_msgs/srv/detail/set_int16_list__rosidl_typesupport_introspection_cpp.hpp
[30.617s] -- Symlinking: /home/benongnuel/dev_ws/src/xarm_ros2/install/xarm_msgs/include/xarm_msgs/xarm_msgs/srv/detail/set_int32__rosidl_typesupport_introspection_cpp.hpp
[30.622s] -- Symlinking: /home/benongnuel/dev_ws/src/xarm_ros2/install/xarm_msgs/include/xarm_msgs/xarm_msgs/srv/detail/set_int32_by_type__rosidl_typesupport_introspection_cpp.hpp
[30.627s] -- Symlinking: /home/benongnuel/dev_ws/src/xarm_ros2/install/xarm_msgs/include/xarm_msgs/xarm_msgs/srv/detail/set_modbus_timeout__rosidl_typesupport_introspection_cpp.hpp
[30.633s] -- Symlinking: /home/benongnuel/dev_ws/src/xarm_ros2/install/xarm_msgs/include/xarm_msgs/xarm_msgs/srv/detail/set_tcp_load__rosidl_typesupport_introspection_cpp.hpp
[30.638s] -- Symlinking: /home/benongnuel/dev_ws/src/xarm_ros2/install/xarm_msgs/include/xarm_msgs/xarm_msgs/srv/detail/traj_ctrl__rosidl_typesupport_introspection_cpp.hpp
[30.644s] -- Symlinking: /home/benongnuel/dev_ws/src/xarm_ros2/install/xarm_msgs/include/xarm_msgs/xarm_msgs/srv/detail/traj_play__rosidl_typesupport_introspection_cpp.hpp
[30.649s] -- Symlinking: /home/benongnuel/dev_ws/src/xarm_ros2/install/xarm_msgs/include/xarm_msgs/xarm_msgs/srv/detail/vacuum_gripper_ctrl__rosidl_typesupport_introspection_cpp.hpp
[30.656s] -- Symlinking: /home/benongnuel/dev_ws/src/xarm_ros2/install/xarm_msgs/share/xarm_msgs/environment/pythonpath.sh
[30.663s] -- Symlinking: /home/benongnuel/dev_ws/src/xarm_ros2/install/xarm_msgs/share/xarm_msgs/environment/pythonpath.dsv
[30.669s] -- Symlinking: /home/benongnuel/dev_ws/src/xarm_ros2/install/xarm_msgs/local/lib/python3.10/dist-packages/xarm_msgs-0.0.0-py3.10.egg-info/PKG-INFO
[30.674s] -- Symlinking: /home/benongnuel/dev_ws/src/xarm_ros2/install/xarm_msgs/local/lib/python3.10/dist-packages/xarm_msgs-0.0.0-py3.10.egg-info/SOURCES.txt
[30.679s] -- Symlinking: /home/benongnuel/dev_ws/src/xarm_ros2/install/xarm_msgs/local/lib/python3.10/dist-packages/xarm_msgs-0.0.0-py3.10.egg-info/dependency_links.txt
[30.686s] -- Symlinking: /home/benongnuel/dev_ws/src/xarm_ros2/install/xarm_msgs/local/lib/python3.10/dist-packages/xarm_msgs-0.0.0-py3.10.egg-info/top_level.txt
[30.693s] -- Symlinking: /home/benongnuel/dev_ws/src/xarm_ros2/install/xarm_msgs/local/lib/python3.10/dist-packages/xarm_msgs/__init__.py
[30.700s] -- Symlinking: /home/benongnuel/dev_ws/src/xarm_ros2/install/xarm_msgs/local/lib/python3.10/dist-packages/xarm_msgs/_xarm_msgs_s.ep.rosidl_typesupport_c.c
[30.705s] -- Symlinking: /home/benongnuel/dev_ws/src/xarm_ros2/install/xarm_msgs/local/lib/python3.10/dist-packages/xarm_msgs/_xarm_msgs_s.ep.rosidl_typesupport_fastrtps_c.c
[30.712s] -- Symlinking: /home/benongnuel/dev_ws/src/xarm_ros2/install/xarm_msgs/local/lib/python3.10/dist-packages/xarm_msgs/_xarm_msgs_s.ep.rosidl_typesupport_introspection_c.c
[30.718s] -- Symlinking: /home/benongnuel/dev_ws/src/xarm_ros2/install/xarm_msgs/local/lib/python3.10/dist-packages/xarm_msgs/libxarm_msgs__rosidl_generator_py.so
[30.726s] -- Symlinking: /home/benongnuel/dev_ws/src/xarm_ros2/install/xarm_msgs/local/lib/python3.10/dist-packages/xarm_msgs/msg/__init__.py
[30.733s] -- Symlinking: /home/benongnuel/dev_ws/src/xarm_ros2/install/xarm_msgs/local/lib/python3.10/dist-packages/xarm_msgs/msg/_cio_state.py
[30.739s] -- Symlinking: /home/benongnuel/dev_ws/src/xarm_ros2/install/xarm_msgs/local/lib/python3.10/dist-packages/xarm_msgs/msg/_cio_state_s.c
[30.746s] -- Symlinking: /home/benongnuel/dev_ws/src/xarm_ros2/install/xarm_msgs/local/lib/python3.10/dist-packages/xarm_msgs/msg/_io_state.py
[30.750s] -- Symlinking: /home/benongnuel/dev_ws/src/xarm_ros2/install/xarm_msgs/local/lib/python3.10/dist-packages/xarm_msgs/msg/_io_state_s.c
[30.755s] -- Symlinking: /home/benongnuel/dev_ws/src/xarm_ros2/install/xarm_msgs/local/lib/python3.10/dist-packages/xarm_msgs/msg/_move_velocity.py
[30.763s] -- Symlinking: /home/benongnuel/dev_ws/src/xarm_ros2/install/xarm_msgs/local/lib/python3.10/dist-packages/xarm_msgs/msg/_move_velocity_s.c
[30.769s] -- Symlinking: /home/benongnuel/dev_ws/src/xarm_ros2/install/xarm_msgs/local/lib/python3.10/dist-packages/xarm_msgs/msg/_robot_msg.py
[30.776s] -- Symlinking: /home/benongnuel/dev_ws/src/xarm_ros2/install/xarm_msgs/local/lib/python3.10/dist-packages/xarm_msgs/msg/_robot_msg_s.c
[30.781s] -- Symlinking: /home/benongnuel/dev_ws/src/xarm_ros2/install/xarm_msgs/local/lib/python3.10/dist-packages/xarm_msgs/srv/__init__.py
[30.787s] -- Symlinking: /home/benongnuel/dev_ws/src/xarm_ros2/install/xarm_msgs/local/lib/python3.10/dist-packages/xarm_msgs/srv/_bio_gripper_ctrl.py
[30.797s] -- Symlinking: /home/benongnuel/dev_ws/src/xarm_ros2/install/xarm_msgs/local/lib/python3.10/dist-packages/xarm_msgs/srv/_bio_gripper_ctrl_s.c
[30.804s] -- Symlinking: /home/benongnuel/dev_ws/src/xarm_ros2/install/xarm_msgs/local/lib/python3.10/dist-packages/xarm_msgs/srv/_bio_gripper_enable.py
[30.811s] -- Symlinking: /home/benongnuel/dev_ws/src/xarm_ros2/install/xarm_msgs/local/lib/python3.10/dist-packages/xarm_msgs/srv/_bio_gripper_enable_s.c
[30.818s] -- Symlinking: /home/benongnuel/dev_ws/src/xarm_ros2/install/xarm_msgs/local/lib/python3.10/dist-packages/xarm_msgs/srv/_call.py
[30.826s] -- Symlinking: /home/benongnuel/dev_ws/src/xarm_ros2/install/xarm_msgs/local/lib/python3.10/dist-packages/xarm_msgs/srv/_call_s.c
[30.833s] -- Symlinking: /home/benongnuel/dev_ws/src/xarm_ros2/install/xarm_msgs/local/lib/python3.10/dist-packages/xarm_msgs/srv/_ft_cali_load.py
[30.840s] -- Symlinking: /home/benongnuel/dev_ws/src/xarm_ros2/install/xarm_msgs/local/lib/python3.10/dist-packages/xarm_msgs/srv/_ft_cali_load_s.c
[30.846s] -- Symlinking: /home/benongnuel/dev_ws/src/xarm_ros2/install/xarm_msgs/local/lib/python3.10/dist-packages/xarm_msgs/srv/_ft_force_config.py
[30.852s] -- Symlinking: /home/benongnuel/dev_ws/src/xarm_ros2/install/xarm_msgs/local/lib/python3.10/dist-packages/xarm_msgs/srv/_ft_force_config_s.c
[30.858s] -- Symlinking: /home/benongnuel/dev_ws/src/xarm_ros2/install/xarm_msgs/local/lib/python3.10/dist-packages/xarm_msgs/srv/_ft_force_pid.py
[30.865s] -- Symlinking: /home/benongnuel/dev_ws/src/xarm_ros2/install/xarm_msgs/local/lib/python3.10/dist-packages/xarm_msgs/srv/_ft_force_pid_s.c
[30.873s] -- Symlinking: /home/benongnuel/dev_ws/src/xarm_ros2/install/xarm_msgs/local/lib/python3.10/dist-packages/xarm_msgs/srv/_ft_impedance.py
[30.878s] -- Symlinking: /home/benongnuel/dev_ws/src/xarm_ros2/install/xarm_msgs/local/lib/python3.10/dist-packages/xarm_msgs/srv/_ft_impedance_s.c
[30.884s] -- Symlinking: /home/benongnuel/dev_ws/src/xarm_ros2/install/xarm_msgs/local/lib/python3.10/dist-packages/xarm_msgs/srv/_get_analog_io.py
[30.892s] -- Symlinking: /home/benongnuel/dev_ws/src/xarm_ros2/install/xarm_msgs/local/lib/python3.10/dist-packages/xarm_msgs/srv/_get_analog_io_s.c
[30.898s] -- Symlinking: /home/benongnuel/dev_ws/src/xarm_ros2/install/xarm_msgs/local/lib/python3.10/dist-packages/xarm_msgs/srv/_get_digital_io.py
[30.904s] -- Symlinking: /home/benongnuel/dev_ws/src/xarm_ros2/install/xarm_msgs/local/lib/python3.10/dist-packages/xarm_msgs/srv/_get_digital_io_s.c
[30.910s] -- Symlinking: /home/benongnuel/dev_ws/src/xarm_ros2/install/xarm_msgs/local/lib/python3.10/dist-packages/xarm_msgs/srv/_get_float32.py
[30.918s] -- Symlinking: /home/benongnuel/dev_ws/src/xarm_ros2/install/xarm_msgs/local/lib/python3.10/dist-packages/xarm_msgs/srv/_get_float32_list.py
[30.923s] -- Symlinking: /home/benongnuel/dev_ws/src/xarm_ros2/install/xarm_msgs/local/lib/python3.10/dist-packages/xarm_msgs/srv/_get_float32_list_s.c
[30.929s] -- Symlinking: /home/benongnuel/dev_ws/src/xarm_ros2/install/xarm_msgs/local/lib/python3.10/dist-packages/xarm_msgs/srv/_get_float32_s.c
[30.935s] -- Symlinking: /home/benongnuel/dev_ws/src/xarm_ros2/install/xarm_msgs/local/lib/python3.10/dist-packages/xarm_msgs/srv/_get_int16.py
[30.942s] -- Symlinking: /home/benongnuel/dev_ws/src/xarm_ros2/install/xarm_msgs/local/lib/python3.10/dist-packages/xarm_msgs/srv/_get_int16_list.py
[30.948s] -- Symlinking: /home/benongnuel/dev_ws/src/xarm_ros2/install/xarm_msgs/local/lib/python3.10/dist-packages/xarm_msgs/srv/_get_int16_list_s.c
[30.954s] -- Symlinking: /home/benongnuel/dev_ws/src/xarm_ros2/install/xarm_msgs/local/lib/python3.10/dist-packages/xarm_msgs/srv/_get_int16_s.c
[30.960s] -- Symlinking: /home/benongnuel/dev_ws/src/xarm_ros2/install/xarm_msgs/local/lib/python3.10/dist-packages/xarm_msgs/srv/_get_int32.py
[30.966s] -- Symlinking: /home/benongnuel/dev_ws/src/xarm_ros2/install/xarm_msgs/local/lib/python3.10/dist-packages/xarm_msgs/srv/_get_int32_by_type.py
[30.971s] -- Symlinking: /home/benongnuel/dev_ws/src/xarm_ros2/install/xarm_msgs/local/lib/python3.10/dist-packages/xarm_msgs/srv/_get_int32_by_type_s.c
[30.979s] -- Symlinking: /home/benongnuel/dev_ws/src/xarm_ros2/install/xarm_msgs/local/lib/python3.10/dist-packages/xarm_msgs/srv/_get_int32_s.c
[30.986s] -- Symlinking: /home/benongnuel/dev_ws/src/xarm_ros2/install/xarm_msgs/local/lib/python3.10/dist-packages/xarm_msgs/srv/_get_set_modbus_data.py
[30.994s] -- Symlinking: /home/benongnuel/dev_ws/src/xarm_ros2/install/xarm_msgs/local/lib/python3.10/dist-packages/xarm_msgs/srv/_get_set_modbus_data_s.c
[31.000s] -- Symlinking: /home/benongnuel/dev_ws/src/xarm_ros2/install/xarm_msgs/local/lib/python3.10/dist-packages/xarm_msgs/srv/_gripper_move.py
[31.007s] -- Symlinking: /home/benongnuel/dev_ws/src/xarm_ros2/install/xarm_msgs/local/lib/python3.10/dist-packages/xarm_msgs/srv/_gripper_move_s.c
[31.013s] -- Symlinking: /home/benongnuel/dev_ws/src/xarm_ros2/install/xarm_msgs/local/lib/python3.10/dist-packages/xarm_msgs/srv/_iden_load.py
[31.018s] -- Symlinking: /home/benongnuel/dev_ws/src/xarm_ros2/install/xarm_msgs/local/lib/python3.10/dist-packages/xarm_msgs/srv/_iden_load_s.c
[31.025s] -- Symlinking: /home/benongnuel/dev_ws/src/xarm_ros2/install/xarm_msgs/local/lib/python3.10/dist-packages/xarm_msgs/srv/_linear_track_back_origin.py
[31.030s] -- Symlinking: /home/benongnuel/dev_ws/src/xarm_ros2/install/xarm_msgs/local/lib/python3.10/dist-packages/xarm_msgs/srv/_linear_track_back_origin_s.c
[31.037s] -- Symlinking: /home/benongnuel/dev_ws/src/xarm_ros2/install/xarm_msgs/local/lib/python3.10/dist-packages/xarm_msgs/srv/_linear_track_set_pos.py
[31.044s] -- Symlinking: /home/benongnuel/dev_ws/src/xarm_ros2/install/xarm_msgs/local/lib/python3.10/dist-packages/xarm_msgs/srv/_linear_track_set_pos_s.c
[31.050s] -- Symlinking: /home/benongnuel/dev_ws/src/xarm_ros2/install/xarm_msgs/local/lib/python3.10/dist-packages/xarm_msgs/srv/_move_cartesian.py
[31.055s] -- Symlinking: /home/benongnuel/dev_ws/src/xarm_ros2/install/xarm_msgs/local/lib/python3.10/dist-packages/xarm_msgs/srv/_move_cartesian_s.c
[31.061s] -- Symlinking: /home/benongnuel/dev_ws/src/xarm_ros2/install/xarm_msgs/local/lib/python3.10/dist-packages/xarm_msgs/srv/_move_circle.py
[31.068s] -- Symlinking: /home/benongnuel/dev_ws/src/xarm_ros2/install/xarm_msgs/local/lib/python3.10/dist-packages/xarm_msgs/srv/_move_circle_s.c
[31.074s] -- Symlinking: /home/benongnuel/dev_ws/src/xarm_ros2/install/xarm_msgs/local/lib/python3.10/dist-packages/xarm_msgs/srv/_move_home.py
[31.079s] -- Symlinking: /home/benongnuel/dev_ws/src/xarm_ros2/install/xarm_msgs/local/lib/python3.10/dist-packages/xarm_msgs/srv/_move_home_s.c
[31.085s] -- Symlinking: /home/benongnuel/dev_ws/src/xarm_ros2/install/xarm_msgs/local/lib/python3.10/dist-packages/xarm_msgs/srv/_move_joint.py
[31.093s] -- Symlinking: /home/benongnuel/dev_ws/src/xarm_ros2/install/xarm_msgs/local/lib/python3.10/dist-packages/xarm_msgs/srv/_move_joint_s.c
[31.099s] -- Symlinking: /home/benongnuel/dev_ws/src/xarm_ros2/install/xarm_msgs/local/lib/python3.10/dist-packages/xarm_msgs/srv/_move_velocity.py
[31.104s] -- Symlinking: /home/benongnuel/dev_ws/src/xarm_ros2/install/xarm_msgs/local/lib/python3.10/dist-packages/xarm_msgs/srv/_move_velocity_s.c
[31.109s] -- Symlinking: /home/benongnuel/dev_ws/src/xarm_ros2/install/xarm_msgs/local/lib/python3.10/dist-packages/xarm_msgs/srv/_plan_exec.py
[31.116s] -- Symlinking: /home/benongnuel/dev_ws/src/xarm_ros2/install/xarm_msgs/local/lib/python3.10/dist-packages/xarm_msgs/srv/_plan_exec_s.c
[31.123s] -- Symlinking: /home/benongnuel/dev_ws/src/xarm_ros2/install/xarm_msgs/local/lib/python3.10/dist-packages/xarm_msgs/srv/_plan_joint.py
[31.129s] -- Symlinking: /home/benongnuel/dev_ws/src/xarm_ros2/install/xarm_msgs/local/lib/python3.10/dist-packages/xarm_msgs/srv/_plan_joint_s.c
[31.135s] -- Symlinking: /home/benongnuel/dev_ws/src/xarm_ros2/install/xarm_msgs/local/lib/python3.10/dist-packages/xarm_msgs/srv/_plan_pose.py
[31.140s] -- Symlinking: /home/benongnuel/dev_ws/src/xarm_ros2/install/xarm_msgs/local/lib/python3.10/dist-packages/xarm_msgs/srv/_plan_pose_s.c
[31.146s] -- Symlinking: /home/benongnuel/dev_ws/src/xarm_ros2/install/xarm_msgs/local/lib/python3.10/dist-packages/xarm_msgs/srv/_plan_single_straight.py
[31.151s] -- Symlinking: /home/benongnuel/dev_ws/src/xarm_ros2/install/xarm_msgs/local/lib/python3.10/dist-packages/xarm_msgs/srv/_plan_single_straight_s.c
[31.156s] -- Symlinking: /home/benongnuel/dev_ws/src/xarm_ros2/install/xarm_msgs/local/lib/python3.10/dist-packages/xarm_msgs/srv/_robotiq_activate.py
[31.162s] -- Symlinking: /home/benongnuel/dev_ws/src/xarm_ros2/install/xarm_msgs/local/lib/python3.10/dist-packages/xarm_msgs/srv/_robotiq_activate_s.c
[31.167s] -- Symlinking: /home/benongnuel/dev_ws/src/xarm_ros2/install/xarm_msgs/local/lib/python3.10/dist-packages/xarm_msgs/srv/_robotiq_get_status.py
[31.173s] -- Symlinking: /home/benongnuel/dev_ws/src/xarm_ros2/install/xarm_msgs/local/lib/python3.10/dist-packages/xarm_msgs/srv/_robotiq_get_status_s.c
[31.179s] -- Symlinking: /home/benongnuel/dev_ws/src/xarm_ros2/install/xarm_msgs/local/lib/python3.10/dist-packages/xarm_msgs/srv/_robotiq_move.py
[31.184s] -- Symlinking: /home/benongnuel/dev_ws/src/xarm_ros2/install/xarm_msgs/local/lib/python3.10/dist-packages/xarm_msgs/srv/_robotiq_move_s.c
[31.190s] -- Symlinking: /home/benongnuel/dev_ws/src/xarm_ros2/install/xarm_msgs/local/lib/python3.10/dist-packages/xarm_msgs/srv/_robotiq_reset.py
[31.198s] -- Symlinking: /home/benongnuel/dev_ws/src/xarm_ros2/install/xarm_msgs/local/lib/python3.10/dist-packages/xarm_msgs/srv/_robotiq_reset_s.c
[31.204s] -- Symlinking: /home/benongnuel/dev_ws/src/xarm_ros2/install/xarm_msgs/local/lib/python3.10/dist-packages/xarm_msgs/srv/_set_analog_io.py
[31.209s] -- Symlinking: /home/benongnuel/dev_ws/src/xarm_ros2/install/xarm_msgs/local/lib/python3.10/dist-packages/xarm_msgs/srv/_set_analog_io_s.c
[31.217s] -- Symlinking: /home/benongnuel/dev_ws/src/xarm_ros2/install/xarm_msgs/local/lib/python3.10/dist-packages/xarm_msgs/srv/_set_digital_io.py
[31.223s] -- Symlinking: /home/benongnuel/dev_ws/src/xarm_ros2/install/xarm_msgs/local/lib/python3.10/dist-packages/xarm_msgs/srv/_set_digital_io_s.c
[31.230s] -- Symlinking: /home/benongnuel/dev_ws/src/xarm_ros2/install/xarm_msgs/local/lib/python3.10/dist-packages/xarm_msgs/srv/_set_float32.py
[31.235s] -- Symlinking: /home/benongnuel/dev_ws/src/xarm_ros2/install/xarm_msgs/local/lib/python3.10/dist-packages/xarm_msgs/srv/_set_float32_list.py
[31.241s] -- Symlinking: /home/benongnuel/dev_ws/src/xarm_ros2/install/xarm_msgs/local/lib/python3.10/dist-packages/xarm_msgs/srv/_set_float32_list_s.c
[31.249s] -- Symlinking: /home/benongnuel/dev_ws/src/xarm_ros2/install/xarm_msgs/local/lib/python3.10/dist-packages/xarm_msgs/srv/_set_float32_s.c
[31.256s] -- Symlinking: /home/benongnuel/dev_ws/src/xarm_ros2/install/xarm_msgs/local/lib/python3.10/dist-packages/xarm_msgs/srv/_set_int16.py
[31.263s] -- Symlinking: /home/benongnuel/dev_ws/src/xarm_ros2/install/xarm_msgs/local/lib/python3.10/dist-packages/xarm_msgs/srv/_set_int16_by_id.py
[31.268s] -- Symlinking: /home/benongnuel/dev_ws/src/xarm_ros2/install/xarm_msgs/local/lib/python3.10/dist-packages/xarm_msgs/srv/_set_int16_by_id_s.c
[31.273s] -- Symlinking: /home/benongnuel/dev_ws/src/xarm_ros2/install/xarm_msgs/local/lib/python3.10/dist-packages/xarm_msgs/srv/_set_int16_list.py
[31.278s] -- Symlinking: /home/benongnuel/dev_ws/src/xarm_ros2/install/xarm_msgs/local/lib/python3.10/dist-packages/xarm_msgs/srv/_set_int16_list_s.c
[31.283s] -- Symlinking: /home/benongnuel/dev_ws/src/xarm_ros2/install/xarm_msgs/local/lib/python3.10/dist-packages/xarm_msgs/srv/_set_int16_s.c
[31.290s] -- Symlinking: /home/benongnuel/dev_ws/src/xarm_ros2/install/xarm_msgs/local/lib/python3.10/dist-packages/xarm_msgs/srv/_set_int32.py
[31.297s] -- Symlinking: /home/benongnuel/dev_ws/src/xarm_ros2/install/xarm_msgs/local/lib/python3.10/dist-packages/xarm_msgs/srv/_set_int32_by_type.py
[31.302s] -- Symlinking: /home/benongnuel/dev_ws/src/xarm_ros2/install/xarm_msgs/local/lib/python3.10/dist-packages/xarm_msgs/srv/_set_int32_by_type_s.c
[31.309s] -- Symlinking: /home/benongnuel/dev_ws/src/xarm_ros2/install/xarm_msgs/local/lib/python3.10/dist-packages/xarm_msgs/srv/_set_int32_s.c
[31.317s] -- Symlinking: /home/benongnuel/dev_ws/src/xarm_ros2/install/xarm_msgs/local/lib/python3.10/dist-packages/xarm_msgs/srv/_set_modbus_timeout.py
[31.325s] -- Symlinking: /home/benongnuel/dev_ws/src/xarm_ros2/install/xarm_msgs/local/lib/python3.10/dist-packages/xarm_msgs/srv/_set_modbus_timeout_s.c
[31.333s] -- Symlinking: /home/benongnuel/dev_ws/src/xarm_ros2/install/xarm_msgs/local/lib/python3.10/dist-packages/xarm_msgs/srv/_set_tcp_load.py
[31.339s] -- Symlinking: /home/benongnuel/dev_ws/src/xarm_ros2/install/xarm_msgs/local/lib/python3.10/dist-packages/xarm_msgs/srv/_set_tcp_load_s.c
[31.348s] -- Symlinking: /home/benongnuel/dev_ws/src/xarm_ros2/install/xarm_msgs/local/lib/python3.10/dist-packages/xarm_msgs/srv/_traj_ctrl.py
[31.356s] -- Symlinking: /home/benongnuel/dev_ws/src/xarm_ros2/install/xarm_msgs/local/lib/python3.10/dist-packages/xarm_msgs/srv/_traj_ctrl_s.c
[31.365s] -- Symlinking: /home/benongnuel/dev_ws/src/xarm_ros2/install/xarm_msgs/local/lib/python3.10/dist-packages/xarm_msgs/srv/_traj_play.py
[31.372s] -- Symlinking: /home/benongnuel/dev_ws/src/xarm_ros2/install/xarm_msgs/local/lib/python3.10/dist-packages/xarm_msgs/srv/_traj_play_s.c
[31.380s] -- Symlinking: /home/benongnuel/dev_ws/src/xarm_ros2/install/xarm_msgs/local/lib/python3.10/dist-packages/xarm_msgs/srv/_vacuum_gripper_ctrl.py
[31.387s] -- Symlinking: /home/benongnuel/dev_ws/src/xarm_ros2/install/xarm_msgs/local/lib/python3.10/dist-packages/xarm_msgs/srv/_vacuum_gripper_ctrl_s.c
[31.396s] -- Symlinking: /home/benongnuel/dev_ws/src/xarm_ros2/install/xarm_msgs/local/lib/python3.10/dist-packages/xarm_msgs/xarm_msgs_s__rosidl_typesupport_c.cpython-310-x86_64-linux-gnu.so
[31.404s] -- Symlinking: /home/benongnuel/dev_ws/src/xarm_ros2/install/xarm_msgs/local/lib/python3.10/dist-packages/xarm_msgs/xarm_msgs_s__rosidl_typesupport_fastrtps_c.cpython-310-x86_64-linux-gnu.so
[31.412s] -- Symlinking: /home/benongnuel/dev_ws/src/xarm_ros2/install/xarm_msgs/local/lib/python3.10/dist-packages/xarm_msgs/xarm_msgs_s__rosidl_typesupport_introspection_c.cpython-310-x86_64-linux-gnu.so
[31.419s] -- Up-to-date symlink: /home/benongnuel/dev_ws/src/xarm_ros2/install/xarm_msgs/local/lib/python3.10/dist-packages/xarm_msgs/xarm_msgs_s__rosidl_typesupport_fastrtps_c.cpython-310-x86_64-linux-gnu.so
[31.419s] -- Up-to-date symlink: /home/benongnuel/dev_ws/src/xarm_ros2/install/xarm_msgs/local/lib/python3.10/dist-packages/xarm_msgs/xarm_msgs_s__rosidl_typesupport_introspection_c.cpython-310-x86_64-linux-gnu.so
[31.419s] -- Up-to-date symlink: /home/benongnuel/dev_ws/src/xarm_ros2/install/xarm_msgs/local/lib/python3.10/dist-packages/xarm_msgs/xarm_msgs_s__rosidl_typesupport_c.cpython-310-x86_64-linux-gnu.so
[31.419s] -- Symlinking: /home/benongnuel/dev_ws/src/xarm_ros2/install/xarm_msgs/share/xarm_msgs/msg/RobotMsg.idl
[31.426s] -- Symlinking: /home/benongnuel/dev_ws/src/xarm_ros2/install/xarm_msgs/share/xarm_msgs/msg/IOState.idl
[31.434s] -- Symlinking: /home/benongnuel/dev_ws/src/xarm_ros2/install/xarm_msgs/share/xarm_msgs/msg/CIOState.idl
[31.443s] -- Symlinking: /home/benongnuel/dev_ws/src/xarm_ros2/install/xarm_msgs/share/xarm_msgs/msg/MoveVelocity.idl
[31.449s] -- Symlinking: /home/benongnuel/dev_ws/src/xarm_ros2/install/xarm_msgs/share/xarm_msgs/srv/BioGripperCtrl.idl
[31.456s] -- Symlinking: /home/benongnuel/dev_ws/src/xarm_ros2/install/xarm_msgs/share/xarm_msgs/srv/BioGripperEnable.idl
[31.465s] -- Symlinking: /home/benongnuel/dev_ws/src/xarm_ros2/install/xarm_msgs/share/xarm_msgs/srv/Call.idl
[31.471s] -- Symlinking: /home/benongnuel/dev_ws/src/xarm_ros2/install/xarm_msgs/share/xarm_msgs/srv/GetAnalogIO.idl
[31.477s] -- Symlinking: /home/benongnuel/dev_ws/src/xarm_ros2/install/xarm_msgs/share/xarm_msgs/srv/GetDigitalIO.idl
[31.484s] -- Symlinking: /home/benongnuel/dev_ws/src/xarm_ros2/install/xarm_msgs/share/xarm_msgs/srv/GetFloat32.idl
[31.492s] -- Symlinking: /home/benongnuel/dev_ws/src/xarm_ros2/install/xarm_msgs/share/xarm_msgs/srv/GetFloat32List.idl
[31.498s] -- Symlinking: /home/benongnuel/dev_ws/src/xarm_ros2/install/xarm_msgs/share/xarm_msgs/srv/GetInt16.idl
[31.504s] -- Symlinking: /home/benongnuel/dev_ws/src/xarm_ros2/install/xarm_msgs/share/xarm_msgs/srv/GetInt16List.idl
[31.510s] -- Symlinking: /home/benongnuel/dev_ws/src/xarm_ros2/install/xarm_msgs/share/xarm_msgs/srv/GetInt32.idl
[31.516s] -- Symlinking: /home/benongnuel/dev_ws/src/xarm_ros2/install/xarm_msgs/share/xarm_msgs/srv/GetInt32ByType.idl
[31.521s] -- Symlinking: /home/benongnuel/dev_ws/src/xarm_ros2/install/xarm_msgs/share/xarm_msgs/srv/GetSetModbusData.idl
[31.526s] -- Symlinking: /home/benongnuel/dev_ws/src/xarm_ros2/install/xarm_msgs/share/xarm_msgs/srv/GripperMove.idl
[31.532s] -- Symlinking: /home/benongnuel/dev_ws/src/xarm_ros2/install/xarm_msgs/share/xarm_msgs/srv/MoveCartesian.idl
[31.537s] -- Symlinking: /home/benongnuel/dev_ws/src/xarm_ros2/install/xarm_msgs/share/xarm_msgs/srv/MoveCircle.idl
[31.543s] -- Symlinking: /home/benongnuel/dev_ws/src/xarm_ros2/install/xarm_msgs/share/xarm_msgs/srv/MoveHome.idl
[31.548s] -- Symlinking: /home/benongnuel/dev_ws/src/xarm_ros2/install/xarm_msgs/share/xarm_msgs/srv/MoveJoint.idl
[31.553s] -- Symlinking: /home/benongnuel/dev_ws/src/xarm_ros2/install/xarm_msgs/share/xarm_msgs/srv/MoveVelocity.idl
[31.558s] -- Symlinking: /home/benongnuel/dev_ws/src/xarm_ros2/install/xarm_msgs/share/xarm_msgs/srv/RobotiqActivate.idl
[31.563s] -- Symlinking: /home/benongnuel/dev_ws/src/xarm_ros2/install/xarm_msgs/share/xarm_msgs/srv/RobotiqGetStatus.idl
[31.569s] -- Symlinking: /home/benongnuel/dev_ws/src/xarm_ros2/install/xarm_msgs/share/xarm_msgs/srv/RobotiqMove.idl
[31.575s] -- Symlinking: /home/benongnuel/dev_ws/src/xarm_ros2/install/xarm_msgs/share/xarm_msgs/srv/RobotiqReset.idl
[31.580s] -- Symlinking: /home/benongnuel/dev_ws/src/xarm_ros2/install/xarm_msgs/share/xarm_msgs/srv/SetAnalogIO.idl
[31.586s] -- Symlinking: /home/benongnuel/dev_ws/src/xarm_ros2/install/xarm_msgs/share/xarm_msgs/srv/SetDigitalIO.idl
[31.592s] -- Symlinking: /home/benongnuel/dev_ws/src/xarm_ros2/install/xarm_msgs/share/xarm_msgs/srv/SetFloat32.idl
[31.597s] -- Symlinking: /home/benongnuel/dev_ws/src/xarm_ros2/install/xarm_msgs/share/xarm_msgs/srv/SetFloat32List.idl
[31.603s] -- Symlinking: /home/benongnuel/dev_ws/src/xarm_ros2/install/xarm_msgs/share/xarm_msgs/srv/SetInt16.idl
[31.608s] -- Symlinking: /home/benongnuel/dev_ws/src/xarm_ros2/install/xarm_msgs/share/xarm_msgs/srv/SetInt16ById.idl
[31.614s] -- Symlinking: /home/benongnuel/dev_ws/src/xarm_ros2/install/xarm_msgs/share/xarm_msgs/srv/SetInt16List.idl
[31.620s] -- Symlinking: /home/benongnuel/dev_ws/src/xarm_ros2/install/xarm_msgs/share/xarm_msgs/srv/SetInt32.idl
[31.626s] -- Symlinking: /home/benongnuel/dev_ws/src/xarm_ros2/install/xarm_msgs/share/xarm_msgs/srv/SetInt32ByType.idl
[31.631s] -- Symlinking: /home/benongnuel/dev_ws/src/xarm_ros2/install/xarm_msgs/share/xarm_msgs/srv/TrajCtrl.idl
[31.637s] -- Symlinking: /home/benongnuel/dev_ws/src/xarm_ros2/install/xarm_msgs/share/xarm_msgs/srv/TrajPlay.idl
[31.643s] -- Symlinking: /home/benongnuel/dev_ws/src/xarm_ros2/install/xarm_msgs/share/xarm_msgs/srv/VacuumGripperCtrl.idl
[31.648s] -- Symlinking: /home/benongnuel/dev_ws/src/xarm_ros2/install/xarm_msgs/share/xarm_msgs/srv/SetTcpLoad.idl
[31.654s] -- Symlinking: /home/benongnuel/dev_ws/src/xarm_ros2/install/xarm_msgs/share/xarm_msgs/srv/SetModbusTimeout.idl
[31.660s] -- Symlinking: /home/benongnuel/dev_ws/src/xarm_ros2/install/xarm_msgs/share/xarm_msgs/srv/IdenLoad.idl
[31.665s] -- Symlinking: /home/benongnuel/dev_ws/src/xarm_ros2/install/xarm_msgs/share/xarm_msgs/srv/FtCaliLoad.idl
[31.672s] -- Symlinking: /home/benongnuel/dev_ws/src/xarm_ros2/install/xarm_msgs/share/xarm_msgs/srv/FtForceConfig.idl
[31.677s] -- Symlinking: /home/benongnuel/dev_ws/src/xarm_ros2/install/xarm_msgs/share/xarm_msgs/srv/FtForcePid.idl
[31.682s] -- Symlinking: /home/benongnuel/dev_ws/src/xarm_ros2/install/xarm_msgs/share/xarm_msgs/srv/FtImpedance.idl
[31.688s] -- Symlinking: /home/benongnuel/dev_ws/src/xarm_ros2/install/xarm_msgs/share/xarm_msgs/srv/LinearTrackBackOrigin.idl
[31.695s] -- Symlinking: /home/benongnuel/dev_ws/src/xarm_ros2/install/xarm_msgs/share/xarm_msgs/srv/LinearTrackSetPos.idl
[31.701s] -- Symlinking: /home/benongnuel/dev_ws/src/xarm_ros2/install/xarm_msgs/share/xarm_msgs/srv/PlanExec.idl
[31.707s] -- Symlinking: /home/benongnuel/dev_ws/src/xarm_ros2/install/xarm_msgs/share/xarm_msgs/srv/PlanJoint.idl
[31.712s] -- Symlinking: /home/benongnuel/dev_ws/src/xarm_ros2/install/xarm_msgs/share/xarm_msgs/srv/PlanPose.idl
[31.718s] -- Symlinking: /home/benongnuel/dev_ws/src/xarm_ros2/install/xarm_msgs/share/xarm_msgs/srv/PlanSingleStraight.idl
[31.723s] -- Symlinking: /home/benongnuel/dev_ws/src/xarm_ros2/install/xarm_msgs/share/xarm_msgs/msg/RobotMsg.msg
[31.729s] -- Symlinking: /home/benongnuel/dev_ws/src/xarm_ros2/install/xarm_msgs/share/xarm_msgs/msg/IOState.msg
[31.734s] -- Symlinking: /home/benongnuel/dev_ws/src/xarm_ros2/install/xarm_msgs/share/xarm_msgs/msg/CIOState.msg
[31.740s] -- Symlinking: /home/benongnuel/dev_ws/src/xarm_ros2/install/xarm_msgs/share/xarm_msgs/msg/MoveVelocity.msg
[31.745s] -- Symlinking: /home/benongnuel/dev_ws/src/xarm_ros2/install/xarm_msgs/share/xarm_msgs/srv/BioGripperCtrl.srv
[31.751s] -- Symlinking: /home/benongnuel/dev_ws/src/xarm_ros2/install/xarm_msgs/share/xarm_msgs/srv/BioGripperCtrl_Request.msg
[31.757s] -- Symlinking: /home/benongnuel/dev_ws/src/xarm_ros2/install/xarm_msgs/share/xarm_msgs/srv/BioGripperCtrl_Response.msg
[31.763s] -- Symlinking: /home/benongnuel/dev_ws/src/xarm_ros2/install/xarm_msgs/share/xarm_msgs/srv/BioGripperEnable.srv
[31.768s] -- Symlinking: /home/benongnuel/dev_ws/src/xarm_ros2/install/xarm_msgs/share/xarm_msgs/srv/BioGripperEnable_Request.msg
[31.774s] -- Symlinking: /home/benongnuel/dev_ws/src/xarm_ros2/install/xarm_msgs/share/xarm_msgs/srv/BioGripperEnable_Response.msg
[31.780s] -- Symlinking: /home/benongnuel/dev_ws/src/xarm_ros2/install/xarm_msgs/share/xarm_msgs/srv/Call.srv
[31.785s] -- Symlinking: /home/benongnuel/dev_ws/src/xarm_ros2/install/xarm_msgs/share/xarm_msgs/srv/Call_Request.msg
[31.791s] -- Symlinking: /home/benongnuel/dev_ws/src/xarm_ros2/install/xarm_msgs/share/xarm_msgs/srv/Call_Response.msg
[31.797s] -- Symlinking: /home/benongnuel/dev_ws/src/xarm_ros2/install/xarm_msgs/share/xarm_msgs/srv/GetAnalogIO.srv
[31.802s] -- Symlinking: /home/benongnuel/dev_ws/src/xarm_ros2/install/xarm_msgs/share/xarm_msgs/srv/GetAnalogIO_Request.msg
[31.809s] -- Symlinking: /home/benongnuel/dev_ws/src/xarm_ros2/install/xarm_msgs/share/xarm_msgs/srv/GetAnalogIO_Response.msg
[31.814s] -- Symlinking: /home/benongnuel/dev_ws/src/xarm_ros2/install/xarm_msgs/share/xarm_msgs/srv/GetDigitalIO.srv
[31.820s] -- Symlinking: /home/benongnuel/dev_ws/src/xarm_ros2/install/xarm_msgs/share/xarm_msgs/srv/GetDigitalIO_Request.msg
[31.825s] -- Symlinking: /home/benongnuel/dev_ws/src/xarm_ros2/install/xarm_msgs/share/xarm_msgs/srv/GetDigitalIO_Response.msg
[31.831s] -- Symlinking: /home/benongnuel/dev_ws/src/xarm_ros2/install/xarm_msgs/share/xarm_msgs/srv/GetFloat32.srv
[31.836s] -- Symlinking: /home/benongnuel/dev_ws/src/xarm_ros2/install/xarm_msgs/share/xarm_msgs/srv/GetFloat32_Request.msg
[31.842s] -- Symlinking: /home/benongnuel/dev_ws/src/xarm_ros2/install/xarm_msgs/share/xarm_msgs/srv/GetFloat32_Response.msg
[31.847s] -- Symlinking: /home/benongnuel/dev_ws/src/xarm_ros2/install/xarm_msgs/share/xarm_msgs/srv/GetFloat32List.srv
[31.852s] -- Symlinking: /home/benongnuel/dev_ws/src/xarm_ros2/install/xarm_msgs/share/xarm_msgs/srv/GetFloat32List_Request.msg
[31.858s] -- Symlinking: /home/benongnuel/dev_ws/src/xarm_ros2/install/xarm_msgs/share/xarm_msgs/srv/GetFloat32List_Response.msg
[31.864s] -- Symlinking: /home/benongnuel/dev_ws/src/xarm_ros2/install/xarm_msgs/share/xarm_msgs/srv/GetInt16.srv
[31.870s] -- Symlinking: /home/benongnuel/dev_ws/src/xarm_ros2/install/xarm_msgs/share/xarm_msgs/srv/GetInt16_Request.msg
[31.875s] -- Symlinking: /home/benongnuel/dev_ws/src/xarm_ros2/install/xarm_msgs/share/xarm_msgs/srv/GetInt16_Response.msg
[31.880s] -- Symlinking: /home/benongnuel/dev_ws/src/xarm_ros2/install/xarm_msgs/share/xarm_msgs/srv/GetInt16List.srv
[31.886s] -- Symlinking: /home/benongnuel/dev_ws/src/xarm_ros2/install/xarm_msgs/share/xarm_msgs/srv/GetInt16List_Request.msg
[31.892s] -- Symlinking: /home/benongnuel/dev_ws/src/xarm_ros2/install/xarm_msgs/share/xarm_msgs/srv/GetInt16List_Response.msg
[31.897s] -- Symlinking: /home/benongnuel/dev_ws/src/xarm_ros2/install/xarm_msgs/share/xarm_msgs/srv/GetInt32.srv
[31.903s] -- Symlinking: /home/benongnuel/dev_ws/src/xarm_ros2/install/xarm_msgs/share/xarm_msgs/srv/GetInt32_Request.msg
[31.909s] -- Symlinking: /home/benongnuel/dev_ws/src/xarm_ros2/install/xarm_msgs/share/xarm_msgs/srv/GetInt32_Response.msg
[31.915s] -- Symlinking: /home/benongnuel/dev_ws/src/xarm_ros2/install/xarm_msgs/share/xarm_msgs/srv/GetInt32ByType.srv
[31.921s] -- Symlinking: /home/benongnuel/dev_ws/src/xarm_ros2/install/xarm_msgs/share/xarm_msgs/srv/GetInt32ByType_Request.msg
[31.927s] -- Symlinking: /home/benongnuel/dev_ws/src/xarm_ros2/install/xarm_msgs/share/xarm_msgs/srv/GetInt32ByType_Response.msg
[31.933s] -- Symlinking: /home/benongnuel/dev_ws/src/xarm_ros2/install/xarm_msgs/share/xarm_msgs/srv/GetSetModbusData.srv
[31.938s] -- Symlinking: /home/benongnuel/dev_ws/src/xarm_ros2/install/xarm_msgs/share/xarm_msgs/srv/GetSetModbusData_Request.msg
[31.944s] -- Symlinking: /home/benongnuel/dev_ws/src/xarm_ros2/install/xarm_msgs/share/xarm_msgs/srv/GetSetModbusData_Response.msg
[31.949s] -- Symlinking: /home/benongnuel/dev_ws/src/xarm_ros2/install/xarm_msgs/share/xarm_msgs/srv/GripperMove.srv
[31.954s] -- Symlinking: /home/benongnuel/dev_ws/src/xarm_ros2/install/xarm_msgs/share/xarm_msgs/srv/GripperMove_Request.msg
[31.960s] -- Symlinking: /home/benongnuel/dev_ws/src/xarm_ros2/install/xarm_msgs/share/xarm_msgs/srv/GripperMove_Response.msg
[31.967s] -- Symlinking: /home/benongnuel/dev_ws/src/xarm_ros2/install/xarm_msgs/share/xarm_msgs/srv/MoveCartesian.srv
[31.973s] -- Symlinking: /home/benongnuel/dev_ws/src/xarm_ros2/install/xarm_msgs/share/xarm_msgs/srv/MoveCartesian_Request.msg
[31.978s] -- Symlinking: /home/benongnuel/dev_ws/src/xarm_ros2/install/xarm_msgs/share/xarm_msgs/srv/MoveCartesian_Response.msg
[31.984s] -- Symlinking: /home/benongnuel/dev_ws/src/xarm_ros2/install/xarm_msgs/share/xarm_msgs/srv/MoveCircle.srv
[31.989s] -- Symlinking: /home/benongnuel/dev_ws/src/xarm_ros2/install/xarm_msgs/share/xarm_msgs/srv/MoveCircle_Request.msg
[31.995s] -- Symlinking: /home/benongnuel/dev_ws/src/xarm_ros2/install/xarm_msgs/share/xarm_msgs/srv/MoveCircle_Response.msg
[32.001s] -- Symlinking: /home/benongnuel/dev_ws/src/xarm_ros2/install/xarm_msgs/share/xarm_msgs/srv/MoveHome.srv
[32.007s] -- Symlinking: /home/benongnuel/dev_ws/src/xarm_ros2/install/xarm_msgs/share/xarm_msgs/srv/MoveHome_Request.msg
[32.012s] -- Symlinking: /home/benongnuel/dev_ws/src/xarm_ros2/install/xarm_msgs/share/xarm_msgs/srv/MoveHome_Response.msg
[32.018s] -- Symlinking: /home/benongnuel/dev_ws/src/xarm_ros2/install/xarm_msgs/share/xarm_msgs/srv/MoveJoint.srv
[32.024s] -- Symlinking: /home/benongnuel/dev_ws/src/xarm_ros2/install/xarm_msgs/share/xarm_msgs/srv/MoveJoint_Request.msg
[32.029s] -- Symlinking: /home/benongnuel/dev_ws/src/xarm_ros2/install/xarm_msgs/share/xarm_msgs/srv/MoveJoint_Response.msg
[32.036s] -- Symlinking: /home/benongnuel/dev_ws/src/xarm_ros2/install/xarm_msgs/share/xarm_msgs/srv/MoveVelocity.srv
[32.042s] -- Symlinking: /home/benongnuel/dev_ws/src/xarm_ros2/install/xarm_msgs/share/xarm_msgs/srv/MoveVelocity_Request.msg
[32.048s] -- Symlinking: /home/benongnuel/dev_ws/src/xarm_ros2/install/xarm_msgs/share/xarm_msgs/srv/MoveVelocity_Response.msg
[32.054s] -- Symlinking: /home/benongnuel/dev_ws/src/xarm_ros2/install/xarm_msgs/share/xarm_msgs/srv/RobotiqActivate.srv
[32.059s] -- Symlinking: /home/benongnuel/dev_ws/src/xarm_ros2/install/xarm_msgs/share/xarm_msgs/srv/RobotiqActivate_Request.msg
[32.065s] -- Symlinking: /home/benongnuel/dev_ws/src/xarm_ros2/install/xarm_msgs/share/xarm_msgs/srv/RobotiqActivate_Response.msg
[32.070s] -- Symlinking: /home/benongnuel/dev_ws/src/xarm_ros2/install/xarm_msgs/share/xarm_msgs/srv/RobotiqGetStatus.srv
[32.076s] -- Symlinking: /home/benongnuel/dev_ws/src/xarm_ros2/install/xarm_msgs/share/xarm_msgs/srv/RobotiqGetStatus_Request.msg
[32.081s] -- Symlinking: /home/benongnuel/dev_ws/src/xarm_ros2/install/xarm_msgs/share/xarm_msgs/srv/RobotiqGetStatus_Response.msg
[32.087s] -- Symlinking: /home/benongnuel/dev_ws/src/xarm_ros2/install/xarm_msgs/share/xarm_msgs/srv/RobotiqMove.srv
[32.092s] -- Symlinking: /home/benongnuel/dev_ws/src/xarm_ros2/install/xarm_msgs/share/xarm_msgs/srv/RobotiqMove_Request.msg
[32.099s] -- Symlinking: /home/benongnuel/dev_ws/src/xarm_ros2/install/xarm_msgs/share/xarm_msgs/srv/RobotiqMove_Response.msg
[32.104s] -- Symlinking: /home/benongnuel/dev_ws/src/xarm_ros2/install/xarm_msgs/share/xarm_msgs/srv/RobotiqReset.srv
[32.110s] -- Symlinking: /home/benongnuel/dev_ws/src/xarm_ros2/install/xarm_msgs/share/xarm_msgs/srv/RobotiqReset_Request.msg
[32.116s] -- Symlinking: /home/benongnuel/dev_ws/src/xarm_ros2/install/xarm_msgs/share/xarm_msgs/srv/RobotiqReset_Response.msg
[32.122s] -- Symlinking: /home/benongnuel/dev_ws/src/xarm_ros2/install/xarm_msgs/share/xarm_msgs/srv/SetAnalogIO.srv
[32.128s] -- Symlinking: /home/benongnuel/dev_ws/src/xarm_ros2/install/xarm_msgs/share/xarm_msgs/srv/SetAnalogIO_Request.msg
[32.134s] -- Symlinking: /home/benongnuel/dev_ws/src/xarm_ros2/install/xarm_msgs/share/xarm_msgs/srv/SetAnalogIO_Response.msg
[32.139s] -- Symlinking: /home/benongnuel/dev_ws/src/xarm_ros2/install/xarm_msgs/share/xarm_msgs/srv/SetDigitalIO.srv
[32.144s] -- Symlinking: /home/benongnuel/dev_ws/src/xarm_ros2/install/xarm_msgs/share/xarm_msgs/srv/SetDigitalIO_Request.msg
[32.151s] -- Symlinking: /home/benongnuel/dev_ws/src/xarm_ros2/install/xarm_msgs/share/xarm_msgs/srv/SetDigitalIO_Response.msg
[32.156s] -- Symlinking: /home/benongnuel/dev_ws/src/xarm_ros2/install/xarm_msgs/share/xarm_msgs/srv/SetFloat32.srv
[32.162s] -- Symlinking: /home/benongnuel/dev_ws/src/xarm_ros2/install/xarm_msgs/share/xarm_msgs/srv/SetFloat32_Request.msg
[32.168s] -- Symlinking: /home/benongnuel/dev_ws/src/xarm_ros2/install/xarm_msgs/share/xarm_msgs/srv/SetFloat32_Response.msg
[32.174s] -- Symlinking: /home/benongnuel/dev_ws/src/xarm_ros2/install/xarm_msgs/share/xarm_msgs/srv/SetFloat32List.srv
[32.179s] -- Symlinking: /home/benongnuel/dev_ws/src/xarm_ros2/install/xarm_msgs/share/xarm_msgs/srv/SetFloat32List_Request.msg
[32.184s] -- Symlinking: /home/benongnuel/dev_ws/src/xarm_ros2/install/xarm_msgs/share/xarm_msgs/srv/SetFloat32List_Response.msg
[32.190s] -- Symlinking: /home/benongnuel/dev_ws/src/xarm_ros2/install/xarm_msgs/share/xarm_msgs/srv/SetInt16.srv
[32.196s] -- Symlinking: /home/benongnuel/dev_ws/src/xarm_ros2/install/xarm_msgs/share/xarm_msgs/srv/SetInt16_Request.msg
[32.203s] -- Symlinking: /home/benongnuel/dev_ws/src/xarm_ros2/install/xarm_msgs/share/xarm_msgs/srv/SetInt16_Response.msg
[32.208s] -- Symlinking: /home/benongnuel/dev_ws/src/xarm_ros2/install/xarm_msgs/share/xarm_msgs/srv/SetInt16ById.srv
[32.213s] -- Symlinking: /home/benongnuel/dev_ws/src/xarm_ros2/install/xarm_msgs/share/xarm_msgs/srv/SetInt16ById_Request.msg
[32.221s] -- Symlinking: /home/benongnuel/dev_ws/src/xarm_ros2/install/xarm_msgs/share/xarm_msgs/srv/SetInt16ById_Response.msg
[32.228s] -- Symlinking: /home/benongnuel/dev_ws/src/xarm_ros2/install/xarm_msgs/share/xarm_msgs/srv/SetInt16List.srv
[32.235s] -- Symlinking: /home/benongnuel/dev_ws/src/xarm_ros2/install/xarm_msgs/share/xarm_msgs/srv/SetInt16List_Request.msg
[32.241s] -- Symlinking: /home/benongnuel/dev_ws/src/xarm_ros2/install/xarm_msgs/share/xarm_msgs/srv/SetInt16List_Response.msg
[32.247s] -- Symlinking: /home/benongnuel/dev_ws/src/xarm_ros2/install/xarm_msgs/share/xarm_msgs/srv/SetInt32.srv
[32.252s] -- Symlinking: /home/benongnuel/dev_ws/src/xarm_ros2/install/xarm_msgs/share/xarm_msgs/srv/SetInt32_Request.msg
[32.258s] -- Symlinking: /home/benongnuel/dev_ws/src/xarm_ros2/install/xarm_msgs/share/xarm_msgs/srv/SetInt32_Response.msg
[32.264s] -- Symlinking: /home/benongnuel/dev_ws/src/xarm_ros2/install/xarm_msgs/share/xarm_msgs/srv/SetInt32ByType.srv
[32.270s] -- Symlinking: /home/benongnuel/dev_ws/src/xarm_ros2/install/xarm_msgs/share/xarm_msgs/srv/SetInt32ByType_Request.msg
[32.279s] -- Symlinking: /home/benongnuel/dev_ws/src/xarm_ros2/install/xarm_msgs/share/xarm_msgs/srv/SetInt32ByType_Response.msg
[32.285s] -- Symlinking: /home/benongnuel/dev_ws/src/xarm_ros2/install/xarm_msgs/share/xarm_msgs/srv/TrajCtrl.srv
[32.291s] -- Symlinking: /home/benongnuel/dev_ws/src/xarm_ros2/install/xarm_msgs/share/xarm_msgs/srv/TrajCtrl_Request.msg
[32.296s] -- Symlinking: /home/benongnuel/dev_ws/src/xarm_ros2/install/xarm_msgs/share/xarm_msgs/srv/TrajCtrl_Response.msg
[32.303s] -- Symlinking: /home/benongnuel/dev_ws/src/xarm_ros2/install/xarm_msgs/share/xarm_msgs/srv/TrajPlay.srv
[32.310s] -- Symlinking: /home/benongnuel/dev_ws/src/xarm_ros2/install/xarm_msgs/share/xarm_msgs/srv/TrajPlay_Request.msg
[32.317s] -- Symlinking: /home/benongnuel/dev_ws/src/xarm_ros2/install/xarm_msgs/share/xarm_msgs/srv/TrajPlay_Response.msg
[32.324s] -- Symlinking: /home/benongnuel/dev_ws/src/xarm_ros2/install/xarm_msgs/share/xarm_msgs/srv/VacuumGripperCtrl.srv
[32.332s] -- Symlinking: /home/benongnuel/dev_ws/src/xarm_ros2/install/xarm_msgs/share/xarm_msgs/srv/VacuumGripperCtrl_Request.msg
[32.337s] -- Symlinking: /home/benongnuel/dev_ws/src/xarm_ros2/install/xarm_msgs/share/xarm_msgs/srv/VacuumGripperCtrl_Response.msg
[32.345s] -- Symlinking: /home/benongnuel/dev_ws/src/xarm_ros2/install/xarm_msgs/share/xarm_msgs/srv/SetTcpLoad.srv
[32.353s] -- Symlinking: /home/benongnuel/dev_ws/src/xarm_ros2/install/xarm_msgs/share/xarm_msgs/srv/SetTcpLoad_Request.msg
[32.361s] -- Symlinking: /home/benongnuel/dev_ws/src/xarm_ros2/install/xarm_msgs/share/xarm_msgs/srv/SetTcpLoad_Response.msg
[32.368s] -- Symlinking: /home/benongnuel/dev_ws/src/xarm_ros2/install/xarm_msgs/share/xarm_msgs/srv/SetModbusTimeout.srv
[32.373s] -- Symlinking: /home/benongnuel/dev_ws/src/xarm_ros2/install/xarm_msgs/share/xarm_msgs/srv/SetModbusTimeout_Request.msg
[32.379s] -- Symlinking: /home/benongnuel/dev_ws/src/xarm_ros2/install/xarm_msgs/share/xarm_msgs/srv/SetModbusTimeout_Response.msg
[32.385s] -- Symlinking: /home/benongnuel/dev_ws/src/xarm_ros2/install/xarm_msgs/share/xarm_msgs/srv/IdenLoad.srv
[32.395s] -- Symlinking: /home/benongnuel/dev_ws/src/xarm_ros2/install/xarm_msgs/share/xarm_msgs/srv/IdenLoad_Request.msg
[32.402s] -- Symlinking: /home/benongnuel/dev_ws/src/xarm_ros2/install/xarm_msgs/share/xarm_msgs/srv/IdenLoad_Response.msg
[32.408s] -- Symlinking: /home/benongnuel/dev_ws/src/xarm_ros2/install/xarm_msgs/share/xarm_msgs/srv/FtCaliLoad.srv
[32.416s] -- Symlinking: /home/benongnuel/dev_ws/src/xarm_ros2/install/xarm_msgs/share/xarm_msgs/srv/FtCaliLoad_Request.msg
[32.423s] -- Symlinking: /home/benongnuel/dev_ws/src/xarm_ros2/install/xarm_msgs/share/xarm_msgs/srv/FtCaliLoad_Response.msg
[32.430s] -- Symlinking: /home/benongnuel/dev_ws/src/xarm_ros2/install/xarm_msgs/share/xarm_msgs/srv/FtForceConfig.srv
[32.436s] -- Symlinking: /home/benongnuel/dev_ws/src/xarm_ros2/install/xarm_msgs/share/xarm_msgs/srv/FtForceConfig_Request.msg
[32.441s] -- Symlinking: /home/benongnuel/dev_ws/src/xarm_ros2/install/xarm_msgs/share/xarm_msgs/srv/FtForceConfig_Response.msg
[32.447s] -- Symlinking: /home/benongnuel/dev_ws/src/xarm_ros2/install/xarm_msgs/share/xarm_msgs/srv/FtForcePid.srv
[32.454s] -- Symlinking: /home/benongnuel/dev_ws/src/xarm_ros2/install/xarm_msgs/share/xarm_msgs/srv/FtForcePid_Request.msg
[32.461s] -- Symlinking: /home/benongnuel/dev_ws/src/xarm_ros2/install/xarm_msgs/share/xarm_msgs/srv/FtForcePid_Response.msg
[32.467s] -- Symlinking: /home/benongnuel/dev_ws/src/xarm_ros2/install/xarm_msgs/share/xarm_msgs/srv/FtImpedance.srv
[32.473s] -- Symlinking: /home/benongnuel/dev_ws/src/xarm_ros2/install/xarm_msgs/share/xarm_msgs/srv/FtImpedance_Request.msg
[32.480s] -- Symlinking: /home/benongnuel/dev_ws/src/xarm_ros2/install/xarm_msgs/share/xarm_msgs/srv/FtImpedance_Response.msg
[32.487s] -- Symlinking: /home/benongnuel/dev_ws/src/xarm_ros2/install/xarm_msgs/share/xarm_msgs/srv/LinearTrackBackOrigin.srv
[32.495s] -- Symlinking: /home/benongnuel/dev_ws/src/xarm_ros2/install/xarm_msgs/share/xarm_msgs/srv/LinearTrackBackOrigin_Request.msg
[32.502s] -- Symlinking: /home/benongnuel/dev_ws/src/xarm_ros2/install/xarm_msgs/share/xarm_msgs/srv/LinearTrackBackOrigin_Response.msg
[32.509s] -- Symlinking: /home/benongnuel/dev_ws/src/xarm_ros2/install/xarm_msgs/share/xarm_msgs/srv/LinearTrackSetPos.srv
[32.515s] -- Symlinking: /home/benongnuel/dev_ws/src/xarm_ros2/install/xarm_msgs/share/xarm_msgs/srv/LinearTrackSetPos_Request.msg
[32.522s] -- Symlinking: /home/benongnuel/dev_ws/src/xarm_ros2/install/xarm_msgs/share/xarm_msgs/srv/LinearTrackSetPos_Response.msg
[32.528s] -- Symlinking: /home/benongnuel/dev_ws/src/xarm_ros2/install/xarm_msgs/share/xarm_msgs/srv/PlanExec.srv
[32.534s] -- Symlinking: /home/benongnuel/dev_ws/src/xarm_ros2/install/xarm_msgs/share/xarm_msgs/srv/PlanExec_Request.msg
[32.539s] -- Symlinking: /home/benongnuel/dev_ws/src/xarm_ros2/install/xarm_msgs/share/xarm_msgs/srv/PlanExec_Response.msg
[32.546s] -- Symlinking: /home/benongnuel/dev_ws/src/xarm_ros2/install/xarm_msgs/share/xarm_msgs/srv/PlanJoint.srv
[32.551s] -- Symlinking: /home/benongnuel/dev_ws/src/xarm_ros2/install/xarm_msgs/share/xarm_msgs/srv/PlanJoint_Request.msg
[32.557s] -- Symlinking: /home/benongnuel/dev_ws/src/xarm_ros2/install/xarm_msgs/share/xarm_msgs/srv/PlanJoint_Response.msg
[32.564s] -- Symlinking: /home/benongnuel/dev_ws/src/xarm_ros2/install/xarm_msgs/share/xarm_msgs/srv/PlanPose.srv
[32.571s] -- Symlinking: /home/benongnuel/dev_ws/src/xarm_ros2/install/xarm_msgs/share/xarm_msgs/srv/PlanPose_Request.msg
[32.577s] -- Symlinking: /home/benongnuel/dev_ws/src/xarm_ros2/install/xarm_msgs/share/xarm_msgs/srv/PlanPose_Response.msg
[32.582s] -- Symlinking: /home/benongnuel/dev_ws/src/xarm_ros2/install/xarm_msgs/share/xarm_msgs/srv/PlanSingleStraight.srv
[32.588s] -- Symlinking: /home/benongnuel/dev_ws/src/xarm_ros2/install/xarm_msgs/share/xarm_msgs/srv/PlanSingleStraight_Request.msg
[32.594s] -- Symlinking: /home/benongnuel/dev_ws/src/xarm_ros2/install/xarm_msgs/share/xarm_msgs/srv/PlanSingleStraight_Response.msg
[32.600s] -- Symlinking: /home/benongnuel/dev_ws/src/xarm_ros2/install/xarm_msgs/share/ament_index/resource_index/package_run_dependencies/xarm_msgs
[32.606s] -- Symlinking: /home/benongnuel/dev_ws/src/xarm_ros2/install/xarm_msgs/share/ament_index/resource_index/parent_prefix_path/xarm_msgs
[32.612s] -- Symlinking: /home/benongnuel/dev_ws/src/xarm_ros2/install/xarm_msgs/share/xarm_msgs/environment/ament_prefix_path.sh
[32.617s] -- Symlinking: /home/benongnuel/dev_ws/src/xarm_ros2/install/xarm_msgs/share/xarm_msgs/environment/ament_prefix_path.dsv
[32.623s] -- Symlinking: /home/benongnuel/dev_ws/src/xarm_ros2/install/xarm_msgs/share/xarm_msgs/environment/path.sh
[32.630s] -- Symlinking: /home/benongnuel/dev_ws/src/xarm_ros2/install/xarm_msgs/share/xarm_msgs/environment/path.dsv
[32.636s] -- Symlinking: /home/benongnuel/dev_ws/src/xarm_ros2/install/xarm_msgs/share/xarm_msgs/local_setup.bash
[32.643s] -- Symlinking: /home/benongnuel/dev_ws/src/xarm_ros2/install/xarm_msgs/share/xarm_msgs/local_setup.sh
[32.651s] -- Symlinking: /home/benongnuel/dev_ws/src/xarm_ros2/install/xarm_msgs/share/xarm_msgs/local_setup.zsh
[32.658s] -- Symlinking: /home/benongnuel/dev_ws/src/xarm_ros2/install/xarm_msgs/share/xarm_msgs/local_setup.dsv
[32.665s] -- Symlinking: /home/benongnuel/dev_ws/src/xarm_ros2/install/xarm_msgs/share/xarm_msgs/package.dsv
[32.673s] -- Symlinking: /home/benongnuel/dev_ws/src/xarm_ros2/install/xarm_msgs/share/ament_index/resource_index/packages/xarm_msgs
[32.679s] -- Symlinking: /home/benongnuel/dev_ws/src/xarm_ros2/install/xarm_msgs/share/xarm_msgs/cmake/rosidl_cmake-extras.cmake
[32.684s] -- Symlinking: /home/benongnuel/dev_ws/src/xarm_ros2/install/xarm_msgs/share/xarm_msgs/cmake/ament_cmake_export_dependencies-extras.cmake
[32.692s] -- Symlinking: /home/benongnuel/dev_ws/src/xarm_ros2/install/xarm_msgs/share/xarm_msgs/cmake/ament_cmake_export_include_directories-extras.cmake
[32.698s] -- Symlinking: /home/benongnuel/dev_ws/src/xarm_ros2/install/xarm_msgs/share/xarm_msgs/cmake/ament_cmake_export_libraries-extras.cmake
[32.704s] -- Symlinking: /home/benongnuel/dev_ws/src/xarm_ros2/install/xarm_msgs/share/xarm_msgs/cmake/ament_cmake_export_targets-extras.cmake
[32.710s] -- Symlinking: /home/benongnuel/dev_ws/src/xarm_ros2/install/xarm_msgs/share/xarm_msgs/cmake/rosidl_cmake_export_typesupport_targets-extras.cmake
[32.717s] -- Symlinking: /home/benongnuel/dev_ws/src/xarm_ros2/install/xarm_msgs/share/xarm_msgs/cmake/rosidl_cmake_export_typesupport_libraries-extras.cmake
[32.723s] -- Symlinking: /home/benongnuel/dev_ws/src/xarm_ros2/install/xarm_msgs/share/xarm_msgs/cmake/xarm_msgsConfig.cmake
[32.728s] -- Symlinking: /home/benongnuel/dev_ws/src/xarm_ros2/install/xarm_msgs/share/xarm_msgs/cmake/xarm_msgsConfig-version.cmake
[32.734s] -- Symlinking: /home/benongnuel/dev_ws/src/xarm_ros2/install/xarm_msgs/share/xarm_msgs/package.xml
[32.741s] -- Installing: /home/benongnuel/dev_ws/src/xarm_ros2/install/xarm_msgs/lib/libxarm_msgs__rosidl_generator_c.so
[32.742s] -- Set runtime path of "/home/benongnuel/dev_ws/src/xarm_ros2/install/xarm_msgs/lib/libxarm_msgs__rosidl_generator_c.so" to ""
[32.742s] -- Installing: /home/benongnuel/dev_ws/src/xarm_ros2/install/xarm_msgs/lib/libxarm_msgs__rosidl_typesupport_fastrtps_c.so
[32.742s] -- Set runtime path of "/home/benongnuel/dev_ws/src/xarm_ros2/install/xarm_msgs/lib/libxarm_msgs__rosidl_typesupport_fastrtps_c.so" to ""
[32.742s] -- Installing: /home/benongnuel/dev_ws/src/xarm_ros2/install/xarm_msgs/lib/libxarm_msgs__rosidl_typesupport_fastrtps_cpp.so
[32.743s] -- Set runtime path of "/home/benongnuel/dev_ws/src/xarm_ros2/install/xarm_msgs/lib/libxarm_msgs__rosidl_typesupport_fastrtps_cpp.so" to ""
[32.743s] -- Installing: /home/benongnuel/dev_ws/src/xarm_ros2/install/xarm_msgs/lib/libxarm_msgs__rosidl_typesupport_introspection_c.so
[32.743s] -- Set runtime path of "/home/benongnuel/dev_ws/src/xarm_ros2/install/xarm_msgs/lib/libxarm_msgs__rosidl_typesupport_introspection_c.so" to ""
[32.743s] -- Installing: /home/benongnuel/dev_ws/src/xarm_ros2/install/xarm_msgs/lib/libxarm_msgs__rosidl_typesupport_c.so
[32.743s] -- Set runtime path of "/home/benongnuel/dev_ws/src/xarm_ros2/install/xarm_msgs/lib/libxarm_msgs__rosidl_typesupport_c.so" to ""
[32.743s] -- Installing: /home/benongnuel/dev_ws/src/xarm_ros2/install/xarm_msgs/lib/libxarm_msgs__rosidl_typesupport_introspection_cpp.so
[32.744s] -- Set runtime path of "/home/benongnuel/dev_ws/src/xarm_ros2/install/xarm_msgs/lib/libxarm_msgs__rosidl_typesupport_introspection_cpp.so" to ""
[32.744s] -- Installing: /home/benongnuel/dev_ws/src/xarm_ros2/install/xarm_msgs/lib/libxarm_msgs__rosidl_typesupport_cpp.so
[32.744s] -- Set runtime path of "/home/benongnuel/dev_ws/src/xarm_ros2/install/xarm_msgs/lib/libxarm_msgs__rosidl_typesupport_cpp.so" to ""
[32.818s] Listing '/home/benongnuel/dev_ws/src/xarm_ros2/install/xarm_msgs/local/lib/python3.10/dist-packages/xarm_msgs'...
[32.818s] Compiling '/home/benongnuel/dev_ws/src/xarm_ros2/install/xarm_msgs/local/lib/python3.10/dist-packages/xarm_msgs/__init__.py'...
[32.818s] Listing '/home/benongnuel/dev_ws/src/xarm_ros2/install/xarm_msgs/local/lib/python3.10/dist-packages/xarm_msgs/msg'...
[32.818s] Compiling '/home/benongnuel/dev_ws/src/xarm_ros2/install/xarm_msgs/local/lib/python3.10/dist-packages/xarm_msgs/msg/__init__.py'...
[32.818s] Compiling '/home/benongnuel/dev_ws/src/xarm_ros2/install/xarm_msgs/local/lib/python3.10/dist-packages/xarm_msgs/msg/_cio_state.py'...
[32.818s] Compiling '/home/benongnuel/dev_ws/src/xarm_ros2/install/xarm_msgs/local/lib/python3.10/dist-packages/xarm_msgs/msg/_io_state.py'...
[32.818s] Compiling '/home/benongnuel/dev_ws/src/xarm_ros2/install/xarm_msgs/local/lib/python3.10/dist-packages/xarm_msgs/msg/_move_velocity.py'...
[32.818s] Compiling '/home/benongnuel/dev_ws/src/xarm_ros2/install/xarm_msgs/local/lib/python3.10/dist-packages/xarm_msgs/msg/_robot_msg.py'...
[32.818s] Listing '/home/benongnuel/dev_ws/src/xarm_ros2/install/xarm_msgs/local/lib/python3.10/dist-packages/xarm_msgs/srv'...
[32.818s] Compiling '/home/benongnuel/dev_ws/src/xarm_ros2/install/xarm_msgs/local/lib/python3.10/dist-packages/xarm_msgs/srv/__init__.py'...
[32.818s] Compiling '/home/benongnuel/dev_ws/src/xarm_ros2/install/xarm_msgs/local/lib/python3.10/dist-packages/xarm_msgs/srv/_bio_gripper_ctrl.py'...
[32.818s] Compiling '/home/benongnuel/dev_ws/src/xarm_ros2/install/xarm_msgs/local/lib/python3.10/dist-packages/xarm_msgs/srv/_bio_gripper_enable.py'...
[32.818s] Compiling '/home/benongnuel/dev_ws/src/xarm_ros2/install/xarm_msgs/local/lib/python3.10/dist-packages/xarm_msgs/srv/_call.py'...
[32.818s] Compiling '/home/benongnuel/dev_ws/src/xarm_ros2/install/xarm_msgs/local/lib/python3.10/dist-packages/xarm_msgs/srv/_ft_cali_load.py'...
[32.818s] Compiling '/home/benongnuel/dev_ws/src/xarm_ros2/install/xarm_msgs/local/lib/python3.10/dist-packages/xarm_msgs/srv/_ft_force_config.py'...
[32.818s] Compiling '/home/benongnuel/dev_ws/src/xarm_ros2/install/xarm_msgs/local/lib/python3.10/dist-packages/xarm_msgs/srv/_ft_force_pid.py'...
[32.818s] Compiling '/home/benongnuel/dev_ws/src/xarm_ros2/install/xarm_msgs/local/lib/python3.10/dist-packages/xarm_msgs/srv/_ft_impedance.py'...
[32.818s] Compiling '/home/benongnuel/dev_ws/src/xarm_ros2/install/xarm_msgs/local/lib/python3.10/dist-packages/xarm_msgs/srv/_get_analog_io.py'...
[32.818s] Compiling '/home/benongnuel/dev_ws/src/xarm_ros2/install/xarm_msgs/local/lib/python3.10/dist-packages/xarm_msgs/srv/_get_digital_io.py'...
[32.818s] Compiling '/home/benongnuel/dev_ws/src/xarm_ros2/install/xarm_msgs/local/lib/python3.10/dist-packages/xarm_msgs/srv/_get_float32.py'...
[32.819s] Compiling '/home/benongnuel/dev_ws/src/xarm_ros2/install/xarm_msgs/local/lib/python3.10/dist-packages/xarm_msgs/srv/_get_float32_list.py'...
[32.819s] Compiling '/home/benongnuel/dev_ws/src/xarm_ros2/install/xarm_msgs/local/lib/python3.10/dist-packages/xarm_msgs/srv/_get_int16.py'...
[32.819s] Compiling '/home/benongnuel/dev_ws/src/xarm_ros2/install/xarm_msgs/local/lib/python3.10/dist-packages/xarm_msgs/srv/_get_int16_list.py'...
[32.819s] Compiling '/home/benongnuel/dev_ws/src/xarm_ros2/install/xarm_msgs/local/lib/python3.10/dist-packages/xarm_msgs/srv/_get_int32.py'...
[32.819s] Compiling '/home/benongnuel/dev_ws/src/xarm_ros2/install/xarm_msgs/local/lib/python3.10/dist-packages/xarm_msgs/srv/_get_int32_by_type.py'...
[32.819s] Compiling '/home/benongnuel/dev_ws/src/xarm_ros2/install/xarm_msgs/local/lib/python3.10/dist-packages/xarm_msgs/srv/_get_set_modbus_data.py'...
[32.819s] Compiling '/home/benongnuel/dev_ws/src/xarm_ros2/install/xarm_msgs/local/lib/python3.10/dist-packages/xarm_msgs/srv/_gripper_move.py'...
[32.819s] Compiling '/home/benongnuel/dev_ws/src/xarm_ros2/install/xarm_msgs/local/lib/python3.10/dist-packages/xarm_msgs/srv/_iden_load.py'...
[32.819s] Compiling '/home/benongnuel/dev_ws/src/xarm_ros2/install/xarm_msgs/local/lib/python3.10/dist-packages/xarm_msgs/srv/_linear_track_back_origin.py'...
[32.819s] Compiling '/home/benongnuel/dev_ws/src/xarm_ros2/install/xarm_msgs/local/lib/python3.10/dist-packages/xarm_msgs/srv/_linear_track_set_pos.py'...
[32.819s] Compiling '/home/benongnuel/dev_ws/src/xarm_ros2/install/xarm_msgs/local/lib/python3.10/dist-packages/xarm_msgs/srv/_move_cartesian.py'...
[32.819s] Compiling '/home/benongnuel/dev_ws/src/xarm_ros2/install/xarm_msgs/local/lib/python3.10/dist-packages/xarm_msgs/srv/_move_circle.py'...
[32.819s] Compiling '/home/benongnuel/dev_ws/src/xarm_ros2/install/xarm_msgs/local/lib/python3.10/dist-packages/xarm_msgs/srv/_move_home.py'...
[32.819s] Compiling '/home/benongnuel/dev_ws/src/xarm_ros2/install/xarm_msgs/local/lib/python3.10/dist-packages/xarm_msgs/srv/_move_joint.py'...
[32.819s] Compiling '/home/benongnuel/dev_ws/src/xarm_ros2/install/xarm_msgs/local/lib/python3.10/dist-packages/xarm_msgs/srv/_move_velocity.py'...
[32.819s] Compiling '/home/benongnuel/dev_ws/src/xarm_ros2/install/xarm_msgs/local/lib/python3.10/dist-packages/xarm_msgs/srv/_plan_exec.py'...
[32.819s] Compiling '/home/benongnuel/dev_ws/src/xarm_ros2/install/xarm_msgs/local/lib/python3.10/dist-packages/xarm_msgs/srv/_plan_joint.py'...
[32.819s] Compiling '/home/benongnuel/dev_ws/src/xarm_ros2/install/xarm_msgs/local/lib/python3.10/dist-packages/xarm_msgs/srv/_plan_pose.py'...
[32.819s] Compiling '/home/benongnuel/dev_ws/src/xarm_ros2/install/xarm_msgs/local/lib/python3.10/dist-packages/xarm_msgs/srv/_plan_single_straight.py'...
[32.819s] Compiling '/home/benongnuel/dev_ws/src/xarm_ros2/install/xarm_msgs/local/lib/python3.10/dist-packages/xarm_msgs/srv/_robotiq_activate.py'...
[32.819s] Compiling '/home/benongnuel/dev_ws/src/xarm_ros2/install/xarm_msgs/local/lib/python3.10/dist-packages/xarm_msgs/srv/_robotiq_get_status.py'...
[32.819s] Compiling '/home/benongnuel/dev_ws/src/xarm_ros2/install/xarm_msgs/local/lib/python3.10/dist-packages/xarm_msgs/srv/_robotiq_move.py'...
[32.819s] Compiling '/home/benongnuel/dev_ws/src/xarm_ros2/install/xarm_msgs/local/lib/python3.10/dist-packages/xarm_msgs/srv/_robotiq_reset.py'...
[32.819s] Compiling '/home/benongnuel/dev_ws/src/xarm_ros2/install/xarm_msgs/local/lib/python3.10/dist-packages/xarm_msgs/srv/_set_analog_io.py'...
[32.819s] Compiling '/home/benongnuel/dev_ws/src/xarm_ros2/install/xarm_msgs/local/lib/python3.10/dist-packages/xarm_msgs/srv/_set_digital_io.py'...
[32.819s] Compiling '/home/benongnuel/dev_ws/src/xarm_ros2/install/xarm_msgs/local/lib/python3.10/dist-packages/xarm_msgs/srv/_set_float32.py'...
[32.819s] Compiling '/home/benongnuel/dev_ws/src/xarm_ros2/install/xarm_msgs/local/lib/python3.10/dist-packages/xarm_msgs/srv/_set_float32_list.py'...
[32.819s] Compiling '/home/benongnuel/dev_ws/src/xarm_ros2/install/xarm_msgs/local/lib/python3.10/dist-packages/xarm_msgs/srv/_set_int16.py'...
[32.819s] Compiling '/home/benongnuel/dev_ws/src/xarm_ros2/install/xarm_msgs/local/lib/python3.10/dist-packages/xarm_msgs/srv/_set_int16_by_id.py'...
[32.819s] Compiling '/home/benongnuel/dev_ws/src/xarm_ros2/install/xarm_msgs/local/lib/python3.10/dist-packages/xarm_msgs/srv/_set_int16_list.py'...
[32.819s] Compiling '/home/benongnuel/dev_ws/src/xarm_ros2/install/xarm_msgs/local/lib/python3.10/dist-packages/xarm_msgs/srv/_set_int32.py'...
[32.819s] Compiling '/home/benongnuel/dev_ws/src/xarm_ros2/install/xarm_msgs/local/lib/python3.10/dist-packages/xarm_msgs/srv/_set_int32_by_type.py'...
[32.819s] Compiling '/home/benongnuel/dev_ws/src/xarm_ros2/install/xarm_msgs/local/lib/python3.10/dist-packages/xarm_msgs/srv/_set_modbus_timeout.py'...
[32.819s] Compiling '/home/benongnuel/dev_ws/src/xarm_ros2/install/xarm_msgs/local/lib/python3.10/dist-packages/xarm_msgs/srv/_set_tcp_load.py'...
[32.819s] Compiling '/home/benongnuel/dev_ws/src/xarm_ros2/install/xarm_msgs/local/lib/python3.10/dist-packages/xarm_msgs/srv/_traj_ctrl.py'...
[32.819s] Compiling '/home/benongnuel/dev_ws/src/xarm_ros2/install/xarm_msgs/local/lib/python3.10/dist-packages/xarm_msgs/srv/_traj_play.py'...
[32.819s] Compiling '/home/benongnuel/dev_ws/src/xarm_ros2/install/xarm_msgs/local/lib/python3.10/dist-packages/xarm_msgs/srv/_vacuum_gripper_ctrl.py'...
[32.821s] -- Installing: /home/benongnuel/dev_ws/src/xarm_ros2/install/xarm_msgs/lib/libxarm_msgs__rosidl_generator_py.so
[32.822s] -- Set runtime path of "/home/benongnuel/dev_ws/src/xarm_ros2/install/xarm_msgs/lib/libxarm_msgs__rosidl_generator_py.so" to ""
[32.822s] -- Installing: /home/benongnuel/dev_ws/src/xarm_ros2/install/xarm_msgs/share/xarm_msgs/cmake/export_xarm_msgs__rosidl_generator_cExport.cmake
[32.822s] -- Installing: /home/benongnuel/dev_ws/src/xarm_ros2/install/xarm_msgs/share/xarm_msgs/cmake/export_xarm_msgs__rosidl_generator_cExport-noconfig.cmake
[32.822s] -- Installing: /home/benongnuel/dev_ws/src/xarm_ros2/install/xarm_msgs/share/xarm_msgs/cmake/export_xarm_msgs__rosidl_typesupport_fastrtps_cExport.cmake
[32.822s] -- Installing: /home/benongnuel/dev_ws/src/xarm_ros2/install/xarm_msgs/share/xarm_msgs/cmake/export_xarm_msgs__rosidl_typesupport_fastrtps_cExport-noconfig.cmake
[32.822s] -- Installing: /home/benongnuel/dev_ws/src/xarm_ros2/install/xarm_msgs/share/xarm_msgs/cmake/export_xarm_msgs__rosidl_generator_cppExport.cmake
[32.822s] -- Installing: /home/benongnuel/dev_ws/src/xarm_ros2/install/xarm_msgs/share/xarm_msgs/cmake/export_xarm_msgs__rosidl_typesupport_fastrtps_cppExport.cmake
[32.822s] -- Installing: /home/benongnuel/dev_ws/src/xarm_ros2/install/xarm_msgs/share/xarm_msgs/cmake/export_xarm_msgs__rosidl_typesupport_fastrtps_cppExport-noconfig.cmake
[32.822s] -- Installing: /home/benongnuel/dev_ws/src/xarm_ros2/install/xarm_msgs/share/xarm_msgs/cmake/xarm_msgs__rosidl_typesupport_introspection_cExport.cmake
[32.822s] -- Installing: /home/benongnuel/dev_ws/src/xarm_ros2/install/xarm_msgs/share/xarm_msgs/cmake/xarm_msgs__rosidl_typesupport_introspection_cExport-noconfig.cmake
[32.822s] -- Installing: /home/benongnuel/dev_ws/src/xarm_ros2/install/xarm_msgs/share/xarm_msgs/cmake/xarm_msgs__rosidl_typesupport_cExport.cmake
[32.822s] -- Installing: /home/benongnuel/dev_ws/src/xarm_ros2/install/xarm_msgs/share/xarm_msgs/cmake/xarm_msgs__rosidl_typesupport_cExport-noconfig.cmake
[32.822s] -- Installing: /home/benongnuel/dev_ws/src/xarm_ros2/install/xarm_msgs/share/xarm_msgs/cmake/xarm_msgs__rosidl_typesupport_introspection_cppExport.cmake
[32.822s] -- Installing: /home/benongnuel/dev_ws/src/xarm_ros2/install/xarm_msgs/share/xarm_msgs/cmake/xarm_msgs__rosidl_typesupport_introspection_cppExport-noconfig.cmake
[32.822s] -- Installing: /home/benongnuel/dev_ws/src/xarm_ros2/install/xarm_msgs/share/xarm_msgs/cmake/xarm_msgs__rosidl_typesupport_cppExport.cmake
[32.822s] -- Installing: /home/benongnuel/dev_ws/src/xarm_ros2/install/xarm_msgs/share/xarm_msgs/cmake/xarm_msgs__rosidl_typesupport_cppExport-noconfig.cmake
[32.822s] -- Installing: /home/benongnuel/dev_ws/src/xarm_ros2/install/xarm_msgs/share/xarm_msgs/cmake/export_xarm_msgs__rosidl_generator_pyExport.cmake
[32.822s] -- Installing: /home/benongnuel/dev_ws/src/xarm_ros2/install/xarm_msgs/share/xarm_msgs/cmake/export_xarm_msgs__rosidl_generator_pyExport-noconfig.cmake
[32.825s] Invoked command in '/home/benongnuel/dev_ws/src/xarm_ros2/build/xarm_msgs' returned '0': CMAKE_PREFIX_PATH=${CMAKE_PREFIX_PATH}:/home/benongnuel/dev_ws/install/uf_ros_lib:/home/benongnuel/dev_ws/install/my_gripper_scripts:/opt/ros/humble /usr/bin/cmake --install /home/benongnuel/dev_ws/src/xarm_ros2/build/xarm_msgs
