[0.057s] DEBUG:colcon:Command line arguments: ['/usr/bin/colcon', 'build', '--symlink-install']
[0.057s] DEBUG:colcon:Parsed command line arguments: Namespace(log_base=None, log_level=None, verb_name='build', build_base='build', install_base='install', merge_install=False, symlink_install=True, test_result_base=None, continue_on_error=False, executor='parallel', parallel_workers=16, event_handlers=None, ignore_user_meta=False, metas=['./colcon.meta'], base_paths=['.'], packages_ignore=None, packages_ignore_regex=None, paths=None, packages_up_to=None, packages_up_to_regex=None, packages_above=None, packages_above_and_dependencies=None, packages_above_depth=None, packages_select_by_dep=None, packages_skip_by_dep=None, packages_skip_up_to=None, packages_select_build_failed=False, packages_skip_build_finished=False, packages_select_test_failures=False, packages_skip_test_passed=False, packages_select=None, packages_skip=None, packages_select_regex=None, packages_skip_regex=None, packages_start=None, packages_end=None, allow_overriding=[], cmake_args=None, cmake_target=None, cmake_target_skip_unavailable=False, cmake_clean_cache=False, cmake_clean_first=False, cmake_force_configure=False, ament_cmake_args=None, catkin_cmake_args=None, catkin_skip_building_tests=False, mixin_files=None, mixin=None, verb_parser=<colcon_mixin.mixin.mixin_argument.MixinArgumentDecorator object at 0x713bd1861a80>, verb_extension=<colcon_core.verb.build.BuildVerb object at 0x713bd1860c10>, main=<bound method BuildVerb.main of <colcon_core.verb.build.BuildVerb object at 0x713bd1860c10>>, mixin_verb=('build',))
[0.136s] Level 1:colcon.colcon_core.package_discovery:discover_packages(colcon_meta) check parameters
[0.136s] Level 1:colcon.colcon_core.package_discovery:discover_packages(recursive) check parameters
[0.136s] Level 1:colcon.colcon_core.package_discovery:discover_packages(ignore) check parameters
[0.136s] Level 1:colcon.colcon_core.package_discovery:discover_packages(path) check parameters
[0.136s] Level 1:colcon.colcon_core.package_discovery:discover_packages(colcon_meta) discover
[0.136s] Level 1:colcon.colcon_core.package_discovery:discover_packages(recursive) discover
[0.136s] INFO:colcon.colcon_core.package_discovery:Crawling recursively for packages in '/home/benongnuel/dev_ws'
[0.136s] Level 1:colcon.colcon_core.package_identification:_identify(.) by extensions ['ignore', 'ignore_ament_install']
[0.136s] Level 1:colcon.colcon_core.package_identification:_identify(.) by extension 'ignore'
[0.136s] Level 1:colcon.colcon_core.package_identification:_identify(.) by extension 'ignore_ament_install'
[0.136s] Level 1:colcon.colcon_core.package_identification:_identify(.) by extensions ['colcon_pkg']
[0.136s] Level 1:colcon.colcon_core.package_identification:_identify(.) by extension 'colcon_pkg'
[0.136s] Level 1:colcon.colcon_core.package_identification:_identify(.) by extensions ['colcon_meta']
[0.136s] Level 1:colcon.colcon_core.package_identification:_identify(.) by extension 'colcon_meta'
[0.136s] Level 1:colcon.colcon_core.package_identification:_identify(.) by extensions ['ros']
[0.136s] Level 1:colcon.colcon_core.package_identification:_identify(.) by extension 'ros'
[0.142s] Level 1:colcon.colcon_core.package_identification:_identify(.) by extensions ['cmake', 'python']
[0.142s] Level 1:colcon.colcon_core.package_identification:_identify(.) by extension 'cmake'
[0.143s] Level 1:colcon.colcon_core.package_identification:_identify(.) by extension 'python'
[0.143s] Level 1:colcon.colcon_core.package_identification:_identify(.) by extensions ['python_setup_py']
[0.143s] Level 1:colcon.colcon_core.package_identification:_identify(.) by extension 'python_setup_py'
[0.143s] Level 1:colcon.colcon_core.package_identification:_identify(build) by extensions ['ignore', 'ignore_ament_install']
[0.143s] Level 1:colcon.colcon_core.package_identification:_identify(build) by extension 'ignore'
[0.143s] Level 1:colcon.colcon_core.package_identification:_identify(build) ignored
[0.143s] Level 1:colcon.colcon_core.package_identification:_identify(install) by extensions ['ignore', 'ignore_ament_install']
[0.143s] Level 1:colcon.colcon_core.package_identification:_identify(install) by extension 'ignore'
[0.143s] Level 1:colcon.colcon_core.package_identification:_identify(install) ignored
[0.143s] Level 1:colcon.colcon_core.package_identification:_identify(log) by extensions ['ignore', 'ignore_ament_install']
[0.143s] Level 1:colcon.colcon_core.package_identification:_identify(log) by extension 'ignore'
[0.143s] Level 1:colcon.colcon_core.package_identification:_identify(log) ignored
[0.143s] Level 1:colcon.colcon_core.package_identification:_identify(my_gripper_scripts) by extensions ['ignore', 'ignore_ament_install']
[0.143s] Level 1:colcon.colcon_core.package_identification:_identify(my_gripper_scripts) by extension 'ignore'
[0.143s] Level 1:colcon.colcon_core.package_identification:_identify(my_gripper_scripts) by extension 'ignore_ament_install'
[0.143s] Level 1:colcon.colcon_core.package_identification:_identify(my_gripper_scripts) by extensions ['colcon_pkg']
[0.143s] Level 1:colcon.colcon_core.package_identification:_identify(my_gripper_scripts) by extension 'colcon_pkg'
[0.143s] Level 1:colcon.colcon_core.package_identification:_identify(my_gripper_scripts) by extensions ['colcon_meta']
[0.143s] Level 1:colcon.colcon_core.package_identification:_identify(my_gripper_scripts) by extension 'colcon_meta'
[0.143s] Level 1:colcon.colcon_core.package_identification:_identify(my_gripper_scripts) by extensions ['ros']
[0.143s] Level 1:colcon.colcon_core.package_identification:_identify(my_gripper_scripts) by extension 'ros'
[0.144s] DEBUG:colcon.colcon_core.package_identification:Package 'my_gripper_scripts' with type 'ros.ament_python' and name 'my_gripper_scripts'
[0.145s] Level 1:colcon.colcon_core.package_identification:_identify(src) by extensions ['ignore', 'ignore_ament_install']
[0.145s] Level 1:colcon.colcon_core.package_identification:_identify(src) by extension 'ignore'
[0.145s] Level 1:colcon.colcon_core.package_identification:_identify(src) by extension 'ignore_ament_install'
[0.145s] Level 1:colcon.colcon_core.package_identification:_identify(src) by extensions ['colcon_pkg']
[0.145s] Level 1:colcon.colcon_core.package_identification:_identify(src) by extension 'colcon_pkg'
[0.145s] Level 1:colcon.colcon_core.package_identification:_identify(src) by extensions ['colcon_meta']
[0.145s] Level 1:colcon.colcon_core.package_identification:_identify(src) by extension 'colcon_meta'
[0.145s] Level 1:colcon.colcon_core.package_identification:_identify(src) by extensions ['ros']
[0.145s] Level 1:colcon.colcon_core.package_identification:_identify(src) by extension 'ros'
[0.145s] Level 1:colcon.colcon_core.package_identification:_identify(src) by extensions ['cmake', 'python']
[0.145s] Level 1:colcon.colcon_core.package_identification:_identify(src) by extension 'cmake'
[0.145s] Level 1:colcon.colcon_core.package_identification:_identify(src) by extension 'python'
[0.145s] Level 1:colcon.colcon_core.package_identification:_identify(src) by extensions ['python_setup_py']
[0.145s] Level 1:colcon.colcon_core.package_identification:_identify(src) by extension 'python_setup_py'
[0.145s] Level 1:colcon.colcon_core.package_identification:_identify(src/kdl_parser) by extensions ['ignore', 'ignore_ament_install']
[0.145s] Level 1:colcon.colcon_core.package_identification:_identify(src/kdl_parser) by extension 'ignore'
[0.145s] Level 1:colcon.colcon_core.package_identification:_identify(src/kdl_parser) by extension 'ignore_ament_install'
[0.145s] Level 1:colcon.colcon_core.package_identification:_identify(src/kdl_parser) by extensions ['colcon_pkg']
[0.145s] Level 1:colcon.colcon_core.package_identification:_identify(src/kdl_parser) by extension 'colcon_pkg'
[0.145s] Level 1:colcon.colcon_core.package_identification:_identify(src/kdl_parser) by extensions ['colcon_meta']
[0.145s] Level 1:colcon.colcon_core.package_identification:_identify(src/kdl_parser) by extension 'colcon_meta'
[0.145s] Level 1:colcon.colcon_core.package_identification:_identify(src/kdl_parser) by extensions ['ros']
[0.145s] Level 1:colcon.colcon_core.package_identification:_identify(src/kdl_parser) by extension 'ros'
[0.145s] Level 1:colcon.colcon_core.package_identification:_identify(src/kdl_parser) by extensions ['cmake', 'python']
[0.145s] Level 1:colcon.colcon_core.package_identification:_identify(src/kdl_parser) by extension 'cmake'
[0.145s] Level 1:colcon.colcon_core.package_identification:_identify(src/kdl_parser) by extension 'python'
[0.145s] Level 1:colcon.colcon_core.package_identification:_identify(src/kdl_parser) by extensions ['python_setup_py']
[0.145s] Level 1:colcon.colcon_core.package_identification:_identify(src/kdl_parser) by extension 'python_setup_py'
[0.145s] Level 1:colcon.colcon_core.package_identification:_identify(src/kdl_parser/kdl_parser) by extensions ['ignore', 'ignore_ament_install']
[0.145s] Level 1:colcon.colcon_core.package_identification:_identify(src/kdl_parser/kdl_parser) by extension 'ignore'
[0.145s] Level 1:colcon.colcon_core.package_identification:_identify(src/kdl_parser/kdl_parser) by extension 'ignore_ament_install'
[0.145s] Level 1:colcon.colcon_core.package_identification:_identify(src/kdl_parser/kdl_parser) by extensions ['colcon_pkg']
[0.145s] Level 1:colcon.colcon_core.package_identification:_identify(src/kdl_parser/kdl_parser) by extension 'colcon_pkg'
[0.145s] Level 1:colcon.colcon_core.package_identification:_identify(src/kdl_parser/kdl_parser) by extensions ['colcon_meta']
[0.145s] Level 1:colcon.colcon_core.package_identification:_identify(src/kdl_parser/kdl_parser) by extension 'colcon_meta'
[0.145s] Level 1:colcon.colcon_core.package_identification:_identify(src/kdl_parser/kdl_parser) by extensions ['ros']
[0.145s] Level 1:colcon.colcon_core.package_identification:_identify(src/kdl_parser/kdl_parser) by extension 'ros'
[0.146s] DEBUG:colcon.colcon_core.package_identification:Package 'src/kdl_parser/kdl_parser' with type 'ros.ament_cmake' and name 'kdl_parser'
[0.146s] Level 1:colcon.colcon_core.package_identification:_identify(src/kdl_parser/kdl_parser_py) by extensions ['ignore', 'ignore_ament_install']
[0.146s] Level 1:colcon.colcon_core.package_identification:_identify(src/kdl_parser/kdl_parser_py) by extension 'ignore'
[0.146s] Level 1:colcon.colcon_core.package_identification:_identify(src/kdl_parser/kdl_parser_py) by extension 'ignore_ament_install'
[0.146s] Level 1:colcon.colcon_core.package_identification:_identify(src/kdl_parser/kdl_parser_py) by extensions ['colcon_pkg']
[0.146s] Level 1:colcon.colcon_core.package_identification:_identify(src/kdl_parser/kdl_parser_py) by extension 'colcon_pkg'
[0.146s] Level 1:colcon.colcon_core.package_identification:_identify(src/kdl_parser/kdl_parser_py) by extensions ['colcon_meta']
[0.146s] Level 1:colcon.colcon_core.package_identification:_identify(src/kdl_parser/kdl_parser_py) by extension 'colcon_meta'
[0.146s] Level 1:colcon.colcon_core.package_identification:_identify(src/kdl_parser/kdl_parser_py) by extensions ['ros']
[0.146s] Level 1:colcon.colcon_core.package_identification:_identify(src/kdl_parser/kdl_parser_py) by extension 'ros'
[0.146s] Level 1:colcon.colcon_core.package_identification:_identify(src/kdl_parser/kdl_parser_py) ignored
[0.146s] Level 1:colcon.colcon_core.package_identification:_identify(src/xarm_ros2) by extensions ['ignore', 'ignore_ament_install']
[0.146s] Level 1:colcon.colcon_core.package_identification:_identify(src/xarm_ros2) by extension 'ignore'
[0.146s] Level 1:colcon.colcon_core.package_identification:_identify(src/xarm_ros2) by extension 'ignore_ament_install'
[0.146s] Level 1:colcon.colcon_core.package_identification:_identify(src/xarm_ros2) by extensions ['colcon_pkg']
[0.146s] Level 1:colcon.colcon_core.package_identification:_identify(src/xarm_ros2) by extension 'colcon_pkg'
[0.146s] Level 1:colcon.colcon_core.package_identification:_identify(src/xarm_ros2) by extensions ['colcon_meta']
[0.146s] Level 1:colcon.colcon_core.package_identification:_identify(src/xarm_ros2) by extension 'colcon_meta'
[0.146s] Level 1:colcon.colcon_core.package_identification:_identify(src/xarm_ros2) by extensions ['ros']
[0.146s] Level 1:colcon.colcon_core.package_identification:_identify(src/xarm_ros2) by extension 'ros'
[0.146s] Level 1:colcon.colcon_core.package_identification:_identify(src/xarm_ros2) by extensions ['cmake', 'python']
[0.146s] Level 1:colcon.colcon_core.package_identification:_identify(src/xarm_ros2) by extension 'cmake'
[0.147s] Level 1:colcon.colcon_core.package_identification:_identify(src/xarm_ros2) by extension 'python'
[0.147s] Level 1:colcon.colcon_core.package_identification:_identify(src/xarm_ros2) by extensions ['python_setup_py']
[0.147s] Level 1:colcon.colcon_core.package_identification:_identify(src/xarm_ros2) by extension 'python_setup_py'
[0.147s] Level 1:colcon.colcon_core.package_identification:_identify(src/xarm_ros2/build) by extensions ['ignore', 'ignore_ament_install']
[0.147s] Level 1:colcon.colcon_core.package_identification:_identify(src/xarm_ros2/build) by extension 'ignore'
[0.147s] Level 1:colcon.colcon_core.package_identification:_identify(src/xarm_ros2/build) ignored
[0.147s] Level 1:colcon.colcon_core.package_identification:_identify(src/xarm_ros2/demo) by extensions ['ignore', 'ignore_ament_install']
[0.147s] Level 1:colcon.colcon_core.package_identification:_identify(src/xarm_ros2/demo) by extension 'ignore'
[0.147s] Level 1:colcon.colcon_core.package_identification:_identify(src/xarm_ros2/demo) by extension 'ignore_ament_install'
[0.147s] Level 1:colcon.colcon_core.package_identification:_identify(src/xarm_ros2/demo) by extensions ['colcon_pkg']
[0.147s] Level 1:colcon.colcon_core.package_identification:_identify(src/xarm_ros2/demo) by extension 'colcon_pkg'
[0.147s] Level 1:colcon.colcon_core.package_identification:_identify(src/xarm_ros2/demo) by extensions ['colcon_meta']
[0.147s] Level 1:colcon.colcon_core.package_identification:_identify(src/xarm_ros2/demo) by extension 'colcon_meta'
[0.147s] Level 1:colcon.colcon_core.package_identification:_identify(src/xarm_ros2/demo) by extensions ['ros']
[0.147s] Level 1:colcon.colcon_core.package_identification:_identify(src/xarm_ros2/demo) by extension 'ros'
[0.147s] Level 1:colcon.colcon_core.package_identification:_identify(src/xarm_ros2/demo) by extensions ['cmake', 'python']
[0.147s] Level 1:colcon.colcon_core.package_identification:_identify(src/xarm_ros2/demo) by extension 'cmake'
[0.147s] Level 1:colcon.colcon_core.package_identification:_identify(src/xarm_ros2/demo) by extension 'python'
[0.147s] Level 1:colcon.colcon_core.package_identification:_identify(src/xarm_ros2/demo) by extensions ['python_setup_py']
[0.147s] Level 1:colcon.colcon_core.package_identification:_identify(src/xarm_ros2/demo) by extension 'python_setup_py'
[0.147s] Level 1:colcon.colcon_core.package_identification:_identify(src/xarm_ros2/demo/mbot_demo) by extensions ['ignore', 'ignore_ament_install']
[0.147s] Level 1:colcon.colcon_core.package_identification:_identify(src/xarm_ros2/demo/mbot_demo) by extension 'ignore'
[0.147s] Level 1:colcon.colcon_core.package_identification:_identify(src/xarm_ros2/demo/mbot_demo) by extension 'ignore_ament_install'
[0.147s] Level 1:colcon.colcon_core.package_identification:_identify(src/xarm_ros2/demo/mbot_demo) by extensions ['colcon_pkg']
[0.147s] Level 1:colcon.colcon_core.package_identification:_identify(src/xarm_ros2/demo/mbot_demo) by extension 'colcon_pkg'
[0.147s] Level 1:colcon.colcon_core.package_identification:_identify(src/xarm_ros2/demo/mbot_demo) by extensions ['colcon_meta']
[0.147s] Level 1:colcon.colcon_core.package_identification:_identify(src/xarm_ros2/demo/mbot_demo) by extension 'colcon_meta'
[0.147s] Level 1:colcon.colcon_core.package_identification:_identify(src/xarm_ros2/demo/mbot_demo) by extensions ['ros']
[0.147s] Level 1:colcon.colcon_core.package_identification:_identify(src/xarm_ros2/demo/mbot_demo) by extension 'ros'
[0.147s] DEBUG:colcon.colcon_core.package_identification:Package 'src/xarm_ros2/demo/mbot_demo' with type 'ros.ament_cmake' and name 'mbot_demo'
[0.148s] Level 1:colcon.colcon_core.package_identification:_identify(src/xarm_ros2/install) by extensions ['ignore', 'ignore_ament_install']
[0.148s] Level 1:colcon.colcon_core.package_identification:_identify(src/xarm_ros2/install) by extension 'ignore'
[0.148s] Level 1:colcon.colcon_core.package_identification:_identify(src/xarm_ros2/install) ignored
[0.148s] Level 1:colcon.colcon_core.package_identification:_identify(src/xarm_ros2/log) by extensions ['ignore', 'ignore_ament_install']
[0.148s] Level 1:colcon.colcon_core.package_identification:_identify(src/xarm_ros2/log) by extension 'ignore'
[0.148s] Level 1:colcon.colcon_core.package_identification:_identify(src/xarm_ros2/log) ignored
[0.148s] Level 1:colcon.colcon_core.package_identification:_identify(src/xarm_ros2/scripts) by extensions ['ignore', 'ignore_ament_install']
[0.148s] Level 1:colcon.colcon_core.package_identification:_identify(src/xarm_ros2/scripts) by extension 'ignore'
[0.148s] Level 1:colcon.colcon_core.package_identification:_identify(src/xarm_ros2/scripts) by extension 'ignore_ament_install'
[0.148s] Level 1:colcon.colcon_core.package_identification:_identify(src/xarm_ros2/scripts) by extensions ['colcon_pkg']
[0.148s] Level 1:colcon.colcon_core.package_identification:_identify(src/xarm_ros2/scripts) by extension 'colcon_pkg'
[0.148s] Level 1:colcon.colcon_core.package_identification:_identify(src/xarm_ros2/scripts) by extensions ['colcon_meta']
[0.148s] Level 1:colcon.colcon_core.package_identification:_identify(src/xarm_ros2/scripts) by extension 'colcon_meta'
[0.148s] Level 1:colcon.colcon_core.package_identification:_identify(src/xarm_ros2/scripts) by extensions ['ros']
[0.148s] Level 1:colcon.colcon_core.package_identification:_identify(src/xarm_ros2/scripts) by extension 'ros'
[0.148s] Level 1:colcon.colcon_core.package_identification:_identify(src/xarm_ros2/scripts) by extensions ['cmake', 'python']
[0.148s] Level 1:colcon.colcon_core.package_identification:_identify(src/xarm_ros2/scripts) by extension 'cmake'
[0.148s] Level 1:colcon.colcon_core.package_identification:_identify(src/xarm_ros2/scripts) by extension 'python'
[0.148s] Level 1:colcon.colcon_core.package_identification:_identify(src/xarm_ros2/scripts) by extensions ['python_setup_py']
[0.148s] Level 1:colcon.colcon_core.package_identification:_identify(src/xarm_ros2/scripts) by extension 'python_setup_py'
[0.148s] Level 1:colcon.colcon_core.package_identification:_identify(src/xarm_ros2/scripts/build) by extensions ['ignore', 'ignore_ament_install']
[0.148s] Level 1:colcon.colcon_core.package_identification:_identify(src/xarm_ros2/scripts/build) by extension 'ignore'
[0.148s] Level 1:colcon.colcon_core.package_identification:_identify(src/xarm_ros2/scripts/build) ignored
[0.148s] Level 1:colcon.colcon_core.package_identification:_identify(src/xarm_ros2/scripts/install) by extensions ['ignore', 'ignore_ament_install']
[0.148s] Level 1:colcon.colcon_core.package_identification:_identify(src/xarm_ros2/scripts/install) by extension 'ignore'
[0.148s] Level 1:colcon.colcon_core.package_identification:_identify(src/xarm_ros2/scripts/install) ignored
[0.148s] Level 1:colcon.colcon_core.package_identification:_identify(src/xarm_ros2/scripts/log) by extensions ['ignore', 'ignore_ament_install']
[0.148s] Level 1:colcon.colcon_core.package_identification:_identify(src/xarm_ros2/scripts/log) by extension 'ignore'
[0.148s] Level 1:colcon.colcon_core.package_identification:_identify(src/xarm_ros2/scripts/log) ignored
[0.148s] Level 1:colcon.colcon_core.package_identification:_identify(src/xarm_ros2/thirdparty) by extensions ['ignore', 'ignore_ament_install']
[0.148s] Level 1:colcon.colcon_core.package_identification:_identify(src/xarm_ros2/thirdparty) by extension 'ignore'
[0.148s] Level 1:colcon.colcon_core.package_identification:_identify(src/xarm_ros2/thirdparty) by extension 'ignore_ament_install'
[0.148s] Level 1:colcon.colcon_core.package_identification:_identify(src/xarm_ros2/thirdparty) by extensions ['colcon_pkg']
[0.149s] Level 1:colcon.colcon_core.package_identification:_identify(src/xarm_ros2/thirdparty) by extension 'colcon_pkg'
[0.149s] Level 1:colcon.colcon_core.package_identification:_identify(src/xarm_ros2/thirdparty) by extensions ['colcon_meta']
[0.149s] Level 1:colcon.colcon_core.package_identification:_identify(src/xarm_ros2/thirdparty) by extension 'colcon_meta'
[0.149s] Level 1:colcon.colcon_core.package_identification:_identify(src/xarm_ros2/thirdparty) by extensions ['ros']
[0.149s] Level 1:colcon.colcon_core.package_identification:_identify(src/xarm_ros2/thirdparty) by extension 'ros'
[0.149s] Level 1:colcon.colcon_core.package_identification:_identify(src/xarm_ros2/thirdparty) by extensions ['cmake', 'python']
[0.149s] Level 1:colcon.colcon_core.package_identification:_identify(src/xarm_ros2/thirdparty) by extension 'cmake'
[0.149s] Level 1:colcon.colcon_core.package_identification:_identify(src/xarm_ros2/thirdparty) by extension 'python'
[0.149s] Level 1:colcon.colcon_core.package_identification:_identify(src/xarm_ros2/thirdparty) by extensions ['python_setup_py']
[0.149s] Level 1:colcon.colcon_core.package_identification:_identify(src/xarm_ros2/thirdparty) by extension 'python_setup_py'
[0.149s] Level 1:colcon.colcon_core.package_identification:_identify(src/xarm_ros2/thirdparty/realsense_gazebo_plugin) by extensions ['ignore', 'ignore_ament_install']
[0.149s] Level 1:colcon.colcon_core.package_identification:_identify(src/xarm_ros2/thirdparty/realsense_gazebo_plugin) by extension 'ignore'
[0.149s] Level 1:colcon.colcon_core.package_identification:_identify(src/xarm_ros2/thirdparty/realsense_gazebo_plugin) by extension 'ignore_ament_install'
[0.149s] Level 1:colcon.colcon_core.package_identification:_identify(src/xarm_ros2/thirdparty/realsense_gazebo_plugin) by extensions ['colcon_pkg']
[0.149s] Level 1:colcon.colcon_core.package_identification:_identify(src/xarm_ros2/thirdparty/realsense_gazebo_plugin) by extension 'colcon_pkg'
[0.149s] Level 1:colcon.colcon_core.package_identification:_identify(src/xarm_ros2/thirdparty/realsense_gazebo_plugin) by extensions ['colcon_meta']
[0.149s] Level 1:colcon.colcon_core.package_identification:_identify(src/xarm_ros2/thirdparty/realsense_gazebo_plugin) by extension 'colcon_meta'
[0.149s] Level 1:colcon.colcon_core.package_identification:_identify(src/xarm_ros2/thirdparty/realsense_gazebo_plugin) by extensions ['ros']
[0.149s] Level 1:colcon.colcon_core.package_identification:_identify(src/xarm_ros2/thirdparty/realsense_gazebo_plugin) by extension 'ros'
[0.149s] DEBUG:colcon.colcon_core.package_identification:Package 'src/xarm_ros2/thirdparty/realsense_gazebo_plugin' with type 'ros.ament_cmake' and name 'realsense_gazebo_plugin'
[0.149s] Level 1:colcon.colcon_core.package_identification:_identify(src/xarm_ros2/uf_ros_lib) by extensions ['ignore', 'ignore_ament_install']
[0.150s] Level 1:colcon.colcon_core.package_identification:_identify(src/xarm_ros2/uf_ros_lib) by extension 'ignore'
[0.150s] Level 1:colcon.colcon_core.package_identification:_identify(src/xarm_ros2/uf_ros_lib) by extension 'ignore_ament_install'
[0.150s] Level 1:colcon.colcon_core.package_identification:_identify(src/xarm_ros2/uf_ros_lib) by extensions ['colcon_pkg']
[0.150s] Level 1:colcon.colcon_core.package_identification:_identify(src/xarm_ros2/uf_ros_lib) by extension 'colcon_pkg'
[0.150s] Level 1:colcon.colcon_core.package_identification:_identify(src/xarm_ros2/uf_ros_lib) by extensions ['colcon_meta']
[0.150s] Level 1:colcon.colcon_core.package_identification:_identify(src/xarm_ros2/uf_ros_lib) by extension 'colcon_meta'
[0.150s] Level 1:colcon.colcon_core.package_identification:_identify(src/xarm_ros2/uf_ros_lib) by extensions ['ros']
[0.150s] Level 1:colcon.colcon_core.package_identification:_identify(src/xarm_ros2/uf_ros_lib) by extension 'ros'
[0.150s] DEBUG:colcon.colcon_core.package_identification:Package 'src/xarm_ros2/uf_ros_lib' with type 'ros.ament_python' and name 'uf_ros_lib'
[0.150s] Level 1:colcon.colcon_core.package_identification:_identify(src/xarm_ros2/xarm_api) by extensions ['ignore', 'ignore_ament_install']
[0.150s] Level 1:colcon.colcon_core.package_identification:_identify(src/xarm_ros2/xarm_api) by extension 'ignore'
[0.150s] Level 1:colcon.colcon_core.package_identification:_identify(src/xarm_ros2/xarm_api) by extension 'ignore_ament_install'
[0.150s] Level 1:colcon.colcon_core.package_identification:_identify(src/xarm_ros2/xarm_api) by extensions ['colcon_pkg']
[0.150s] Level 1:colcon.colcon_core.package_identification:_identify(src/xarm_ros2/xarm_api) by extension 'colcon_pkg'
[0.150s] Level 1:colcon.colcon_core.package_identification:_identify(src/xarm_ros2/xarm_api) by extensions ['colcon_meta']
[0.150s] Level 1:colcon.colcon_core.package_identification:_identify(src/xarm_ros2/xarm_api) by extension 'colcon_meta'
[0.150s] Level 1:colcon.colcon_core.package_identification:_identify(src/xarm_ros2/xarm_api) by extensions ['ros']
[0.150s] Level 1:colcon.colcon_core.package_identification:_identify(src/xarm_ros2/xarm_api) by extension 'ros'
[0.151s] DEBUG:colcon.colcon_core.package_identification:Package 'src/xarm_ros2/xarm_api' with type 'ros.ament_cmake' and name 'xarm_api'
[0.151s] Level 1:colcon.colcon_core.package_identification:_identify(src/xarm_ros2/xarm_controller) by extensions ['ignore', 'ignore_ament_install']
[0.151s] Level 1:colcon.colcon_core.package_identification:_identify(src/xarm_ros2/xarm_controller) by extension 'ignore'
[0.151s] Level 1:colcon.colcon_core.package_identification:_identify(src/xarm_ros2/xarm_controller) by extension 'ignore_ament_install'
[0.151s] Level 1:colcon.colcon_core.package_identification:_identify(src/xarm_ros2/xarm_controller) by extensions ['colcon_pkg']
[0.151s] Level 1:colcon.colcon_core.package_identification:_identify(src/xarm_ros2/xarm_controller) by extension 'colcon_pkg'
[0.151s] Level 1:colcon.colcon_core.package_identification:_identify(src/xarm_ros2/xarm_controller) by extensions ['colcon_meta']
[0.151s] Level 1:colcon.colcon_core.package_identification:_identify(src/xarm_ros2/xarm_controller) by extension 'colcon_meta'
[0.151s] Level 1:colcon.colcon_core.package_identification:_identify(src/xarm_ros2/xarm_controller) by extensions ['ros']
[0.151s] Level 1:colcon.colcon_core.package_identification:_identify(src/xarm_ros2/xarm_controller) by extension 'ros'
[0.152s] DEBUG:colcon.colcon_core.package_identification:Package 'src/xarm_ros2/xarm_controller' with type 'ros.ament_cmake' and name 'xarm_controller'
[0.152s] Level 1:colcon.colcon_core.package_identification:_identify(src/xarm_ros2/xarm_description) by extensions ['ignore', 'ignore_ament_install']
[0.152s] Level 1:colcon.colcon_core.package_identification:_identify(src/xarm_ros2/xarm_description) by extension 'ignore'
[0.152s] Level 1:colcon.colcon_core.package_identification:_identify(src/xarm_ros2/xarm_description) by extension 'ignore_ament_install'
[0.152s] Level 1:colcon.colcon_core.package_identification:_identify(src/xarm_ros2/xarm_description) by extensions ['colcon_pkg']
[0.152s] Level 1:colcon.colcon_core.package_identification:_identify(src/xarm_ros2/xarm_description) by extension 'colcon_pkg'
[0.152s] Level 1:colcon.colcon_core.package_identification:_identify(src/xarm_ros2/xarm_description) by extensions ['colcon_meta']
[0.152s] Level 1:colcon.colcon_core.package_identification:_identify(src/xarm_ros2/xarm_description) by extension 'colcon_meta'
[0.152s] Level 1:colcon.colcon_core.package_identification:_identify(src/xarm_ros2/xarm_description) by extensions ['ros']
[0.152s] Level 1:colcon.colcon_core.package_identification:_identify(src/xarm_ros2/xarm_description) by extension 'ros'
[0.152s] DEBUG:colcon.colcon_core.package_identification:Package 'src/xarm_ros2/xarm_description' with type 'ros.ament_cmake' and name 'xarm_description'
[0.153s] Level 1:colcon.colcon_core.package_identification:_identify(src/xarm_ros2/xarm_gazebo) by extensions ['ignore', 'ignore_ament_install']
[0.153s] Level 1:colcon.colcon_core.package_identification:_identify(src/xarm_ros2/xarm_gazebo) by extension 'ignore'
[0.153s] Level 1:colcon.colcon_core.package_identification:_identify(src/xarm_ros2/xarm_gazebo) by extension 'ignore_ament_install'
[0.153s] Level 1:colcon.colcon_core.package_identification:_identify(src/xarm_ros2/xarm_gazebo) by extensions ['colcon_pkg']
[0.153s] Level 1:colcon.colcon_core.package_identification:_identify(src/xarm_ros2/xarm_gazebo) by extension 'colcon_pkg'
[0.153s] Level 1:colcon.colcon_core.package_identification:_identify(src/xarm_ros2/xarm_gazebo) by extensions ['colcon_meta']
[0.153s] Level 1:colcon.colcon_core.package_identification:_identify(src/xarm_ros2/xarm_gazebo) by extension 'colcon_meta'
[0.153s] Level 1:colcon.colcon_core.package_identification:_identify(src/xarm_ros2/xarm_gazebo) by extensions ['ros']
[0.153s] Level 1:colcon.colcon_core.package_identification:_identify(src/xarm_ros2/xarm_gazebo) by extension 'ros'
[0.153s] DEBUG:colcon.colcon_core.package_identification:Package 'src/xarm_ros2/xarm_gazebo' with type 'ros.ament_cmake' and name 'xarm_gazebo'
[0.153s] Level 1:colcon.colcon_core.package_identification:_identify(src/xarm_ros2/xarm_moveit_config) by extensions ['ignore', 'ignore_ament_install']
[0.153s] Level 1:colcon.colcon_core.package_identification:_identify(src/xarm_ros2/xarm_moveit_config) by extension 'ignore'
[0.153s] Level 1:colcon.colcon_core.package_identification:_identify(src/xarm_ros2/xarm_moveit_config) by extension 'ignore_ament_install'
[0.153s] Level 1:colcon.colcon_core.package_identification:_identify(src/xarm_ros2/xarm_moveit_config) by extensions ['colcon_pkg']
[0.153s] Level 1:colcon.colcon_core.package_identification:_identify(src/xarm_ros2/xarm_moveit_config) by extension 'colcon_pkg'
[0.153s] Level 1:colcon.colcon_core.package_identification:_identify(src/xarm_ros2/xarm_moveit_config) by extensions ['colcon_meta']
[0.153s] Level 1:colcon.colcon_core.package_identification:_identify(src/xarm_ros2/xarm_moveit_config) by extension 'colcon_meta'
[0.153s] Level 1:colcon.colcon_core.package_identification:_identify(src/xarm_ros2/xarm_moveit_config) by extensions ['ros']
[0.153s] Level 1:colcon.colcon_core.package_identification:_identify(src/xarm_ros2/xarm_moveit_config) by extension 'ros'
[0.154s] DEBUG:colcon.colcon_core.package_identification:Package 'src/xarm_ros2/xarm_moveit_config' with type 'ros.ament_cmake' and name 'xarm_moveit_config'
[0.154s] Level 1:colcon.colcon_core.package_identification:_identify(src/xarm_ros2/xarm_moveit_servo) by extensions ['ignore', 'ignore_ament_install']
[0.154s] Level 1:colcon.colcon_core.package_identification:_identify(src/xarm_ros2/xarm_moveit_servo) by extension 'ignore'
[0.154s] Level 1:colcon.colcon_core.package_identification:_identify(src/xarm_ros2/xarm_moveit_servo) by extension 'ignore_ament_install'
[0.154s] Level 1:colcon.colcon_core.package_identification:_identify(src/xarm_ros2/xarm_moveit_servo) by extensions ['colcon_pkg']
[0.154s] Level 1:colcon.colcon_core.package_identification:_identify(src/xarm_ros2/xarm_moveit_servo) by extension 'colcon_pkg'
[0.154s] Level 1:colcon.colcon_core.package_identification:_identify(src/xarm_ros2/xarm_moveit_servo) by extensions ['colcon_meta']
[0.154s] Level 1:colcon.colcon_core.package_identification:_identify(src/xarm_ros2/xarm_moveit_servo) by extension 'colcon_meta'
[0.154s] Level 1:colcon.colcon_core.package_identification:_identify(src/xarm_ros2/xarm_moveit_servo) by extensions ['ros']
[0.154s] Level 1:colcon.colcon_core.package_identification:_identify(src/xarm_ros2/xarm_moveit_servo) by extension 'ros'
[0.155s] DEBUG:colcon.colcon_core.package_identification:Package 'src/xarm_ros2/xarm_moveit_servo' with type 'ros.ament_cmake' and name 'xarm_moveit_servo'
[0.155s] Level 1:colcon.colcon_core.package_identification:_identify(src/xarm_ros2/xarm_msgs) by extensions ['ignore', 'ignore_ament_install']
[0.155s] Level 1:colcon.colcon_core.package_identification:_identify(src/xarm_ros2/xarm_msgs) by extension 'ignore'
[0.155s] Level 1:colcon.colcon_core.package_identification:_identify(src/xarm_ros2/xarm_msgs) by extension 'ignore_ament_install'
[0.155s] Level 1:colcon.colcon_core.package_identification:_identify(src/xarm_ros2/xarm_msgs) by extensions ['colcon_pkg']
[0.155s] Level 1:colcon.colcon_core.package_identification:_identify(src/xarm_ros2/xarm_msgs) by extension 'colcon_pkg'
[0.155s] Level 1:colcon.colcon_core.package_identification:_identify(src/xarm_ros2/xarm_msgs) by extensions ['colcon_meta']
[0.155s] Level 1:colcon.colcon_core.package_identification:_identify(src/xarm_ros2/xarm_msgs) by extension 'colcon_meta'
[0.155s] Level 1:colcon.colcon_core.package_identification:_identify(src/xarm_ros2/xarm_msgs) by extensions ['ros']
[0.155s] Level 1:colcon.colcon_core.package_identification:_identify(src/xarm_ros2/xarm_msgs) by extension 'ros'
[0.156s] DEBUG:colcon.colcon_core.package_identification:Package 'src/xarm_ros2/xarm_msgs' with type 'ros.ament_cmake' and name 'xarm_msgs'
[0.156s] Level 1:colcon.colcon_core.package_identification:_identify(src/xarm_ros2/xarm_planner) by extensions ['ignore', 'ignore_ament_install']
[0.156s] Level 1:colcon.colcon_core.package_identification:_identify(src/xarm_ros2/xarm_planner) by extension 'ignore'
[0.156s] Level 1:colcon.colcon_core.package_identification:_identify(src/xarm_ros2/xarm_planner) by extension 'ignore_ament_install'
[0.156s] Level 1:colcon.colcon_core.package_identification:_identify(src/xarm_ros2/xarm_planner) by extensions ['colcon_pkg']
[0.156s] Level 1:colcon.colcon_core.package_identification:_identify(src/xarm_ros2/xarm_planner) by extension 'colcon_pkg'
[0.156s] Level 1:colcon.colcon_core.package_identification:_identify(src/xarm_ros2/xarm_planner) by extensions ['colcon_meta']
[0.156s] Level 1:colcon.colcon_core.package_identification:_identify(src/xarm_ros2/xarm_planner) by extension 'colcon_meta'
[0.156s] Level 1:colcon.colcon_core.package_identification:_identify(src/xarm_ros2/xarm_planner) by extensions ['ros']
[0.156s] Level 1:colcon.colcon_core.package_identification:_identify(src/xarm_ros2/xarm_planner) by extension 'ros'
[0.156s] DEBUG:colcon.colcon_core.package_identification:Package 'src/xarm_ros2/xarm_planner' with type 'ros.ament_cmake' and name 'xarm_planner'
[0.157s] Level 1:colcon.colcon_core.package_identification:_identify(src/xarm_ros2/xarm_sdk) by extensions ['ignore', 'ignore_ament_install']
[0.157s] Level 1:colcon.colcon_core.package_identification:_identify(src/xarm_ros2/xarm_sdk) by extension 'ignore'
[0.157s] Level 1:colcon.colcon_core.package_identification:_identify(src/xarm_ros2/xarm_sdk) by extension 'ignore_ament_install'
[0.157s] Level 1:colcon.colcon_core.package_identification:_identify(src/xarm_ros2/xarm_sdk) by extensions ['colcon_pkg']
[0.157s] Level 1:colcon.colcon_core.package_identification:_identify(src/xarm_ros2/xarm_sdk) by extension 'colcon_pkg'
[0.157s] Level 1:colcon.colcon_core.package_identification:_identify(src/xarm_ros2/xarm_sdk) by extensions ['colcon_meta']
[0.157s] Level 1:colcon.colcon_core.package_identification:_identify(src/xarm_ros2/xarm_sdk) by extension 'colcon_meta'
[0.157s] Level 1:colcon.colcon_core.package_identification:_identify(src/xarm_ros2/xarm_sdk) by extensions ['ros']
[0.157s] Level 1:colcon.colcon_core.package_identification:_identify(src/xarm_ros2/xarm_sdk) by extension 'ros'
[0.157s] DEBUG:colcon.colcon_core.package_identification:Package 'src/xarm_ros2/xarm_sdk' with type 'ros.ament_cmake' and name 'xarm_sdk'
[0.157s] Level 1:colcon.colcon_core.package_identification:_identify(src/xarm_ros2/xarm_vision) by extensions ['ignore', 'ignore_ament_install']
[0.157s] Level 1:colcon.colcon_core.package_identification:_identify(src/xarm_ros2/xarm_vision) by extension 'ignore'
[0.157s] Level 1:colcon.colcon_core.package_identification:_identify(src/xarm_ros2/xarm_vision) by extension 'ignore_ament_install'
[0.157s] Level 1:colcon.colcon_core.package_identification:_identify(src/xarm_ros2/xarm_vision) by extensions ['colcon_pkg']
[0.157s] Level 1:colcon.colcon_core.package_identification:_identify(src/xarm_ros2/xarm_vision) by extension 'colcon_pkg'
[0.157s] Level 1:colcon.colcon_core.package_identification:_identify(src/xarm_ros2/xarm_vision) by extensions ['colcon_meta']
[0.157s] Level 1:colcon.colcon_core.package_identification:_identify(src/xarm_ros2/xarm_vision) by extension 'colcon_meta'
[0.157s] Level 1:colcon.colcon_core.package_identification:_identify(src/xarm_ros2/xarm_vision) by extensions ['ros']
[0.157s] Level 1:colcon.colcon_core.package_identification:_identify(src/xarm_ros2/xarm_vision) by extension 'ros'
[0.157s] Level 1:colcon.colcon_core.package_identification:_identify(src/xarm_ros2/xarm_vision) by extensions ['cmake', 'python']
[0.157s] Level 1:colcon.colcon_core.package_identification:_identify(src/xarm_ros2/xarm_vision) by extension 'cmake'
[0.157s] Level 1:colcon.colcon_core.package_identification:_identify(src/xarm_ros2/xarm_vision) by extension 'python'
[0.157s] Level 1:colcon.colcon_core.package_identification:_identify(src/xarm_ros2/xarm_vision) by extensions ['python_setup_py']
[0.157s] Level 1:colcon.colcon_core.package_identification:_identify(src/xarm_ros2/xarm_vision) by extension 'python_setup_py'
[0.157s] Level 1:colcon.colcon_core.package_identification:_identify(src/xarm_ros2/xarm_vision/d435i_xarm_setup) by extensions ['ignore', 'ignore_ament_install']
[0.157s] Level 1:colcon.colcon_core.package_identification:_identify(src/xarm_ros2/xarm_vision/d435i_xarm_setup) by extension 'ignore'
[0.157s] Level 1:colcon.colcon_core.package_identification:_identify(src/xarm_ros2/xarm_vision/d435i_xarm_setup) by extension 'ignore_ament_install'
[0.157s] Level 1:colcon.colcon_core.package_identification:_identify(src/xarm_ros2/xarm_vision/d435i_xarm_setup) by extensions ['colcon_pkg']
[0.157s] Level 1:colcon.colcon_core.package_identification:_identify(src/xarm_ros2/xarm_vision/d435i_xarm_setup) by extension 'colcon_pkg'
[0.157s] Level 1:colcon.colcon_core.package_identification:_identify(src/xarm_ros2/xarm_vision/d435i_xarm_setup) by extensions ['colcon_meta']
[0.157s] Level 1:colcon.colcon_core.package_identification:_identify(src/xarm_ros2/xarm_vision/d435i_xarm_setup) by extension 'colcon_meta'
[0.157s] Level 1:colcon.colcon_core.package_identification:_identify(src/xarm_ros2/xarm_vision/d435i_xarm_setup) by extensions ['ros']
[0.158s] Level 1:colcon.colcon_core.package_identification:_identify(src/xarm_ros2/xarm_vision/d435i_xarm_setup) by extension 'ros'
[0.158s] DEBUG:colcon.colcon_core.package_identification:Package 'src/xarm_ros2/xarm_vision/d435i_xarm_setup' with type 'ros.ament_cmake' and name 'd435i_xarm_setup'
[0.158s] Level 1:colcon.colcon_core.package_discovery:discover_packages(recursive) using defaults
[0.158s] Level 1:colcon.colcon_core.package_discovery:discover_packages(ignore) discover
[0.158s] Level 1:colcon.colcon_core.package_discovery:discover_packages(ignore) using defaults
[0.158s] Level 1:colcon.colcon_core.package_discovery:discover_packages(path) discover
[0.158s] Level 1:colcon.colcon_core.package_discovery:discover_packages(path) using defaults
[0.178s] Level 1:colcon.colcon_core.package_discovery:discover_packages(prefix_path) check parameters
[0.178s] Level 1:colcon.colcon_core.package_discovery:discover_packages(prefix_path) discover
[0.179s] DEBUG:colcon.colcon_installed_package_information.package_discovery:Found 15 installed packages in /home/benongnuel/dev_ws/install
[0.179s] DEBUG:colcon.colcon_installed_package_information.package_discovery:Found 1 installed packages in /home/benongnuel/robo_ws/install
[0.180s] DEBUG:colcon.colcon_installed_package_information.package_discovery:Found 306 installed packages in /opt/ros/humble
[0.181s] Level 1:colcon.colcon_core.package_discovery:discover_packages(prefix_path) using defaults
[0.199s] WARNING:colcon.colcon_core.package_selection:Some selected packages are already built in one or more underlay workspaces:
	'kdl_parser' is in: /home/benongnuel/dev_ws/install/kdl_parser, /opt/ros/humble
If a package in a merged underlay workspace is overridden and it installs headers, then all packages in the overlay must sort their include directories by workspace order. Failure to do so may result in build failures or undefined behavior at run time.
If the overridden package is used by another package in any underlay, then the overriding package in the overlay must be API and ABI compatible or undefined behavior at run time may occur.

If you understand the risks and want to override a package anyways, add the following to the command line:
	--allow-overriding kdl_parser

This may be promoted to an error in a future release of colcon-override-check.
[0.199s] Level 5:colcon.colcon_core.verb:set package 'kdl_parser' build argument 'cmake_args' from command line to 'None'
[0.199s] Level 5:colcon.colcon_core.verb:set package 'kdl_parser' build argument 'cmake_target' from command line to 'None'
[0.199s] Level 5:colcon.colcon_core.verb:set package 'kdl_parser' build argument 'cmake_target_skip_unavailable' from command line to 'False'
[0.199s] Level 5:colcon.colcon_core.verb:set package 'kdl_parser' build argument 'cmake_clean_cache' from command line to 'False'
[0.199s] Level 5:colcon.colcon_core.verb:set package 'kdl_parser' build argument 'cmake_clean_first' from command line to 'False'
[0.199s] Level 5:colcon.colcon_core.verb:set package 'kdl_parser' build argument 'cmake_force_configure' from command line to 'False'
[0.199s] Level 5:colcon.colcon_core.verb:set package 'kdl_parser' build argument 'ament_cmake_args' from command line to 'None'
[0.199s] Level 5:colcon.colcon_core.verb:set package 'kdl_parser' build argument 'catkin_cmake_args' from command line to 'None'
[0.199s] Level 5:colcon.colcon_core.verb:set package 'kdl_parser' build argument 'catkin_skip_building_tests' from command line to 'False'
[0.199s] DEBUG:colcon.colcon_core.verb:Building package 'kdl_parser' with the following arguments: {'ament_cmake_args': None, 'build_base': '/home/benongnuel/dev_ws/build/kdl_parser', 'catkin_cmake_args': None, 'catkin_skip_building_tests': False, 'cmake_args': None, 'cmake_clean_cache': False, 'cmake_clean_first': False, 'cmake_force_configure': False, 'cmake_target': None, 'cmake_target_skip_unavailable': False, 'install_base': '/home/benongnuel/dev_ws/install/kdl_parser', 'merge_install': False, 'path': '/home/benongnuel/dev_ws/src/kdl_parser/kdl_parser', 'symlink_install': True, 'test_result_base': None}
[0.200s] Level 5:colcon.colcon_core.verb:set package 'mbot_demo' build argument 'cmake_args' from command line to 'None'
[0.200s] Level 5:colcon.colcon_core.verb:set package 'mbot_demo' build argument 'cmake_target' from command line to 'None'
[0.200s] Level 5:colcon.colcon_core.verb:set package 'mbot_demo' build argument 'cmake_target_skip_unavailable' from command line to 'False'
[0.200s] Level 5:colcon.colcon_core.verb:set package 'mbot_demo' build argument 'cmake_clean_cache' from command line to 'False'
[0.200s] Level 5:colcon.colcon_core.verb:set package 'mbot_demo' build argument 'cmake_clean_first' from command line to 'False'
[0.200s] Level 5:colcon.colcon_core.verb:set package 'mbot_demo' build argument 'cmake_force_configure' from command line to 'False'
[0.200s] Level 5:colcon.colcon_core.verb:set package 'mbot_demo' build argument 'ament_cmake_args' from command line to 'None'
[0.200s] Level 5:colcon.colcon_core.verb:set package 'mbot_demo' build argument 'catkin_cmake_args' from command line to 'None'
[0.200s] Level 5:colcon.colcon_core.verb:set package 'mbot_demo' build argument 'catkin_skip_building_tests' from command line to 'False'
[0.200s] DEBUG:colcon.colcon_core.verb:Building package 'mbot_demo' with the following arguments: {'ament_cmake_args': None, 'build_base': '/home/benongnuel/dev_ws/build/mbot_demo', 'catkin_cmake_args': None, 'catkin_skip_building_tests': False, 'cmake_args': None, 'cmake_clean_cache': False, 'cmake_clean_first': False, 'cmake_force_configure': False, 'cmake_target': None, 'cmake_target_skip_unavailable': False, 'install_base': '/home/benongnuel/dev_ws/install/mbot_demo', 'merge_install': False, 'path': '/home/benongnuel/dev_ws/src/xarm_ros2/demo/mbot_demo', 'symlink_install': True, 'test_result_base': None}
[0.200s] Level 5:colcon.colcon_core.verb:set package 'my_gripper_scripts' build argument 'cmake_args' from command line to 'None'
[0.200s] Level 5:colcon.colcon_core.verb:set package 'my_gripper_scripts' build argument 'cmake_target' from command line to 'None'
[0.200s] Level 5:colcon.colcon_core.verb:set package 'my_gripper_scripts' build argument 'cmake_target_skip_unavailable' from command line to 'False'
[0.200s] Level 5:colcon.colcon_core.verb:set package 'my_gripper_scripts' build argument 'cmake_clean_cache' from command line to 'False'
[0.200s] Level 5:colcon.colcon_core.verb:set package 'my_gripper_scripts' build argument 'cmake_clean_first' from command line to 'False'
[0.200s] Level 5:colcon.colcon_core.verb:set package 'my_gripper_scripts' build argument 'cmake_force_configure' from command line to 'False'
[0.200s] Level 5:colcon.colcon_core.verb:set package 'my_gripper_scripts' build argument 'ament_cmake_args' from command line to 'None'
[0.200s] Level 5:colcon.colcon_core.verb:set package 'my_gripper_scripts' build argument 'catkin_cmake_args' from command line to 'None'
[0.200s] Level 5:colcon.colcon_core.verb:set package 'my_gripper_scripts' build argument 'catkin_skip_building_tests' from command line to 'False'
[0.200s] DEBUG:colcon.colcon_core.verb:Building package 'my_gripper_scripts' with the following arguments: {'ament_cmake_args': None, 'build_base': '/home/benongnuel/dev_ws/build/my_gripper_scripts', 'catkin_cmake_args': None, 'catkin_skip_building_tests': False, 'cmake_args': None, 'cmake_clean_cache': False, 'cmake_clean_first': False, 'cmake_force_configure': False, 'cmake_target': None, 'cmake_target_skip_unavailable': False, 'install_base': '/home/benongnuel/dev_ws/install/my_gripper_scripts', 'merge_install': False, 'path': '/home/benongnuel/dev_ws/my_gripper_scripts', 'symlink_install': True, 'test_result_base': None}
[0.200s] Level 5:colcon.colcon_core.verb:set package 'realsense_gazebo_plugin' build argument 'cmake_args' from command line to 'None'
[0.200s] Level 5:colcon.colcon_core.verb:set package 'realsense_gazebo_plugin' build argument 'cmake_target' from command line to 'None'
[0.200s] Level 5:colcon.colcon_core.verb:set package 'realsense_gazebo_plugin' build argument 'cmake_target_skip_unavailable' from command line to 'False'
[0.200s] Level 5:colcon.colcon_core.verb:set package 'realsense_gazebo_plugin' build argument 'cmake_clean_cache' from command line to 'False'
[0.200s] Level 5:colcon.colcon_core.verb:set package 'realsense_gazebo_plugin' build argument 'cmake_clean_first' from command line to 'False'
[0.200s] Level 5:colcon.colcon_core.verb:set package 'realsense_gazebo_plugin' build argument 'cmake_force_configure' from command line to 'False'
[0.200s] Level 5:colcon.colcon_core.verb:set package 'realsense_gazebo_plugin' build argument 'ament_cmake_args' from command line to 'None'
[0.200s] Level 5:colcon.colcon_core.verb:set package 'realsense_gazebo_plugin' build argument 'catkin_cmake_args' from command line to 'None'
[0.200s] Level 5:colcon.colcon_core.verb:set package 'realsense_gazebo_plugin' build argument 'catkin_skip_building_tests' from command line to 'False'
[0.200s] DEBUG:colcon.colcon_core.verb:Building package 'realsense_gazebo_plugin' with the following arguments: {'ament_cmake_args': None, 'build_base': '/home/benongnuel/dev_ws/build/realsense_gazebo_plugin', 'catkin_cmake_args': None, 'catkin_skip_building_tests': False, 'cmake_args': None, 'cmake_clean_cache': False, 'cmake_clean_first': False, 'cmake_force_configure': False, 'cmake_target': None, 'cmake_target_skip_unavailable': False, 'install_base': '/home/benongnuel/dev_ws/install/realsense_gazebo_plugin', 'merge_install': False, 'path': '/home/benongnuel/dev_ws/src/xarm_ros2/thirdparty/realsense_gazebo_plugin', 'symlink_install': True, 'test_result_base': None}
[0.200s] Level 5:colcon.colcon_core.verb:set package 'uf_ros_lib' build argument 'cmake_args' from command line to 'None'
[0.200s] Level 5:colcon.colcon_core.verb:set package 'uf_ros_lib' build argument 'cmake_target' from command line to 'None'
[0.200s] Level 5:colcon.colcon_core.verb:set package 'uf_ros_lib' build argument 'cmake_target_skip_unavailable' from command line to 'False'
[0.200s] Level 5:colcon.colcon_core.verb:set package 'uf_ros_lib' build argument 'cmake_clean_cache' from command line to 'False'
[0.200s] Level 5:colcon.colcon_core.verb:set package 'uf_ros_lib' build argument 'cmake_clean_first' from command line to 'False'
[0.200s] Level 5:colcon.colcon_core.verb:set package 'uf_ros_lib' build argument 'cmake_force_configure' from command line to 'False'
[0.200s] Level 5:colcon.colcon_core.verb:set package 'uf_ros_lib' build argument 'ament_cmake_args' from command line to 'None'
[0.201s] Level 5:colcon.colcon_core.verb:set package 'uf_ros_lib' build argument 'catkin_cmake_args' from command line to 'None'
[0.201s] Level 5:colcon.colcon_core.verb:set package 'uf_ros_lib' build argument 'catkin_skip_building_tests' from command line to 'False'
[0.201s] DEBUG:colcon.colcon_core.verb:Building package 'uf_ros_lib' with the following arguments: {'ament_cmake_args': None, 'build_base': '/home/benongnuel/dev_ws/build/uf_ros_lib', 'catkin_cmake_args': None, 'catkin_skip_building_tests': False, 'cmake_args': None, 'cmake_clean_cache': False, 'cmake_clean_first': False, 'cmake_force_configure': False, 'cmake_target': None, 'cmake_target_skip_unavailable': False, 'install_base': '/home/benongnuel/dev_ws/install/uf_ros_lib', 'merge_install': False, 'path': '/home/benongnuel/dev_ws/src/xarm_ros2/uf_ros_lib', 'symlink_install': True, 'test_result_base': None}
[0.201s] Level 5:colcon.colcon_core.verb:set package 'xarm_description' build argument 'cmake_args' from command line to 'None'
[0.201s] Level 5:colcon.colcon_core.verb:set package 'xarm_description' build argument 'cmake_target' from command line to 'None'
[0.201s] Level 5:colcon.colcon_core.verb:set package 'xarm_description' build argument 'cmake_target_skip_unavailable' from command line to 'False'
[0.201s] Level 5:colcon.colcon_core.verb:set package 'xarm_description' build argument 'cmake_clean_cache' from command line to 'False'
[0.201s] Level 5:colcon.colcon_core.verb:set package 'xarm_description' build argument 'cmake_clean_first' from command line to 'False'
[0.201s] Level 5:colcon.colcon_core.verb:set package 'xarm_description' build argument 'cmake_force_configure' from command line to 'False'
[0.201s] Level 5:colcon.colcon_core.verb:set package 'xarm_description' build argument 'ament_cmake_args' from command line to 'None'
[0.201s] Level 5:colcon.colcon_core.verb:set package 'xarm_description' build argument 'catkin_cmake_args' from command line to 'None'
[0.201s] Level 5:colcon.colcon_core.verb:set package 'xarm_description' build argument 'catkin_skip_building_tests' from command line to 'False'
[0.201s] DEBUG:colcon.colcon_core.verb:Building package 'xarm_description' with the following arguments: {'ament_cmake_args': None, 'build_base': '/home/benongnuel/dev_ws/build/xarm_description', 'catkin_cmake_args': None, 'catkin_skip_building_tests': False, 'cmake_args': None, 'cmake_clean_cache': False, 'cmake_clean_first': False, 'cmake_force_configure': False, 'cmake_target': None, 'cmake_target_skip_unavailable': False, 'install_base': '/home/benongnuel/dev_ws/install/xarm_description', 'merge_install': False, 'path': '/home/benongnuel/dev_ws/src/xarm_ros2/xarm_description', 'symlink_install': True, 'test_result_base': None}
[0.201s] Level 5:colcon.colcon_core.verb:set package 'xarm_msgs' build argument 'cmake_args' from command line to 'None'
[0.201s] Level 5:colcon.colcon_core.verb:set package 'xarm_msgs' build argument 'cmake_target' from command line to 'None'
[0.201s] Level 5:colcon.colcon_core.verb:set package 'xarm_msgs' build argument 'cmake_target_skip_unavailable' from command line to 'False'
[0.201s] Level 5:colcon.colcon_core.verb:set package 'xarm_msgs' build argument 'cmake_clean_cache' from command line to 'False'
[0.201s] Level 5:colcon.colcon_core.verb:set package 'xarm_msgs' build argument 'cmake_clean_first' from command line to 'False'
[0.201s] Level 5:colcon.colcon_core.verb:set package 'xarm_msgs' build argument 'cmake_force_configure' from command line to 'False'
[0.201s] Level 5:colcon.colcon_core.verb:set package 'xarm_msgs' build argument 'ament_cmake_args' from command line to 'None'
[0.201s] Level 5:colcon.colcon_core.verb:set package 'xarm_msgs' build argument 'catkin_cmake_args' from command line to 'None'
[0.201s] Level 5:colcon.colcon_core.verb:set package 'xarm_msgs' build argument 'catkin_skip_building_tests' from command line to 'False'
[0.201s] DEBUG:colcon.colcon_core.verb:Building package 'xarm_msgs' with the following arguments: {'ament_cmake_args': None, 'build_base': '/home/benongnuel/dev_ws/build/xarm_msgs', 'catkin_cmake_args': None, 'catkin_skip_building_tests': False, 'cmake_args': None, 'cmake_clean_cache': False, 'cmake_clean_first': False, 'cmake_force_configure': False, 'cmake_target': None, 'cmake_target_skip_unavailable': False, 'install_base': '/home/benongnuel/dev_ws/install/xarm_msgs', 'merge_install': False, 'path': '/home/benongnuel/dev_ws/src/xarm_ros2/xarm_msgs', 'symlink_install': True, 'test_result_base': None}
[0.201s] Level 5:colcon.colcon_core.verb:set package 'xarm_sdk' build argument 'cmake_args' from command line to 'None'
[0.201s] Level 5:colcon.colcon_core.verb:set package 'xarm_sdk' build argument 'cmake_target' from command line to 'None'
[0.201s] Level 5:colcon.colcon_core.verb:set package 'xarm_sdk' build argument 'cmake_target_skip_unavailable' from command line to 'False'
[0.201s] Level 5:colcon.colcon_core.verb:set package 'xarm_sdk' build argument 'cmake_clean_cache' from command line to 'False'
[0.201s] Level 5:colcon.colcon_core.verb:set package 'xarm_sdk' build argument 'cmake_clean_first' from command line to 'False'
[0.201s] Level 5:colcon.colcon_core.verb:set package 'xarm_sdk' build argument 'cmake_force_configure' from command line to 'False'
[0.201s] Level 5:colcon.colcon_core.verb:set package 'xarm_sdk' build argument 'ament_cmake_args' from command line to 'None'
[0.201s] Level 5:colcon.colcon_core.verb:set package 'xarm_sdk' build argument 'catkin_cmake_args' from command line to 'None'
[0.201s] Level 5:colcon.colcon_core.verb:set package 'xarm_sdk' build argument 'catkin_skip_building_tests' from command line to 'False'
[0.201s] DEBUG:colcon.colcon_core.verb:Building package 'xarm_sdk' with the following arguments: {'ament_cmake_args': None, 'build_base': '/home/benongnuel/dev_ws/build/xarm_sdk', 'catkin_cmake_args': None, 'catkin_skip_building_tests': False, 'cmake_args': None, 'cmake_clean_cache': False, 'cmake_clean_first': False, 'cmake_force_configure': False, 'cmake_target': None, 'cmake_target_skip_unavailable': False, 'install_base': '/home/benongnuel/dev_ws/install/xarm_sdk', 'merge_install': False, 'path': '/home/benongnuel/dev_ws/src/xarm_ros2/xarm_sdk', 'symlink_install': True, 'test_result_base': None}
[0.201s] Level 5:colcon.colcon_core.verb:set package 'xarm_api' build argument 'cmake_args' from command line to 'None'
[0.201s] Level 5:colcon.colcon_core.verb:set package 'xarm_api' build argument 'cmake_target' from command line to 'None'
[0.201s] Level 5:colcon.colcon_core.verb:set package 'xarm_api' build argument 'cmake_target_skip_unavailable' from command line to 'False'
[0.201s] Level 5:colcon.colcon_core.verb:set package 'xarm_api' build argument 'cmake_clean_cache' from command line to 'False'
[0.201s] Level 5:colcon.colcon_core.verb:set package 'xarm_api' build argument 'cmake_clean_first' from command line to 'False'
[0.201s] Level 5:colcon.colcon_core.verb:set package 'xarm_api' build argument 'cmake_force_configure' from command line to 'False'
[0.201s] Level 5:colcon.colcon_core.verb:set package 'xarm_api' build argument 'ament_cmake_args' from command line to 'None'
[0.201s] Level 5:colcon.colcon_core.verb:set package 'xarm_api' build argument 'catkin_cmake_args' from command line to 'None'
[0.202s] Level 5:colcon.colcon_core.verb:set package 'xarm_api' build argument 'catkin_skip_building_tests' from command line to 'False'
[0.202s] DEBUG:colcon.colcon_core.verb:Building package 'xarm_api' with the following arguments: {'ament_cmake_args': None, 'build_base': '/home/benongnuel/dev_ws/build/xarm_api', 'catkin_cmake_args': None, 'catkin_skip_building_tests': False, 'cmake_args': None, 'cmake_clean_cache': False, 'cmake_clean_first': False, 'cmake_force_configure': False, 'cmake_target': None, 'cmake_target_skip_unavailable': False, 'install_base': '/home/benongnuel/dev_ws/install/xarm_api', 'merge_install': False, 'path': '/home/benongnuel/dev_ws/src/xarm_ros2/xarm_api', 'symlink_install': True, 'test_result_base': None}
[0.202s] Level 5:colcon.colcon_core.verb:set package 'd435i_xarm_setup' build argument 'cmake_args' from command line to 'None'
[0.202s] Level 5:colcon.colcon_core.verb:set package 'd435i_xarm_setup' build argument 'cmake_target' from command line to 'None'
[0.202s] Level 5:colcon.colcon_core.verb:set package 'd435i_xarm_setup' build argument 'cmake_target_skip_unavailable' from command line to 'False'
[0.202s] Level 5:colcon.colcon_core.verb:set package 'd435i_xarm_setup' build argument 'cmake_clean_cache' from command line to 'False'
[0.202s] Level 5:colcon.colcon_core.verb:set package 'd435i_xarm_setup' build argument 'cmake_clean_first' from command line to 'False'
[0.202s] Level 5:colcon.colcon_core.verb:set package 'd435i_xarm_setup' build argument 'cmake_force_configure' from command line to 'False'
[0.202s] Level 5:colcon.colcon_core.verb:set package 'd435i_xarm_setup' build argument 'ament_cmake_args' from command line to 'None'
[0.202s] Level 5:colcon.colcon_core.verb:set package 'd435i_xarm_setup' build argument 'catkin_cmake_args' from command line to 'None'
[0.202s] Level 5:colcon.colcon_core.verb:set package 'd435i_xarm_setup' build argument 'catkin_skip_building_tests' from command line to 'False'
[0.202s] DEBUG:colcon.colcon_core.verb:Building package 'd435i_xarm_setup' with the following arguments: {'ament_cmake_args': None, 'build_base': '/home/benongnuel/dev_ws/build/d435i_xarm_setup', 'catkin_cmake_args': None, 'catkin_skip_building_tests': False, 'cmake_args': None, 'cmake_clean_cache': False, 'cmake_clean_first': False, 'cmake_force_configure': False, 'cmake_target': None, 'cmake_target_skip_unavailable': False, 'install_base': '/home/benongnuel/dev_ws/install/d435i_xarm_setup', 'merge_install': False, 'path': '/home/benongnuel/dev_ws/src/xarm_ros2/xarm_vision/d435i_xarm_setup', 'symlink_install': True, 'test_result_base': None}
[0.202s] Level 5:colcon.colcon_core.verb:set package 'xarm_controller' build argument 'cmake_args' from command line to 'None'
[0.202s] Level 5:colcon.colcon_core.verb:set package 'xarm_controller' build argument 'cmake_target' from command line to 'None'
[0.202s] Level 5:colcon.colcon_core.verb:set package 'xarm_controller' build argument 'cmake_target_skip_unavailable' from command line to 'False'
[0.202s] Level 5:colcon.colcon_core.verb:set package 'xarm_controller' build argument 'cmake_clean_cache' from command line to 'False'
[0.202s] Level 5:colcon.colcon_core.verb:set package 'xarm_controller' build argument 'cmake_clean_first' from command line to 'False'
[0.202s] Level 5:colcon.colcon_core.verb:set package 'xarm_controller' build argument 'cmake_force_configure' from command line to 'False'
[0.202s] Level 5:colcon.colcon_core.verb:set package 'xarm_controller' build argument 'ament_cmake_args' from command line to 'None'
[0.202s] Level 5:colcon.colcon_core.verb:set package 'xarm_controller' build argument 'catkin_cmake_args' from command line to 'None'
[0.202s] Level 5:colcon.colcon_core.verb:set package 'xarm_controller' build argument 'catkin_skip_building_tests' from command line to 'False'
[0.202s] DEBUG:colcon.colcon_core.verb:Building package 'xarm_controller' with the following arguments: {'ament_cmake_args': None, 'build_base': '/home/benongnuel/dev_ws/build/xarm_controller', 'catkin_cmake_args': None, 'catkin_skip_building_tests': False, 'cmake_args': None, 'cmake_clean_cache': False, 'cmake_clean_first': False, 'cmake_force_configure': False, 'cmake_target': None, 'cmake_target_skip_unavailable': False, 'install_base': '/home/benongnuel/dev_ws/install/xarm_controller', 'merge_install': False, 'path': '/home/benongnuel/dev_ws/src/xarm_ros2/xarm_controller', 'symlink_install': True, 'test_result_base': None}
[0.202s] Level 5:colcon.colcon_core.verb:set package 'xarm_gazebo' build argument 'cmake_args' from command line to 'None'
[0.202s] Level 5:colcon.colcon_core.verb:set package 'xarm_gazebo' build argument 'cmake_target' from command line to 'None'
[0.202s] Level 5:colcon.colcon_core.verb:set package 'xarm_gazebo' build argument 'cmake_target_skip_unavailable' from command line to 'False'
[0.202s] Level 5:colcon.colcon_core.verb:set package 'xarm_gazebo' build argument 'cmake_clean_cache' from command line to 'False'
[0.202s] Level 5:colcon.colcon_core.verb:set package 'xarm_gazebo' build argument 'cmake_clean_first' from command line to 'False'
[0.202s] Level 5:colcon.colcon_core.verb:set package 'xarm_gazebo' build argument 'cmake_force_configure' from command line to 'False'
[0.202s] Level 5:colcon.colcon_core.verb:set package 'xarm_gazebo' build argument 'ament_cmake_args' from command line to 'None'
[0.202s] Level 5:colcon.colcon_core.verb:set package 'xarm_gazebo' build argument 'catkin_cmake_args' from command line to 'None'
[0.202s] Level 5:colcon.colcon_core.verb:set package 'xarm_gazebo' build argument 'catkin_skip_building_tests' from command line to 'False'
[0.202s] DEBUG:colcon.colcon_core.verb:Building package 'xarm_gazebo' with the following arguments: {'ament_cmake_args': None, 'build_base': '/home/benongnuel/dev_ws/build/xarm_gazebo', 'catkin_cmake_args': None, 'catkin_skip_building_tests': False, 'cmake_args': None, 'cmake_clean_cache': False, 'cmake_clean_first': False, 'cmake_force_configure': False, 'cmake_target': None, 'cmake_target_skip_unavailable': False, 'install_base': '/home/benongnuel/dev_ws/install/xarm_gazebo', 'merge_install': False, 'path': '/home/benongnuel/dev_ws/src/xarm_ros2/xarm_gazebo', 'symlink_install': True, 'test_result_base': None}
[0.202s] Level 5:colcon.colcon_core.verb:set package 'xarm_moveit_config' build argument 'cmake_args' from command line to 'None'
[0.202s] Level 5:colcon.colcon_core.verb:set package 'xarm_moveit_config' build argument 'cmake_target' from command line to 'None'
[0.202s] Level 5:colcon.colcon_core.verb:set package 'xarm_moveit_config' build argument 'cmake_target_skip_unavailable' from command line to 'False'
[0.202s] Level 5:colcon.colcon_core.verb:set package 'xarm_moveit_config' build argument 'cmake_clean_cache' from command line to 'False'
[0.202s] Level 5:colcon.colcon_core.verb:set package 'xarm_moveit_config' build argument 'cmake_clean_first' from command line to 'False'
[0.202s] Level 5:colcon.colcon_core.verb:set package 'xarm_moveit_config' build argument 'cmake_force_configure' from command line to 'False'
[0.203s] Level 5:colcon.colcon_core.verb:set package 'xarm_moveit_config' build argument 'ament_cmake_args' from command line to 'None'
[0.203s] Level 5:colcon.colcon_core.verb:set package 'xarm_moveit_config' build argument 'catkin_cmake_args' from command line to 'None'
[0.203s] Level 5:colcon.colcon_core.verb:set package 'xarm_moveit_config' build argument 'catkin_skip_building_tests' from command line to 'False'
[0.203s] DEBUG:colcon.colcon_core.verb:Building package 'xarm_moveit_config' with the following arguments: {'ament_cmake_args': None, 'build_base': '/home/benongnuel/dev_ws/build/xarm_moveit_config', 'catkin_cmake_args': None, 'catkin_skip_building_tests': False, 'cmake_args': None, 'cmake_clean_cache': False, 'cmake_clean_first': False, 'cmake_force_configure': False, 'cmake_target': None, 'cmake_target_skip_unavailable': False, 'install_base': '/home/benongnuel/dev_ws/install/xarm_moveit_config', 'merge_install': False, 'path': '/home/benongnuel/dev_ws/src/xarm_ros2/xarm_moveit_config', 'symlink_install': True, 'test_result_base': None}
[0.203s] Level 5:colcon.colcon_core.verb:set package 'xarm_moveit_servo' build argument 'cmake_args' from command line to 'None'
[0.203s] Level 5:colcon.colcon_core.verb:set package 'xarm_moveit_servo' build argument 'cmake_target' from command line to 'None'
[0.203s] Level 5:colcon.colcon_core.verb:set package 'xarm_moveit_servo' build argument 'cmake_target_skip_unavailable' from command line to 'False'
[0.203s] Level 5:colcon.colcon_core.verb:set package 'xarm_moveit_servo' build argument 'cmake_clean_cache' from command line to 'False'
[0.203s] Level 5:colcon.colcon_core.verb:set package 'xarm_moveit_servo' build argument 'cmake_clean_first' from command line to 'False'
[0.203s] Level 5:colcon.colcon_core.verb:set package 'xarm_moveit_servo' build argument 'cmake_force_configure' from command line to 'False'
[0.203s] Level 5:colcon.colcon_core.verb:set package 'xarm_moveit_servo' build argument 'ament_cmake_args' from command line to 'None'
[0.203s] Level 5:colcon.colcon_core.verb:set package 'xarm_moveit_servo' build argument 'catkin_cmake_args' from command line to 'None'
[0.203s] Level 5:colcon.colcon_core.verb:set package 'xarm_moveit_servo' build argument 'catkin_skip_building_tests' from command line to 'False'
[0.203s] DEBUG:colcon.colcon_core.verb:Building package 'xarm_moveit_servo' with the following arguments: {'ament_cmake_args': None, 'build_base': '/home/benongnuel/dev_ws/build/xarm_moveit_servo', 'catkin_cmake_args': None, 'catkin_skip_building_tests': False, 'cmake_args': None, 'cmake_clean_cache': False, 'cmake_clean_first': False, 'cmake_force_configure': False, 'cmake_target': None, 'cmake_target_skip_unavailable': False, 'install_base': '/home/benongnuel/dev_ws/install/xarm_moveit_servo', 'merge_install': False, 'path': '/home/benongnuel/dev_ws/src/xarm_ros2/xarm_moveit_servo', 'symlink_install': True, 'test_result_base': None}
[0.203s] Level 5:colcon.colcon_core.verb:set package 'xarm_planner' build argument 'cmake_args' from command line to 'None'
[0.203s] Level 5:colcon.colcon_core.verb:set package 'xarm_planner' build argument 'cmake_target' from command line to 'None'
[0.203s] Level 5:colcon.colcon_core.verb:set package 'xarm_planner' build argument 'cmake_target_skip_unavailable' from command line to 'False'
[0.203s] Level 5:colcon.colcon_core.verb:set package 'xarm_planner' build argument 'cmake_clean_cache' from command line to 'False'
[0.203s] Level 5:colcon.colcon_core.verb:set package 'xarm_planner' build argument 'cmake_clean_first' from command line to 'False'
[0.203s] Level 5:colcon.colcon_core.verb:set package 'xarm_planner' build argument 'cmake_force_configure' from command line to 'False'
[0.203s] Level 5:colcon.colcon_core.verb:set package 'xarm_planner' build argument 'ament_cmake_args' from command line to 'None'
[0.203s] Level 5:colcon.colcon_core.verb:set package 'xarm_planner' build argument 'catkin_cmake_args' from command line to 'None'
[0.203s] Level 5:colcon.colcon_core.verb:set package 'xarm_planner' build argument 'catkin_skip_building_tests' from command line to 'False'
[0.203s] DEBUG:colcon.colcon_core.verb:Building package 'xarm_planner' with the following arguments: {'ament_cmake_args': None, 'build_base': '/home/benongnuel/dev_ws/build/xarm_planner', 'catkin_cmake_args': None, 'catkin_skip_building_tests': False, 'cmake_args': None, 'cmake_clean_cache': False, 'cmake_clean_first': False, 'cmake_force_configure': False, 'cmake_target': None, 'cmake_target_skip_unavailable': False, 'install_base': '/home/benongnuel/dev_ws/install/xarm_planner', 'merge_install': False, 'path': '/home/benongnuel/dev_ws/src/xarm_ros2/xarm_planner', 'symlink_install': True, 'test_result_base': None}
[0.203s] INFO:colcon.colcon_core.executor:Executing jobs using 'parallel' executor
[0.204s] DEBUG:colcon.colcon_parallel_executor.executor.parallel:run_until_complete
[0.204s] INFO:colcon.colcon_ros.task.ament_cmake.build:Building ROS package in '/home/benongnuel/dev_ws/src/xarm_ros2/xarm_description' with build type 'ament_cmake'
[0.204s] INFO:colcon.colcon_cmake.task.cmake.build:Building CMake package in '/home/benongnuel/dev_ws/src/xarm_ros2/xarm_description'
[0.205s] INFO:colcon.colcon_core.plugin_system:Skipping extension 'colcon_core.shell.bat': Not used on non-Windows systems
[0.205s] INFO:colcon.colcon_core.shell:Skip shell extension 'powershell' for command environment: Not usable outside of PowerShell
[0.205s] DEBUG:colcon.colcon_core.shell:Skip shell extension 'dsv' for command environment
[0.208s] INFO:colcon.colcon_ros.task.ament_cmake.build:Building ROS package in '/home/benongnuel/dev_ws/src/xarm_ros2/xarm_msgs' with build type 'ament_cmake'
[0.208s] INFO:colcon.colcon_cmake.task.cmake.build:Building CMake package in '/home/benongnuel/dev_ws/src/xarm_ros2/xarm_msgs'
[0.208s] INFO:colcon.colcon_core.shell:Skip shell extension 'powershell' for command environment: Not usable outside of PowerShell
[0.208s] DEBUG:colcon.colcon_core.shell:Skip shell extension 'dsv' for command environment
[0.210s] INFO:colcon.colcon_ros.task.ament_cmake.build:Building ROS package in '/home/benongnuel/dev_ws/src/xarm_ros2/xarm_sdk' with build type 'ament_cmake'
[0.211s] INFO:colcon.colcon_cmake.task.cmake.build:Building CMake package in '/home/benongnuel/dev_ws/src/xarm_ros2/xarm_sdk'
[0.211s] INFO:colcon.colcon_core.shell:Skip shell extension 'powershell' for command environment: Not usable outside of PowerShell
[0.211s] DEBUG:colcon.colcon_core.shell:Skip shell extension 'dsv' for command environment
[0.213s] INFO:colcon.colcon_ros.task.ament_python.build:Building ROS package in '/home/benongnuel/dev_ws/src/xarm_ros2/uf_ros_lib' with build type 'ament_python'
[0.213s] Level 1:colcon.colcon_core.shell:create_environment_hook('uf_ros_lib', 'ament_prefix_path')
[0.213s] INFO:colcon.colcon_core.shell:Creating environment hook '/home/benongnuel/dev_ws/install/uf_ros_lib/share/uf_ros_lib/hook/ament_prefix_path.ps1'
[0.214s] INFO:colcon.colcon_core.shell:Creating environment descriptor '/home/benongnuel/dev_ws/install/uf_ros_lib/share/uf_ros_lib/hook/ament_prefix_path.dsv'
[0.214s] INFO:colcon.colcon_core.shell:Creating environment hook '/home/benongnuel/dev_ws/install/uf_ros_lib/share/uf_ros_lib/hook/ament_prefix_path.sh'
[0.214s] INFO:colcon.colcon_core.shell:Skip shell extension 'powershell' for command environment: Not usable outside of PowerShell
[0.214s] DEBUG:colcon.colcon_core.shell:Skip shell extension 'dsv' for command environment
[0.217s] INFO:colcon.colcon_ros.task.ament_cmake.build:Building ROS package in '/home/benongnuel/dev_ws/src/kdl_parser/kdl_parser' with build type 'ament_cmake'
[0.217s] INFO:colcon.colcon_cmake.task.cmake.build:Building CMake package in '/home/benongnuel/dev_ws/src/kdl_parser/kdl_parser'
[0.217s] INFO:colcon.colcon_core.shell:Skip shell extension 'powershell' for command environment: Not usable outside of PowerShell
[0.217s] DEBUG:colcon.colcon_core.shell:Skip shell extension 'dsv' for command environment
[0.219s] INFO:colcon.colcon_ros.task.ament_cmake.build:Building ROS package in '/home/benongnuel/dev_ws/src/xarm_ros2/demo/mbot_demo' with build type 'ament_cmake'
[0.219s] INFO:colcon.colcon_cmake.task.cmake.build:Building CMake package in '/home/benongnuel/dev_ws/src/xarm_ros2/demo/mbot_demo'
[0.219s] INFO:colcon.colcon_core.shell:Skip shell extension 'powershell' for command environment: Not usable outside of PowerShell
[0.219s] DEBUG:colcon.colcon_core.shell:Skip shell extension 'dsv' for command environment
[0.222s] INFO:colcon.colcon_ros.task.ament_python.build:Building ROS package in '/home/benongnuel/dev_ws/my_gripper_scripts' with build type 'ament_python'
[0.222s] Level 1:colcon.colcon_core.shell:create_environment_hook('my_gripper_scripts', 'ament_prefix_path')
[0.222s] INFO:colcon.colcon_core.shell:Creating environment hook '/home/benongnuel/dev_ws/install/my_gripper_scripts/share/my_gripper_scripts/hook/ament_prefix_path.ps1'
[0.222s] INFO:colcon.colcon_core.shell:Creating environment descriptor '/home/benongnuel/dev_ws/install/my_gripper_scripts/share/my_gripper_scripts/hook/ament_prefix_path.dsv'
[0.222s] INFO:colcon.colcon_core.shell:Creating environment hook '/home/benongnuel/dev_ws/install/my_gripper_scripts/share/my_gripper_scripts/hook/ament_prefix_path.sh'
[0.223s] INFO:colcon.colcon_core.shell:Skip shell extension 'powershell' for command environment: Not usable outside of PowerShell
[0.223s] DEBUG:colcon.colcon_core.shell:Skip shell extension 'dsv' for command environment
[0.225s] INFO:colcon.colcon_ros.task.ament_cmake.build:Building ROS package in '/home/benongnuel/dev_ws/src/xarm_ros2/thirdparty/realsense_gazebo_plugin' with build type 'ament_cmake'
[0.225s] INFO:colcon.colcon_cmake.task.cmake.build:Building CMake package in '/home/benongnuel/dev_ws/src/xarm_ros2/thirdparty/realsense_gazebo_plugin'
[0.225s] INFO:colcon.colcon_core.shell:Skip shell extension 'powershell' for command environment: Not usable outside of PowerShell
[0.225s] DEBUG:colcon.colcon_core.shell:Skip shell extension 'dsv' for command environment
[0.230s] DEBUG:colcon.colcon_core.event_handler.log_command:Invoking command in '/home/benongnuel/dev_ws/build/xarm_description': CMAKE_PREFIX_PATH=${CMAKE_PREFIX_PATH}:/home/benongnuel/dev_ws/install/uf_ros_lib:/home/benongnuel/dev_ws/install/my_gripper_scripts:/opt/ros/humble /usr/bin/cmake /home/benongnuel/dev_ws/src/xarm_ros2/xarm_description -DAMENT_CMAKE_SYMLINK_INSTALL=1 -DCMAKE_INSTALL_PREFIX=/home/benongnuel/dev_ws/install/xarm_description
[0.231s] DEBUG:colcon.colcon_core.event_handler.log_command:Invoking command in '/home/benongnuel/dev_ws/build/xarm_msgs': CMAKE_PREFIX_PATH=${CMAKE_PREFIX_PATH}:/home/benongnuel/dev_ws/install/uf_ros_lib:/home/benongnuel/dev_ws/install/my_gripper_scripts:/opt/ros/humble /usr/bin/cmake /home/benongnuel/dev_ws/src/xarm_ros2/xarm_msgs -DAMENT_CMAKE_SYMLINK_INSTALL=1 -DCMAKE_INSTALL_PREFIX=/home/benongnuel/dev_ws/install/xarm_msgs
[0.233s] DEBUG:colcon.colcon_core.event_handler.log_command:Invoking command in '/home/benongnuel/dev_ws/build/xarm_sdk': CMAKE_PREFIX_PATH=${CMAKE_PREFIX_PATH}:/home/benongnuel/dev_ws/install/uf_ros_lib:/home/benongnuel/dev_ws/install/my_gripper_scripts:/opt/ros/humble /usr/bin/cmake /home/benongnuel/dev_ws/src/xarm_ros2/xarm_sdk -DAMENT_CMAKE_SYMLINK_INSTALL=1 -DCMAKE_INSTALL_PREFIX=/home/benongnuel/dev_ws/install/xarm_sdk
[0.374s] INFO:colcon.colcon_core.task.python.build:Building Python package in '/home/benongnuel/dev_ws/src/xarm_ros2/uf_ros_lib'
[0.375s] INFO:colcon.colcon_core.shell:Skip shell extension 'powershell' for command environment: Not usable outside of PowerShell
[0.375s] DEBUG:colcon.colcon_core.shell:Skip shell extension 'dsv' for command environment
[0.380s] DEBUG:colcon.colcon_core.event_handler.log_command:Invoking command in '/home/benongnuel/dev_ws/build/kdl_parser': CMAKE_PREFIX_PATH=${CMAKE_PREFIX_PATH}:/home/benongnuel/dev_ws/install/uf_ros_lib:/home/benongnuel/dev_ws/install/my_gripper_scripts:/opt/ros/humble /usr/bin/cmake /home/benongnuel/dev_ws/src/kdl_parser/kdl_parser -DAMENT_CMAKE_SYMLINK_INSTALL=1 -DCMAKE_INSTALL_PREFIX=/home/benongnuel/dev_ws/install/kdl_parser
[0.381s] DEBUG:colcon.colcon_core.event_handler.log_command:Invoking command in '/home/benongnuel/dev_ws/build/mbot_demo': CMAKE_PREFIX_PATH=${CMAKE_PREFIX_PATH}:/home/benongnuel/dev_ws/install/uf_ros_lib:/home/benongnuel/dev_ws/install/my_gripper_scripts:/opt/ros/humble /usr/bin/cmake /home/benongnuel/dev_ws/src/xarm_ros2/demo/mbot_demo -DAMENT_CMAKE_SYMLINK_INSTALL=1 -DCMAKE_INSTALL_PREFIX=/home/benongnuel/dev_ws/install/mbot_demo
[0.523s] INFO:colcon.colcon_core.task.python.build:Building Python package in '/home/benongnuel/dev_ws/my_gripper_scripts'
[0.523s] INFO:colcon.colcon_core.shell:Skip shell extension 'powershell' for command environment: Not usable outside of PowerShell
[0.523s] DEBUG:colcon.colcon_core.shell:Skip shell extension 'dsv' for command environment
[0.536s] DEBUG:colcon.colcon_core.event_handler.log_command:Invoking command in '/home/benongnuel/dev_ws/build/realsense_gazebo_plugin': CMAKE_PREFIX_PATH=${CMAKE_PREFIX_PATH}:/home/benongnuel/dev_ws/install/uf_ros_lib:/home/benongnuel/dev_ws/install/my_gripper_scripts:/opt/ros/humble /usr/bin/cmake /home/benongnuel/dev_ws/src/xarm_ros2/thirdparty/realsense_gazebo_plugin -DAMENT_CMAKE_SYMLINK_INSTALL=1 -DCMAKE_INSTALL_PREFIX=/home/benongnuel/dev_ws/install/realsense_gazebo_plugin
[0.537s] DEBUG:colcon.colcon_core.event_handler.log_command:Invoked command in '/home/benongnuel/dev_ws/build/mbot_demo' returned '0': CMAKE_PREFIX_PATH=${CMAKE_PREFIX_PATH}:/home/benongnuel/dev_ws/install/uf_ros_lib:/home/benongnuel/dev_ws/install/my_gripper_scripts:/opt/ros/humble /usr/bin/cmake /home/benongnuel/dev_ws/src/xarm_ros2/demo/mbot_demo -DAMENT_CMAKE_SYMLINK_INSTALL=1 -DCMAKE_INSTALL_PREFIX=/home/benongnuel/dev_ws/install/mbot_demo
[0.537s] DEBUG:colcon.colcon_core.event_handler.log_command:Invoking command in '/home/benongnuel/dev_ws/build/mbot_demo': CMAKE_PREFIX_PATH=${CMAKE_PREFIX_PATH}:/home/benongnuel/dev_ws/install/uf_ros_lib:/home/benongnuel/dev_ws/install/my_gripper_scripts:/opt/ros/humble /usr/bin/cmake --build /home/benongnuel/dev_ws/build/mbot_demo -- -j16 -l16
[0.538s] DEBUG:colcon.colcon_core.event_handler.log_command:Invoked command in '/home/benongnuel/dev_ws/build/xarm_description' returned '0': CMAKE_PREFIX_PATH=${CMAKE_PREFIX_PATH}:/home/benongnuel/dev_ws/install/uf_ros_lib:/home/benongnuel/dev_ws/install/my_gripper_scripts:/opt/ros/humble /usr/bin/cmake /home/benongnuel/dev_ws/src/xarm_ros2/xarm_description -DAMENT_CMAKE_SYMLINK_INSTALL=1 -DCMAKE_INSTALL_PREFIX=/home/benongnuel/dev_ws/install/xarm_description
[0.539s] DEBUG:colcon.colcon_core.event_handler.log_command:Invoking command in '/home/benongnuel/dev_ws/build/xarm_description': CMAKE_PREFIX_PATH=${CMAKE_PREFIX_PATH}:/home/benongnuel/dev_ws/install/uf_ros_lib:/home/benongnuel/dev_ws/install/my_gripper_scripts:/opt/ros/humble /usr/bin/cmake --build /home/benongnuel/dev_ws/build/xarm_description -- -j16 -l16
[0.539s] DEBUG:colcon.colcon_core.event_handler.log_command:Invoked command in '/home/benongnuel/dev_ws/build/xarm_sdk' returned '0': CMAKE_PREFIX_PATH=${CMAKE_PREFIX_PATH}:/home/benongnuel/dev_ws/install/uf_ros_lib:/home/benongnuel/dev_ws/install/my_gripper_scripts:/opt/ros/humble /usr/bin/cmake /home/benongnuel/dev_ws/src/xarm_ros2/xarm_sdk -DAMENT_CMAKE_SYMLINK_INSTALL=1 -DCMAKE_INSTALL_PREFIX=/home/benongnuel/dev_ws/install/xarm_sdk
[0.540s] DEBUG:colcon.colcon_core.event_handler.log_command:Invoking command in '/home/benongnuel/dev_ws/build/xarm_sdk': CMAKE_PREFIX_PATH=${CMAKE_PREFIX_PATH}:/home/benongnuel/dev_ws/install/uf_ros_lib:/home/benongnuel/dev_ws/install/my_gripper_scripts:/opt/ros/humble /usr/bin/cmake --build /home/benongnuel/dev_ws/build/xarm_sdk -- -j16 -l16
[0.574s] DEBUG:colcon.colcon_core.event_handler.log_command:Invoked command in '/home/benongnuel/dev_ws/build/mbot_demo' returned '0': CMAKE_PREFIX_PATH=${CMAKE_PREFIX_PATH}:/home/benongnuel/dev_ws/install/uf_ros_lib:/home/benongnuel/dev_ws/install/my_gripper_scripts:/opt/ros/humble /usr/bin/cmake --build /home/benongnuel/dev_ws/build/mbot_demo -- -j16 -l16
[0.586s] DEBUG:colcon.colcon_core.event_handler.log_command:Invoking command in '/home/benongnuel/dev_ws/build/mbot_demo': CMAKE_PREFIX_PATH=${CMAKE_PREFIX_PATH}:/home/benongnuel/dev_ws/install/uf_ros_lib:/home/benongnuel/dev_ws/install/my_gripper_scripts:/opt/ros/humble /usr/bin/cmake --install /home/benongnuel/dev_ws/build/mbot_demo
[0.587s] DEBUG:colcon.colcon_core.event_handler.log_command:Invoked command in '/home/benongnuel/dev_ws/build/xarm_description' returned '0': CMAKE_PREFIX_PATH=${CMAKE_PREFIX_PATH}:/home/benongnuel/dev_ws/install/uf_ros_lib:/home/benongnuel/dev_ws/install/my_gripper_scripts:/opt/ros/humble /usr/bin/cmake --build /home/benongnuel/dev_ws/build/xarm_description -- -j16 -l16
[0.589s] DEBUG:colcon.colcon_core.event_handler.log_command:Invoking command in '/home/benongnuel/dev_ws/build/xarm_description': CMAKE_PREFIX_PATH=${CMAKE_PREFIX_PATH}:/home/benongnuel/dev_ws/install/uf_ros_lib:/home/benongnuel/dev_ws/install/my_gripper_scripts:/opt/ros/humble /usr/bin/cmake --install /home/benongnuel/dev_ws/build/xarm_description
[0.590s] DEBUG:colcon.colcon_core.event_handler.log_command:Invoked command in '/home/benongnuel/dev_ws/build/kdl_parser' returned '0': CMAKE_PREFIX_PATH=${CMAKE_PREFIX_PATH}:/home/benongnuel/dev_ws/install/uf_ros_lib:/home/benongnuel/dev_ws/install/my_gripper_scripts:/opt/ros/humble /usr/bin/cmake /home/benongnuel/dev_ws/src/kdl_parser/kdl_parser -DAMENT_CMAKE_SYMLINK_INSTALL=1 -DCMAKE_INSTALL_PREFIX=/home/benongnuel/dev_ws/install/kdl_parser
[0.591s] DEBUG:colcon.colcon_core.event_handler.log_command:Invoking command in '/home/benongnuel/dev_ws/build/kdl_parser': CMAKE_PREFIX_PATH=${CMAKE_PREFIX_PATH}:/home/benongnuel/dev_ws/install/uf_ros_lib:/home/benongnuel/dev_ws/install/my_gripper_scripts:/opt/ros/humble /usr/bin/cmake --build /home/benongnuel/dev_ws/build/kdl_parser -- -j16 -l16
[0.601s] Level 1:colcon.colcon_core.environment:create_environment_scripts_only(mbot_demo)
[0.605s] DEBUG:colcon.colcon_core.event_handler.log_command:Invoked command in '/home/benongnuel/dev_ws/build/mbot_demo' returned '0': CMAKE_PREFIX_PATH=${CMAKE_PREFIX_PATH}:/home/benongnuel/dev_ws/install/uf_ros_lib:/home/benongnuel/dev_ws/install/my_gripper_scripts:/opt/ros/humble /usr/bin/cmake --install /home/benongnuel/dev_ws/build/mbot_demo
[0.617s] Level 1:colcon.colcon_core.environment:checking '/home/benongnuel/dev_ws/install/mbot_demo' for CMake module files
[0.621s] Level 1:colcon.colcon_core.environment:checking '/home/benongnuel/dev_ws/install/mbot_demo' for CMake config files
[0.624s] Level 1:colcon.colcon_core.shell:create_environment_hook('mbot_demo', 'cmake_prefix_path')
[0.625s] INFO:colcon.colcon_core.shell:Creating environment hook '/home/benongnuel/dev_ws/install/mbot_demo/share/mbot_demo/hook/cmake_prefix_path.ps1'
[0.625s] INFO:colcon.colcon_core.shell:Creating environment descriptor '/home/benongnuel/dev_ws/install/mbot_demo/share/mbot_demo/hook/cmake_prefix_path.dsv'
[0.626s] INFO:colcon.colcon_core.shell:Creating environment hook '/home/benongnuel/dev_ws/install/mbot_demo/share/mbot_demo/hook/cmake_prefix_path.sh'
[0.626s] Level 1:colcon.colcon_core.environment:checking '/home/benongnuel/dev_ws/install/mbot_demo/bin'
[0.626s] Level 1:colcon.colcon_core.environment:checking '/home/benongnuel/dev_ws/install/mbot_demo/lib/pkgconfig/mbot_demo.pc'
[0.627s] Level 1:colcon.colcon_core.environment:checking '/home/benongnuel/dev_ws/install/mbot_demo/lib/python3.10/site-packages'
[0.627s] Level 1:colcon.colcon_core.environment:checking '/home/benongnuel/dev_ws/install/mbot_demo/bin'
[0.627s] INFO:colcon.colcon_core.shell:Creating package script '/home/benongnuel/dev_ws/install/mbot_demo/share/mbot_demo/package.ps1'
[0.628s] INFO:colcon.colcon_core.shell:Creating package descriptor '/home/benongnuel/dev_ws/install/mbot_demo/share/mbot_demo/package.dsv'
[0.629s] INFO:colcon.colcon_core.shell:Creating package script '/home/benongnuel/dev_ws/install/mbot_demo/share/mbot_demo/package.sh'
[0.629s] INFO:colcon.colcon_core.shell:Creating package script '/home/benongnuel/dev_ws/install/mbot_demo/share/mbot_demo/package.bash'
[0.630s] INFO:colcon.colcon_core.shell:Creating package script '/home/benongnuel/dev_ws/install/mbot_demo/share/mbot_demo/package.zsh'
[0.631s] Level 1:colcon.colcon_core.environment:create_file_with_runtime_dependencies(/home/benongnuel/dev_ws/install/mbot_demo/share/colcon-core/packages/mbot_demo)
[0.632s] Level 1:colcon.colcon_core.environment:create_environment_scripts_only(mbot_demo)
[0.632s] Level 1:colcon.colcon_core.environment:checking '/home/benongnuel/dev_ws/install/mbot_demo' for CMake module files
[0.632s] Level 1:colcon.colcon_core.environment:checking '/home/benongnuel/dev_ws/install/mbot_demo' for CMake config files
[0.633s] Level 1:colcon.colcon_core.shell:create_environment_hook('mbot_demo', 'cmake_prefix_path')
[0.633s] INFO:colcon.colcon_core.shell:Creating environment hook '/home/benongnuel/dev_ws/install/mbot_demo/share/mbot_demo/hook/cmake_prefix_path.ps1'
[0.633s] INFO:colcon.colcon_core.shell:Creating environment descriptor '/home/benongnuel/dev_ws/install/mbot_demo/share/mbot_demo/hook/cmake_prefix_path.dsv'
[0.634s] INFO:colcon.colcon_core.shell:Creating environment hook '/home/benongnuel/dev_ws/install/mbot_demo/share/mbot_demo/hook/cmake_prefix_path.sh'
[0.634s] Level 1:colcon.colcon_core.environment:checking '/home/benongnuel/dev_ws/install/mbot_demo/bin'
[0.634s] Level 1:colcon.colcon_core.environment:checking '/home/benongnuel/dev_ws/install/mbot_demo/lib/pkgconfig/mbot_demo.pc'
[0.635s] Level 1:colcon.colcon_core.environment:checking '/home/benongnuel/dev_ws/install/mbot_demo/lib/python3.10/site-packages'
[0.635s] Level 1:colcon.colcon_core.environment:checking '/home/benongnuel/dev_ws/install/mbot_demo/bin'
[0.635s] INFO:colcon.colcon_core.shell:Creating package script '/home/benongnuel/dev_ws/install/mbot_demo/share/mbot_demo/package.ps1'
[0.636s] INFO:colcon.colcon_core.shell:Creating package descriptor '/home/benongnuel/dev_ws/install/mbot_demo/share/mbot_demo/package.dsv'
[0.636s] INFO:colcon.colcon_core.shell:Creating package script '/home/benongnuel/dev_ws/install/mbot_demo/share/mbot_demo/package.sh'
[0.637s] INFO:colcon.colcon_core.shell:Creating package script '/home/benongnuel/dev_ws/install/mbot_demo/share/mbot_demo/package.bash'
[0.637s] INFO:colcon.colcon_core.shell:Creating package script '/home/benongnuel/dev_ws/install/mbot_demo/share/mbot_demo/package.zsh'
[0.638s] Level 1:colcon.colcon_core.environment:create_file_with_runtime_dependencies(/home/benongnuel/dev_ws/install/mbot_demo/share/colcon-core/packages/mbot_demo)
[0.640s] DEBUG:colcon.colcon_core.event_handler.log_command:Invoked command in '/home/benongnuel/dev_ws/build/xarm_sdk' returned '0': CMAKE_PREFIX_PATH=${CMAKE_PREFIX_PATH}:/home/benongnuel/dev_ws/install/uf_ros_lib:/home/benongnuel/dev_ws/install/my_gripper_scripts:/opt/ros/humble /usr/bin/cmake --build /home/benongnuel/dev_ws/build/xarm_sdk -- -j16 -l16
[0.641s] DEBUG:colcon.colcon_core.event_handler.log_command:Invoking command in '/home/benongnuel/dev_ws/build/xarm_sdk': CMAKE_PREFIX_PATH=${CMAKE_PREFIX_PATH}:/home/benongnuel/dev_ws/install/uf_ros_lib:/home/benongnuel/dev_ws/install/my_gripper_scripts:/opt/ros/humble /usr/bin/cmake --install /home/benongnuel/dev_ws/build/xarm_sdk
[0.642s] DEBUG:colcon.colcon_core.event_handler.log_command:Invoked command in '/home/benongnuel/dev_ws/build/kdl_parser' returned '0': CMAKE_PREFIX_PATH=${CMAKE_PREFIX_PATH}:/home/benongnuel/dev_ws/install/uf_ros_lib:/home/benongnuel/dev_ws/install/my_gripper_scripts:/opt/ros/humble /usr/bin/cmake --build /home/benongnuel/dev_ws/build/kdl_parser -- -j16 -l16
[0.644s] DEBUG:colcon.colcon_core.event_handler.log_command:Invoking command in '/home/benongnuel/dev_ws/build/kdl_parser': CMAKE_PREFIX_PATH=${CMAKE_PREFIX_PATH}:/home/benongnuel/dev_ws/install/uf_ros_lib:/home/benongnuel/dev_ws/install/my_gripper_scripts:/opt/ros/humble /usr/bin/cmake --install /home/benongnuel/dev_ws/build/kdl_parser
[0.644s] Level 1:colcon.colcon_core.environment:create_environment_scripts_only(xarm_description)
[0.645s] Level 1:colcon.colcon_core.environment:checking '/home/benongnuel/dev_ws/install/xarm_description' for CMake module files
[0.645s] DEBUG:colcon.colcon_core.event_handler.log_command:Invoked command in '/home/benongnuel/dev_ws/build/xarm_description' returned '0': CMAKE_PREFIX_PATH=${CMAKE_PREFIX_PATH}:/home/benongnuel/dev_ws/install/uf_ros_lib:/home/benongnuel/dev_ws/install/my_gripper_scripts:/opt/ros/humble /usr/bin/cmake --install /home/benongnuel/dev_ws/build/xarm_description
[0.646s] Level 1:colcon.colcon_core.environment:checking '/home/benongnuel/dev_ws/install/xarm_description' for CMake config files
[0.650s] Level 1:colcon.colcon_core.shell:create_environment_hook('xarm_description', 'cmake_prefix_path')
[0.650s] INFO:colcon.colcon_core.shell:Creating environment hook '/home/benongnuel/dev_ws/install/xarm_description/share/xarm_description/hook/cmake_prefix_path.ps1'
[0.651s] INFO:colcon.colcon_core.shell:Creating environment descriptor '/home/benongnuel/dev_ws/install/xarm_description/share/xarm_description/hook/cmake_prefix_path.dsv'
[0.652s] INFO:colcon.colcon_core.shell:Creating environment hook '/home/benongnuel/dev_ws/install/xarm_description/share/xarm_description/hook/cmake_prefix_path.sh'
[0.653s] Level 1:colcon.colcon_core.environment:checking '/home/benongnuel/dev_ws/install/xarm_description/bin'
[0.654s] Level 1:colcon.colcon_core.environment:checking '/home/benongnuel/dev_ws/install/xarm_description/lib/pkgconfig/xarm_description.pc'
[0.654s] Level 1:colcon.colcon_core.environment:checking '/home/benongnuel/dev_ws/install/xarm_description/lib/python3.10/site-packages'
[0.654s] Level 1:colcon.colcon_core.environment:checking '/home/benongnuel/dev_ws/install/xarm_description/bin'
[0.655s] INFO:colcon.colcon_core.shell:Creating package script '/home/benongnuel/dev_ws/install/xarm_description/share/xarm_description/package.ps1'
[0.656s] INFO:colcon.colcon_core.shell:Creating package descriptor '/home/benongnuel/dev_ws/install/xarm_description/share/xarm_description/package.dsv'
[0.657s] INFO:colcon.colcon_core.shell:Creating package script '/home/benongnuel/dev_ws/install/xarm_description/share/xarm_description/package.sh'
[0.659s] INFO:colcon.colcon_core.shell:Creating package script '/home/benongnuel/dev_ws/install/xarm_description/share/xarm_description/package.bash'
[0.659s] INFO:colcon.colcon_core.shell:Creating package script '/home/benongnuel/dev_ws/install/xarm_description/share/xarm_description/package.zsh'
[0.659s] Level 1:colcon.colcon_core.environment:create_file_with_runtime_dependencies(/home/benongnuel/dev_ws/install/xarm_description/share/colcon-core/packages/xarm_description)
[0.660s] Level 1:colcon.colcon_core.environment:create_environment_scripts_only(xarm_description)
[0.660s] Level 1:colcon.colcon_core.environment:checking '/home/benongnuel/dev_ws/install/xarm_description' for CMake module files
[0.660s] Level 1:colcon.colcon_core.environment:checking '/home/benongnuel/dev_ws/install/xarm_description' for CMake config files
[0.662s] Level 1:colcon.colcon_core.shell:create_environment_hook('xarm_description', 'cmake_prefix_path')
[0.662s] INFO:colcon.colcon_core.shell:Creating environment hook '/home/benongnuel/dev_ws/install/xarm_description/share/xarm_description/hook/cmake_prefix_path.ps1'
[0.663s] INFO:colcon.colcon_core.shell:Creating environment descriptor '/home/benongnuel/dev_ws/install/xarm_description/share/xarm_description/hook/cmake_prefix_path.dsv'
[0.663s] INFO:colcon.colcon_core.shell:Creating environment hook '/home/benongnuel/dev_ws/install/xarm_description/share/xarm_description/hook/cmake_prefix_path.sh'
[0.664s] Level 1:colcon.colcon_core.environment:checking '/home/benongnuel/dev_ws/install/xarm_description/bin'
[0.664s] Level 1:colcon.colcon_core.environment:checking '/home/benongnuel/dev_ws/install/xarm_description/lib/pkgconfig/xarm_description.pc'
[0.664s] Level 1:colcon.colcon_core.environment:checking '/home/benongnuel/dev_ws/install/xarm_description/lib/python3.10/site-packages'
[0.664s] Level 1:colcon.colcon_core.environment:checking '/home/benongnuel/dev_ws/install/xarm_description/bin'
[0.664s] INFO:colcon.colcon_core.shell:Creating package script '/home/benongnuel/dev_ws/install/xarm_description/share/xarm_description/package.ps1'
[0.665s] INFO:colcon.colcon_core.shell:Creating package descriptor '/home/benongnuel/dev_ws/install/xarm_description/share/xarm_description/package.dsv'
[0.665s] INFO:colcon.colcon_core.shell:Creating package script '/home/benongnuel/dev_ws/install/xarm_description/share/xarm_description/package.sh'
[0.666s] INFO:colcon.colcon_core.shell:Creating package script '/home/benongnuel/dev_ws/install/xarm_description/share/xarm_description/package.bash'
[0.666s] INFO:colcon.colcon_core.shell:Creating package script '/home/benongnuel/dev_ws/install/xarm_description/share/xarm_description/package.zsh'
[0.666s] Level 1:colcon.colcon_core.environment:create_file_with_runtime_dependencies(/home/benongnuel/dev_ws/install/xarm_description/share/colcon-core/packages/xarm_description)
[0.667s] Level 1:colcon.colcon_core.environment:create_environment_scripts_only(kdl_parser)
[0.667s] Level 1:colcon.colcon_core.environment:checking '/home/benongnuel/dev_ws/install/kdl_parser' for CMake module files
[0.669s] DEBUG:colcon.colcon_core.event_handler.log_command:Invoked command in '/home/benongnuel/dev_ws/build/kdl_parser' returned '0': CMAKE_PREFIX_PATH=${CMAKE_PREFIX_PATH}:/home/benongnuel/dev_ws/install/uf_ros_lib:/home/benongnuel/dev_ws/install/my_gripper_scripts:/opt/ros/humble /usr/bin/cmake --install /home/benongnuel/dev_ws/build/kdl_parser
[0.669s] Level 1:colcon.colcon_core.environment:checking '/home/benongnuel/dev_ws/install/kdl_parser' for CMake config files
[0.670s] Level 1:colcon.colcon_core.shell:create_environment_hook('kdl_parser', 'cmake_prefix_path')
[0.670s] INFO:colcon.colcon_core.shell:Creating environment hook '/home/benongnuel/dev_ws/install/kdl_parser/share/kdl_parser/hook/cmake_prefix_path.ps1'
[0.670s] INFO:colcon.colcon_core.shell:Creating environment descriptor '/home/benongnuel/dev_ws/install/kdl_parser/share/kdl_parser/hook/cmake_prefix_path.dsv'
[0.671s] INFO:colcon.colcon_core.shell:Creating environment hook '/home/benongnuel/dev_ws/install/kdl_parser/share/kdl_parser/hook/cmake_prefix_path.sh'
[0.671s] Level 1:colcon.colcon_core.environment:checking '/home/benongnuel/dev_ws/install/kdl_parser/lib'
[0.672s] Level 1:colcon.colcon_core.shell:create_environment_hook('kdl_parser', 'ld_library_path_lib')
[0.672s] INFO:colcon.colcon_core.shell:Creating environment hook '/home/benongnuel/dev_ws/install/kdl_parser/share/kdl_parser/hook/ld_library_path_lib.ps1'
[0.672s] INFO:colcon.colcon_core.shell:Creating environment descriptor '/home/benongnuel/dev_ws/install/kdl_parser/share/kdl_parser/hook/ld_library_path_lib.dsv'
[0.672s] INFO:colcon.colcon_core.shell:Creating environment hook '/home/benongnuel/dev_ws/install/kdl_parser/share/kdl_parser/hook/ld_library_path_lib.sh'
[0.673s] Level 1:colcon.colcon_core.environment:checking '/home/benongnuel/dev_ws/install/kdl_parser/bin'
[0.673s] Level 1:colcon.colcon_core.environment:checking '/home/benongnuel/dev_ws/install/kdl_parser/lib/pkgconfig/kdl_parser.pc'
[0.673s] Level 1:colcon.colcon_core.environment:checking '/home/benongnuel/dev_ws/install/kdl_parser/lib/python3.10/site-packages'
[0.673s] Level 1:colcon.colcon_core.environment:checking '/home/benongnuel/dev_ws/install/kdl_parser/bin'
[0.673s] INFO:colcon.colcon_core.shell:Creating package script '/home/benongnuel/dev_ws/install/kdl_parser/share/kdl_parser/package.ps1'
[0.674s] INFO:colcon.colcon_core.shell:Creating package descriptor '/home/benongnuel/dev_ws/install/kdl_parser/share/kdl_parser/package.dsv'
[0.674s] INFO:colcon.colcon_core.shell:Creating package script '/home/benongnuel/dev_ws/install/kdl_parser/share/kdl_parser/package.sh'
[0.674s] INFO:colcon.colcon_core.shell:Creating package script '/home/benongnuel/dev_ws/install/kdl_parser/share/kdl_parser/package.bash'
[0.675s] INFO:colcon.colcon_core.shell:Creating package script '/home/benongnuel/dev_ws/install/kdl_parser/share/kdl_parser/package.zsh'
[0.675s] Level 1:colcon.colcon_core.environment:create_file_with_runtime_dependencies(/home/benongnuel/dev_ws/install/kdl_parser/share/colcon-core/packages/kdl_parser)
[0.675s] Level 1:colcon.colcon_core.environment:create_environment_scripts_only(kdl_parser)
[0.675s] Level 1:colcon.colcon_core.environment:checking '/home/benongnuel/dev_ws/install/kdl_parser' for CMake module files
[0.676s] Level 1:colcon.colcon_core.environment:checking '/home/benongnuel/dev_ws/install/kdl_parser' for CMake config files
[0.676s] Level 1:colcon.colcon_core.shell:create_environment_hook('kdl_parser', 'cmake_prefix_path')
[0.676s] INFO:colcon.colcon_core.shell:Creating environment hook '/home/benongnuel/dev_ws/install/kdl_parser/share/kdl_parser/hook/cmake_prefix_path.ps1'
[0.676s] INFO:colcon.colcon_core.shell:Creating environment descriptor '/home/benongnuel/dev_ws/install/kdl_parser/share/kdl_parser/hook/cmake_prefix_path.dsv'
[0.676s] INFO:colcon.colcon_core.shell:Creating environment hook '/home/benongnuel/dev_ws/install/kdl_parser/share/kdl_parser/hook/cmake_prefix_path.sh'
[0.676s] Level 1:colcon.colcon_core.environment:checking '/home/benongnuel/dev_ws/install/kdl_parser/lib'
[0.677s] Level 1:colcon.colcon_core.shell:create_environment_hook('kdl_parser', 'ld_library_path_lib')
[0.677s] INFO:colcon.colcon_core.shell:Creating environment hook '/home/benongnuel/dev_ws/install/kdl_parser/share/kdl_parser/hook/ld_library_path_lib.ps1'
[0.677s] INFO:colcon.colcon_core.shell:Creating environment descriptor '/home/benongnuel/dev_ws/install/kdl_parser/share/kdl_parser/hook/ld_library_path_lib.dsv'
[0.677s] INFO:colcon.colcon_core.shell:Creating environment hook '/home/benongnuel/dev_ws/install/kdl_parser/share/kdl_parser/hook/ld_library_path_lib.sh'
[0.677s] Level 1:colcon.colcon_core.environment:checking '/home/benongnuel/dev_ws/install/kdl_parser/bin'
[0.677s] Level 1:colcon.colcon_core.environment:checking '/home/benongnuel/dev_ws/install/kdl_parser/lib/pkgconfig/kdl_parser.pc'
[0.678s] Level 1:colcon.colcon_core.environment:checking '/home/benongnuel/dev_ws/install/kdl_parser/lib/python3.10/site-packages'
[0.678s] Level 1:colcon.colcon_core.environment:checking '/home/benongnuel/dev_ws/install/kdl_parser/bin'
[0.678s] INFO:colcon.colcon_core.shell:Creating package script '/home/benongnuel/dev_ws/install/kdl_parser/share/kdl_parser/package.ps1'
[0.678s] INFO:colcon.colcon_core.shell:Creating package descriptor '/home/benongnuel/dev_ws/install/kdl_parser/share/kdl_parser/package.dsv'
[0.679s] INFO:colcon.colcon_core.shell:Creating package script '/home/benongnuel/dev_ws/install/kdl_parser/share/kdl_parser/package.sh'
[0.679s] INFO:colcon.colcon_core.shell:Creating package script '/home/benongnuel/dev_ws/install/kdl_parser/share/kdl_parser/package.bash'
[0.679s] INFO:colcon.colcon_core.shell:Creating package script '/home/benongnuel/dev_ws/install/kdl_parser/share/kdl_parser/package.zsh'
[0.679s] Level 1:colcon.colcon_core.environment:create_file_with_runtime_dependencies(/home/benongnuel/dev_ws/install/kdl_parser/share/colcon-core/packages/kdl_parser)
[0.680s] Level 1:colcon.colcon_core.environment:create_environment_scripts_only(xarm_sdk)
[0.681s] Level 1:colcon.colcon_core.environment:checking '/home/benongnuel/dev_ws/install/xarm_sdk' for CMake module files
[0.681s] DEBUG:colcon.colcon_core.event_handler.log_command:Invoked command in '/home/benongnuel/dev_ws/build/xarm_sdk' returned '0': CMAKE_PREFIX_PATH=${CMAKE_PREFIX_PATH}:/home/benongnuel/dev_ws/install/uf_ros_lib:/home/benongnuel/dev_ws/install/my_gripper_scripts:/opt/ros/humble /usr/bin/cmake --install /home/benongnuel/dev_ws/build/xarm_sdk
[0.681s] Level 1:colcon.colcon_core.environment:checking '/home/benongnuel/dev_ws/install/xarm_sdk' for CMake config files
[0.681s] Level 1:colcon.colcon_core.shell:create_environment_hook('xarm_sdk', 'cmake_prefix_path')
[0.682s] INFO:colcon.colcon_core.shell:Creating environment hook '/home/benongnuel/dev_ws/install/xarm_sdk/share/xarm_sdk/hook/cmake_prefix_path.ps1'
[0.682s] INFO:colcon.colcon_core.shell:Creating environment descriptor '/home/benongnuel/dev_ws/install/xarm_sdk/share/xarm_sdk/hook/cmake_prefix_path.dsv'
[0.682s] INFO:colcon.colcon_core.shell:Creating environment hook '/home/benongnuel/dev_ws/install/xarm_sdk/share/xarm_sdk/hook/cmake_prefix_path.sh'
[0.683s] Level 1:colcon.colcon_core.environment:checking '/home/benongnuel/dev_ws/install/xarm_sdk/lib'
[0.683s] Level 1:colcon.colcon_core.shell:create_environment_hook('xarm_sdk', 'ld_library_path_lib')
[0.683s] INFO:colcon.colcon_core.shell:Creating environment hook '/home/benongnuel/dev_ws/install/xarm_sdk/share/xarm_sdk/hook/ld_library_path_lib.ps1'
[0.683s] INFO:colcon.colcon_core.shell:Creating environment descriptor '/home/benongnuel/dev_ws/install/xarm_sdk/share/xarm_sdk/hook/ld_library_path_lib.dsv'
[0.683s] INFO:colcon.colcon_core.shell:Creating environment hook '/home/benongnuel/dev_ws/install/xarm_sdk/share/xarm_sdk/hook/ld_library_path_lib.sh'
[0.684s] Level 1:colcon.colcon_core.environment:checking '/home/benongnuel/dev_ws/install/xarm_sdk/bin'
[0.684s] Level 1:colcon.colcon_core.environment:checking '/home/benongnuel/dev_ws/install/xarm_sdk/lib/pkgconfig/xarm_sdk.pc'
[0.684s] Level 1:colcon.colcon_core.environment:checking '/home/benongnuel/dev_ws/install/xarm_sdk/lib/python3.10/site-packages'
[0.684s] Level 1:colcon.colcon_core.environment:checking '/home/benongnuel/dev_ws/install/xarm_sdk/bin'
[0.684s] INFO:colcon.colcon_core.shell:Creating package script '/home/benongnuel/dev_ws/install/xarm_sdk/share/xarm_sdk/package.ps1'
[0.685s] INFO:colcon.colcon_core.shell:Creating package descriptor '/home/benongnuel/dev_ws/install/xarm_sdk/share/xarm_sdk/package.dsv'
[0.685s] INFO:colcon.colcon_core.shell:Creating package script '/home/benongnuel/dev_ws/install/xarm_sdk/share/xarm_sdk/package.sh'
[0.685s] INFO:colcon.colcon_core.shell:Creating package script '/home/benongnuel/dev_ws/install/xarm_sdk/share/xarm_sdk/package.bash'
[0.685s] INFO:colcon.colcon_core.shell:Creating package script '/home/benongnuel/dev_ws/install/xarm_sdk/share/xarm_sdk/package.zsh'
[0.686s] Level 1:colcon.colcon_core.environment:create_file_with_runtime_dependencies(/home/benongnuel/dev_ws/install/xarm_sdk/share/colcon-core/packages/xarm_sdk)
[0.686s] Level 1:colcon.colcon_core.environment:create_environment_scripts_only(xarm_sdk)
[0.686s] Level 1:colcon.colcon_core.environment:checking '/home/benongnuel/dev_ws/install/xarm_sdk' for CMake module files
[0.686s] Level 1:colcon.colcon_core.environment:checking '/home/benongnuel/dev_ws/install/xarm_sdk' for CMake config files
[0.687s] Level 1:colcon.colcon_core.shell:create_environment_hook('xarm_sdk', 'cmake_prefix_path')
[0.687s] INFO:colcon.colcon_core.shell:Creating environment hook '/home/benongnuel/dev_ws/install/xarm_sdk/share/xarm_sdk/hook/cmake_prefix_path.ps1'
[0.687s] INFO:colcon.colcon_core.shell:Creating environment descriptor '/home/benongnuel/dev_ws/install/xarm_sdk/share/xarm_sdk/hook/cmake_prefix_path.dsv'
[0.687s] INFO:colcon.colcon_core.shell:Creating environment hook '/home/benongnuel/dev_ws/install/xarm_sdk/share/xarm_sdk/hook/cmake_prefix_path.sh'
[0.688s] Level 1:colcon.colcon_core.environment:checking '/home/benongnuel/dev_ws/install/xarm_sdk/lib'
[0.688s] Level 1:colcon.colcon_core.shell:create_environment_hook('xarm_sdk', 'ld_library_path_lib')
[0.688s] INFO:colcon.colcon_core.shell:Creating environment hook '/home/benongnuel/dev_ws/install/xarm_sdk/share/xarm_sdk/hook/ld_library_path_lib.ps1'
[0.688s] INFO:colcon.colcon_core.shell:Creating environment descriptor '/home/benongnuel/dev_ws/install/xarm_sdk/share/xarm_sdk/hook/ld_library_path_lib.dsv'
[0.688s] INFO:colcon.colcon_core.shell:Creating environment hook '/home/benongnuel/dev_ws/install/xarm_sdk/share/xarm_sdk/hook/ld_library_path_lib.sh'
[0.689s] Level 1:colcon.colcon_core.environment:checking '/home/benongnuel/dev_ws/install/xarm_sdk/bin'
[0.689s] Level 1:colcon.colcon_core.environment:checking '/home/benongnuel/dev_ws/install/xarm_sdk/lib/pkgconfig/xarm_sdk.pc'
[0.689s] Level 1:colcon.colcon_core.environment:checking '/home/benongnuel/dev_ws/install/xarm_sdk/lib/python3.10/site-packages'
[0.689s] Level 1:colcon.colcon_core.environment:checking '/home/benongnuel/dev_ws/install/xarm_sdk/bin'
[0.690s] INFO:colcon.colcon_core.shell:Creating package script '/home/benongnuel/dev_ws/install/xarm_sdk/share/xarm_sdk/package.ps1'
[0.690s] INFO:colcon.colcon_core.shell:Creating package descriptor '/home/benongnuel/dev_ws/install/xarm_sdk/share/xarm_sdk/package.dsv'
[0.690s] INFO:colcon.colcon_core.shell:Creating package script '/home/benongnuel/dev_ws/install/xarm_sdk/share/xarm_sdk/package.sh'
[0.691s] INFO:colcon.colcon_core.shell:Creating package script '/home/benongnuel/dev_ws/install/xarm_sdk/share/xarm_sdk/package.bash'
[0.691s] INFO:colcon.colcon_core.shell:Creating package script '/home/benongnuel/dev_ws/install/xarm_sdk/share/xarm_sdk/package.zsh'
[0.691s] Level 1:colcon.colcon_core.environment:create_file_with_runtime_dependencies(/home/benongnuel/dev_ws/install/xarm_sdk/share/colcon-core/packages/xarm_sdk)
[0.763s] DEBUG:colcon.colcon_core.task.python.build:While undoing a previous installation files outside the Python library path are being ignored: /home/benongnuel/dev_ws/install/my_gripper_scripts/share/ament_index/resource_index/packages/my_gripper_scripts
[0.763s] DEBUG:colcon.colcon_core.task.python.build:While undoing a previous installation files outside the Python library path are being ignored: /home/benongnuel/dev_ws/install/my_gripper_scripts/share/my_gripper_scripts/package.xml
[0.765s] DEBUG:colcon.colcon_core.event_handler.log_command:Invoking command in '/home/benongnuel/dev_ws/build/my_gripper_scripts': PYTHONPATH=/home/benongnuel/dev_ws/build/my_gripper_scripts/prefix_override:/usr/lib/python3/dist-packages/colcon_core/task/python/colcon_distutils_commands:/home/benongnuel/dev_ws/install/my_gripper_scripts/lib/python3.10/site-packages:${PYTHONPATH} /usr/bin/python3 -W ignore:setup.py install is deprecated -W ignore:easy_install command is deprecated setup.py develop --editable --build-directory /home/benongnuel/dev_ws/build/my_gripper_scripts/build --no-deps symlink_data --force
[0.830s] DEBUG:colcon.colcon_core.task.python.build:While undoing a previous installation files outside the Python library path are being ignored: /home/benongnuel/dev_ws/install/uf_ros_lib/share/ament_index/resource_index/packages/uf_ros_lib
[0.830s] DEBUG:colcon.colcon_core.task.python.build:While undoing a previous installation files outside the Python library path are being ignored: /home/benongnuel/dev_ws/install/uf_ros_lib/share/uf_ros_lib/package.xml
[0.833s] DEBUG:colcon.colcon_core.event_handler.log_command:Invoking command in '/home/benongnuel/dev_ws/build/uf_ros_lib': PYTHONPATH=/home/benongnuel/dev_ws/build/uf_ros_lib/prefix_override:/usr/lib/python3/dist-packages/colcon_core/task/python/colcon_distutils_commands:/home/benongnuel/dev_ws/install/uf_ros_lib/lib/python3.10/site-packages:${PYTHONPATH} /usr/bin/python3 -W ignore:setup.py install is deprecated -W ignore:easy_install command is deprecated setup.py develop --editable --build-directory /home/benongnuel/dev_ws/build/uf_ros_lib/build --no-deps symlink_data --force
[1.014s] Level 1:colcon.colcon_core.shell:create_environment_hook('my_gripper_scripts', 'pythonpath_develop')
[1.015s] INFO:colcon.colcon_core.shell:Creating environment hook '/home/benongnuel/dev_ws/build/my_gripper_scripts/share/my_gripper_scripts/hook/pythonpath_develop.ps1'
[1.015s] DEBUG:colcon.colcon_core.event_handler.log_command:Invoked command in '/home/benongnuel/dev_ws/build/my_gripper_scripts' returned '0': PYTHONPATH=/home/benongnuel/dev_ws/build/my_gripper_scripts/prefix_override:/usr/lib/python3/dist-packages/colcon_core/task/python/colcon_distutils_commands:/home/benongnuel/dev_ws/install/my_gripper_scripts/lib/python3.10/site-packages:${PYTHONPATH} /usr/bin/python3 -W ignore:setup.py install is deprecated -W ignore:easy_install command is deprecated setup.py develop --editable --build-directory /home/benongnuel/dev_ws/build/my_gripper_scripts/build --no-deps symlink_data --force
[1.016s] INFO:colcon.colcon_core.shell:Creating environment descriptor '/home/benongnuel/dev_ws/build/my_gripper_scripts/share/my_gripper_scripts/hook/pythonpath_develop.dsv'
[1.017s] INFO:colcon.colcon_core.shell:Creating environment hook '/home/benongnuel/dev_ws/build/my_gripper_scripts/share/my_gripper_scripts/hook/pythonpath_develop.sh'
[1.018s] Level 1:colcon.colcon_core.environment:checking '/home/benongnuel/dev_ws/install/my_gripper_scripts' for CMake module files
[1.018s] Level 1:colcon.colcon_core.environment:checking '/home/benongnuel/dev_ws/install/my_gripper_scripts' for CMake config files
[1.019s] Level 1:colcon.colcon_core.environment:checking '/home/benongnuel/dev_ws/install/my_gripper_scripts/lib'
[1.019s] Level 1:colcon.colcon_core.environment:checking '/home/benongnuel/dev_ws/install/my_gripper_scripts/bin'
[1.019s] Level 1:colcon.colcon_core.environment:checking '/home/benongnuel/dev_ws/install/my_gripper_scripts/lib/pkgconfig/my_gripper_scripts.pc'
[1.019s] Level 1:colcon.colcon_core.environment:checking '/home/benongnuel/dev_ws/install/my_gripper_scripts/lib/python3.10/site-packages'
[1.019s] Level 1:colcon.colcon_core.shell:create_environment_hook('my_gripper_scripts', 'pythonpath')
[1.020s] INFO:colcon.colcon_core.shell:Creating environment hook '/home/benongnuel/dev_ws/install/my_gripper_scripts/share/my_gripper_scripts/hook/pythonpath.ps1'
[1.020s] INFO:colcon.colcon_core.shell:Creating environment descriptor '/home/benongnuel/dev_ws/install/my_gripper_scripts/share/my_gripper_scripts/hook/pythonpath.dsv'
[1.021s] INFO:colcon.colcon_core.shell:Creating environment hook '/home/benongnuel/dev_ws/install/my_gripper_scripts/share/my_gripper_scripts/hook/pythonpath.sh'
[1.022s] Level 1:colcon.colcon_core.environment:checking '/home/benongnuel/dev_ws/install/my_gripper_scripts/bin'
[1.022s] Level 1:colcon.colcon_core.environment:create_environment_scripts_only(my_gripper_scripts)
[1.022s] INFO:colcon.colcon_core.shell:Creating package script '/home/benongnuel/dev_ws/install/my_gripper_scripts/share/my_gripper_scripts/package.ps1'
[1.023s] INFO:colcon.colcon_core.shell:Creating package descriptor '/home/benongnuel/dev_ws/install/my_gripper_scripts/share/my_gripper_scripts/package.dsv'
[1.024s] INFO:colcon.colcon_core.shell:Creating package script '/home/benongnuel/dev_ws/install/my_gripper_scripts/share/my_gripper_scripts/package.sh'
[1.024s] INFO:colcon.colcon_core.shell:Creating package script '/home/benongnuel/dev_ws/install/my_gripper_scripts/share/my_gripper_scripts/package.bash'
[1.025s] INFO:colcon.colcon_core.shell:Creating package script '/home/benongnuel/dev_ws/install/my_gripper_scripts/share/my_gripper_scripts/package.zsh'
[1.025s] Level 1:colcon.colcon_core.environment:create_file_with_runtime_dependencies(/home/benongnuel/dev_ws/install/my_gripper_scripts/share/colcon-core/packages/my_gripper_scripts)
[1.088s] Level 1:colcon.colcon_core.shell:create_environment_hook('uf_ros_lib', 'pythonpath_develop')
[1.089s] INFO:colcon.colcon_core.shell:Creating environment hook '/home/benongnuel/dev_ws/build/uf_ros_lib/share/uf_ros_lib/hook/pythonpath_develop.ps1'
[1.089s] DEBUG:colcon.colcon_core.event_handler.log_command:Invoked command in '/home/benongnuel/dev_ws/build/uf_ros_lib' returned '0': PYTHONPATH=/home/benongnuel/dev_ws/build/uf_ros_lib/prefix_override:/usr/lib/python3/dist-packages/colcon_core/task/python/colcon_distutils_commands:/home/benongnuel/dev_ws/install/uf_ros_lib/lib/python3.10/site-packages:${PYTHONPATH} /usr/bin/python3 -W ignore:setup.py install is deprecated -W ignore:easy_install command is deprecated setup.py develop --editable --build-directory /home/benongnuel/dev_ws/build/uf_ros_lib/build --no-deps symlink_data --force
[1.089s] INFO:colcon.colcon_core.shell:Creating environment descriptor '/home/benongnuel/dev_ws/build/uf_ros_lib/share/uf_ros_lib/hook/pythonpath_develop.dsv'
[1.089s] INFO:colcon.colcon_core.shell:Creating environment hook '/home/benongnuel/dev_ws/build/uf_ros_lib/share/uf_ros_lib/hook/pythonpath_develop.sh'
[1.090s] Level 1:colcon.colcon_core.environment:checking '/home/benongnuel/dev_ws/install/uf_ros_lib' for CMake module files
[1.090s] Level 1:colcon.colcon_core.environment:checking '/home/benongnuel/dev_ws/install/uf_ros_lib' for CMake config files
[1.090s] Level 1:colcon.colcon_core.environment:checking '/home/benongnuel/dev_ws/install/uf_ros_lib/lib'
[1.090s] Level 1:colcon.colcon_core.environment:checking '/home/benongnuel/dev_ws/install/uf_ros_lib/bin'
[1.090s] Level 1:colcon.colcon_core.environment:checking '/home/benongnuel/dev_ws/install/uf_ros_lib/lib/pkgconfig/uf_ros_lib.pc'
[1.090s] Level 1:colcon.colcon_core.environment:checking '/home/benongnuel/dev_ws/install/uf_ros_lib/lib/python3.10/site-packages'
[1.090s] Level 1:colcon.colcon_core.shell:create_environment_hook('uf_ros_lib', 'pythonpath')
[1.090s] INFO:colcon.colcon_core.shell:Creating environment hook '/home/benongnuel/dev_ws/install/uf_ros_lib/share/uf_ros_lib/hook/pythonpath.ps1'
[1.091s] INFO:colcon.colcon_core.shell:Creating environment descriptor '/home/benongnuel/dev_ws/install/uf_ros_lib/share/uf_ros_lib/hook/pythonpath.dsv'
[1.091s] INFO:colcon.colcon_core.shell:Creating environment hook '/home/benongnuel/dev_ws/install/uf_ros_lib/share/uf_ros_lib/hook/pythonpath.sh'
[1.091s] Level 1:colcon.colcon_core.environment:checking '/home/benongnuel/dev_ws/install/uf_ros_lib/bin'
[1.091s] Level 1:colcon.colcon_core.environment:create_environment_scripts_only(uf_ros_lib)
[1.091s] INFO:colcon.colcon_core.shell:Creating package script '/home/benongnuel/dev_ws/install/uf_ros_lib/share/uf_ros_lib/package.ps1'
[1.092s] INFO:colcon.colcon_core.shell:Creating package descriptor '/home/benongnuel/dev_ws/install/uf_ros_lib/share/uf_ros_lib/package.dsv'
[1.092s] INFO:colcon.colcon_core.shell:Creating package script '/home/benongnuel/dev_ws/install/uf_ros_lib/share/uf_ros_lib/package.sh'
[1.092s] INFO:colcon.colcon_core.shell:Creating package script '/home/benongnuel/dev_ws/install/uf_ros_lib/share/uf_ros_lib/package.bash'
[1.092s] INFO:colcon.colcon_core.shell:Creating package script '/home/benongnuel/dev_ws/install/uf_ros_lib/share/uf_ros_lib/package.zsh'
[1.092s] Level 1:colcon.colcon_core.environment:create_file_with_runtime_dependencies(/home/benongnuel/dev_ws/install/uf_ros_lib/share/colcon-core/packages/uf_ros_lib)
[1.408s] DEBUG:colcon.colcon_core.event_handler.log_command:Invoked command in '/home/benongnuel/dev_ws/build/xarm_msgs' returned '0': CMAKE_PREFIX_PATH=${CMAKE_PREFIX_PATH}:/home/benongnuel/dev_ws/install/uf_ros_lib:/home/benongnuel/dev_ws/install/my_gripper_scripts:/opt/ros/humble /usr/bin/cmake /home/benongnuel/dev_ws/src/xarm_ros2/xarm_msgs -DAMENT_CMAKE_SYMLINK_INSTALL=1 -DCMAKE_INSTALL_PREFIX=/home/benongnuel/dev_ws/install/xarm_msgs
[1.409s] DEBUG:colcon.colcon_core.event_handler.log_command:Invoking command in '/home/benongnuel/dev_ws/build/xarm_msgs': CMAKE_PREFIX_PATH=${CMAKE_PREFIX_PATH}:/home/benongnuel/dev_ws/install/uf_ros_lib:/home/benongnuel/dev_ws/install/my_gripper_scripts:/opt/ros/humble /usr/bin/cmake --build /home/benongnuel/dev_ws/build/xarm_msgs -- -j16 -l16
[1.421s] DEBUG:colcon.colcon_core.event_handler.log_command:Invoked command in '/home/benongnuel/dev_ws/build/realsense_gazebo_plugin' returned '0': CMAKE_PREFIX_PATH=${CMAKE_PREFIX_PATH}:/home/benongnuel/dev_ws/install/uf_ros_lib:/home/benongnuel/dev_ws/install/my_gripper_scripts:/opt/ros/humble /usr/bin/cmake /home/benongnuel/dev_ws/src/xarm_ros2/thirdparty/realsense_gazebo_plugin -DAMENT_CMAKE_SYMLINK_INSTALL=1 -DCMAKE_INSTALL_PREFIX=/home/benongnuel/dev_ws/install/realsense_gazebo_plugin
[1.421s] DEBUG:colcon.colcon_core.event_handler.log_command:Invoking command in '/home/benongnuel/dev_ws/build/realsense_gazebo_plugin': CMAKE_PREFIX_PATH=${CMAKE_PREFIX_PATH}:/home/benongnuel/dev_ws/install/uf_ros_lib:/home/benongnuel/dev_ws/install/my_gripper_scripts:/opt/ros/humble /usr/bin/cmake --build /home/benongnuel/dev_ws/build/realsense_gazebo_plugin -- -j16 -l16
[1.496s] DEBUG:colcon.colcon_core.event_handler.log_command:Invoked command in '/home/benongnuel/dev_ws/build/realsense_gazebo_plugin' returned '0': CMAKE_PREFIX_PATH=${CMAKE_PREFIX_PATH}:/home/benongnuel/dev_ws/install/uf_ros_lib:/home/benongnuel/dev_ws/install/my_gripper_scripts:/opt/ros/humble /usr/bin/cmake --build /home/benongnuel/dev_ws/build/realsense_gazebo_plugin -- -j16 -l16
[1.497s] DEBUG:colcon.colcon_core.event_handler.log_command:Invoking command in '/home/benongnuel/dev_ws/build/realsense_gazebo_plugin': CMAKE_PREFIX_PATH=${CMAKE_PREFIX_PATH}:/home/benongnuel/dev_ws/install/uf_ros_lib:/home/benongnuel/dev_ws/install/my_gripper_scripts:/opt/ros/humble /usr/bin/cmake --install /home/benongnuel/dev_ws/build/realsense_gazebo_plugin
[1.513s] Level 1:colcon.colcon_core.environment:create_environment_scripts_only(realsense_gazebo_plugin)
[1.513s] Level 1:colcon.colcon_core.environment:checking '/home/benongnuel/dev_ws/install/realsense_gazebo_plugin' for CMake module files
[1.514s] DEBUG:colcon.colcon_core.event_handler.log_command:Invoked command in '/home/benongnuel/dev_ws/build/realsense_gazebo_plugin' returned '0': CMAKE_PREFIX_PATH=${CMAKE_PREFIX_PATH}:/home/benongnuel/dev_ws/install/uf_ros_lib:/home/benongnuel/dev_ws/install/my_gripper_scripts:/opt/ros/humble /usr/bin/cmake --install /home/benongnuel/dev_ws/build/realsense_gazebo_plugin
[1.514s] Level 1:colcon.colcon_core.environment:checking '/home/benongnuel/dev_ws/install/realsense_gazebo_plugin' for CMake config files
[1.515s] Level 1:colcon.colcon_core.shell:create_environment_hook('realsense_gazebo_plugin', 'cmake_prefix_path')
[1.515s] INFO:colcon.colcon_core.shell:Creating environment hook '/home/benongnuel/dev_ws/install/realsense_gazebo_plugin/share/realsense_gazebo_plugin/hook/cmake_prefix_path.ps1'
[1.516s] INFO:colcon.colcon_core.shell:Creating environment descriptor '/home/benongnuel/dev_ws/install/realsense_gazebo_plugin/share/realsense_gazebo_plugin/hook/cmake_prefix_path.dsv'
[1.516s] INFO:colcon.colcon_core.shell:Creating environment hook '/home/benongnuel/dev_ws/install/realsense_gazebo_plugin/share/realsense_gazebo_plugin/hook/cmake_prefix_path.sh'
[1.517s] Level 1:colcon.colcon_core.environment:checking '/home/benongnuel/dev_ws/install/realsense_gazebo_plugin/lib'
[1.517s] Level 1:colcon.colcon_core.shell:create_environment_hook('realsense_gazebo_plugin', 'ld_library_path_lib')
[1.518s] INFO:colcon.colcon_core.shell:Creating environment hook '/home/benongnuel/dev_ws/install/realsense_gazebo_plugin/share/realsense_gazebo_plugin/hook/ld_library_path_lib.ps1'
[1.518s] INFO:colcon.colcon_core.shell:Creating environment descriptor '/home/benongnuel/dev_ws/install/realsense_gazebo_plugin/share/realsense_gazebo_plugin/hook/ld_library_path_lib.dsv'
[1.519s] INFO:colcon.colcon_core.shell:Creating environment hook '/home/benongnuel/dev_ws/install/realsense_gazebo_plugin/share/realsense_gazebo_plugin/hook/ld_library_path_lib.sh'
[1.519s] Level 1:colcon.colcon_core.environment:checking '/home/benongnuel/dev_ws/install/realsense_gazebo_plugin/bin'
[1.520s] Level 1:colcon.colcon_core.environment:checking '/home/benongnuel/dev_ws/install/realsense_gazebo_plugin/lib/pkgconfig/realsense_gazebo_plugin.pc'
[1.520s] Level 1:colcon.colcon_core.environment:checking '/home/benongnuel/dev_ws/install/realsense_gazebo_plugin/lib/python3.10/site-packages'
[1.520s] Level 1:colcon.colcon_core.environment:checking '/home/benongnuel/dev_ws/install/realsense_gazebo_plugin/bin'
[1.520s] INFO:colcon.colcon_core.shell:Creating package script '/home/benongnuel/dev_ws/install/realsense_gazebo_plugin/share/realsense_gazebo_plugin/package.ps1'
[1.520s] INFO:colcon.colcon_core.shell:Creating package descriptor '/home/benongnuel/dev_ws/install/realsense_gazebo_plugin/share/realsense_gazebo_plugin/package.dsv'
[1.521s] INFO:colcon.colcon_core.shell:Creating package script '/home/benongnuel/dev_ws/install/realsense_gazebo_plugin/share/realsense_gazebo_plugin/package.sh'
[1.521s] INFO:colcon.colcon_core.shell:Creating package script '/home/benongnuel/dev_ws/install/realsense_gazebo_plugin/share/realsense_gazebo_plugin/package.bash'
[1.521s] INFO:colcon.colcon_core.shell:Creating package script '/home/benongnuel/dev_ws/install/realsense_gazebo_plugin/share/realsense_gazebo_plugin/package.zsh'
[1.521s] Level 1:colcon.colcon_core.environment:create_file_with_runtime_dependencies(/home/benongnuel/dev_ws/install/realsense_gazebo_plugin/share/colcon-core/packages/realsense_gazebo_plugin)
[1.522s] Level 1:colcon.colcon_core.environment:create_environment_scripts_only(realsense_gazebo_plugin)
[1.522s] Level 1:colcon.colcon_core.environment:checking '/home/benongnuel/dev_ws/install/realsense_gazebo_plugin' for CMake module files
[1.522s] Level 1:colcon.colcon_core.environment:checking '/home/benongnuel/dev_ws/install/realsense_gazebo_plugin' for CMake config files
[1.522s] Level 1:colcon.colcon_core.shell:create_environment_hook('realsense_gazebo_plugin', 'cmake_prefix_path')
[1.522s] INFO:colcon.colcon_core.shell:Creating environment hook '/home/benongnuel/dev_ws/install/realsense_gazebo_plugin/share/realsense_gazebo_plugin/hook/cmake_prefix_path.ps1'
[1.523s] INFO:colcon.colcon_core.shell:Creating environment descriptor '/home/benongnuel/dev_ws/install/realsense_gazebo_plugin/share/realsense_gazebo_plugin/hook/cmake_prefix_path.dsv'
[1.523s] INFO:colcon.colcon_core.shell:Creating environment hook '/home/benongnuel/dev_ws/install/realsense_gazebo_plugin/share/realsense_gazebo_plugin/hook/cmake_prefix_path.sh'
[1.523s] Level 1:colcon.colcon_core.environment:checking '/home/benongnuel/dev_ws/install/realsense_gazebo_plugin/lib'
[1.523s] Level 1:colcon.colcon_core.shell:create_environment_hook('realsense_gazebo_plugin', 'ld_library_path_lib')
[1.523s] INFO:colcon.colcon_core.shell:Creating environment hook '/home/benongnuel/dev_ws/install/realsense_gazebo_plugin/share/realsense_gazebo_plugin/hook/ld_library_path_lib.ps1'
[1.524s] INFO:colcon.colcon_core.shell:Creating environment descriptor '/home/benongnuel/dev_ws/install/realsense_gazebo_plugin/share/realsense_gazebo_plugin/hook/ld_library_path_lib.dsv'
[1.524s] INFO:colcon.colcon_core.shell:Creating environment hook '/home/benongnuel/dev_ws/install/realsense_gazebo_plugin/share/realsense_gazebo_plugin/hook/ld_library_path_lib.sh'
[1.524s] Level 1:colcon.colcon_core.environment:checking '/home/benongnuel/dev_ws/install/realsense_gazebo_plugin/bin'
[1.524s] Level 1:colcon.colcon_core.environment:checking '/home/benongnuel/dev_ws/install/realsense_gazebo_plugin/lib/pkgconfig/realsense_gazebo_plugin.pc'
[1.524s] Level 1:colcon.colcon_core.environment:checking '/home/benongnuel/dev_ws/install/realsense_gazebo_plugin/lib/python3.10/site-packages'
[1.524s] Level 1:colcon.colcon_core.environment:checking '/home/benongnuel/dev_ws/install/realsense_gazebo_plugin/bin'
[1.525s] INFO:colcon.colcon_core.shell:Creating package script '/home/benongnuel/dev_ws/install/realsense_gazebo_plugin/share/realsense_gazebo_plugin/package.ps1'
[1.525s] INFO:colcon.colcon_core.shell:Creating package descriptor '/home/benongnuel/dev_ws/install/realsense_gazebo_plugin/share/realsense_gazebo_plugin/package.dsv'
[1.525s] INFO:colcon.colcon_core.shell:Creating package script '/home/benongnuel/dev_ws/install/realsense_gazebo_plugin/share/realsense_gazebo_plugin/package.sh'
[1.525s] INFO:colcon.colcon_core.shell:Creating package script '/home/benongnuel/dev_ws/install/realsense_gazebo_plugin/share/realsense_gazebo_plugin/package.bash'
[1.525s] INFO:colcon.colcon_core.shell:Creating package script '/home/benongnuel/dev_ws/install/realsense_gazebo_plugin/share/realsense_gazebo_plugin/package.zsh'
[1.526s] Level 1:colcon.colcon_core.environment:create_file_with_runtime_dependencies(/home/benongnuel/dev_ws/install/realsense_gazebo_plugin/share/colcon-core/packages/realsense_gazebo_plugin)
[1.683s] DEBUG:colcon.colcon_core.event_handler.log_command:Invoked command in '/home/benongnuel/dev_ws/build/xarm_msgs' returned '0': CMAKE_PREFIX_PATH=${CMAKE_PREFIX_PATH}:/home/benongnuel/dev_ws/install/uf_ros_lib:/home/benongnuel/dev_ws/install/my_gripper_scripts:/opt/ros/humble /usr/bin/cmake --build /home/benongnuel/dev_ws/build/xarm_msgs -- -j16 -l16
[1.684s] DEBUG:colcon.colcon_core.event_handler.log_command:Invoking command in '/home/benongnuel/dev_ws/build/xarm_msgs': CMAKE_PREFIX_PATH=${CMAKE_PREFIX_PATH}:/home/benongnuel/dev_ws/install/uf_ros_lib:/home/benongnuel/dev_ws/install/my_gripper_scripts:/opt/ros/humble /usr/bin/cmake --install /home/benongnuel/dev_ws/build/xarm_msgs
[1.779s] Level 1:colcon.colcon_core.environment:create_environment_scripts_only(xarm_msgs)
[1.779s] Level 1:colcon.colcon_core.environment:checking '/home/benongnuel/dev_ws/install/xarm_msgs' for CMake module files
[1.779s] DEBUG:colcon.colcon_core.event_handler.log_command:Invoked command in '/home/benongnuel/dev_ws/build/xarm_msgs' returned '0': CMAKE_PREFIX_PATH=${CMAKE_PREFIX_PATH}:/home/benongnuel/dev_ws/install/uf_ros_lib:/home/benongnuel/dev_ws/install/my_gripper_scripts:/opt/ros/humble /usr/bin/cmake --install /home/benongnuel/dev_ws/build/xarm_msgs
[1.780s] Level 1:colcon.colcon_core.environment:checking '/home/benongnuel/dev_ws/install/xarm_msgs' for CMake config files
[1.785s] Level 1:colcon.colcon_core.shell:create_environment_hook('xarm_msgs', 'cmake_prefix_path')
[1.785s] INFO:colcon.colcon_core.shell:Creating environment hook '/home/benongnuel/dev_ws/install/xarm_msgs/share/xarm_msgs/hook/cmake_prefix_path.ps1'
[1.785s] INFO:colcon.colcon_core.shell:Creating environment descriptor '/home/benongnuel/dev_ws/install/xarm_msgs/share/xarm_msgs/hook/cmake_prefix_path.dsv'
[1.786s] INFO:colcon.colcon_core.shell:Creating environment hook '/home/benongnuel/dev_ws/install/xarm_msgs/share/xarm_msgs/hook/cmake_prefix_path.sh'
[1.786s] Level 1:colcon.colcon_core.environment:checking '/home/benongnuel/dev_ws/install/xarm_msgs/lib'
[1.786s] Level 1:colcon.colcon_core.shell:create_environment_hook('xarm_msgs', 'ld_library_path_lib')
[1.786s] INFO:colcon.colcon_core.shell:Creating environment hook '/home/benongnuel/dev_ws/install/xarm_msgs/share/xarm_msgs/hook/ld_library_path_lib.ps1'
[1.787s] INFO:colcon.colcon_core.shell:Creating environment descriptor '/home/benongnuel/dev_ws/install/xarm_msgs/share/xarm_msgs/hook/ld_library_path_lib.dsv'
[1.787s] INFO:colcon.colcon_core.shell:Creating environment hook '/home/benongnuel/dev_ws/install/xarm_msgs/share/xarm_msgs/hook/ld_library_path_lib.sh'
[1.787s] Level 1:colcon.colcon_core.environment:checking '/home/benongnuel/dev_ws/install/xarm_msgs/bin'
[1.787s] Level 1:colcon.colcon_core.environment:checking '/home/benongnuel/dev_ws/install/xarm_msgs/lib/pkgconfig/xarm_msgs.pc'
[1.788s] Level 1:colcon.colcon_core.environment:checking '/home/benongnuel/dev_ws/install/xarm_msgs/lib/python3.10/site-packages'
[1.788s] Level 1:colcon.colcon_core.environment:checking '/home/benongnuel/dev_ws/install/xarm_msgs/bin'
[1.788s] INFO:colcon.colcon_core.shell:Creating package script '/home/benongnuel/dev_ws/install/xarm_msgs/share/xarm_msgs/package.ps1'
[1.788s] INFO:colcon.colcon_core.shell:Creating package descriptor '/home/benongnuel/dev_ws/install/xarm_msgs/share/xarm_msgs/package.dsv'
[1.789s] INFO:colcon.colcon_core.shell:Creating package script '/home/benongnuel/dev_ws/install/xarm_msgs/share/xarm_msgs/package.sh'
[1.789s] INFO:colcon.colcon_core.shell:Creating package script '/home/benongnuel/dev_ws/install/xarm_msgs/share/xarm_msgs/package.bash'
[1.789s] INFO:colcon.colcon_core.shell:Creating package script '/home/benongnuel/dev_ws/install/xarm_msgs/share/xarm_msgs/package.zsh'
[1.789s] Level 1:colcon.colcon_core.environment:create_file_with_runtime_dependencies(/home/benongnuel/dev_ws/install/xarm_msgs/share/colcon-core/packages/xarm_msgs)
[1.790s] Level 1:colcon.colcon_core.environment:create_environment_scripts_only(xarm_msgs)
[1.790s] Level 1:colcon.colcon_core.environment:checking '/home/benongnuel/dev_ws/install/xarm_msgs' for CMake module files
[1.790s] Level 1:colcon.colcon_core.environment:checking '/home/benongnuel/dev_ws/install/xarm_msgs' for CMake config files
[1.793s] Level 1:colcon.colcon_core.shell:create_environment_hook('xarm_msgs', 'cmake_prefix_path')
[1.793s] INFO:colcon.colcon_core.shell:Creating environment hook '/home/benongnuel/dev_ws/install/xarm_msgs/share/xarm_msgs/hook/cmake_prefix_path.ps1'
[1.794s] INFO:colcon.colcon_core.shell:Creating environment descriptor '/home/benongnuel/dev_ws/install/xarm_msgs/share/xarm_msgs/hook/cmake_prefix_path.dsv'
[1.794s] INFO:colcon.colcon_core.shell:Creating environment hook '/home/benongnuel/dev_ws/install/xarm_msgs/share/xarm_msgs/hook/cmake_prefix_path.sh'
[1.794s] Level 1:colcon.colcon_core.environment:checking '/home/benongnuel/dev_ws/install/xarm_msgs/lib'
[1.794s] Level 1:colcon.colcon_core.shell:create_environment_hook('xarm_msgs', 'ld_library_path_lib')
[1.794s] INFO:colcon.colcon_core.shell:Creating environment hook '/home/benongnuel/dev_ws/install/xarm_msgs/share/xarm_msgs/hook/ld_library_path_lib.ps1'
[1.795s] INFO:colcon.colcon_core.shell:Creating environment descriptor '/home/benongnuel/dev_ws/install/xarm_msgs/share/xarm_msgs/hook/ld_library_path_lib.dsv'
[1.795s] INFO:colcon.colcon_core.shell:Creating environment hook '/home/benongnuel/dev_ws/install/xarm_msgs/share/xarm_msgs/hook/ld_library_path_lib.sh'
[1.795s] Level 1:colcon.colcon_core.environment:checking '/home/benongnuel/dev_ws/install/xarm_msgs/bin'
[1.795s] Level 1:colcon.colcon_core.environment:checking '/home/benongnuel/dev_ws/install/xarm_msgs/lib/pkgconfig/xarm_msgs.pc'
[1.795s] Level 1:colcon.colcon_core.environment:checking '/home/benongnuel/dev_ws/install/xarm_msgs/lib/python3.10/site-packages'
[1.795s] Level 1:colcon.colcon_core.environment:checking '/home/benongnuel/dev_ws/install/xarm_msgs/bin'
[1.795s] INFO:colcon.colcon_core.shell:Creating package script '/home/benongnuel/dev_ws/install/xarm_msgs/share/xarm_msgs/package.ps1'
[1.796s] INFO:colcon.colcon_core.shell:Creating package descriptor '/home/benongnuel/dev_ws/install/xarm_msgs/share/xarm_msgs/package.dsv'
[1.796s] INFO:colcon.colcon_core.shell:Creating package script '/home/benongnuel/dev_ws/install/xarm_msgs/share/xarm_msgs/package.sh'
[1.796s] INFO:colcon.colcon_core.shell:Creating package script '/home/benongnuel/dev_ws/install/xarm_msgs/share/xarm_msgs/package.bash'
[1.796s] INFO:colcon.colcon_core.shell:Creating package script '/home/benongnuel/dev_ws/install/xarm_msgs/share/xarm_msgs/package.zsh'
[1.796s] Level 1:colcon.colcon_core.environment:create_file_with_runtime_dependencies(/home/benongnuel/dev_ws/install/xarm_msgs/share/colcon-core/packages/xarm_msgs)
[1.797s] INFO:colcon.colcon_ros.task.ament_cmake.build:Building ROS package in '/home/benongnuel/dev_ws/src/xarm_ros2/xarm_api' with build type 'ament_cmake'
[1.797s] INFO:colcon.colcon_cmake.task.cmake.build:Building CMake package in '/home/benongnuel/dev_ws/src/xarm_ros2/xarm_api'
[1.797s] INFO:colcon.colcon_core.shell:Skip shell extension 'powershell' for command environment: Not usable outside of PowerShell
[1.797s] DEBUG:colcon.colcon_core.shell:Skip shell extension 'dsv' for command environment
[1.810s] DEBUG:colcon.colcon_core.event_handler.log_command:Invoking command in '/home/benongnuel/dev_ws/build/xarm_api': CMAKE_PREFIX_PATH=/home/benongnuel/dev_ws/install/xarm_sdk:/home/benongnuel/dev_ws/install/xarm_msgs:/home/benongnuel/dev_ws/install/xarm_description:/home/benongnuel/dev_ws/install/xarm_planner:/home/benongnuel/dev_ws/install/xarm_moveit_servo:/home/benongnuel/dev_ws/install/xarm_moveit_config:/home/benongnuel/dev_ws/install/xarm_gazebo:/home/benongnuel/dev_ws/install/xarm_controller:/home/benongnuel/dev_ws/install/d435i_xarm_setup:/home/benongnuel/dev_ws/install/xarm_api:/home/benongnuel/dev_ws/install/realsense_gazebo_plugin:/home/benongnuel/dev_ws/install/mbot_demo:/home/benongnuel/dev_ws/install/kdl_parser:/home/benongnuel/robo_ws/install/custom_3dof_arm:/home/benongnuel/dev_ws/install/uf_ros_lib:/home/benongnuel/dev_ws/install/my_gripper_scripts:/opt/ros/humble LD_LIBRARY_PATH=/home/benongnuel/dev_ws/install/xarm_sdk/lib:/home/benongnuel/dev_ws/install/xarm_msgs/lib:/home/benongnuel/dev_ws/install/xarm_planner/lib:/home/benongnuel/dev_ws/install/xarm_moveit_servo/lib:/home/benongnuel/dev_ws/install/xarm_gazebo/lib:/home/benongnuel/dev_ws/install/xarm_controller/lib:/home/benongnuel/dev_ws/install/xarm_api/lib:/home/benongnuel/dev_ws/install/realsense_gazebo_plugin/lib:/home/benongnuel/dev_ws/install/kdl_parser/lib:/usr/lib/x86_64-linux-gnu/gazebo-11/plugins:/opt/ros/humble/opt/rviz_ogre_vendor/lib:/opt/ros/humble/lib/x86_64-linux-gnu:/opt/ros/humble/lib /usr/bin/cmake /home/benongnuel/dev_ws/src/xarm_ros2/xarm_api -DAMENT_CMAKE_SYMLINK_INSTALL=1 -DCMAKE_INSTALL_PREFIX=/home/benongnuel/dev_ws/install/xarm_api
[2.321s] DEBUG:colcon.colcon_core.event_handler.log_command:Invoked command in '/home/benongnuel/dev_ws/build/xarm_api' returned '0': CMAKE_PREFIX_PATH=/home/benongnuel/dev_ws/install/xarm_sdk:/home/benongnuel/dev_ws/install/xarm_msgs:/home/benongnuel/dev_ws/install/xarm_description:/home/benongnuel/dev_ws/install/xarm_planner:/home/benongnuel/dev_ws/install/xarm_moveit_servo:/home/benongnuel/dev_ws/install/xarm_moveit_config:/home/benongnuel/dev_ws/install/xarm_gazebo:/home/benongnuel/dev_ws/install/xarm_controller:/home/benongnuel/dev_ws/install/d435i_xarm_setup:/home/benongnuel/dev_ws/install/xarm_api:/home/benongnuel/dev_ws/install/realsense_gazebo_plugin:/home/benongnuel/dev_ws/install/mbot_demo:/home/benongnuel/dev_ws/install/kdl_parser:/home/benongnuel/robo_ws/install/custom_3dof_arm:/home/benongnuel/dev_ws/install/uf_ros_lib:/home/benongnuel/dev_ws/install/my_gripper_scripts:/opt/ros/humble LD_LIBRARY_PATH=/home/benongnuel/dev_ws/install/xarm_sdk/lib:/home/benongnuel/dev_ws/install/xarm_msgs/lib:/home/benongnuel/dev_ws/install/xarm_planner/lib:/home/benongnuel/dev_ws/install/xarm_moveit_servo/lib:/home/benongnuel/dev_ws/install/xarm_gazebo/lib:/home/benongnuel/dev_ws/install/xarm_controller/lib:/home/benongnuel/dev_ws/install/xarm_api/lib:/home/benongnuel/dev_ws/install/realsense_gazebo_plugin/lib:/home/benongnuel/dev_ws/install/kdl_parser/lib:/usr/lib/x86_64-linux-gnu/gazebo-11/plugins:/opt/ros/humble/opt/rviz_ogre_vendor/lib:/opt/ros/humble/lib/x86_64-linux-gnu:/opt/ros/humble/lib /usr/bin/cmake /home/benongnuel/dev_ws/src/xarm_ros2/xarm_api -DAMENT_CMAKE_SYMLINK_INSTALL=1 -DCMAKE_INSTALL_PREFIX=/home/benongnuel/dev_ws/install/xarm_api
[2.323s] DEBUG:colcon.colcon_core.event_handler.log_command:Invoking command in '/home/benongnuel/dev_ws/build/xarm_api': CMAKE_PREFIX_PATH=/home/benongnuel/dev_ws/install/xarm_sdk:/home/benongnuel/dev_ws/install/xarm_msgs:/home/benongnuel/dev_ws/install/xarm_description:/home/benongnuel/dev_ws/install/xarm_planner:/home/benongnuel/dev_ws/install/xarm_moveit_servo:/home/benongnuel/dev_ws/install/xarm_moveit_config:/home/benongnuel/dev_ws/install/xarm_gazebo:/home/benongnuel/dev_ws/install/xarm_controller:/home/benongnuel/dev_ws/install/d435i_xarm_setup:/home/benongnuel/dev_ws/install/xarm_api:/home/benongnuel/dev_ws/install/realsense_gazebo_plugin:/home/benongnuel/dev_ws/install/mbot_demo:/home/benongnuel/dev_ws/install/kdl_parser:/home/benongnuel/robo_ws/install/custom_3dof_arm:/home/benongnuel/dev_ws/install/uf_ros_lib:/home/benongnuel/dev_ws/install/my_gripper_scripts:/opt/ros/humble LD_LIBRARY_PATH=/home/benongnuel/dev_ws/install/xarm_sdk/lib:/home/benongnuel/dev_ws/install/xarm_msgs/lib:/home/benongnuel/dev_ws/install/xarm_planner/lib:/home/benongnuel/dev_ws/install/xarm_moveit_servo/lib:/home/benongnuel/dev_ws/install/xarm_gazebo/lib:/home/benongnuel/dev_ws/install/xarm_controller/lib:/home/benongnuel/dev_ws/install/xarm_api/lib:/home/benongnuel/dev_ws/install/realsense_gazebo_plugin/lib:/home/benongnuel/dev_ws/install/kdl_parser/lib:/usr/lib/x86_64-linux-gnu/gazebo-11/plugins:/opt/ros/humble/opt/rviz_ogre_vendor/lib:/opt/ros/humble/lib/x86_64-linux-gnu:/opt/ros/humble/lib /usr/bin/cmake --build /home/benongnuel/dev_ws/build/xarm_api -- -j16 -l16
[6.164s] DEBUG:colcon.colcon_core.event_handler.log_command:Invoked command in '/home/benongnuel/dev_ws/build/xarm_api' returned '0': CMAKE_PREFIX_PATH=/home/benongnuel/dev_ws/install/xarm_sdk:/home/benongnuel/dev_ws/install/xarm_msgs:/home/benongnuel/dev_ws/install/xarm_description:/home/benongnuel/dev_ws/install/xarm_planner:/home/benongnuel/dev_ws/install/xarm_moveit_servo:/home/benongnuel/dev_ws/install/xarm_moveit_config:/home/benongnuel/dev_ws/install/xarm_gazebo:/home/benongnuel/dev_ws/install/xarm_controller:/home/benongnuel/dev_ws/install/d435i_xarm_setup:/home/benongnuel/dev_ws/install/xarm_api:/home/benongnuel/dev_ws/install/realsense_gazebo_plugin:/home/benongnuel/dev_ws/install/mbot_demo:/home/benongnuel/dev_ws/install/kdl_parser:/home/benongnuel/robo_ws/install/custom_3dof_arm:/home/benongnuel/dev_ws/install/uf_ros_lib:/home/benongnuel/dev_ws/install/my_gripper_scripts:/opt/ros/humble LD_LIBRARY_PATH=/home/benongnuel/dev_ws/install/xarm_sdk/lib:/home/benongnuel/dev_ws/install/xarm_msgs/lib:/home/benongnuel/dev_ws/install/xarm_planner/lib:/home/benongnuel/dev_ws/install/xarm_moveit_servo/lib:/home/benongnuel/dev_ws/install/xarm_gazebo/lib:/home/benongnuel/dev_ws/install/xarm_controller/lib:/home/benongnuel/dev_ws/install/xarm_api/lib:/home/benongnuel/dev_ws/install/realsense_gazebo_plugin/lib:/home/benongnuel/dev_ws/install/kdl_parser/lib:/usr/lib/x86_64-linux-gnu/gazebo-11/plugins:/opt/ros/humble/opt/rviz_ogre_vendor/lib:/opt/ros/humble/lib/x86_64-linux-gnu:/opt/ros/humble/lib /usr/bin/cmake --build /home/benongnuel/dev_ws/build/xarm_api -- -j16 -l16
[6.165s] DEBUG:colcon.colcon_core.event_handler.log_command:Invoking command in '/home/benongnuel/dev_ws/build/xarm_api': CMAKE_PREFIX_PATH=/home/benongnuel/dev_ws/install/xarm_sdk:/home/benongnuel/dev_ws/install/xarm_msgs:/home/benongnuel/dev_ws/install/xarm_description:/home/benongnuel/dev_ws/install/xarm_planner:/home/benongnuel/dev_ws/install/xarm_moveit_servo:/home/benongnuel/dev_ws/install/xarm_moveit_config:/home/benongnuel/dev_ws/install/xarm_gazebo:/home/benongnuel/dev_ws/install/xarm_controller:/home/benongnuel/dev_ws/install/d435i_xarm_setup:/home/benongnuel/dev_ws/install/xarm_api:/home/benongnuel/dev_ws/install/realsense_gazebo_plugin:/home/benongnuel/dev_ws/install/mbot_demo:/home/benongnuel/dev_ws/install/kdl_parser:/home/benongnuel/robo_ws/install/custom_3dof_arm:/home/benongnuel/dev_ws/install/uf_ros_lib:/home/benongnuel/dev_ws/install/my_gripper_scripts:/opt/ros/humble LD_LIBRARY_PATH=/home/benongnuel/dev_ws/install/xarm_sdk/lib:/home/benongnuel/dev_ws/install/xarm_msgs/lib:/home/benongnuel/dev_ws/install/xarm_planner/lib:/home/benongnuel/dev_ws/install/xarm_moveit_servo/lib:/home/benongnuel/dev_ws/install/xarm_gazebo/lib:/home/benongnuel/dev_ws/install/xarm_controller/lib:/home/benongnuel/dev_ws/install/xarm_api/lib:/home/benongnuel/dev_ws/install/realsense_gazebo_plugin/lib:/home/benongnuel/dev_ws/install/kdl_parser/lib:/usr/lib/x86_64-linux-gnu/gazebo-11/plugins:/opt/ros/humble/opt/rviz_ogre_vendor/lib:/opt/ros/humble/lib/x86_64-linux-gnu:/opt/ros/humble/lib /usr/bin/cmake --install /home/benongnuel/dev_ws/build/xarm_api
[6.416s] Level 1:colcon.colcon_core.environment:create_environment_scripts_only(xarm_api)
[6.416s] Level 1:colcon.colcon_core.environment:checking '/home/benongnuel/dev_ws/install/xarm_api' for CMake module files
[6.417s] DEBUG:colcon.colcon_core.event_handler.log_command:Invoked command in '/home/benongnuel/dev_ws/build/xarm_api' returned '0': CMAKE_PREFIX_PATH=/home/benongnuel/dev_ws/install/xarm_sdk:/home/benongnuel/dev_ws/install/xarm_msgs:/home/benongnuel/dev_ws/install/xarm_description:/home/benongnuel/dev_ws/install/xarm_planner:/home/benongnuel/dev_ws/install/xarm_moveit_servo:/home/benongnuel/dev_ws/install/xarm_moveit_config:/home/benongnuel/dev_ws/install/xarm_gazebo:/home/benongnuel/dev_ws/install/xarm_controller:/home/benongnuel/dev_ws/install/d435i_xarm_setup:/home/benongnuel/dev_ws/install/xarm_api:/home/benongnuel/dev_ws/install/realsense_gazebo_plugin:/home/benongnuel/dev_ws/install/mbot_demo:/home/benongnuel/dev_ws/install/kdl_parser:/home/benongnuel/robo_ws/install/custom_3dof_arm:/home/benongnuel/dev_ws/install/uf_ros_lib:/home/benongnuel/dev_ws/install/my_gripper_scripts:/opt/ros/humble LD_LIBRARY_PATH=/home/benongnuel/dev_ws/install/xarm_sdk/lib:/home/benongnuel/dev_ws/install/xarm_msgs/lib:/home/benongnuel/dev_ws/install/xarm_planner/lib:/home/benongnuel/dev_ws/install/xarm_moveit_servo/lib:/home/benongnuel/dev_ws/install/xarm_gazebo/lib:/home/benongnuel/dev_ws/install/xarm_controller/lib:/home/benongnuel/dev_ws/install/xarm_api/lib:/home/benongnuel/dev_ws/install/realsense_gazebo_plugin/lib:/home/benongnuel/dev_ws/install/kdl_parser/lib:/usr/lib/x86_64-linux-gnu/gazebo-11/plugins:/opt/ros/humble/opt/rviz_ogre_vendor/lib:/opt/ros/humble/lib/x86_64-linux-gnu:/opt/ros/humble/lib /usr/bin/cmake --install /home/benongnuel/dev_ws/build/xarm_api
[6.417s] Level 1:colcon.colcon_core.environment:checking '/home/benongnuel/dev_ws/install/xarm_api' for CMake config files
[6.418s] Level 1:colcon.colcon_core.shell:create_environment_hook('xarm_api', 'cmake_prefix_path')
[6.418s] INFO:colcon.colcon_core.shell:Creating environment hook '/home/benongnuel/dev_ws/install/xarm_api/share/xarm_api/hook/cmake_prefix_path.ps1'
[6.419s] INFO:colcon.colcon_core.shell:Creating environment descriptor '/home/benongnuel/dev_ws/install/xarm_api/share/xarm_api/hook/cmake_prefix_path.dsv'
[6.419s] INFO:colcon.colcon_core.shell:Creating environment hook '/home/benongnuel/dev_ws/install/xarm_api/share/xarm_api/hook/cmake_prefix_path.sh'
[6.420s] Level 1:colcon.colcon_core.environment:checking '/home/benongnuel/dev_ws/install/xarm_api/lib'
[6.420s] Level 1:colcon.colcon_core.shell:create_environment_hook('xarm_api', 'ld_library_path_lib')
[6.420s] INFO:colcon.colcon_core.shell:Creating environment hook '/home/benongnuel/dev_ws/install/xarm_api/share/xarm_api/hook/ld_library_path_lib.ps1'
[6.421s] INFO:colcon.colcon_core.shell:Creating environment descriptor '/home/benongnuel/dev_ws/install/xarm_api/share/xarm_api/hook/ld_library_path_lib.dsv'
[6.421s] INFO:colcon.colcon_core.shell:Creating environment hook '/home/benongnuel/dev_ws/install/xarm_api/share/xarm_api/hook/ld_library_path_lib.sh'
[6.421s] Level 1:colcon.colcon_core.environment:checking '/home/benongnuel/dev_ws/install/xarm_api/bin'
[6.421s] Level 1:colcon.colcon_core.environment:checking '/home/benongnuel/dev_ws/install/xarm_api/lib/pkgconfig/xarm_api.pc'
[6.422s] Level 1:colcon.colcon_core.environment:checking '/home/benongnuel/dev_ws/install/xarm_api/lib/python3.10/site-packages'
[6.422s] Level 1:colcon.colcon_core.environment:checking '/home/benongnuel/dev_ws/install/xarm_api/bin'
[6.422s] INFO:colcon.colcon_core.shell:Creating package script '/home/benongnuel/dev_ws/install/xarm_api/share/xarm_api/package.ps1'
[6.422s] INFO:colcon.colcon_core.shell:Creating package descriptor '/home/benongnuel/dev_ws/install/xarm_api/share/xarm_api/package.dsv'
[6.423s] INFO:colcon.colcon_core.shell:Creating package script '/home/benongnuel/dev_ws/install/xarm_api/share/xarm_api/package.sh'
[6.423s] INFO:colcon.colcon_core.shell:Creating package script '/home/benongnuel/dev_ws/install/xarm_api/share/xarm_api/package.bash'
[6.423s] INFO:colcon.colcon_core.shell:Creating package script '/home/benongnuel/dev_ws/install/xarm_api/share/xarm_api/package.zsh'
[6.423s] Level 1:colcon.colcon_core.environment:create_file_with_runtime_dependencies(/home/benongnuel/dev_ws/install/xarm_api/share/colcon-core/packages/xarm_api)
[6.424s] Level 1:colcon.colcon_core.environment:create_environment_scripts_only(xarm_api)
[6.424s] Level 1:colcon.colcon_core.environment:checking '/home/benongnuel/dev_ws/install/xarm_api' for CMake module files
[6.424s] Level 1:colcon.colcon_core.environment:checking '/home/benongnuel/dev_ws/install/xarm_api' for CMake config files
[6.424s] Level 1:colcon.colcon_core.shell:create_environment_hook('xarm_api', 'cmake_prefix_path')
[6.424s] INFO:colcon.colcon_core.shell:Creating environment hook '/home/benongnuel/dev_ws/install/xarm_api/share/xarm_api/hook/cmake_prefix_path.ps1'
[6.425s] INFO:colcon.colcon_core.shell:Creating environment descriptor '/home/benongnuel/dev_ws/install/xarm_api/share/xarm_api/hook/cmake_prefix_path.dsv'
[6.425s] INFO:colcon.colcon_core.shell:Creating environment hook '/home/benongnuel/dev_ws/install/xarm_api/share/xarm_api/hook/cmake_prefix_path.sh'
[6.425s] Level 1:colcon.colcon_core.environment:checking '/home/benongnuel/dev_ws/install/xarm_api/lib'
[6.425s] Level 1:colcon.colcon_core.shell:create_environment_hook('xarm_api', 'ld_library_path_lib')
[6.425s] INFO:colcon.colcon_core.shell:Creating environment hook '/home/benongnuel/dev_ws/install/xarm_api/share/xarm_api/hook/ld_library_path_lib.ps1'
[6.426s] INFO:colcon.colcon_core.shell:Creating environment descriptor '/home/benongnuel/dev_ws/install/xarm_api/share/xarm_api/hook/ld_library_path_lib.dsv'
[6.426s] INFO:colcon.colcon_core.shell:Creating environment hook '/home/benongnuel/dev_ws/install/xarm_api/share/xarm_api/hook/ld_library_path_lib.sh'
[6.426s] Level 1:colcon.colcon_core.environment:checking '/home/benongnuel/dev_ws/install/xarm_api/bin'
[6.426s] Level 1:colcon.colcon_core.environment:checking '/home/benongnuel/dev_ws/install/xarm_api/lib/pkgconfig/xarm_api.pc'
[6.426s] Level 1:colcon.colcon_core.environment:checking '/home/benongnuel/dev_ws/install/xarm_api/lib/python3.10/site-packages'
[6.426s] Level 1:colcon.colcon_core.environment:checking '/home/benongnuel/dev_ws/install/xarm_api/bin'
[6.426s] INFO:colcon.colcon_core.shell:Creating package script '/home/benongnuel/dev_ws/install/xarm_api/share/xarm_api/package.ps1'
[6.427s] INFO:colcon.colcon_core.shell:Creating package descriptor '/home/benongnuel/dev_ws/install/xarm_api/share/xarm_api/package.dsv'
[6.427s] INFO:colcon.colcon_core.shell:Creating package script '/home/benongnuel/dev_ws/install/xarm_api/share/xarm_api/package.sh'
[6.427s] INFO:colcon.colcon_core.shell:Creating package script '/home/benongnuel/dev_ws/install/xarm_api/share/xarm_api/package.bash'
[6.427s] INFO:colcon.colcon_core.shell:Creating package script '/home/benongnuel/dev_ws/install/xarm_api/share/xarm_api/package.zsh'
[6.427s] Level 1:colcon.colcon_core.environment:create_file_with_runtime_dependencies(/home/benongnuel/dev_ws/install/xarm_api/share/colcon-core/packages/xarm_api)
[6.428s] INFO:colcon.colcon_ros.task.ament_cmake.build:Building ROS package in '/home/benongnuel/dev_ws/src/xarm_ros2/xarm_controller' with build type 'ament_cmake'
[6.428s] INFO:colcon.colcon_cmake.task.cmake.build:Building CMake package in '/home/benongnuel/dev_ws/src/xarm_ros2/xarm_controller'
[6.428s] INFO:colcon.colcon_core.shell:Skip shell extension 'powershell' for command environment: Not usable outside of PowerShell
[6.428s] DEBUG:colcon.colcon_core.shell:Skip shell extension 'dsv' for command environment
[6.430s] INFO:colcon.colcon_ros.task.ament_cmake.build:Building ROS package in '/home/benongnuel/dev_ws/src/xarm_ros2/xarm_vision/d435i_xarm_setup' with build type 'ament_cmake'
[6.430s] INFO:colcon.colcon_cmake.task.cmake.build:Building CMake package in '/home/benongnuel/dev_ws/src/xarm_ros2/xarm_vision/d435i_xarm_setup'
[6.431s] INFO:colcon.colcon_core.shell:Skip shell extension 'powershell' for command environment: Not usable outside of PowerShell
[6.431s] DEBUG:colcon.colcon_core.shell:Skip shell extension 'dsv' for command environment
[6.441s] DEBUG:colcon.colcon_core.event_handler.log_command:Invoking command in '/home/benongnuel/dev_ws/build/xarm_controller': CMAKE_PREFIX_PATH=/home/benongnuel/dev_ws/install/xarm_api:/home/benongnuel/dev_ws/install/xarm_sdk:/home/benongnuel/dev_ws/install/xarm_msgs:/home/benongnuel/dev_ws/install/xarm_description:/home/benongnuel/dev_ws/install/xarm_planner:/home/benongnuel/dev_ws/install/xarm_moveit_servo:/home/benongnuel/dev_ws/install/xarm_moveit_config:/home/benongnuel/dev_ws/install/xarm_gazebo:/home/benongnuel/dev_ws/install/xarm_controller:/home/benongnuel/dev_ws/install/d435i_xarm_setup:/home/benongnuel/dev_ws/install/realsense_gazebo_plugin:/home/benongnuel/dev_ws/install/mbot_demo:/home/benongnuel/dev_ws/install/kdl_parser:/home/benongnuel/robo_ws/install/custom_3dof_arm:/home/benongnuel/dev_ws/install/uf_ros_lib:/home/benongnuel/dev_ws/install/my_gripper_scripts:/opt/ros/humble LD_LIBRARY_PATH=/home/benongnuel/dev_ws/install/xarm_api/lib:/home/benongnuel/dev_ws/install/xarm_sdk/lib:/home/benongnuel/dev_ws/install/xarm_msgs/lib:/home/benongnuel/dev_ws/install/xarm_planner/lib:/home/benongnuel/dev_ws/install/xarm_moveit_servo/lib:/home/benongnuel/dev_ws/install/xarm_gazebo/lib:/home/benongnuel/dev_ws/install/xarm_controller/lib:/home/benongnuel/dev_ws/install/realsense_gazebo_plugin/lib:/home/benongnuel/dev_ws/install/kdl_parser/lib:/usr/lib/x86_64-linux-gnu/gazebo-11/plugins:/opt/ros/humble/opt/rviz_ogre_vendor/lib:/opt/ros/humble/lib/x86_64-linux-gnu:/opt/ros/humble/lib /usr/bin/cmake /home/benongnuel/dev_ws/src/xarm_ros2/xarm_controller -DAMENT_CMAKE_SYMLINK_INSTALL=1 -DCMAKE_INSTALL_PREFIX=/home/benongnuel/dev_ws/install/xarm_controller
[6.443s] DEBUG:colcon.colcon_core.event_handler.log_command:Invoking command in '/home/benongnuel/dev_ws/build/d435i_xarm_setup': CMAKE_PREFIX_PATH=/home/benongnuel/dev_ws/install/xarm_api:/home/benongnuel/dev_ws/install/xarm_sdk:/home/benongnuel/dev_ws/install/xarm_msgs:/home/benongnuel/dev_ws/install/xarm_description:/home/benongnuel/dev_ws/install/xarm_planner:/home/benongnuel/dev_ws/install/xarm_moveit_servo:/home/benongnuel/dev_ws/install/xarm_moveit_config:/home/benongnuel/dev_ws/install/xarm_gazebo:/home/benongnuel/dev_ws/install/xarm_controller:/home/benongnuel/dev_ws/install/d435i_xarm_setup:/home/benongnuel/dev_ws/install/realsense_gazebo_plugin:/home/benongnuel/dev_ws/install/mbot_demo:/home/benongnuel/dev_ws/install/kdl_parser:/home/benongnuel/robo_ws/install/custom_3dof_arm:/home/benongnuel/dev_ws/install/uf_ros_lib:/home/benongnuel/dev_ws/install/my_gripper_scripts:/opt/ros/humble LD_LIBRARY_PATH=/home/benongnuel/dev_ws/install/xarm_api/lib:/home/benongnuel/dev_ws/install/xarm_sdk/lib:/home/benongnuel/dev_ws/install/xarm_msgs/lib:/home/benongnuel/dev_ws/install/xarm_planner/lib:/home/benongnuel/dev_ws/install/xarm_moveit_servo/lib:/home/benongnuel/dev_ws/install/xarm_gazebo/lib:/home/benongnuel/dev_ws/install/xarm_controller/lib:/home/benongnuel/dev_ws/install/realsense_gazebo_plugin/lib:/home/benongnuel/dev_ws/install/kdl_parser/lib:/usr/lib/x86_64-linux-gnu/gazebo-11/plugins:/opt/ros/humble/opt/rviz_ogre_vendor/lib:/opt/ros/humble/lib/x86_64-linux-gnu:/opt/ros/humble/lib /usr/bin/cmake /home/benongnuel/dev_ws/src/xarm_ros2/xarm_vision/d435i_xarm_setup -DAMENT_CMAKE_SYMLINK_INSTALL=1 -DCMAKE_INSTALL_PREFIX=/home/benongnuel/dev_ws/install/d435i_xarm_setup
[6.834s] DEBUG:colcon.colcon_core.event_handler.log_command:Invoked command in '/home/benongnuel/dev_ws/build/xarm_controller' returned '0': CMAKE_PREFIX_PATH=/home/benongnuel/dev_ws/install/xarm_api:/home/benongnuel/dev_ws/install/xarm_sdk:/home/benongnuel/dev_ws/install/xarm_msgs:/home/benongnuel/dev_ws/install/xarm_description:/home/benongnuel/dev_ws/install/xarm_planner:/home/benongnuel/dev_ws/install/xarm_moveit_servo:/home/benongnuel/dev_ws/install/xarm_moveit_config:/home/benongnuel/dev_ws/install/xarm_gazebo:/home/benongnuel/dev_ws/install/xarm_controller:/home/benongnuel/dev_ws/install/d435i_xarm_setup:/home/benongnuel/dev_ws/install/realsense_gazebo_plugin:/home/benongnuel/dev_ws/install/mbot_demo:/home/benongnuel/dev_ws/install/kdl_parser:/home/benongnuel/robo_ws/install/custom_3dof_arm:/home/benongnuel/dev_ws/install/uf_ros_lib:/home/benongnuel/dev_ws/install/my_gripper_scripts:/opt/ros/humble LD_LIBRARY_PATH=/home/benongnuel/dev_ws/install/xarm_api/lib:/home/benongnuel/dev_ws/install/xarm_sdk/lib:/home/benongnuel/dev_ws/install/xarm_msgs/lib:/home/benongnuel/dev_ws/install/xarm_planner/lib:/home/benongnuel/dev_ws/install/xarm_moveit_servo/lib:/home/benongnuel/dev_ws/install/xarm_gazebo/lib:/home/benongnuel/dev_ws/install/xarm_controller/lib:/home/benongnuel/dev_ws/install/realsense_gazebo_plugin/lib:/home/benongnuel/dev_ws/install/kdl_parser/lib:/usr/lib/x86_64-linux-gnu/gazebo-11/plugins:/opt/ros/humble/opt/rviz_ogre_vendor/lib:/opt/ros/humble/lib/x86_64-linux-gnu:/opt/ros/humble/lib /usr/bin/cmake /home/benongnuel/dev_ws/src/xarm_ros2/xarm_controller -DAMENT_CMAKE_SYMLINK_INSTALL=1 -DCMAKE_INSTALL_PREFIX=/home/benongnuel/dev_ws/install/xarm_controller
[6.835s] DEBUG:colcon.colcon_core.event_handler.log_command:Invoking command in '/home/benongnuel/dev_ws/build/xarm_controller': CMAKE_PREFIX_PATH=/home/benongnuel/dev_ws/install/xarm_api:/home/benongnuel/dev_ws/install/xarm_sdk:/home/benongnuel/dev_ws/install/xarm_msgs:/home/benongnuel/dev_ws/install/xarm_description:/home/benongnuel/dev_ws/install/xarm_planner:/home/benongnuel/dev_ws/install/xarm_moveit_servo:/home/benongnuel/dev_ws/install/xarm_moveit_config:/home/benongnuel/dev_ws/install/xarm_gazebo:/home/benongnuel/dev_ws/install/xarm_controller:/home/benongnuel/dev_ws/install/d435i_xarm_setup:/home/benongnuel/dev_ws/install/realsense_gazebo_plugin:/home/benongnuel/dev_ws/install/mbot_demo:/home/benongnuel/dev_ws/install/kdl_parser:/home/benongnuel/robo_ws/install/custom_3dof_arm:/home/benongnuel/dev_ws/install/uf_ros_lib:/home/benongnuel/dev_ws/install/my_gripper_scripts:/opt/ros/humble LD_LIBRARY_PATH=/home/benongnuel/dev_ws/install/xarm_api/lib:/home/benongnuel/dev_ws/install/xarm_sdk/lib:/home/benongnuel/dev_ws/install/xarm_msgs/lib:/home/benongnuel/dev_ws/install/xarm_planner/lib:/home/benongnuel/dev_ws/install/xarm_moveit_servo/lib:/home/benongnuel/dev_ws/install/xarm_gazebo/lib:/home/benongnuel/dev_ws/install/xarm_controller/lib:/home/benongnuel/dev_ws/install/realsense_gazebo_plugin/lib:/home/benongnuel/dev_ws/install/kdl_parser/lib:/usr/lib/x86_64-linux-gnu/gazebo-11/plugins:/opt/ros/humble/opt/rviz_ogre_vendor/lib:/opt/ros/humble/lib/x86_64-linux-gnu:/opt/ros/humble/lib /usr/bin/cmake --build /home/benongnuel/dev_ws/build/xarm_controller -- -j16 -l16
[6.873s] DEBUG:colcon.colcon_core.event_handler.log_command:Invoked command in '/home/benongnuel/dev_ws/build/d435i_xarm_setup' returned '0': CMAKE_PREFIX_PATH=/home/benongnuel/dev_ws/install/xarm_api:/home/benongnuel/dev_ws/install/xarm_sdk:/home/benongnuel/dev_ws/install/xarm_msgs:/home/benongnuel/dev_ws/install/xarm_description:/home/benongnuel/dev_ws/install/xarm_planner:/home/benongnuel/dev_ws/install/xarm_moveit_servo:/home/benongnuel/dev_ws/install/xarm_moveit_config:/home/benongnuel/dev_ws/install/xarm_gazebo:/home/benongnuel/dev_ws/install/xarm_controller:/home/benongnuel/dev_ws/install/d435i_xarm_setup:/home/benongnuel/dev_ws/install/realsense_gazebo_plugin:/home/benongnuel/dev_ws/install/mbot_demo:/home/benongnuel/dev_ws/install/kdl_parser:/home/benongnuel/robo_ws/install/custom_3dof_arm:/home/benongnuel/dev_ws/install/uf_ros_lib:/home/benongnuel/dev_ws/install/my_gripper_scripts:/opt/ros/humble LD_LIBRARY_PATH=/home/benongnuel/dev_ws/install/xarm_api/lib:/home/benongnuel/dev_ws/install/xarm_sdk/lib:/home/benongnuel/dev_ws/install/xarm_msgs/lib:/home/benongnuel/dev_ws/install/xarm_planner/lib:/home/benongnuel/dev_ws/install/xarm_moveit_servo/lib:/home/benongnuel/dev_ws/install/xarm_gazebo/lib:/home/benongnuel/dev_ws/install/xarm_controller/lib:/home/benongnuel/dev_ws/install/realsense_gazebo_plugin/lib:/home/benongnuel/dev_ws/install/kdl_parser/lib:/usr/lib/x86_64-linux-gnu/gazebo-11/plugins:/opt/ros/humble/opt/rviz_ogre_vendor/lib:/opt/ros/humble/lib/x86_64-linux-gnu:/opt/ros/humble/lib /usr/bin/cmake /home/benongnuel/dev_ws/src/xarm_ros2/xarm_vision/d435i_xarm_setup -DAMENT_CMAKE_SYMLINK_INSTALL=1 -DCMAKE_INSTALL_PREFIX=/home/benongnuel/dev_ws/install/d435i_xarm_setup
[6.874s] DEBUG:colcon.colcon_core.event_handler.log_command:Invoking command in '/home/benongnuel/dev_ws/build/d435i_xarm_setup': CMAKE_PREFIX_PATH=/home/benongnuel/dev_ws/install/xarm_api:/home/benongnuel/dev_ws/install/xarm_sdk:/home/benongnuel/dev_ws/install/xarm_msgs:/home/benongnuel/dev_ws/install/xarm_description:/home/benongnuel/dev_ws/install/xarm_planner:/home/benongnuel/dev_ws/install/xarm_moveit_servo:/home/benongnuel/dev_ws/install/xarm_moveit_config:/home/benongnuel/dev_ws/install/xarm_gazebo:/home/benongnuel/dev_ws/install/xarm_controller:/home/benongnuel/dev_ws/install/d435i_xarm_setup:/home/benongnuel/dev_ws/install/realsense_gazebo_plugin:/home/benongnuel/dev_ws/install/mbot_demo:/home/benongnuel/dev_ws/install/kdl_parser:/home/benongnuel/robo_ws/install/custom_3dof_arm:/home/benongnuel/dev_ws/install/uf_ros_lib:/home/benongnuel/dev_ws/install/my_gripper_scripts:/opt/ros/humble LD_LIBRARY_PATH=/home/benongnuel/dev_ws/install/xarm_api/lib:/home/benongnuel/dev_ws/install/xarm_sdk/lib:/home/benongnuel/dev_ws/install/xarm_msgs/lib:/home/benongnuel/dev_ws/install/xarm_planner/lib:/home/benongnuel/dev_ws/install/xarm_moveit_servo/lib:/home/benongnuel/dev_ws/install/xarm_gazebo/lib:/home/benongnuel/dev_ws/install/xarm_controller/lib:/home/benongnuel/dev_ws/install/realsense_gazebo_plugin/lib:/home/benongnuel/dev_ws/install/kdl_parser/lib:/usr/lib/x86_64-linux-gnu/gazebo-11/plugins:/opt/ros/humble/opt/rviz_ogre_vendor/lib:/opt/ros/humble/lib/x86_64-linux-gnu:/opt/ros/humble/lib /usr/bin/cmake --build /home/benongnuel/dev_ws/build/d435i_xarm_setup -- -j16 -l16
[7.791s] DEBUG:colcon.colcon_core.event_handler.log_command:Invoked command in '/home/benongnuel/dev_ws/build/d435i_xarm_setup' returned '0': CMAKE_PREFIX_PATH=/home/benongnuel/dev_ws/install/xarm_api:/home/benongnuel/dev_ws/install/xarm_sdk:/home/benongnuel/dev_ws/install/xarm_msgs:/home/benongnuel/dev_ws/install/xarm_description:/home/benongnuel/dev_ws/install/xarm_planner:/home/benongnuel/dev_ws/install/xarm_moveit_servo:/home/benongnuel/dev_ws/install/xarm_moveit_config:/home/benongnuel/dev_ws/install/xarm_gazebo:/home/benongnuel/dev_ws/install/xarm_controller:/home/benongnuel/dev_ws/install/d435i_xarm_setup:/home/benongnuel/dev_ws/install/realsense_gazebo_plugin:/home/benongnuel/dev_ws/install/mbot_demo:/home/benongnuel/dev_ws/install/kdl_parser:/home/benongnuel/robo_ws/install/custom_3dof_arm:/home/benongnuel/dev_ws/install/uf_ros_lib:/home/benongnuel/dev_ws/install/my_gripper_scripts:/opt/ros/humble LD_LIBRARY_PATH=/home/benongnuel/dev_ws/install/xarm_api/lib:/home/benongnuel/dev_ws/install/xarm_sdk/lib:/home/benongnuel/dev_ws/install/xarm_msgs/lib:/home/benongnuel/dev_ws/install/xarm_planner/lib:/home/benongnuel/dev_ws/install/xarm_moveit_servo/lib:/home/benongnuel/dev_ws/install/xarm_gazebo/lib:/home/benongnuel/dev_ws/install/xarm_controller/lib:/home/benongnuel/dev_ws/install/realsense_gazebo_plugin/lib:/home/benongnuel/dev_ws/install/kdl_parser/lib:/usr/lib/x86_64-linux-gnu/gazebo-11/plugins:/opt/ros/humble/opt/rviz_ogre_vendor/lib:/opt/ros/humble/lib/x86_64-linux-gnu:/opt/ros/humble/lib /usr/bin/cmake --build /home/benongnuel/dev_ws/build/d435i_xarm_setup -- -j16 -l16
[7.793s] DEBUG:colcon.colcon_core.event_handler.log_command:Invoking command in '/home/benongnuel/dev_ws/build/d435i_xarm_setup': CMAKE_PREFIX_PATH=/home/benongnuel/dev_ws/install/xarm_api:/home/benongnuel/dev_ws/install/xarm_sdk:/home/benongnuel/dev_ws/install/xarm_msgs:/home/benongnuel/dev_ws/install/xarm_description:/home/benongnuel/dev_ws/install/xarm_planner:/home/benongnuel/dev_ws/install/xarm_moveit_servo:/home/benongnuel/dev_ws/install/xarm_moveit_config:/home/benongnuel/dev_ws/install/xarm_gazebo:/home/benongnuel/dev_ws/install/xarm_controller:/home/benongnuel/dev_ws/install/d435i_xarm_setup:/home/benongnuel/dev_ws/install/realsense_gazebo_plugin:/home/benongnuel/dev_ws/install/mbot_demo:/home/benongnuel/dev_ws/install/kdl_parser:/home/benongnuel/robo_ws/install/custom_3dof_arm:/home/benongnuel/dev_ws/install/uf_ros_lib:/home/benongnuel/dev_ws/install/my_gripper_scripts:/opt/ros/humble LD_LIBRARY_PATH=/home/benongnuel/dev_ws/install/xarm_api/lib:/home/benongnuel/dev_ws/install/xarm_sdk/lib:/home/benongnuel/dev_ws/install/xarm_msgs/lib:/home/benongnuel/dev_ws/install/xarm_planner/lib:/home/benongnuel/dev_ws/install/xarm_moveit_servo/lib:/home/benongnuel/dev_ws/install/xarm_gazebo/lib:/home/benongnuel/dev_ws/install/xarm_controller/lib:/home/benongnuel/dev_ws/install/realsense_gazebo_plugin/lib:/home/benongnuel/dev_ws/install/kdl_parser/lib:/usr/lib/x86_64-linux-gnu/gazebo-11/plugins:/opt/ros/humble/opt/rviz_ogre_vendor/lib:/opt/ros/humble/lib/x86_64-linux-gnu:/opt/ros/humble/lib /usr/bin/cmake --install /home/benongnuel/dev_ws/build/d435i_xarm_setup
[8.050s] Level 1:colcon.colcon_core.environment:create_environment_scripts_only(d435i_xarm_setup)
[8.051s] Level 1:colcon.colcon_core.environment:checking '/home/benongnuel/dev_ws/install/d435i_xarm_setup' for CMake module files
[8.051s] DEBUG:colcon.colcon_core.event_handler.log_command:Invoked command in '/home/benongnuel/dev_ws/build/d435i_xarm_setup' returned '0': CMAKE_PREFIX_PATH=/home/benongnuel/dev_ws/install/xarm_api:/home/benongnuel/dev_ws/install/xarm_sdk:/home/benongnuel/dev_ws/install/xarm_msgs:/home/benongnuel/dev_ws/install/xarm_description:/home/benongnuel/dev_ws/install/xarm_planner:/home/benongnuel/dev_ws/install/xarm_moveit_servo:/home/benongnuel/dev_ws/install/xarm_moveit_config:/home/benongnuel/dev_ws/install/xarm_gazebo:/home/benongnuel/dev_ws/install/xarm_controller:/home/benongnuel/dev_ws/install/d435i_xarm_setup:/home/benongnuel/dev_ws/install/realsense_gazebo_plugin:/home/benongnuel/dev_ws/install/mbot_demo:/home/benongnuel/dev_ws/install/kdl_parser:/home/benongnuel/robo_ws/install/custom_3dof_arm:/home/benongnuel/dev_ws/install/uf_ros_lib:/home/benongnuel/dev_ws/install/my_gripper_scripts:/opt/ros/humble LD_LIBRARY_PATH=/home/benongnuel/dev_ws/install/xarm_api/lib:/home/benongnuel/dev_ws/install/xarm_sdk/lib:/home/benongnuel/dev_ws/install/xarm_msgs/lib:/home/benongnuel/dev_ws/install/xarm_planner/lib:/home/benongnuel/dev_ws/install/xarm_moveit_servo/lib:/home/benongnuel/dev_ws/install/xarm_gazebo/lib:/home/benongnuel/dev_ws/install/xarm_controller/lib:/home/benongnuel/dev_ws/install/realsense_gazebo_plugin/lib:/home/benongnuel/dev_ws/install/kdl_parser/lib:/usr/lib/x86_64-linux-gnu/gazebo-11/plugins:/opt/ros/humble/opt/rviz_ogre_vendor/lib:/opt/ros/humble/lib/x86_64-linux-gnu:/opt/ros/humble/lib /usr/bin/cmake --install /home/benongnuel/dev_ws/build/d435i_xarm_setup
[8.052s] Level 1:colcon.colcon_core.environment:checking '/home/benongnuel/dev_ws/install/d435i_xarm_setup' for CMake config files
[8.052s] Level 1:colcon.colcon_core.shell:create_environment_hook('d435i_xarm_setup', 'cmake_prefix_path')
[8.052s] INFO:colcon.colcon_core.shell:Creating environment hook '/home/benongnuel/dev_ws/install/d435i_xarm_setup/share/d435i_xarm_setup/hook/cmake_prefix_path.ps1'
[8.052s] INFO:colcon.colcon_core.shell:Creating environment descriptor '/home/benongnuel/dev_ws/install/d435i_xarm_setup/share/d435i_xarm_setup/hook/cmake_prefix_path.dsv'
[8.053s] INFO:colcon.colcon_core.shell:Creating environment hook '/home/benongnuel/dev_ws/install/d435i_xarm_setup/share/d435i_xarm_setup/hook/cmake_prefix_path.sh'
[8.053s] Level 1:colcon.colcon_core.environment:checking '/home/benongnuel/dev_ws/install/d435i_xarm_setup/lib'
[8.053s] Level 1:colcon.colcon_core.environment:checking '/home/benongnuel/dev_ws/install/d435i_xarm_setup/bin'
[8.053s] Level 1:colcon.colcon_core.environment:checking '/home/benongnuel/dev_ws/install/d435i_xarm_setup/lib/pkgconfig/d435i_xarm_setup.pc'
[8.053s] Level 1:colcon.colcon_core.environment:checking '/home/benongnuel/dev_ws/install/d435i_xarm_setup/lib/python3.10/site-packages'
[8.053s] Level 1:colcon.colcon_core.environment:checking '/home/benongnuel/dev_ws/install/d435i_xarm_setup/bin'
[8.053s] INFO:colcon.colcon_core.shell:Creating package script '/home/benongnuel/dev_ws/install/d435i_xarm_setup/share/d435i_xarm_setup/package.ps1'
[8.054s] INFO:colcon.colcon_core.shell:Creating package descriptor '/home/benongnuel/dev_ws/install/d435i_xarm_setup/share/d435i_xarm_setup/package.dsv'
[8.054s] INFO:colcon.colcon_core.shell:Creating package script '/home/benongnuel/dev_ws/install/d435i_xarm_setup/share/d435i_xarm_setup/package.sh'
[8.054s] INFO:colcon.colcon_core.shell:Creating package script '/home/benongnuel/dev_ws/install/d435i_xarm_setup/share/d435i_xarm_setup/package.bash'
[8.054s] INFO:colcon.colcon_core.shell:Creating package script '/home/benongnuel/dev_ws/install/d435i_xarm_setup/share/d435i_xarm_setup/package.zsh'
[8.054s] Level 1:colcon.colcon_core.environment:create_file_with_runtime_dependencies(/home/benongnuel/dev_ws/install/d435i_xarm_setup/share/colcon-core/packages/d435i_xarm_setup)
[8.055s] Level 1:colcon.colcon_core.environment:create_environment_scripts_only(d435i_xarm_setup)
[8.055s] Level 1:colcon.colcon_core.environment:checking '/home/benongnuel/dev_ws/install/d435i_xarm_setup' for CMake module files
[8.055s] Level 1:colcon.colcon_core.environment:checking '/home/benongnuel/dev_ws/install/d435i_xarm_setup' for CMake config files
[8.056s] Level 1:colcon.colcon_core.shell:create_environment_hook('d435i_xarm_setup', 'cmake_prefix_path')
[8.056s] INFO:colcon.colcon_core.shell:Creating environment hook '/home/benongnuel/dev_ws/install/d435i_xarm_setup/share/d435i_xarm_setup/hook/cmake_prefix_path.ps1'
[8.056s] INFO:colcon.colcon_core.shell:Creating environment descriptor '/home/benongnuel/dev_ws/install/d435i_xarm_setup/share/d435i_xarm_setup/hook/cmake_prefix_path.dsv'
[8.056s] INFO:colcon.colcon_core.shell:Creating environment hook '/home/benongnuel/dev_ws/install/d435i_xarm_setup/share/d435i_xarm_setup/hook/cmake_prefix_path.sh'
[8.056s] Level 1:colcon.colcon_core.environment:checking '/home/benongnuel/dev_ws/install/d435i_xarm_setup/lib'
[8.056s] Level 1:colcon.colcon_core.environment:checking '/home/benongnuel/dev_ws/install/d435i_xarm_setup/bin'
[8.056s] Level 1:colcon.colcon_core.environment:checking '/home/benongnuel/dev_ws/install/d435i_xarm_setup/lib/pkgconfig/d435i_xarm_setup.pc'
[8.057s] Level 1:colcon.colcon_core.environment:checking '/home/benongnuel/dev_ws/install/d435i_xarm_setup/lib/python3.10/site-packages'
[8.057s] Level 1:colcon.colcon_core.environment:checking '/home/benongnuel/dev_ws/install/d435i_xarm_setup/bin'
[8.057s] INFO:colcon.colcon_core.shell:Creating package script '/home/benongnuel/dev_ws/install/d435i_xarm_setup/share/d435i_xarm_setup/package.ps1'
[8.057s] INFO:colcon.colcon_core.shell:Creating package descriptor '/home/benongnuel/dev_ws/install/d435i_xarm_setup/share/d435i_xarm_setup/package.dsv'
[8.057s] INFO:colcon.colcon_core.shell:Creating package script '/home/benongnuel/dev_ws/install/d435i_xarm_setup/share/d435i_xarm_setup/package.sh'
[8.058s] INFO:colcon.colcon_core.shell:Creating package script '/home/benongnuel/dev_ws/install/d435i_xarm_setup/share/d435i_xarm_setup/package.bash'
[8.058s] INFO:colcon.colcon_core.shell:Creating package script '/home/benongnuel/dev_ws/install/d435i_xarm_setup/share/d435i_xarm_setup/package.zsh'
[8.058s] Level 1:colcon.colcon_core.environment:create_file_with_runtime_dependencies(/home/benongnuel/dev_ws/install/d435i_xarm_setup/share/colcon-core/packages/d435i_xarm_setup)
[8.099s] DEBUG:colcon.colcon_core.event_handler.log_command:Invoked command in '/home/benongnuel/dev_ws/build/xarm_controller' returned '0': CMAKE_PREFIX_PATH=/home/benongnuel/dev_ws/install/xarm_api:/home/benongnuel/dev_ws/install/xarm_sdk:/home/benongnuel/dev_ws/install/xarm_msgs:/home/benongnuel/dev_ws/install/xarm_description:/home/benongnuel/dev_ws/install/xarm_planner:/home/benongnuel/dev_ws/install/xarm_moveit_servo:/home/benongnuel/dev_ws/install/xarm_moveit_config:/home/benongnuel/dev_ws/install/xarm_gazebo:/home/benongnuel/dev_ws/install/xarm_controller:/home/benongnuel/dev_ws/install/d435i_xarm_setup:/home/benongnuel/dev_ws/install/realsense_gazebo_plugin:/home/benongnuel/dev_ws/install/mbot_demo:/home/benongnuel/dev_ws/install/kdl_parser:/home/benongnuel/robo_ws/install/custom_3dof_arm:/home/benongnuel/dev_ws/install/uf_ros_lib:/home/benongnuel/dev_ws/install/my_gripper_scripts:/opt/ros/humble LD_LIBRARY_PATH=/home/benongnuel/dev_ws/install/xarm_api/lib:/home/benongnuel/dev_ws/install/xarm_sdk/lib:/home/benongnuel/dev_ws/install/xarm_msgs/lib:/home/benongnuel/dev_ws/install/xarm_planner/lib:/home/benongnuel/dev_ws/install/xarm_moveit_servo/lib:/home/benongnuel/dev_ws/install/xarm_gazebo/lib:/home/benongnuel/dev_ws/install/xarm_controller/lib:/home/benongnuel/dev_ws/install/realsense_gazebo_plugin/lib:/home/benongnuel/dev_ws/install/kdl_parser/lib:/usr/lib/x86_64-linux-gnu/gazebo-11/plugins:/opt/ros/humble/opt/rviz_ogre_vendor/lib:/opt/ros/humble/lib/x86_64-linux-gnu:/opt/ros/humble/lib /usr/bin/cmake --build /home/benongnuel/dev_ws/build/xarm_controller -- -j16 -l16
[8.100s] DEBUG:colcon.colcon_core.event_handler.log_command:Invoking command in '/home/benongnuel/dev_ws/build/xarm_controller': CMAKE_PREFIX_PATH=/home/benongnuel/dev_ws/install/xarm_api:/home/benongnuel/dev_ws/install/xarm_sdk:/home/benongnuel/dev_ws/install/xarm_msgs:/home/benongnuel/dev_ws/install/xarm_description:/home/benongnuel/dev_ws/install/xarm_planner:/home/benongnuel/dev_ws/install/xarm_moveit_servo:/home/benongnuel/dev_ws/install/xarm_moveit_config:/home/benongnuel/dev_ws/install/xarm_gazebo:/home/benongnuel/dev_ws/install/xarm_controller:/home/benongnuel/dev_ws/install/d435i_xarm_setup:/home/benongnuel/dev_ws/install/realsense_gazebo_plugin:/home/benongnuel/dev_ws/install/mbot_demo:/home/benongnuel/dev_ws/install/kdl_parser:/home/benongnuel/robo_ws/install/custom_3dof_arm:/home/benongnuel/dev_ws/install/uf_ros_lib:/home/benongnuel/dev_ws/install/my_gripper_scripts:/opt/ros/humble LD_LIBRARY_PATH=/home/benongnuel/dev_ws/install/xarm_api/lib:/home/benongnuel/dev_ws/install/xarm_sdk/lib:/home/benongnuel/dev_ws/install/xarm_msgs/lib:/home/benongnuel/dev_ws/install/xarm_planner/lib:/home/benongnuel/dev_ws/install/xarm_moveit_servo/lib:/home/benongnuel/dev_ws/install/xarm_gazebo/lib:/home/benongnuel/dev_ws/install/xarm_controller/lib:/home/benongnuel/dev_ws/install/realsense_gazebo_plugin/lib:/home/benongnuel/dev_ws/install/kdl_parser/lib:/usr/lib/x86_64-linux-gnu/gazebo-11/plugins:/opt/ros/humble/opt/rviz_ogre_vendor/lib:/opt/ros/humble/lib/x86_64-linux-gnu:/opt/ros/humble/lib /usr/bin/cmake --install /home/benongnuel/dev_ws/build/xarm_controller
[8.405s] Level 1:colcon.colcon_core.environment:create_environment_scripts_only(xarm_controller)
[8.406s] Level 1:colcon.colcon_core.environment:checking '/home/benongnuel/dev_ws/install/xarm_controller' for CMake module files
[8.407s] DEBUG:colcon.colcon_core.event_handler.log_command:Invoked command in '/home/benongnuel/dev_ws/build/xarm_controller' returned '0': CMAKE_PREFIX_PATH=/home/benongnuel/dev_ws/install/xarm_api:/home/benongnuel/dev_ws/install/xarm_sdk:/home/benongnuel/dev_ws/install/xarm_msgs:/home/benongnuel/dev_ws/install/xarm_description:/home/benongnuel/dev_ws/install/xarm_planner:/home/benongnuel/dev_ws/install/xarm_moveit_servo:/home/benongnuel/dev_ws/install/xarm_moveit_config:/home/benongnuel/dev_ws/install/xarm_gazebo:/home/benongnuel/dev_ws/install/xarm_controller:/home/benongnuel/dev_ws/install/d435i_xarm_setup:/home/benongnuel/dev_ws/install/realsense_gazebo_plugin:/home/benongnuel/dev_ws/install/mbot_demo:/home/benongnuel/dev_ws/install/kdl_parser:/home/benongnuel/robo_ws/install/custom_3dof_arm:/home/benongnuel/dev_ws/install/uf_ros_lib:/home/benongnuel/dev_ws/install/my_gripper_scripts:/opt/ros/humble LD_LIBRARY_PATH=/home/benongnuel/dev_ws/install/xarm_api/lib:/home/benongnuel/dev_ws/install/xarm_sdk/lib:/home/benongnuel/dev_ws/install/xarm_msgs/lib:/home/benongnuel/dev_ws/install/xarm_planner/lib:/home/benongnuel/dev_ws/install/xarm_moveit_servo/lib:/home/benongnuel/dev_ws/install/xarm_gazebo/lib:/home/benongnuel/dev_ws/install/xarm_controller/lib:/home/benongnuel/dev_ws/install/realsense_gazebo_plugin/lib:/home/benongnuel/dev_ws/install/kdl_parser/lib:/usr/lib/x86_64-linux-gnu/gazebo-11/plugins:/opt/ros/humble/opt/rviz_ogre_vendor/lib:/opt/ros/humble/lib/x86_64-linux-gnu:/opt/ros/humble/lib /usr/bin/cmake --install /home/benongnuel/dev_ws/build/xarm_controller
[8.407s] Level 1:colcon.colcon_core.environment:checking '/home/benongnuel/dev_ws/install/xarm_controller' for CMake config files
[8.408s] Level 1:colcon.colcon_core.shell:create_environment_hook('xarm_controller', 'cmake_prefix_path')
[8.409s] INFO:colcon.colcon_core.shell:Creating environment hook '/home/benongnuel/dev_ws/install/xarm_controller/share/xarm_controller/hook/cmake_prefix_path.ps1'
[8.409s] INFO:colcon.colcon_core.shell:Creating environment descriptor '/home/benongnuel/dev_ws/install/xarm_controller/share/xarm_controller/hook/cmake_prefix_path.dsv'
[8.410s] INFO:colcon.colcon_core.shell:Creating environment hook '/home/benongnuel/dev_ws/install/xarm_controller/share/xarm_controller/hook/cmake_prefix_path.sh'
[8.411s] Level 1:colcon.colcon_core.environment:checking '/home/benongnuel/dev_ws/install/xarm_controller/lib'
[8.411s] Level 1:colcon.colcon_core.shell:create_environment_hook('xarm_controller', 'ld_library_path_lib')
[8.411s] INFO:colcon.colcon_core.shell:Creating environment hook '/home/benongnuel/dev_ws/install/xarm_controller/share/xarm_controller/hook/ld_library_path_lib.ps1'
[8.412s] INFO:colcon.colcon_core.shell:Creating environment descriptor '/home/benongnuel/dev_ws/install/xarm_controller/share/xarm_controller/hook/ld_library_path_lib.dsv'
[8.412s] INFO:colcon.colcon_core.shell:Creating environment hook '/home/benongnuel/dev_ws/install/xarm_controller/share/xarm_controller/hook/ld_library_path_lib.sh'
[8.413s] Level 1:colcon.colcon_core.environment:checking '/home/benongnuel/dev_ws/install/xarm_controller/bin'
[8.413s] Level 1:colcon.colcon_core.environment:checking '/home/benongnuel/dev_ws/install/xarm_controller/lib/pkgconfig/xarm_controller.pc'
[8.413s] Level 1:colcon.colcon_core.environment:checking '/home/benongnuel/dev_ws/install/xarm_controller/lib/python3.10/site-packages'
[8.413s] Level 1:colcon.colcon_core.environment:checking '/home/benongnuel/dev_ws/install/xarm_controller/bin'
[8.413s] INFO:colcon.colcon_core.shell:Creating package script '/home/benongnuel/dev_ws/install/xarm_controller/share/xarm_controller/package.ps1'
[8.414s] INFO:colcon.colcon_core.shell:Creating package descriptor '/home/benongnuel/dev_ws/install/xarm_controller/share/xarm_controller/package.dsv'
[8.414s] INFO:colcon.colcon_core.shell:Creating package script '/home/benongnuel/dev_ws/install/xarm_controller/share/xarm_controller/package.sh'
[8.415s] INFO:colcon.colcon_core.shell:Creating package script '/home/benongnuel/dev_ws/install/xarm_controller/share/xarm_controller/package.bash'
[8.415s] INFO:colcon.colcon_core.shell:Creating package script '/home/benongnuel/dev_ws/install/xarm_controller/share/xarm_controller/package.zsh'
[8.415s] Level 1:colcon.colcon_core.environment:create_file_with_runtime_dependencies(/home/benongnuel/dev_ws/install/xarm_controller/share/colcon-core/packages/xarm_controller)
[8.416s] Level 1:colcon.colcon_core.environment:create_environment_scripts_only(xarm_controller)
[8.416s] Level 1:colcon.colcon_core.environment:checking '/home/benongnuel/dev_ws/install/xarm_controller' for CMake module files
[8.416s] Level 1:colcon.colcon_core.environment:checking '/home/benongnuel/dev_ws/install/xarm_controller' for CMake config files
[8.416s] Level 1:colcon.colcon_core.shell:create_environment_hook('xarm_controller', 'cmake_prefix_path')
[8.416s] INFO:colcon.colcon_core.shell:Creating environment hook '/home/benongnuel/dev_ws/install/xarm_controller/share/xarm_controller/hook/cmake_prefix_path.ps1'
[8.417s] INFO:colcon.colcon_core.shell:Creating environment descriptor '/home/benongnuel/dev_ws/install/xarm_controller/share/xarm_controller/hook/cmake_prefix_path.dsv'
[8.417s] INFO:colcon.colcon_core.shell:Creating environment hook '/home/benongnuel/dev_ws/install/xarm_controller/share/xarm_controller/hook/cmake_prefix_path.sh'
[8.417s] Level 1:colcon.colcon_core.environment:checking '/home/benongnuel/dev_ws/install/xarm_controller/lib'
[8.417s] Level 1:colcon.colcon_core.shell:create_environment_hook('xarm_controller', 'ld_library_path_lib')
[8.417s] INFO:colcon.colcon_core.shell:Creating environment hook '/home/benongnuel/dev_ws/install/xarm_controller/share/xarm_controller/hook/ld_library_path_lib.ps1'
[8.418s] INFO:colcon.colcon_core.shell:Creating environment descriptor '/home/benongnuel/dev_ws/install/xarm_controller/share/xarm_controller/hook/ld_library_path_lib.dsv'
[8.418s] INFO:colcon.colcon_core.shell:Creating environment hook '/home/benongnuel/dev_ws/install/xarm_controller/share/xarm_controller/hook/ld_library_path_lib.sh'
[8.418s] Level 1:colcon.colcon_core.environment:checking '/home/benongnuel/dev_ws/install/xarm_controller/bin'
[8.418s] Level 1:colcon.colcon_core.environment:checking '/home/benongnuel/dev_ws/install/xarm_controller/lib/pkgconfig/xarm_controller.pc'
[8.418s] Level 1:colcon.colcon_core.environment:checking '/home/benongnuel/dev_ws/install/xarm_controller/lib/python3.10/site-packages'
[8.418s] Level 1:colcon.colcon_core.environment:checking '/home/benongnuel/dev_ws/install/xarm_controller/bin'
[8.418s] INFO:colcon.colcon_core.shell:Creating package script '/home/benongnuel/dev_ws/install/xarm_controller/share/xarm_controller/package.ps1'
[8.419s] INFO:colcon.colcon_core.shell:Creating package descriptor '/home/benongnuel/dev_ws/install/xarm_controller/share/xarm_controller/package.dsv'
[8.419s] INFO:colcon.colcon_core.shell:Creating package script '/home/benongnuel/dev_ws/install/xarm_controller/share/xarm_controller/package.sh'
[8.419s] INFO:colcon.colcon_core.shell:Creating package script '/home/benongnuel/dev_ws/install/xarm_controller/share/xarm_controller/package.bash'
[8.419s] INFO:colcon.colcon_core.shell:Creating package script '/home/benongnuel/dev_ws/install/xarm_controller/share/xarm_controller/package.zsh'
[8.419s] Level 1:colcon.colcon_core.environment:create_file_with_runtime_dependencies(/home/benongnuel/dev_ws/install/xarm_controller/share/colcon-core/packages/xarm_controller)
[8.420s] INFO:colcon.colcon_ros.task.ament_cmake.build:Building ROS package in '/home/benongnuel/dev_ws/src/xarm_ros2/xarm_gazebo' with build type 'ament_cmake'
[8.420s] INFO:colcon.colcon_cmake.task.cmake.build:Building CMake package in '/home/benongnuel/dev_ws/src/xarm_ros2/xarm_gazebo'
[8.420s] INFO:colcon.colcon_core.shell:Skip shell extension 'powershell' for command environment: Not usable outside of PowerShell
[8.420s] DEBUG:colcon.colcon_core.shell:Skip shell extension 'dsv' for command environment
[8.438s] DEBUG:colcon.colcon_core.event_handler.log_command:Invoking command in '/home/benongnuel/dev_ws/build/xarm_gazebo': AMENT_PREFIX_PATH=/home/benongnuel/dev_ws/install/uf_ros_lib:/home/benongnuel/dev_ws/install/xarm_planner:/home/benongnuel/dev_ws/install/xarm_moveit_servo:/home/benongnuel/dev_ws/install/xarm_moveit_config:/home/benongnuel/dev_ws/install/xarm_gazebo:/home/benongnuel/dev_ws/install/xarm_controller:/home/benongnuel/dev_ws/install/d435i_xarm_setup:/home/benongnuel/dev_ws/install/xarm_api:/home/benongnuel/dev_ws/install/xarm_sdk:/home/benongnuel/dev_ws/install/xarm_msgs:/home/benongnuel/dev_ws/install/xarm_description:/home/benongnuel/dev_ws/install/realsense_gazebo_plugin:/home/benongnuel/dev_ws/install/my_gripper_scripts:/home/benongnuel/dev_ws/install/mbot_demo:/home/benongnuel/dev_ws/install/kdl_parser:/home/benongnuel/robo_ws/install/custom_3dof_arm:/opt/ros/humble CMAKE_PREFIX_PATH=/home/benongnuel/dev_ws/install/xarm_controller:/home/benongnuel/dev_ws/install/xarm_api:/home/benongnuel/dev_ws/install/xarm_sdk:/home/benongnuel/dev_ws/install/xarm_msgs:/home/benongnuel/dev_ws/install/xarm_description:/home/benongnuel/dev_ws/install/xarm_planner:/home/benongnuel/dev_ws/install/xarm_moveit_servo:/home/benongnuel/dev_ws/install/xarm_moveit_config:/home/benongnuel/dev_ws/install/xarm_gazebo:/home/benongnuel/dev_ws/install/d435i_xarm_setup:/home/benongnuel/dev_ws/install/realsense_gazebo_plugin:/home/benongnuel/dev_ws/install/mbot_demo:/home/benongnuel/dev_ws/install/kdl_parser:/home/benongnuel/robo_ws/install/custom_3dof_arm:/home/benongnuel/dev_ws/install/uf_ros_lib:/home/benongnuel/dev_ws/install/my_gripper_scripts:/opt/ros/humble LD_LIBRARY_PATH=/home/benongnuel/dev_ws/install/xarm_controller/lib:/home/benongnuel/dev_ws/install/xarm_api/lib:/home/benongnuel/dev_ws/install/xarm_sdk/lib:/home/benongnuel/dev_ws/install/xarm_msgs/lib:/home/benongnuel/dev_ws/install/xarm_planner/lib:/home/benongnuel/dev_ws/install/xarm_moveit_servo/lib:/home/benongnuel/dev_ws/install/xarm_gazebo/lib:/home/benongnuel/dev_ws/install/realsense_gazebo_plugin/lib:/home/benongnuel/dev_ws/install/kdl_parser/lib:/usr/lib/x86_64-linux-gnu/gazebo-11/plugins:/opt/ros/humble/opt/rviz_ogre_vendor/lib:/opt/ros/humble/lib/x86_64-linux-gnu:/opt/ros/humble/lib PYTHONPATH=/home/benongnuel/dev_ws/build/uf_ros_lib:/home/benongnuel/dev_ws/install/uf_ros_lib/lib/python3.10/site-packages:/home/benongnuel/dev_ws/install/xarm_msgs/local/lib/python3.10/dist-packages:/home/benongnuel/dev_ws/install/my_gripper_scripts/lib/python3.10/site-packages:/opt/ros/humble/lib/python3.10/site-packages:/opt/ros/humble/local/lib/python3.10/dist-packages /usr/bin/cmake /home/benongnuel/dev_ws/src/xarm_ros2/xarm_gazebo -DAMENT_CMAKE_SYMLINK_INSTALL=1 -DCMAKE_INSTALL_PREFIX=/home/benongnuel/dev_ws/install/xarm_gazebo
[9.394s] DEBUG:colcon.colcon_core.event_handler.log_command:Invoked command in '/home/benongnuel/dev_ws/build/xarm_gazebo' returned '0': AMENT_PREFIX_PATH=/home/benongnuel/dev_ws/install/uf_ros_lib:/home/benongnuel/dev_ws/install/xarm_planner:/home/benongnuel/dev_ws/install/xarm_moveit_servo:/home/benongnuel/dev_ws/install/xarm_moveit_config:/home/benongnuel/dev_ws/install/xarm_gazebo:/home/benongnuel/dev_ws/install/xarm_controller:/home/benongnuel/dev_ws/install/d435i_xarm_setup:/home/benongnuel/dev_ws/install/xarm_api:/home/benongnuel/dev_ws/install/xarm_sdk:/home/benongnuel/dev_ws/install/xarm_msgs:/home/benongnuel/dev_ws/install/xarm_description:/home/benongnuel/dev_ws/install/realsense_gazebo_plugin:/home/benongnuel/dev_ws/install/my_gripper_scripts:/home/benongnuel/dev_ws/install/mbot_demo:/home/benongnuel/dev_ws/install/kdl_parser:/home/benongnuel/robo_ws/install/custom_3dof_arm:/opt/ros/humble CMAKE_PREFIX_PATH=/home/benongnuel/dev_ws/install/xarm_controller:/home/benongnuel/dev_ws/install/xarm_api:/home/benongnuel/dev_ws/install/xarm_sdk:/home/benongnuel/dev_ws/install/xarm_msgs:/home/benongnuel/dev_ws/install/xarm_description:/home/benongnuel/dev_ws/install/xarm_planner:/home/benongnuel/dev_ws/install/xarm_moveit_servo:/home/benongnuel/dev_ws/install/xarm_moveit_config:/home/benongnuel/dev_ws/install/xarm_gazebo:/home/benongnuel/dev_ws/install/d435i_xarm_setup:/home/benongnuel/dev_ws/install/realsense_gazebo_plugin:/home/benongnuel/dev_ws/install/mbot_demo:/home/benongnuel/dev_ws/install/kdl_parser:/home/benongnuel/robo_ws/install/custom_3dof_arm:/home/benongnuel/dev_ws/install/uf_ros_lib:/home/benongnuel/dev_ws/install/my_gripper_scripts:/opt/ros/humble LD_LIBRARY_PATH=/home/benongnuel/dev_ws/install/xarm_controller/lib:/home/benongnuel/dev_ws/install/xarm_api/lib:/home/benongnuel/dev_ws/install/xarm_sdk/lib:/home/benongnuel/dev_ws/install/xarm_msgs/lib:/home/benongnuel/dev_ws/install/xarm_planner/lib:/home/benongnuel/dev_ws/install/xarm_moveit_servo/lib:/home/benongnuel/dev_ws/install/xarm_gazebo/lib:/home/benongnuel/dev_ws/install/realsense_gazebo_plugin/lib:/home/benongnuel/dev_ws/install/kdl_parser/lib:/usr/lib/x86_64-linux-gnu/gazebo-11/plugins:/opt/ros/humble/opt/rviz_ogre_vendor/lib:/opt/ros/humble/lib/x86_64-linux-gnu:/opt/ros/humble/lib PYTHONPATH=/home/benongnuel/dev_ws/build/uf_ros_lib:/home/benongnuel/dev_ws/install/uf_ros_lib/lib/python3.10/site-packages:/home/benongnuel/dev_ws/install/xarm_msgs/local/lib/python3.10/dist-packages:/home/benongnuel/dev_ws/install/my_gripper_scripts/lib/python3.10/site-packages:/opt/ros/humble/lib/python3.10/site-packages:/opt/ros/humble/local/lib/python3.10/dist-packages /usr/bin/cmake /home/benongnuel/dev_ws/src/xarm_ros2/xarm_gazebo -DAMENT_CMAKE_SYMLINK_INSTALL=1 -DCMAKE_INSTALL_PREFIX=/home/benongnuel/dev_ws/install/xarm_gazebo
[9.394s] DEBUG:colcon.colcon_core.event_handler.log_command:Invoking command in '/home/benongnuel/dev_ws/build/xarm_gazebo': AMENT_PREFIX_PATH=/home/benongnuel/dev_ws/install/uf_ros_lib:/home/benongnuel/dev_ws/install/xarm_planner:/home/benongnuel/dev_ws/install/xarm_moveit_servo:/home/benongnuel/dev_ws/install/xarm_moveit_config:/home/benongnuel/dev_ws/install/xarm_gazebo:/home/benongnuel/dev_ws/install/xarm_controller:/home/benongnuel/dev_ws/install/d435i_xarm_setup:/home/benongnuel/dev_ws/install/xarm_api:/home/benongnuel/dev_ws/install/xarm_sdk:/home/benongnuel/dev_ws/install/xarm_msgs:/home/benongnuel/dev_ws/install/xarm_description:/home/benongnuel/dev_ws/install/realsense_gazebo_plugin:/home/benongnuel/dev_ws/install/my_gripper_scripts:/home/benongnuel/dev_ws/install/mbot_demo:/home/benongnuel/dev_ws/install/kdl_parser:/home/benongnuel/robo_ws/install/custom_3dof_arm:/opt/ros/humble CMAKE_PREFIX_PATH=/home/benongnuel/dev_ws/install/xarm_controller:/home/benongnuel/dev_ws/install/xarm_api:/home/benongnuel/dev_ws/install/xarm_sdk:/home/benongnuel/dev_ws/install/xarm_msgs:/home/benongnuel/dev_ws/install/xarm_description:/home/benongnuel/dev_ws/install/xarm_planner:/home/benongnuel/dev_ws/install/xarm_moveit_servo:/home/benongnuel/dev_ws/install/xarm_moveit_config:/home/benongnuel/dev_ws/install/xarm_gazebo:/home/benongnuel/dev_ws/install/d435i_xarm_setup:/home/benongnuel/dev_ws/install/realsense_gazebo_plugin:/home/benongnuel/dev_ws/install/mbot_demo:/home/benongnuel/dev_ws/install/kdl_parser:/home/benongnuel/robo_ws/install/custom_3dof_arm:/home/benongnuel/dev_ws/install/uf_ros_lib:/home/benongnuel/dev_ws/install/my_gripper_scripts:/opt/ros/humble LD_LIBRARY_PATH=/home/benongnuel/dev_ws/install/xarm_controller/lib:/home/benongnuel/dev_ws/install/xarm_api/lib:/home/benongnuel/dev_ws/install/xarm_sdk/lib:/home/benongnuel/dev_ws/install/xarm_msgs/lib:/home/benongnuel/dev_ws/install/xarm_planner/lib:/home/benongnuel/dev_ws/install/xarm_moveit_servo/lib:/home/benongnuel/dev_ws/install/xarm_gazebo/lib:/home/benongnuel/dev_ws/install/realsense_gazebo_plugin/lib:/home/benongnuel/dev_ws/install/kdl_parser/lib:/usr/lib/x86_64-linux-gnu/gazebo-11/plugins:/opt/ros/humble/opt/rviz_ogre_vendor/lib:/opt/ros/humble/lib/x86_64-linux-gnu:/opt/ros/humble/lib PYTHONPATH=/home/benongnuel/dev_ws/build/uf_ros_lib:/home/benongnuel/dev_ws/install/uf_ros_lib/lib/python3.10/site-packages:/home/benongnuel/dev_ws/install/xarm_msgs/local/lib/python3.10/dist-packages:/home/benongnuel/dev_ws/install/my_gripper_scripts/lib/python3.10/site-packages:/opt/ros/humble/lib/python3.10/site-packages:/opt/ros/humble/local/lib/python3.10/dist-packages /usr/bin/cmake --build /home/benongnuel/dev_ws/build/xarm_gazebo -- -j16 -l16
[9.808s] DEBUG:colcon.colcon_core.event_handler.log_command:Invoked command in '/home/benongnuel/dev_ws/build/xarm_gazebo' returned '0': AMENT_PREFIX_PATH=/home/benongnuel/dev_ws/install/uf_ros_lib:/home/benongnuel/dev_ws/install/xarm_planner:/home/benongnuel/dev_ws/install/xarm_moveit_servo:/home/benongnuel/dev_ws/install/xarm_moveit_config:/home/benongnuel/dev_ws/install/xarm_gazebo:/home/benongnuel/dev_ws/install/xarm_controller:/home/benongnuel/dev_ws/install/d435i_xarm_setup:/home/benongnuel/dev_ws/install/xarm_api:/home/benongnuel/dev_ws/install/xarm_sdk:/home/benongnuel/dev_ws/install/xarm_msgs:/home/benongnuel/dev_ws/install/xarm_description:/home/benongnuel/dev_ws/install/realsense_gazebo_plugin:/home/benongnuel/dev_ws/install/my_gripper_scripts:/home/benongnuel/dev_ws/install/mbot_demo:/home/benongnuel/dev_ws/install/kdl_parser:/home/benongnuel/robo_ws/install/custom_3dof_arm:/opt/ros/humble CMAKE_PREFIX_PATH=/home/benongnuel/dev_ws/install/xarm_controller:/home/benongnuel/dev_ws/install/xarm_api:/home/benongnuel/dev_ws/install/xarm_sdk:/home/benongnuel/dev_ws/install/xarm_msgs:/home/benongnuel/dev_ws/install/xarm_description:/home/benongnuel/dev_ws/install/xarm_planner:/home/benongnuel/dev_ws/install/xarm_moveit_servo:/home/benongnuel/dev_ws/install/xarm_moveit_config:/home/benongnuel/dev_ws/install/xarm_gazebo:/home/benongnuel/dev_ws/install/d435i_xarm_setup:/home/benongnuel/dev_ws/install/realsense_gazebo_plugin:/home/benongnuel/dev_ws/install/mbot_demo:/home/benongnuel/dev_ws/install/kdl_parser:/home/benongnuel/robo_ws/install/custom_3dof_arm:/home/benongnuel/dev_ws/install/uf_ros_lib:/home/benongnuel/dev_ws/install/my_gripper_scripts:/opt/ros/humble LD_LIBRARY_PATH=/home/benongnuel/dev_ws/install/xarm_controller/lib:/home/benongnuel/dev_ws/install/xarm_api/lib:/home/benongnuel/dev_ws/install/xarm_sdk/lib:/home/benongnuel/dev_ws/install/xarm_msgs/lib:/home/benongnuel/dev_ws/install/xarm_planner/lib:/home/benongnuel/dev_ws/install/xarm_moveit_servo/lib:/home/benongnuel/dev_ws/install/xarm_gazebo/lib:/home/benongnuel/dev_ws/install/realsense_gazebo_plugin/lib:/home/benongnuel/dev_ws/install/kdl_parser/lib:/usr/lib/x86_64-linux-gnu/gazebo-11/plugins:/opt/ros/humble/opt/rviz_ogre_vendor/lib:/opt/ros/humble/lib/x86_64-linux-gnu:/opt/ros/humble/lib PYTHONPATH=/home/benongnuel/dev_ws/build/uf_ros_lib:/home/benongnuel/dev_ws/install/uf_ros_lib/lib/python3.10/site-packages:/home/benongnuel/dev_ws/install/xarm_msgs/local/lib/python3.10/dist-packages:/home/benongnuel/dev_ws/install/my_gripper_scripts/lib/python3.10/site-packages:/opt/ros/humble/lib/python3.10/site-packages:/opt/ros/humble/local/lib/python3.10/dist-packages /usr/bin/cmake --build /home/benongnuel/dev_ws/build/xarm_gazebo -- -j16 -l16
[9.810s] DEBUG:colcon.colcon_core.event_handler.log_command:Invoking command in '/home/benongnuel/dev_ws/build/xarm_gazebo': AMENT_PREFIX_PATH=/home/benongnuel/dev_ws/install/uf_ros_lib:/home/benongnuel/dev_ws/install/xarm_planner:/home/benongnuel/dev_ws/install/xarm_moveit_servo:/home/benongnuel/dev_ws/install/xarm_moveit_config:/home/benongnuel/dev_ws/install/xarm_gazebo:/home/benongnuel/dev_ws/install/xarm_controller:/home/benongnuel/dev_ws/install/d435i_xarm_setup:/home/benongnuel/dev_ws/install/xarm_api:/home/benongnuel/dev_ws/install/xarm_sdk:/home/benongnuel/dev_ws/install/xarm_msgs:/home/benongnuel/dev_ws/install/xarm_description:/home/benongnuel/dev_ws/install/realsense_gazebo_plugin:/home/benongnuel/dev_ws/install/my_gripper_scripts:/home/benongnuel/dev_ws/install/mbot_demo:/home/benongnuel/dev_ws/install/kdl_parser:/home/benongnuel/robo_ws/install/custom_3dof_arm:/opt/ros/humble CMAKE_PREFIX_PATH=/home/benongnuel/dev_ws/install/xarm_controller:/home/benongnuel/dev_ws/install/xarm_api:/home/benongnuel/dev_ws/install/xarm_sdk:/home/benongnuel/dev_ws/install/xarm_msgs:/home/benongnuel/dev_ws/install/xarm_description:/home/benongnuel/dev_ws/install/xarm_planner:/home/benongnuel/dev_ws/install/xarm_moveit_servo:/home/benongnuel/dev_ws/install/xarm_moveit_config:/home/benongnuel/dev_ws/install/xarm_gazebo:/home/benongnuel/dev_ws/install/d435i_xarm_setup:/home/benongnuel/dev_ws/install/realsense_gazebo_plugin:/home/benongnuel/dev_ws/install/mbot_demo:/home/benongnuel/dev_ws/install/kdl_parser:/home/benongnuel/robo_ws/install/custom_3dof_arm:/home/benongnuel/dev_ws/install/uf_ros_lib:/home/benongnuel/dev_ws/install/my_gripper_scripts:/opt/ros/humble LD_LIBRARY_PATH=/home/benongnuel/dev_ws/install/xarm_controller/lib:/home/benongnuel/dev_ws/install/xarm_api/lib:/home/benongnuel/dev_ws/install/xarm_sdk/lib:/home/benongnuel/dev_ws/install/xarm_msgs/lib:/home/benongnuel/dev_ws/install/xarm_planner/lib:/home/benongnuel/dev_ws/install/xarm_moveit_servo/lib:/home/benongnuel/dev_ws/install/xarm_gazebo/lib:/home/benongnuel/dev_ws/install/realsense_gazebo_plugin/lib:/home/benongnuel/dev_ws/install/kdl_parser/lib:/usr/lib/x86_64-linux-gnu/gazebo-11/plugins:/opt/ros/humble/opt/rviz_ogre_vendor/lib:/opt/ros/humble/lib/x86_64-linux-gnu:/opt/ros/humble/lib PYTHONPATH=/home/benongnuel/dev_ws/build/uf_ros_lib:/home/benongnuel/dev_ws/install/uf_ros_lib/lib/python3.10/site-packages:/home/benongnuel/dev_ws/install/xarm_msgs/local/lib/python3.10/dist-packages:/home/benongnuel/dev_ws/install/my_gripper_scripts/lib/python3.10/site-packages:/opt/ros/humble/lib/python3.10/site-packages:/opt/ros/humble/local/lib/python3.10/dist-packages /usr/bin/cmake --install /home/benongnuel/dev_ws/build/xarm_gazebo
[9.998s] Level 1:colcon.colcon_core.environment:create_environment_scripts_only(xarm_gazebo)
[9.998s] DEBUG:colcon.colcon_core.event_handler.log_command:Invoked command in '/home/benongnuel/dev_ws/build/xarm_gazebo' returned '0': AMENT_PREFIX_PATH=/home/benongnuel/dev_ws/install/uf_ros_lib:/home/benongnuel/dev_ws/install/xarm_planner:/home/benongnuel/dev_ws/install/xarm_moveit_servo:/home/benongnuel/dev_ws/install/xarm_moveit_config:/home/benongnuel/dev_ws/install/xarm_gazebo:/home/benongnuel/dev_ws/install/xarm_controller:/home/benongnuel/dev_ws/install/d435i_xarm_setup:/home/benongnuel/dev_ws/install/xarm_api:/home/benongnuel/dev_ws/install/xarm_sdk:/home/benongnuel/dev_ws/install/xarm_msgs:/home/benongnuel/dev_ws/install/xarm_description:/home/benongnuel/dev_ws/install/realsense_gazebo_plugin:/home/benongnuel/dev_ws/install/my_gripper_scripts:/home/benongnuel/dev_ws/install/mbot_demo:/home/benongnuel/dev_ws/install/kdl_parser:/home/benongnuel/robo_ws/install/custom_3dof_arm:/opt/ros/humble CMAKE_PREFIX_PATH=/home/benongnuel/dev_ws/install/xarm_controller:/home/benongnuel/dev_ws/install/xarm_api:/home/benongnuel/dev_ws/install/xarm_sdk:/home/benongnuel/dev_ws/install/xarm_msgs:/home/benongnuel/dev_ws/install/xarm_description:/home/benongnuel/dev_ws/install/xarm_planner:/home/benongnuel/dev_ws/install/xarm_moveit_servo:/home/benongnuel/dev_ws/install/xarm_moveit_config:/home/benongnuel/dev_ws/install/xarm_gazebo:/home/benongnuel/dev_ws/install/d435i_xarm_setup:/home/benongnuel/dev_ws/install/realsense_gazebo_plugin:/home/benongnuel/dev_ws/install/mbot_demo:/home/benongnuel/dev_ws/install/kdl_parser:/home/benongnuel/robo_ws/install/custom_3dof_arm:/home/benongnuel/dev_ws/install/uf_ros_lib:/home/benongnuel/dev_ws/install/my_gripper_scripts:/opt/ros/humble LD_LIBRARY_PATH=/home/benongnuel/dev_ws/install/xarm_controller/lib:/home/benongnuel/dev_ws/install/xarm_api/lib:/home/benongnuel/dev_ws/install/xarm_sdk/lib:/home/benongnuel/dev_ws/install/xarm_msgs/lib:/home/benongnuel/dev_ws/install/xarm_planner/lib:/home/benongnuel/dev_ws/install/xarm_moveit_servo/lib:/home/benongnuel/dev_ws/install/xarm_gazebo/lib:/home/benongnuel/dev_ws/install/realsense_gazebo_plugin/lib:/home/benongnuel/dev_ws/install/kdl_parser/lib:/usr/lib/x86_64-linux-gnu/gazebo-11/plugins:/opt/ros/humble/opt/rviz_ogre_vendor/lib:/opt/ros/humble/lib/x86_64-linux-gnu:/opt/ros/humble/lib PYTHONPATH=/home/benongnuel/dev_ws/build/uf_ros_lib:/home/benongnuel/dev_ws/install/uf_ros_lib/lib/python3.10/site-packages:/home/benongnuel/dev_ws/install/xarm_msgs/local/lib/python3.10/dist-packages:/home/benongnuel/dev_ws/install/my_gripper_scripts/lib/python3.10/site-packages:/opt/ros/humble/lib/python3.10/site-packages:/opt/ros/humble/local/lib/python3.10/dist-packages /usr/bin/cmake --install /home/benongnuel/dev_ws/build/xarm_gazebo
[9.998s] Level 1:colcon.colcon_core.environment:checking '/home/benongnuel/dev_ws/install/xarm_gazebo' for CMake module files
[9.998s] Level 1:colcon.colcon_core.environment:checking '/home/benongnuel/dev_ws/install/xarm_gazebo' for CMake config files
[9.999s] Level 1:colcon.colcon_core.shell:create_environment_hook('xarm_gazebo', 'cmake_prefix_path')
[9.999s] INFO:colcon.colcon_core.shell:Creating environment hook '/home/benongnuel/dev_ws/install/xarm_gazebo/share/xarm_gazebo/hook/cmake_prefix_path.ps1'
[9.999s] INFO:colcon.colcon_core.shell:Creating environment descriptor '/home/benongnuel/dev_ws/install/xarm_gazebo/share/xarm_gazebo/hook/cmake_prefix_path.dsv'
[9.999s] INFO:colcon.colcon_core.shell:Creating environment hook '/home/benongnuel/dev_ws/install/xarm_gazebo/share/xarm_gazebo/hook/cmake_prefix_path.sh'
[10.000s] Level 1:colcon.colcon_core.environment:checking '/home/benongnuel/dev_ws/install/xarm_gazebo/lib'
[10.000s] Level 1:colcon.colcon_core.shell:create_environment_hook('xarm_gazebo', 'ld_library_path_lib')
[10.000s] INFO:colcon.colcon_core.shell:Creating environment hook '/home/benongnuel/dev_ws/install/xarm_gazebo/share/xarm_gazebo/hook/ld_library_path_lib.ps1'
[10.000s] INFO:colcon.colcon_core.shell:Creating environment descriptor '/home/benongnuel/dev_ws/install/xarm_gazebo/share/xarm_gazebo/hook/ld_library_path_lib.dsv'
[10.000s] INFO:colcon.colcon_core.shell:Creating environment hook '/home/benongnuel/dev_ws/install/xarm_gazebo/share/xarm_gazebo/hook/ld_library_path_lib.sh'
[10.000s] Level 1:colcon.colcon_core.environment:checking '/home/benongnuel/dev_ws/install/xarm_gazebo/bin'
[10.000s] Level 1:colcon.colcon_core.environment:checking '/home/benongnuel/dev_ws/install/xarm_gazebo/lib/pkgconfig/xarm_gazebo.pc'
[10.000s] Level 1:colcon.colcon_core.environment:checking '/home/benongnuel/dev_ws/install/xarm_gazebo/lib/python3.10/site-packages'
[10.001s] Level 1:colcon.colcon_core.environment:checking '/home/benongnuel/dev_ws/install/xarm_gazebo/bin'
[10.001s] INFO:colcon.colcon_core.shell:Creating package script '/home/benongnuel/dev_ws/install/xarm_gazebo/share/xarm_gazebo/package.ps1'
[10.001s] INFO:colcon.colcon_core.shell:Creating package descriptor '/home/benongnuel/dev_ws/install/xarm_gazebo/share/xarm_gazebo/package.dsv'
[10.001s] INFO:colcon.colcon_core.shell:Creating package script '/home/benongnuel/dev_ws/install/xarm_gazebo/share/xarm_gazebo/package.sh'
[10.001s] INFO:colcon.colcon_core.shell:Creating package script '/home/benongnuel/dev_ws/install/xarm_gazebo/share/xarm_gazebo/package.bash'
[10.002s] INFO:colcon.colcon_core.shell:Creating package script '/home/benongnuel/dev_ws/install/xarm_gazebo/share/xarm_gazebo/package.zsh'
[10.002s] Level 1:colcon.colcon_core.environment:create_file_with_runtime_dependencies(/home/benongnuel/dev_ws/install/xarm_gazebo/share/colcon-core/packages/xarm_gazebo)
[10.002s] Level 1:colcon.colcon_core.environment:create_environment_scripts_only(xarm_gazebo)
[10.002s] Level 1:colcon.colcon_core.environment:checking '/home/benongnuel/dev_ws/install/xarm_gazebo' for CMake module files
[10.002s] Level 1:colcon.colcon_core.environment:checking '/home/benongnuel/dev_ws/install/xarm_gazebo' for CMake config files
[10.002s] Level 1:colcon.colcon_core.shell:create_environment_hook('xarm_gazebo', 'cmake_prefix_path')
[10.003s] INFO:colcon.colcon_core.shell:Creating environment hook '/home/benongnuel/dev_ws/install/xarm_gazebo/share/xarm_gazebo/hook/cmake_prefix_path.ps1'
[10.003s] INFO:colcon.colcon_core.shell:Creating environment descriptor '/home/benongnuel/dev_ws/install/xarm_gazebo/share/xarm_gazebo/hook/cmake_prefix_path.dsv'
[10.003s] INFO:colcon.colcon_core.shell:Creating environment hook '/home/benongnuel/dev_ws/install/xarm_gazebo/share/xarm_gazebo/hook/cmake_prefix_path.sh'
[10.003s] Level 1:colcon.colcon_core.environment:checking '/home/benongnuel/dev_ws/install/xarm_gazebo/lib'
[10.003s] Level 1:colcon.colcon_core.shell:create_environment_hook('xarm_gazebo', 'ld_library_path_lib')
[10.003s] INFO:colcon.colcon_core.shell:Creating environment hook '/home/benongnuel/dev_ws/install/xarm_gazebo/share/xarm_gazebo/hook/ld_library_path_lib.ps1'
[10.004s] INFO:colcon.colcon_core.shell:Creating environment descriptor '/home/benongnuel/dev_ws/install/xarm_gazebo/share/xarm_gazebo/hook/ld_library_path_lib.dsv'
[10.004s] INFO:colcon.colcon_core.shell:Creating environment hook '/home/benongnuel/dev_ws/install/xarm_gazebo/share/xarm_gazebo/hook/ld_library_path_lib.sh'
[10.004s] Level 1:colcon.colcon_core.environment:checking '/home/benongnuel/dev_ws/install/xarm_gazebo/bin'
[10.004s] Level 1:colcon.colcon_core.environment:checking '/home/benongnuel/dev_ws/install/xarm_gazebo/lib/pkgconfig/xarm_gazebo.pc'
[10.004s] Level 1:colcon.colcon_core.environment:checking '/home/benongnuel/dev_ws/install/xarm_gazebo/lib/python3.10/site-packages'
[10.004s] Level 1:colcon.colcon_core.environment:checking '/home/benongnuel/dev_ws/install/xarm_gazebo/bin'
[10.004s] INFO:colcon.colcon_core.shell:Creating package script '/home/benongnuel/dev_ws/install/xarm_gazebo/share/xarm_gazebo/package.ps1'
[10.005s] INFO:colcon.colcon_core.shell:Creating package descriptor '/home/benongnuel/dev_ws/install/xarm_gazebo/share/xarm_gazebo/package.dsv'
[10.005s] INFO:colcon.colcon_core.shell:Creating package script '/home/benongnuel/dev_ws/install/xarm_gazebo/share/xarm_gazebo/package.sh'
[10.005s] INFO:colcon.colcon_core.shell:Creating package script '/home/benongnuel/dev_ws/install/xarm_gazebo/share/xarm_gazebo/package.bash'
[10.005s] INFO:colcon.colcon_core.shell:Creating package script '/home/benongnuel/dev_ws/install/xarm_gazebo/share/xarm_gazebo/package.zsh'
[10.005s] Level 1:colcon.colcon_core.environment:create_file_with_runtime_dependencies(/home/benongnuel/dev_ws/install/xarm_gazebo/share/colcon-core/packages/xarm_gazebo)
[10.006s] INFO:colcon.colcon_ros.task.ament_cmake.build:Building ROS package in '/home/benongnuel/dev_ws/src/xarm_ros2/xarm_moveit_config' with build type 'ament_cmake'
[10.006s] INFO:colcon.colcon_cmake.task.cmake.build:Building CMake package in '/home/benongnuel/dev_ws/src/xarm_ros2/xarm_moveit_config'
[10.006s] INFO:colcon.colcon_core.shell:Skip shell extension 'powershell' for command environment: Not usable outside of PowerShell
[10.006s] DEBUG:colcon.colcon_core.shell:Skip shell extension 'dsv' for command environment
[10.023s] DEBUG:colcon.colcon_core.event_handler.log_command:Invoking command in '/home/benongnuel/dev_ws/build/xarm_moveit_config': AMENT_PREFIX_PATH=/home/benongnuel/dev_ws/install/uf_ros_lib:/home/benongnuel/dev_ws/install/xarm_planner:/home/benongnuel/dev_ws/install/xarm_moveit_servo:/home/benongnuel/dev_ws/install/xarm_moveit_config:/home/benongnuel/dev_ws/install/xarm_gazebo:/home/benongnuel/dev_ws/install/xarm_controller:/home/benongnuel/dev_ws/install/d435i_xarm_setup:/home/benongnuel/dev_ws/install/xarm_api:/home/benongnuel/dev_ws/install/xarm_sdk:/home/benongnuel/dev_ws/install/xarm_msgs:/home/benongnuel/dev_ws/install/xarm_description:/home/benongnuel/dev_ws/install/realsense_gazebo_plugin:/home/benongnuel/dev_ws/install/my_gripper_scripts:/home/benongnuel/dev_ws/install/mbot_demo:/home/benongnuel/dev_ws/install/kdl_parser:/home/benongnuel/robo_ws/install/custom_3dof_arm:/opt/ros/humble CMAKE_PREFIX_PATH=/home/benongnuel/dev_ws/install/xarm_gazebo:/home/benongnuel/dev_ws/install/xarm_controller:/home/benongnuel/dev_ws/install/xarm_api:/home/benongnuel/dev_ws/install/xarm_sdk:/home/benongnuel/dev_ws/install/xarm_msgs:/home/benongnuel/dev_ws/install/xarm_description:/home/benongnuel/dev_ws/install/xarm_planner:/home/benongnuel/dev_ws/install/xarm_moveit_servo:/home/benongnuel/dev_ws/install/xarm_moveit_config:/home/benongnuel/dev_ws/install/d435i_xarm_setup:/home/benongnuel/dev_ws/install/realsense_gazebo_plugin:/home/benongnuel/dev_ws/install/mbot_demo:/home/benongnuel/dev_ws/install/kdl_parser:/home/benongnuel/robo_ws/install/custom_3dof_arm:/home/benongnuel/dev_ws/install/uf_ros_lib:/home/benongnuel/dev_ws/install/my_gripper_scripts:/opt/ros/humble LD_LIBRARY_PATH=/home/benongnuel/dev_ws/install/xarm_gazebo/lib:/home/benongnuel/dev_ws/install/xarm_controller/lib:/home/benongnuel/dev_ws/install/xarm_api/lib:/home/benongnuel/dev_ws/install/xarm_sdk/lib:/home/benongnuel/dev_ws/install/xarm_msgs/lib:/home/benongnuel/dev_ws/install/xarm_planner/lib:/home/benongnuel/dev_ws/install/xarm_moveit_servo/lib:/home/benongnuel/dev_ws/install/realsense_gazebo_plugin/lib:/home/benongnuel/dev_ws/install/kdl_parser/lib:/usr/lib/x86_64-linux-gnu/gazebo-11/plugins:/opt/ros/humble/opt/rviz_ogre_vendor/lib:/opt/ros/humble/lib/x86_64-linux-gnu:/opt/ros/humble/lib PYTHONPATH=/home/benongnuel/dev_ws/build/uf_ros_lib:/home/benongnuel/dev_ws/install/uf_ros_lib/lib/python3.10/site-packages:/home/benongnuel/dev_ws/install/xarm_msgs/local/lib/python3.10/dist-packages:/home/benongnuel/dev_ws/install/my_gripper_scripts/lib/python3.10/site-packages:/opt/ros/humble/lib/python3.10/site-packages:/opt/ros/humble/local/lib/python3.10/dist-packages /usr/bin/cmake /home/benongnuel/dev_ws/src/xarm_ros2/xarm_moveit_config -DAMENT_CMAKE_SYMLINK_INSTALL=1 -DCMAKE_INSTALL_PREFIX=/home/benongnuel/dev_ws/install/xarm_moveit_config
[10.173s] DEBUG:colcon.colcon_core.event_handler.log_command:Invoked command in '/home/benongnuel/dev_ws/build/xarm_moveit_config' returned '0': AMENT_PREFIX_PATH=/home/benongnuel/dev_ws/install/uf_ros_lib:/home/benongnuel/dev_ws/install/xarm_planner:/home/benongnuel/dev_ws/install/xarm_moveit_servo:/home/benongnuel/dev_ws/install/xarm_moveit_config:/home/benongnuel/dev_ws/install/xarm_gazebo:/home/benongnuel/dev_ws/install/xarm_controller:/home/benongnuel/dev_ws/install/d435i_xarm_setup:/home/benongnuel/dev_ws/install/xarm_api:/home/benongnuel/dev_ws/install/xarm_sdk:/home/benongnuel/dev_ws/install/xarm_msgs:/home/benongnuel/dev_ws/install/xarm_description:/home/benongnuel/dev_ws/install/realsense_gazebo_plugin:/home/benongnuel/dev_ws/install/my_gripper_scripts:/home/benongnuel/dev_ws/install/mbot_demo:/home/benongnuel/dev_ws/install/kdl_parser:/home/benongnuel/robo_ws/install/custom_3dof_arm:/opt/ros/humble CMAKE_PREFIX_PATH=/home/benongnuel/dev_ws/install/xarm_gazebo:/home/benongnuel/dev_ws/install/xarm_controller:/home/benongnuel/dev_ws/install/xarm_api:/home/benongnuel/dev_ws/install/xarm_sdk:/home/benongnuel/dev_ws/install/xarm_msgs:/home/benongnuel/dev_ws/install/xarm_description:/home/benongnuel/dev_ws/install/xarm_planner:/home/benongnuel/dev_ws/install/xarm_moveit_servo:/home/benongnuel/dev_ws/install/xarm_moveit_config:/home/benongnuel/dev_ws/install/d435i_xarm_setup:/home/benongnuel/dev_ws/install/realsense_gazebo_plugin:/home/benongnuel/dev_ws/install/mbot_demo:/home/benongnuel/dev_ws/install/kdl_parser:/home/benongnuel/robo_ws/install/custom_3dof_arm:/home/benongnuel/dev_ws/install/uf_ros_lib:/home/benongnuel/dev_ws/install/my_gripper_scripts:/opt/ros/humble LD_LIBRARY_PATH=/home/benongnuel/dev_ws/install/xarm_gazebo/lib:/home/benongnuel/dev_ws/install/xarm_controller/lib:/home/benongnuel/dev_ws/install/xarm_api/lib:/home/benongnuel/dev_ws/install/xarm_sdk/lib:/home/benongnuel/dev_ws/install/xarm_msgs/lib:/home/benongnuel/dev_ws/install/xarm_planner/lib:/home/benongnuel/dev_ws/install/xarm_moveit_servo/lib:/home/benongnuel/dev_ws/install/realsense_gazebo_plugin/lib:/home/benongnuel/dev_ws/install/kdl_parser/lib:/usr/lib/x86_64-linux-gnu/gazebo-11/plugins:/opt/ros/humble/opt/rviz_ogre_vendor/lib:/opt/ros/humble/lib/x86_64-linux-gnu:/opt/ros/humble/lib PYTHONPATH=/home/benongnuel/dev_ws/build/uf_ros_lib:/home/benongnuel/dev_ws/install/uf_ros_lib/lib/python3.10/site-packages:/home/benongnuel/dev_ws/install/xarm_msgs/local/lib/python3.10/dist-packages:/home/benongnuel/dev_ws/install/my_gripper_scripts/lib/python3.10/site-packages:/opt/ros/humble/lib/python3.10/site-packages:/opt/ros/humble/local/lib/python3.10/dist-packages /usr/bin/cmake /home/benongnuel/dev_ws/src/xarm_ros2/xarm_moveit_config -DAMENT_CMAKE_SYMLINK_INSTALL=1 -DCMAKE_INSTALL_PREFIX=/home/benongnuel/dev_ws/install/xarm_moveit_config
[10.173s] DEBUG:colcon.colcon_core.event_handler.log_command:Invoking command in '/home/benongnuel/dev_ws/build/xarm_moveit_config': AMENT_PREFIX_PATH=/home/benongnuel/dev_ws/install/uf_ros_lib:/home/benongnuel/dev_ws/install/xarm_planner:/home/benongnuel/dev_ws/install/xarm_moveit_servo:/home/benongnuel/dev_ws/install/xarm_moveit_config:/home/benongnuel/dev_ws/install/xarm_gazebo:/home/benongnuel/dev_ws/install/xarm_controller:/home/benongnuel/dev_ws/install/d435i_xarm_setup:/home/benongnuel/dev_ws/install/xarm_api:/home/benongnuel/dev_ws/install/xarm_sdk:/home/benongnuel/dev_ws/install/xarm_msgs:/home/benongnuel/dev_ws/install/xarm_description:/home/benongnuel/dev_ws/install/realsense_gazebo_plugin:/home/benongnuel/dev_ws/install/my_gripper_scripts:/home/benongnuel/dev_ws/install/mbot_demo:/home/benongnuel/dev_ws/install/kdl_parser:/home/benongnuel/robo_ws/install/custom_3dof_arm:/opt/ros/humble CMAKE_PREFIX_PATH=/home/benongnuel/dev_ws/install/xarm_gazebo:/home/benongnuel/dev_ws/install/xarm_controller:/home/benongnuel/dev_ws/install/xarm_api:/home/benongnuel/dev_ws/install/xarm_sdk:/home/benongnuel/dev_ws/install/xarm_msgs:/home/benongnuel/dev_ws/install/xarm_description:/home/benongnuel/dev_ws/install/xarm_planner:/home/benongnuel/dev_ws/install/xarm_moveit_servo:/home/benongnuel/dev_ws/install/xarm_moveit_config:/home/benongnuel/dev_ws/install/d435i_xarm_setup:/home/benongnuel/dev_ws/install/realsense_gazebo_plugin:/home/benongnuel/dev_ws/install/mbot_demo:/home/benongnuel/dev_ws/install/kdl_parser:/home/benongnuel/robo_ws/install/custom_3dof_arm:/home/benongnuel/dev_ws/install/uf_ros_lib:/home/benongnuel/dev_ws/install/my_gripper_scripts:/opt/ros/humble LD_LIBRARY_PATH=/home/benongnuel/dev_ws/install/xarm_gazebo/lib:/home/benongnuel/dev_ws/install/xarm_controller/lib:/home/benongnuel/dev_ws/install/xarm_api/lib:/home/benongnuel/dev_ws/install/xarm_sdk/lib:/home/benongnuel/dev_ws/install/xarm_msgs/lib:/home/benongnuel/dev_ws/install/xarm_planner/lib:/home/benongnuel/dev_ws/install/xarm_moveit_servo/lib:/home/benongnuel/dev_ws/install/realsense_gazebo_plugin/lib:/home/benongnuel/dev_ws/install/kdl_parser/lib:/usr/lib/x86_64-linux-gnu/gazebo-11/plugins:/opt/ros/humble/opt/rviz_ogre_vendor/lib:/opt/ros/humble/lib/x86_64-linux-gnu:/opt/ros/humble/lib PYTHONPATH=/home/benongnuel/dev_ws/build/uf_ros_lib:/home/benongnuel/dev_ws/install/uf_ros_lib/lib/python3.10/site-packages:/home/benongnuel/dev_ws/install/xarm_msgs/local/lib/python3.10/dist-packages:/home/benongnuel/dev_ws/install/my_gripper_scripts/lib/python3.10/site-packages:/opt/ros/humble/lib/python3.10/site-packages:/opt/ros/humble/local/lib/python3.10/dist-packages /usr/bin/cmake --build /home/benongnuel/dev_ws/build/xarm_moveit_config -- -j16 -l16
[10.200s] DEBUG:colcon.colcon_core.event_handler.log_command:Invoked command in '/home/benongnuel/dev_ws/build/xarm_moveit_config' returned '0': AMENT_PREFIX_PATH=/home/benongnuel/dev_ws/install/uf_ros_lib:/home/benongnuel/dev_ws/install/xarm_planner:/home/benongnuel/dev_ws/install/xarm_moveit_servo:/home/benongnuel/dev_ws/install/xarm_moveit_config:/home/benongnuel/dev_ws/install/xarm_gazebo:/home/benongnuel/dev_ws/install/xarm_controller:/home/benongnuel/dev_ws/install/d435i_xarm_setup:/home/benongnuel/dev_ws/install/xarm_api:/home/benongnuel/dev_ws/install/xarm_sdk:/home/benongnuel/dev_ws/install/xarm_msgs:/home/benongnuel/dev_ws/install/xarm_description:/home/benongnuel/dev_ws/install/realsense_gazebo_plugin:/home/benongnuel/dev_ws/install/my_gripper_scripts:/home/benongnuel/dev_ws/install/mbot_demo:/home/benongnuel/dev_ws/install/kdl_parser:/home/benongnuel/robo_ws/install/custom_3dof_arm:/opt/ros/humble CMAKE_PREFIX_PATH=/home/benongnuel/dev_ws/install/xarm_gazebo:/home/benongnuel/dev_ws/install/xarm_controller:/home/benongnuel/dev_ws/install/xarm_api:/home/benongnuel/dev_ws/install/xarm_sdk:/home/benongnuel/dev_ws/install/xarm_msgs:/home/benongnuel/dev_ws/install/xarm_description:/home/benongnuel/dev_ws/install/xarm_planner:/home/benongnuel/dev_ws/install/xarm_moveit_servo:/home/benongnuel/dev_ws/install/xarm_moveit_config:/home/benongnuel/dev_ws/install/d435i_xarm_setup:/home/benongnuel/dev_ws/install/realsense_gazebo_plugin:/home/benongnuel/dev_ws/install/mbot_demo:/home/benongnuel/dev_ws/install/kdl_parser:/home/benongnuel/robo_ws/install/custom_3dof_arm:/home/benongnuel/dev_ws/install/uf_ros_lib:/home/benongnuel/dev_ws/install/my_gripper_scripts:/opt/ros/humble LD_LIBRARY_PATH=/home/benongnuel/dev_ws/install/xarm_gazebo/lib:/home/benongnuel/dev_ws/install/xarm_controller/lib:/home/benongnuel/dev_ws/install/xarm_api/lib:/home/benongnuel/dev_ws/install/xarm_sdk/lib:/home/benongnuel/dev_ws/install/xarm_msgs/lib:/home/benongnuel/dev_ws/install/xarm_planner/lib:/home/benongnuel/dev_ws/install/xarm_moveit_servo/lib:/home/benongnuel/dev_ws/install/realsense_gazebo_plugin/lib:/home/benongnuel/dev_ws/install/kdl_parser/lib:/usr/lib/x86_64-linux-gnu/gazebo-11/plugins:/opt/ros/humble/opt/rviz_ogre_vendor/lib:/opt/ros/humble/lib/x86_64-linux-gnu:/opt/ros/humble/lib PYTHONPATH=/home/benongnuel/dev_ws/build/uf_ros_lib:/home/benongnuel/dev_ws/install/uf_ros_lib/lib/python3.10/site-packages:/home/benongnuel/dev_ws/install/xarm_msgs/local/lib/python3.10/dist-packages:/home/benongnuel/dev_ws/install/my_gripper_scripts/lib/python3.10/site-packages:/opt/ros/humble/lib/python3.10/site-packages:/opt/ros/humble/local/lib/python3.10/dist-packages /usr/bin/cmake --build /home/benongnuel/dev_ws/build/xarm_moveit_config -- -j16 -l16
[10.202s] DEBUG:colcon.colcon_core.event_handler.log_command:Invoking command in '/home/benongnuel/dev_ws/build/xarm_moveit_config': AMENT_PREFIX_PATH=/home/benongnuel/dev_ws/install/uf_ros_lib:/home/benongnuel/dev_ws/install/xarm_planner:/home/benongnuel/dev_ws/install/xarm_moveit_servo:/home/benongnuel/dev_ws/install/xarm_moveit_config:/home/benongnuel/dev_ws/install/xarm_gazebo:/home/benongnuel/dev_ws/install/xarm_controller:/home/benongnuel/dev_ws/install/d435i_xarm_setup:/home/benongnuel/dev_ws/install/xarm_api:/home/benongnuel/dev_ws/install/xarm_sdk:/home/benongnuel/dev_ws/install/xarm_msgs:/home/benongnuel/dev_ws/install/xarm_description:/home/benongnuel/dev_ws/install/realsense_gazebo_plugin:/home/benongnuel/dev_ws/install/my_gripper_scripts:/home/benongnuel/dev_ws/install/mbot_demo:/home/benongnuel/dev_ws/install/kdl_parser:/home/benongnuel/robo_ws/install/custom_3dof_arm:/opt/ros/humble CMAKE_PREFIX_PATH=/home/benongnuel/dev_ws/install/xarm_gazebo:/home/benongnuel/dev_ws/install/xarm_controller:/home/benongnuel/dev_ws/install/xarm_api:/home/benongnuel/dev_ws/install/xarm_sdk:/home/benongnuel/dev_ws/install/xarm_msgs:/home/benongnuel/dev_ws/install/xarm_description:/home/benongnuel/dev_ws/install/xarm_planner:/home/benongnuel/dev_ws/install/xarm_moveit_servo:/home/benongnuel/dev_ws/install/xarm_moveit_config:/home/benongnuel/dev_ws/install/d435i_xarm_setup:/home/benongnuel/dev_ws/install/realsense_gazebo_plugin:/home/benongnuel/dev_ws/install/mbot_demo:/home/benongnuel/dev_ws/install/kdl_parser:/home/benongnuel/robo_ws/install/custom_3dof_arm:/home/benongnuel/dev_ws/install/uf_ros_lib:/home/benongnuel/dev_ws/install/my_gripper_scripts:/opt/ros/humble LD_LIBRARY_PATH=/home/benongnuel/dev_ws/install/xarm_gazebo/lib:/home/benongnuel/dev_ws/install/xarm_controller/lib:/home/benongnuel/dev_ws/install/xarm_api/lib:/home/benongnuel/dev_ws/install/xarm_sdk/lib:/home/benongnuel/dev_ws/install/xarm_msgs/lib:/home/benongnuel/dev_ws/install/xarm_planner/lib:/home/benongnuel/dev_ws/install/xarm_moveit_servo/lib:/home/benongnuel/dev_ws/install/realsense_gazebo_plugin/lib:/home/benongnuel/dev_ws/install/kdl_parser/lib:/usr/lib/x86_64-linux-gnu/gazebo-11/plugins:/opt/ros/humble/opt/rviz_ogre_vendor/lib:/opt/ros/humble/lib/x86_64-linux-gnu:/opt/ros/humble/lib PYTHONPATH=/home/benongnuel/dev_ws/build/uf_ros_lib:/home/benongnuel/dev_ws/install/uf_ros_lib/lib/python3.10/site-packages:/home/benongnuel/dev_ws/install/xarm_msgs/local/lib/python3.10/dist-packages:/home/benongnuel/dev_ws/install/my_gripper_scripts/lib/python3.10/site-packages:/opt/ros/humble/lib/python3.10/site-packages:/opt/ros/humble/local/lib/python3.10/dist-packages /usr/bin/cmake --install /home/benongnuel/dev_ws/build/xarm_moveit_config
[10.904s] Level 1:colcon.colcon_core.environment:create_environment_scripts_only(xarm_moveit_config)
[10.905s] Level 1:colcon.colcon_core.environment:checking '/home/benongnuel/dev_ws/install/xarm_moveit_config' for CMake module files
[10.905s] DEBUG:colcon.colcon_core.event_handler.log_command:Invoked command in '/home/benongnuel/dev_ws/build/xarm_moveit_config' returned '0': AMENT_PREFIX_PATH=/home/benongnuel/dev_ws/install/uf_ros_lib:/home/benongnuel/dev_ws/install/xarm_planner:/home/benongnuel/dev_ws/install/xarm_moveit_servo:/home/benongnuel/dev_ws/install/xarm_moveit_config:/home/benongnuel/dev_ws/install/xarm_gazebo:/home/benongnuel/dev_ws/install/xarm_controller:/home/benongnuel/dev_ws/install/d435i_xarm_setup:/home/benongnuel/dev_ws/install/xarm_api:/home/benongnuel/dev_ws/install/xarm_sdk:/home/benongnuel/dev_ws/install/xarm_msgs:/home/benongnuel/dev_ws/install/xarm_description:/home/benongnuel/dev_ws/install/realsense_gazebo_plugin:/home/benongnuel/dev_ws/install/my_gripper_scripts:/home/benongnuel/dev_ws/install/mbot_demo:/home/benongnuel/dev_ws/install/kdl_parser:/home/benongnuel/robo_ws/install/custom_3dof_arm:/opt/ros/humble CMAKE_PREFIX_PATH=/home/benongnuel/dev_ws/install/xarm_gazebo:/home/benongnuel/dev_ws/install/xarm_controller:/home/benongnuel/dev_ws/install/xarm_api:/home/benongnuel/dev_ws/install/xarm_sdk:/home/benongnuel/dev_ws/install/xarm_msgs:/home/benongnuel/dev_ws/install/xarm_description:/home/benongnuel/dev_ws/install/xarm_planner:/home/benongnuel/dev_ws/install/xarm_moveit_servo:/home/benongnuel/dev_ws/install/xarm_moveit_config:/home/benongnuel/dev_ws/install/d435i_xarm_setup:/home/benongnuel/dev_ws/install/realsense_gazebo_plugin:/home/benongnuel/dev_ws/install/mbot_demo:/home/benongnuel/dev_ws/install/kdl_parser:/home/benongnuel/robo_ws/install/custom_3dof_arm:/home/benongnuel/dev_ws/install/uf_ros_lib:/home/benongnuel/dev_ws/install/my_gripper_scripts:/opt/ros/humble LD_LIBRARY_PATH=/home/benongnuel/dev_ws/install/xarm_gazebo/lib:/home/benongnuel/dev_ws/install/xarm_controller/lib:/home/benongnuel/dev_ws/install/xarm_api/lib:/home/benongnuel/dev_ws/install/xarm_sdk/lib:/home/benongnuel/dev_ws/install/xarm_msgs/lib:/home/benongnuel/dev_ws/install/xarm_planner/lib:/home/benongnuel/dev_ws/install/xarm_moveit_servo/lib:/home/benongnuel/dev_ws/install/realsense_gazebo_plugin/lib:/home/benongnuel/dev_ws/install/kdl_parser/lib:/usr/lib/x86_64-linux-gnu/gazebo-11/plugins:/opt/ros/humble/opt/rviz_ogre_vendor/lib:/opt/ros/humble/lib/x86_64-linux-gnu:/opt/ros/humble/lib PYTHONPATH=/home/benongnuel/dev_ws/build/uf_ros_lib:/home/benongnuel/dev_ws/install/uf_ros_lib/lib/python3.10/site-packages:/home/benongnuel/dev_ws/install/xarm_msgs/local/lib/python3.10/dist-packages:/home/benongnuel/dev_ws/install/my_gripper_scripts/lib/python3.10/site-packages:/opt/ros/humble/lib/python3.10/site-packages:/opt/ros/humble/local/lib/python3.10/dist-packages /usr/bin/cmake --install /home/benongnuel/dev_ws/build/xarm_moveit_config
[10.905s] Level 1:colcon.colcon_core.environment:checking '/home/benongnuel/dev_ws/install/xarm_moveit_config' for CMake config files
[10.906s] Level 1:colcon.colcon_core.shell:create_environment_hook('xarm_moveit_config', 'cmake_prefix_path')
[10.906s] INFO:colcon.colcon_core.shell:Creating environment hook '/home/benongnuel/dev_ws/install/xarm_moveit_config/share/xarm_moveit_config/hook/cmake_prefix_path.ps1'
[10.906s] INFO:colcon.colcon_core.shell:Creating environment descriptor '/home/benongnuel/dev_ws/install/xarm_moveit_config/share/xarm_moveit_config/hook/cmake_prefix_path.dsv'
[10.907s] INFO:colcon.colcon_core.shell:Creating environment hook '/home/benongnuel/dev_ws/install/xarm_moveit_config/share/xarm_moveit_config/hook/cmake_prefix_path.sh'
[10.907s] Level 1:colcon.colcon_core.environment:checking '/home/benongnuel/dev_ws/install/xarm_moveit_config/bin'
[10.907s] Level 1:colcon.colcon_core.environment:checking '/home/benongnuel/dev_ws/install/xarm_moveit_config/lib/pkgconfig/xarm_moveit_config.pc'
[10.907s] Level 1:colcon.colcon_core.environment:checking '/home/benongnuel/dev_ws/install/xarm_moveit_config/lib/python3.10/site-packages'
[10.907s] Level 1:colcon.colcon_core.environment:checking '/home/benongnuel/dev_ws/install/xarm_moveit_config/bin'
[10.908s] INFO:colcon.colcon_core.shell:Creating package script '/home/benongnuel/dev_ws/install/xarm_moveit_config/share/xarm_moveit_config/package.ps1'
[10.908s] INFO:colcon.colcon_core.shell:Creating package descriptor '/home/benongnuel/dev_ws/install/xarm_moveit_config/share/xarm_moveit_config/package.dsv'
[10.908s] INFO:colcon.colcon_core.shell:Creating package script '/home/benongnuel/dev_ws/install/xarm_moveit_config/share/xarm_moveit_config/package.sh'
[10.909s] INFO:colcon.colcon_core.shell:Creating package script '/home/benongnuel/dev_ws/install/xarm_moveit_config/share/xarm_moveit_config/package.bash'
[10.909s] INFO:colcon.colcon_core.shell:Creating package script '/home/benongnuel/dev_ws/install/xarm_moveit_config/share/xarm_moveit_config/package.zsh'
[10.909s] Level 1:colcon.colcon_core.environment:create_file_with_runtime_dependencies(/home/benongnuel/dev_ws/install/xarm_moveit_config/share/colcon-core/packages/xarm_moveit_config)
[10.910s] Level 1:colcon.colcon_core.environment:create_environment_scripts_only(xarm_moveit_config)
[10.910s] Level 1:colcon.colcon_core.environment:checking '/home/benongnuel/dev_ws/install/xarm_moveit_config' for CMake module files
[10.910s] Level 1:colcon.colcon_core.environment:checking '/home/benongnuel/dev_ws/install/xarm_moveit_config' for CMake config files
[10.910s] Level 1:colcon.colcon_core.shell:create_environment_hook('xarm_moveit_config', 'cmake_prefix_path')
[10.911s] INFO:colcon.colcon_core.shell:Creating environment hook '/home/benongnuel/dev_ws/install/xarm_moveit_config/share/xarm_moveit_config/hook/cmake_prefix_path.ps1'
[10.911s] INFO:colcon.colcon_core.shell:Creating environment descriptor '/home/benongnuel/dev_ws/install/xarm_moveit_config/share/xarm_moveit_config/hook/cmake_prefix_path.dsv'
[10.911s] INFO:colcon.colcon_core.shell:Creating environment hook '/home/benongnuel/dev_ws/install/xarm_moveit_config/share/xarm_moveit_config/hook/cmake_prefix_path.sh'
[10.911s] Level 1:colcon.colcon_core.environment:checking '/home/benongnuel/dev_ws/install/xarm_moveit_config/bin'
[10.911s] Level 1:colcon.colcon_core.environment:checking '/home/benongnuel/dev_ws/install/xarm_moveit_config/lib/pkgconfig/xarm_moveit_config.pc'
[10.912s] Level 1:colcon.colcon_core.environment:checking '/home/benongnuel/dev_ws/install/xarm_moveit_config/lib/python3.10/site-packages'
[10.912s] Level 1:colcon.colcon_core.environment:checking '/home/benongnuel/dev_ws/install/xarm_moveit_config/bin'
[10.912s] INFO:colcon.colcon_core.shell:Creating package script '/home/benongnuel/dev_ws/install/xarm_moveit_config/share/xarm_moveit_config/package.ps1'
[10.912s] INFO:colcon.colcon_core.shell:Creating package descriptor '/home/benongnuel/dev_ws/install/xarm_moveit_config/share/xarm_moveit_config/package.dsv'
[10.912s] INFO:colcon.colcon_core.shell:Creating package script '/home/benongnuel/dev_ws/install/xarm_moveit_config/share/xarm_moveit_config/package.sh'
[10.913s] INFO:colcon.colcon_core.shell:Creating package script '/home/benongnuel/dev_ws/install/xarm_moveit_config/share/xarm_moveit_config/package.bash'
[10.913s] INFO:colcon.colcon_core.shell:Creating package script '/home/benongnuel/dev_ws/install/xarm_moveit_config/share/xarm_moveit_config/package.zsh'
[10.913s] Level 1:colcon.colcon_core.environment:create_file_with_runtime_dependencies(/home/benongnuel/dev_ws/install/xarm_moveit_config/share/colcon-core/packages/xarm_moveit_config)
[10.913s] INFO:colcon.colcon_ros.task.ament_cmake.build:Building ROS package in '/home/benongnuel/dev_ws/src/xarm_ros2/xarm_moveit_servo' with build type 'ament_cmake'
[10.913s] INFO:colcon.colcon_cmake.task.cmake.build:Building CMake package in '/home/benongnuel/dev_ws/src/xarm_ros2/xarm_moveit_servo'
[10.913s] INFO:colcon.colcon_core.shell:Skip shell extension 'powershell' for command environment: Not usable outside of PowerShell
[10.913s] DEBUG:colcon.colcon_core.shell:Skip shell extension 'dsv' for command environment
[10.916s] INFO:colcon.colcon_ros.task.ament_cmake.build:Building ROS package in '/home/benongnuel/dev_ws/src/xarm_ros2/xarm_planner' with build type 'ament_cmake'
[10.916s] INFO:colcon.colcon_cmake.task.cmake.build:Building CMake package in '/home/benongnuel/dev_ws/src/xarm_ros2/xarm_planner'
[10.916s] INFO:colcon.colcon_core.shell:Skip shell extension 'powershell' for command environment: Not usable outside of PowerShell
[10.916s] DEBUG:colcon.colcon_core.shell:Skip shell extension 'dsv' for command environment
[10.932s] DEBUG:colcon.colcon_core.event_handler.log_command:Invoking command in '/home/benongnuel/dev_ws/build/xarm_moveit_servo': AMENT_PREFIX_PATH=/home/benongnuel/dev_ws/install/uf_ros_lib:/home/benongnuel/dev_ws/install/xarm_planner:/home/benongnuel/dev_ws/install/xarm_moveit_servo:/home/benongnuel/dev_ws/install/xarm_moveit_config:/home/benongnuel/dev_ws/install/xarm_gazebo:/home/benongnuel/dev_ws/install/xarm_controller:/home/benongnuel/dev_ws/install/d435i_xarm_setup:/home/benongnuel/dev_ws/install/xarm_api:/home/benongnuel/dev_ws/install/xarm_sdk:/home/benongnuel/dev_ws/install/xarm_msgs:/home/benongnuel/dev_ws/install/xarm_description:/home/benongnuel/dev_ws/install/realsense_gazebo_plugin:/home/benongnuel/dev_ws/install/my_gripper_scripts:/home/benongnuel/dev_ws/install/mbot_demo:/home/benongnuel/dev_ws/install/kdl_parser:/home/benongnuel/robo_ws/install/custom_3dof_arm:/opt/ros/humble CMAKE_PREFIX_PATH=/home/benongnuel/dev_ws/install/xarm_moveit_config:/home/benongnuel/dev_ws/install/xarm_gazebo:/home/benongnuel/dev_ws/install/xarm_controller:/home/benongnuel/dev_ws/install/xarm_api:/home/benongnuel/dev_ws/install/xarm_sdk:/home/benongnuel/dev_ws/install/xarm_msgs:/home/benongnuel/dev_ws/install/xarm_description:/home/benongnuel/dev_ws/install/xarm_planner:/home/benongnuel/dev_ws/install/xarm_moveit_servo:/home/benongnuel/dev_ws/install/d435i_xarm_setup:/home/benongnuel/dev_ws/install/realsense_gazebo_plugin:/home/benongnuel/dev_ws/install/mbot_demo:/home/benongnuel/dev_ws/install/kdl_parser:/home/benongnuel/robo_ws/install/custom_3dof_arm:/home/benongnuel/dev_ws/install/uf_ros_lib:/home/benongnuel/dev_ws/install/my_gripper_scripts:/opt/ros/humble LD_LIBRARY_PATH=/home/benongnuel/dev_ws/install/xarm_gazebo/lib:/home/benongnuel/dev_ws/install/xarm_controller/lib:/home/benongnuel/dev_ws/install/xarm_api/lib:/home/benongnuel/dev_ws/install/xarm_sdk/lib:/home/benongnuel/dev_ws/install/xarm_msgs/lib:/home/benongnuel/dev_ws/install/xarm_planner/lib:/home/benongnuel/dev_ws/install/xarm_moveit_servo/lib:/home/benongnuel/dev_ws/install/realsense_gazebo_plugin/lib:/home/benongnuel/dev_ws/install/kdl_parser/lib:/usr/lib/x86_64-linux-gnu/gazebo-11/plugins:/opt/ros/humble/opt/rviz_ogre_vendor/lib:/opt/ros/humble/lib/x86_64-linux-gnu:/opt/ros/humble/lib PYTHONPATH=/home/benongnuel/dev_ws/build/uf_ros_lib:/home/benongnuel/dev_ws/install/uf_ros_lib/lib/python3.10/site-packages:/home/benongnuel/dev_ws/install/xarm_msgs/local/lib/python3.10/dist-packages:/home/benongnuel/dev_ws/install/my_gripper_scripts/lib/python3.10/site-packages:/opt/ros/humble/lib/python3.10/site-packages:/opt/ros/humble/local/lib/python3.10/dist-packages /usr/bin/cmake /home/benongnuel/dev_ws/src/xarm_ros2/xarm_moveit_servo -DAMENT_CMAKE_SYMLINK_INSTALL=1 -DCMAKE_INSTALL_PREFIX=/home/benongnuel/dev_ws/install/xarm_moveit_servo
[10.934s] DEBUG:colcon.colcon_core.event_handler.log_command:Invoking command in '/home/benongnuel/dev_ws/build/xarm_planner': AMENT_PREFIX_PATH=/home/benongnuel/dev_ws/install/uf_ros_lib:/home/benongnuel/dev_ws/install/xarm_planner:/home/benongnuel/dev_ws/install/xarm_moveit_servo:/home/benongnuel/dev_ws/install/xarm_moveit_config:/home/benongnuel/dev_ws/install/xarm_gazebo:/home/benongnuel/dev_ws/install/xarm_controller:/home/benongnuel/dev_ws/install/d435i_xarm_setup:/home/benongnuel/dev_ws/install/xarm_api:/home/benongnuel/dev_ws/install/xarm_sdk:/home/benongnuel/dev_ws/install/xarm_msgs:/home/benongnuel/dev_ws/install/xarm_description:/home/benongnuel/dev_ws/install/realsense_gazebo_plugin:/home/benongnuel/dev_ws/install/my_gripper_scripts:/home/benongnuel/dev_ws/install/mbot_demo:/home/benongnuel/dev_ws/install/kdl_parser:/home/benongnuel/robo_ws/install/custom_3dof_arm:/opt/ros/humble CMAKE_PREFIX_PATH=/home/benongnuel/dev_ws/install/xarm_moveit_config:/home/benongnuel/dev_ws/install/xarm_gazebo:/home/benongnuel/dev_ws/install/xarm_controller:/home/benongnuel/dev_ws/install/xarm_api:/home/benongnuel/dev_ws/install/xarm_sdk:/home/benongnuel/dev_ws/install/xarm_msgs:/home/benongnuel/dev_ws/install/xarm_description:/home/benongnuel/dev_ws/install/xarm_planner:/home/benongnuel/dev_ws/install/xarm_moveit_servo:/home/benongnuel/dev_ws/install/d435i_xarm_setup:/home/benongnuel/dev_ws/install/realsense_gazebo_plugin:/home/benongnuel/dev_ws/install/mbot_demo:/home/benongnuel/dev_ws/install/kdl_parser:/home/benongnuel/robo_ws/install/custom_3dof_arm:/home/benongnuel/dev_ws/install/uf_ros_lib:/home/benongnuel/dev_ws/install/my_gripper_scripts:/opt/ros/humble LD_LIBRARY_PATH=/home/benongnuel/dev_ws/install/xarm_gazebo/lib:/home/benongnuel/dev_ws/install/xarm_controller/lib:/home/benongnuel/dev_ws/install/xarm_api/lib:/home/benongnuel/dev_ws/install/xarm_sdk/lib:/home/benongnuel/dev_ws/install/xarm_msgs/lib:/home/benongnuel/dev_ws/install/xarm_planner/lib:/home/benongnuel/dev_ws/install/xarm_moveit_servo/lib:/home/benongnuel/dev_ws/install/realsense_gazebo_plugin/lib:/home/benongnuel/dev_ws/install/kdl_parser/lib:/usr/lib/x86_64-linux-gnu/gazebo-11/plugins:/opt/ros/humble/opt/rviz_ogre_vendor/lib:/opt/ros/humble/lib/x86_64-linux-gnu:/opt/ros/humble/lib PYTHONPATH=/home/benongnuel/dev_ws/build/uf_ros_lib:/home/benongnuel/dev_ws/install/uf_ros_lib/lib/python3.10/site-packages:/home/benongnuel/dev_ws/install/xarm_msgs/local/lib/python3.10/dist-packages:/home/benongnuel/dev_ws/install/my_gripper_scripts/lib/python3.10/site-packages:/opt/ros/humble/lib/python3.10/site-packages:/opt/ros/humble/local/lib/python3.10/dist-packages /usr/bin/cmake /home/benongnuel/dev_ws/src/xarm_ros2/xarm_planner -DAMENT_CMAKE_SYMLINK_INSTALL=1 -DCMAKE_INSTALL_PREFIX=/home/benongnuel/dev_ws/install/xarm_planner
[11.541s] DEBUG:colcon.colcon_core.event_handler.log_command:Invoked command in '/home/benongnuel/dev_ws/build/xarm_moveit_servo' returned '0': AMENT_PREFIX_PATH=/home/benongnuel/dev_ws/install/uf_ros_lib:/home/benongnuel/dev_ws/install/xarm_planner:/home/benongnuel/dev_ws/install/xarm_moveit_servo:/home/benongnuel/dev_ws/install/xarm_moveit_config:/home/benongnuel/dev_ws/install/xarm_gazebo:/home/benongnuel/dev_ws/install/xarm_controller:/home/benongnuel/dev_ws/install/d435i_xarm_setup:/home/benongnuel/dev_ws/install/xarm_api:/home/benongnuel/dev_ws/install/xarm_sdk:/home/benongnuel/dev_ws/install/xarm_msgs:/home/benongnuel/dev_ws/install/xarm_description:/home/benongnuel/dev_ws/install/realsense_gazebo_plugin:/home/benongnuel/dev_ws/install/my_gripper_scripts:/home/benongnuel/dev_ws/install/mbot_demo:/home/benongnuel/dev_ws/install/kdl_parser:/home/benongnuel/robo_ws/install/custom_3dof_arm:/opt/ros/humble CMAKE_PREFIX_PATH=/home/benongnuel/dev_ws/install/xarm_moveit_config:/home/benongnuel/dev_ws/install/xarm_gazebo:/home/benongnuel/dev_ws/install/xarm_controller:/home/benongnuel/dev_ws/install/xarm_api:/home/benongnuel/dev_ws/install/xarm_sdk:/home/benongnuel/dev_ws/install/xarm_msgs:/home/benongnuel/dev_ws/install/xarm_description:/home/benongnuel/dev_ws/install/xarm_planner:/home/benongnuel/dev_ws/install/xarm_moveit_servo:/home/benongnuel/dev_ws/install/d435i_xarm_setup:/home/benongnuel/dev_ws/install/realsense_gazebo_plugin:/home/benongnuel/dev_ws/install/mbot_demo:/home/benongnuel/dev_ws/install/kdl_parser:/home/benongnuel/robo_ws/install/custom_3dof_arm:/home/benongnuel/dev_ws/install/uf_ros_lib:/home/benongnuel/dev_ws/install/my_gripper_scripts:/opt/ros/humble LD_LIBRARY_PATH=/home/benongnuel/dev_ws/install/xarm_gazebo/lib:/home/benongnuel/dev_ws/install/xarm_controller/lib:/home/benongnuel/dev_ws/install/xarm_api/lib:/home/benongnuel/dev_ws/install/xarm_sdk/lib:/home/benongnuel/dev_ws/install/xarm_msgs/lib:/home/benongnuel/dev_ws/install/xarm_planner/lib:/home/benongnuel/dev_ws/install/xarm_moveit_servo/lib:/home/benongnuel/dev_ws/install/realsense_gazebo_plugin/lib:/home/benongnuel/dev_ws/install/kdl_parser/lib:/usr/lib/x86_64-linux-gnu/gazebo-11/plugins:/opt/ros/humble/opt/rviz_ogre_vendor/lib:/opt/ros/humble/lib/x86_64-linux-gnu:/opt/ros/humble/lib PYTHONPATH=/home/benongnuel/dev_ws/build/uf_ros_lib:/home/benongnuel/dev_ws/install/uf_ros_lib/lib/python3.10/site-packages:/home/benongnuel/dev_ws/install/xarm_msgs/local/lib/python3.10/dist-packages:/home/benongnuel/dev_ws/install/my_gripper_scripts/lib/python3.10/site-packages:/opt/ros/humble/lib/python3.10/site-packages:/opt/ros/humble/local/lib/python3.10/dist-packages /usr/bin/cmake /home/benongnuel/dev_ws/src/xarm_ros2/xarm_moveit_servo -DAMENT_CMAKE_SYMLINK_INSTALL=1 -DCMAKE_INSTALL_PREFIX=/home/benongnuel/dev_ws/install/xarm_moveit_servo
[11.541s] DEBUG:colcon.colcon_core.event_handler.log_command:Invoking command in '/home/benongnuel/dev_ws/build/xarm_moveit_servo': AMENT_PREFIX_PATH=/home/benongnuel/dev_ws/install/uf_ros_lib:/home/benongnuel/dev_ws/install/xarm_planner:/home/benongnuel/dev_ws/install/xarm_moveit_servo:/home/benongnuel/dev_ws/install/xarm_moveit_config:/home/benongnuel/dev_ws/install/xarm_gazebo:/home/benongnuel/dev_ws/install/xarm_controller:/home/benongnuel/dev_ws/install/d435i_xarm_setup:/home/benongnuel/dev_ws/install/xarm_api:/home/benongnuel/dev_ws/install/xarm_sdk:/home/benongnuel/dev_ws/install/xarm_msgs:/home/benongnuel/dev_ws/install/xarm_description:/home/benongnuel/dev_ws/install/realsense_gazebo_plugin:/home/benongnuel/dev_ws/install/my_gripper_scripts:/home/benongnuel/dev_ws/install/mbot_demo:/home/benongnuel/dev_ws/install/kdl_parser:/home/benongnuel/robo_ws/install/custom_3dof_arm:/opt/ros/humble CMAKE_PREFIX_PATH=/home/benongnuel/dev_ws/install/xarm_moveit_config:/home/benongnuel/dev_ws/install/xarm_gazebo:/home/benongnuel/dev_ws/install/xarm_controller:/home/benongnuel/dev_ws/install/xarm_api:/home/benongnuel/dev_ws/install/xarm_sdk:/home/benongnuel/dev_ws/install/xarm_msgs:/home/benongnuel/dev_ws/install/xarm_description:/home/benongnuel/dev_ws/install/xarm_planner:/home/benongnuel/dev_ws/install/xarm_moveit_servo:/home/benongnuel/dev_ws/install/d435i_xarm_setup:/home/benongnuel/dev_ws/install/realsense_gazebo_plugin:/home/benongnuel/dev_ws/install/mbot_demo:/home/benongnuel/dev_ws/install/kdl_parser:/home/benongnuel/robo_ws/install/custom_3dof_arm:/home/benongnuel/dev_ws/install/uf_ros_lib:/home/benongnuel/dev_ws/install/my_gripper_scripts:/opt/ros/humble LD_LIBRARY_PATH=/home/benongnuel/dev_ws/install/xarm_gazebo/lib:/home/benongnuel/dev_ws/install/xarm_controller/lib:/home/benongnuel/dev_ws/install/xarm_api/lib:/home/benongnuel/dev_ws/install/xarm_sdk/lib:/home/benongnuel/dev_ws/install/xarm_msgs/lib:/home/benongnuel/dev_ws/install/xarm_planner/lib:/home/benongnuel/dev_ws/install/xarm_moveit_servo/lib:/home/benongnuel/dev_ws/install/realsense_gazebo_plugin/lib:/home/benongnuel/dev_ws/install/kdl_parser/lib:/usr/lib/x86_64-linux-gnu/gazebo-11/plugins:/opt/ros/humble/opt/rviz_ogre_vendor/lib:/opt/ros/humble/lib/x86_64-linux-gnu:/opt/ros/humble/lib PYTHONPATH=/home/benongnuel/dev_ws/build/uf_ros_lib:/home/benongnuel/dev_ws/install/uf_ros_lib/lib/python3.10/site-packages:/home/benongnuel/dev_ws/install/xarm_msgs/local/lib/python3.10/dist-packages:/home/benongnuel/dev_ws/install/my_gripper_scripts/lib/python3.10/site-packages:/opt/ros/humble/lib/python3.10/site-packages:/opt/ros/humble/local/lib/python3.10/dist-packages /usr/bin/cmake --build /home/benongnuel/dev_ws/build/xarm_moveit_servo -- -j16 -l16
[11.598s] DEBUG:colcon.colcon_core.event_handler.log_command:Invoked command in '/home/benongnuel/dev_ws/build/xarm_moveit_servo' returned '0': AMENT_PREFIX_PATH=/home/benongnuel/dev_ws/install/uf_ros_lib:/home/benongnuel/dev_ws/install/xarm_planner:/home/benongnuel/dev_ws/install/xarm_moveit_servo:/home/benongnuel/dev_ws/install/xarm_moveit_config:/home/benongnuel/dev_ws/install/xarm_gazebo:/home/benongnuel/dev_ws/install/xarm_controller:/home/benongnuel/dev_ws/install/d435i_xarm_setup:/home/benongnuel/dev_ws/install/xarm_api:/home/benongnuel/dev_ws/install/xarm_sdk:/home/benongnuel/dev_ws/install/xarm_msgs:/home/benongnuel/dev_ws/install/xarm_description:/home/benongnuel/dev_ws/install/realsense_gazebo_plugin:/home/benongnuel/dev_ws/install/my_gripper_scripts:/home/benongnuel/dev_ws/install/mbot_demo:/home/benongnuel/dev_ws/install/kdl_parser:/home/benongnuel/robo_ws/install/custom_3dof_arm:/opt/ros/humble CMAKE_PREFIX_PATH=/home/benongnuel/dev_ws/install/xarm_moveit_config:/home/benongnuel/dev_ws/install/xarm_gazebo:/home/benongnuel/dev_ws/install/xarm_controller:/home/benongnuel/dev_ws/install/xarm_api:/home/benongnuel/dev_ws/install/xarm_sdk:/home/benongnuel/dev_ws/install/xarm_msgs:/home/benongnuel/dev_ws/install/xarm_description:/home/benongnuel/dev_ws/install/xarm_planner:/home/benongnuel/dev_ws/install/xarm_moveit_servo:/home/benongnuel/dev_ws/install/d435i_xarm_setup:/home/benongnuel/dev_ws/install/realsense_gazebo_plugin:/home/benongnuel/dev_ws/install/mbot_demo:/home/benongnuel/dev_ws/install/kdl_parser:/home/benongnuel/robo_ws/install/custom_3dof_arm:/home/benongnuel/dev_ws/install/uf_ros_lib:/home/benongnuel/dev_ws/install/my_gripper_scripts:/opt/ros/humble LD_LIBRARY_PATH=/home/benongnuel/dev_ws/install/xarm_gazebo/lib:/home/benongnuel/dev_ws/install/xarm_controller/lib:/home/benongnuel/dev_ws/install/xarm_api/lib:/home/benongnuel/dev_ws/install/xarm_sdk/lib:/home/benongnuel/dev_ws/install/xarm_msgs/lib:/home/benongnuel/dev_ws/install/xarm_planner/lib:/home/benongnuel/dev_ws/install/xarm_moveit_servo/lib:/home/benongnuel/dev_ws/install/realsense_gazebo_plugin/lib:/home/benongnuel/dev_ws/install/kdl_parser/lib:/usr/lib/x86_64-linux-gnu/gazebo-11/plugins:/opt/ros/humble/opt/rviz_ogre_vendor/lib:/opt/ros/humble/lib/x86_64-linux-gnu:/opt/ros/humble/lib PYTHONPATH=/home/benongnuel/dev_ws/build/uf_ros_lib:/home/benongnuel/dev_ws/install/uf_ros_lib/lib/python3.10/site-packages:/home/benongnuel/dev_ws/install/xarm_msgs/local/lib/python3.10/dist-packages:/home/benongnuel/dev_ws/install/my_gripper_scripts/lib/python3.10/site-packages:/opt/ros/humble/lib/python3.10/site-packages:/opt/ros/humble/local/lib/python3.10/dist-packages /usr/bin/cmake --build /home/benongnuel/dev_ws/build/xarm_moveit_servo -- -j16 -l16
[11.599s] DEBUG:colcon.colcon_core.event_handler.log_command:Invoking command in '/home/benongnuel/dev_ws/build/xarm_moveit_servo': AMENT_PREFIX_PATH=/home/benongnuel/dev_ws/install/uf_ros_lib:/home/benongnuel/dev_ws/install/xarm_planner:/home/benongnuel/dev_ws/install/xarm_moveit_servo:/home/benongnuel/dev_ws/install/xarm_moveit_config:/home/benongnuel/dev_ws/install/xarm_gazebo:/home/benongnuel/dev_ws/install/xarm_controller:/home/benongnuel/dev_ws/install/d435i_xarm_setup:/home/benongnuel/dev_ws/install/xarm_api:/home/benongnuel/dev_ws/install/xarm_sdk:/home/benongnuel/dev_ws/install/xarm_msgs:/home/benongnuel/dev_ws/install/xarm_description:/home/benongnuel/dev_ws/install/realsense_gazebo_plugin:/home/benongnuel/dev_ws/install/my_gripper_scripts:/home/benongnuel/dev_ws/install/mbot_demo:/home/benongnuel/dev_ws/install/kdl_parser:/home/benongnuel/robo_ws/install/custom_3dof_arm:/opt/ros/humble CMAKE_PREFIX_PATH=/home/benongnuel/dev_ws/install/xarm_moveit_config:/home/benongnuel/dev_ws/install/xarm_gazebo:/home/benongnuel/dev_ws/install/xarm_controller:/home/benongnuel/dev_ws/install/xarm_api:/home/benongnuel/dev_ws/install/xarm_sdk:/home/benongnuel/dev_ws/install/xarm_msgs:/home/benongnuel/dev_ws/install/xarm_description:/home/benongnuel/dev_ws/install/xarm_planner:/home/benongnuel/dev_ws/install/xarm_moveit_servo:/home/benongnuel/dev_ws/install/d435i_xarm_setup:/home/benongnuel/dev_ws/install/realsense_gazebo_plugin:/home/benongnuel/dev_ws/install/mbot_demo:/home/benongnuel/dev_ws/install/kdl_parser:/home/benongnuel/robo_ws/install/custom_3dof_arm:/home/benongnuel/dev_ws/install/uf_ros_lib:/home/benongnuel/dev_ws/install/my_gripper_scripts:/opt/ros/humble LD_LIBRARY_PATH=/home/benongnuel/dev_ws/install/xarm_gazebo/lib:/home/benongnuel/dev_ws/install/xarm_controller/lib:/home/benongnuel/dev_ws/install/xarm_api/lib:/home/benongnuel/dev_ws/install/xarm_sdk/lib:/home/benongnuel/dev_ws/install/xarm_msgs/lib:/home/benongnuel/dev_ws/install/xarm_planner/lib:/home/benongnuel/dev_ws/install/xarm_moveit_servo/lib:/home/benongnuel/dev_ws/install/realsense_gazebo_plugin/lib:/home/benongnuel/dev_ws/install/kdl_parser/lib:/usr/lib/x86_64-linux-gnu/gazebo-11/plugins:/opt/ros/humble/opt/rviz_ogre_vendor/lib:/opt/ros/humble/lib/x86_64-linux-gnu:/opt/ros/humble/lib PYTHONPATH=/home/benongnuel/dev_ws/build/uf_ros_lib:/home/benongnuel/dev_ws/install/uf_ros_lib/lib/python3.10/site-packages:/home/benongnuel/dev_ws/install/xarm_msgs/local/lib/python3.10/dist-packages:/home/benongnuel/dev_ws/install/my_gripper_scripts/lib/python3.10/site-packages:/opt/ros/humble/lib/python3.10/site-packages:/opt/ros/humble/local/lib/python3.10/dist-packages /usr/bin/cmake --install /home/benongnuel/dev_ws/build/xarm_moveit_servo
[11.662s] DEBUG:colcon.colcon_core.event_handler.log_command:Invoked command in '/home/benongnuel/dev_ws/build/xarm_planner' returned '0': AMENT_PREFIX_PATH=/home/benongnuel/dev_ws/install/uf_ros_lib:/home/benongnuel/dev_ws/install/xarm_planner:/home/benongnuel/dev_ws/install/xarm_moveit_servo:/home/benongnuel/dev_ws/install/xarm_moveit_config:/home/benongnuel/dev_ws/install/xarm_gazebo:/home/benongnuel/dev_ws/install/xarm_controller:/home/benongnuel/dev_ws/install/d435i_xarm_setup:/home/benongnuel/dev_ws/install/xarm_api:/home/benongnuel/dev_ws/install/xarm_sdk:/home/benongnuel/dev_ws/install/xarm_msgs:/home/benongnuel/dev_ws/install/xarm_description:/home/benongnuel/dev_ws/install/realsense_gazebo_plugin:/home/benongnuel/dev_ws/install/my_gripper_scripts:/home/benongnuel/dev_ws/install/mbot_demo:/home/benongnuel/dev_ws/install/kdl_parser:/home/benongnuel/robo_ws/install/custom_3dof_arm:/opt/ros/humble CMAKE_PREFIX_PATH=/home/benongnuel/dev_ws/install/xarm_moveit_config:/home/benongnuel/dev_ws/install/xarm_gazebo:/home/benongnuel/dev_ws/install/xarm_controller:/home/benongnuel/dev_ws/install/xarm_api:/home/benongnuel/dev_ws/install/xarm_sdk:/home/benongnuel/dev_ws/install/xarm_msgs:/home/benongnuel/dev_ws/install/xarm_description:/home/benongnuel/dev_ws/install/xarm_planner:/home/benongnuel/dev_ws/install/xarm_moveit_servo:/home/benongnuel/dev_ws/install/d435i_xarm_setup:/home/benongnuel/dev_ws/install/realsense_gazebo_plugin:/home/benongnuel/dev_ws/install/mbot_demo:/home/benongnuel/dev_ws/install/kdl_parser:/home/benongnuel/robo_ws/install/custom_3dof_arm:/home/benongnuel/dev_ws/install/uf_ros_lib:/home/benongnuel/dev_ws/install/my_gripper_scripts:/opt/ros/humble LD_LIBRARY_PATH=/home/benongnuel/dev_ws/install/xarm_gazebo/lib:/home/benongnuel/dev_ws/install/xarm_controller/lib:/home/benongnuel/dev_ws/install/xarm_api/lib:/home/benongnuel/dev_ws/install/xarm_sdk/lib:/home/benongnuel/dev_ws/install/xarm_msgs/lib:/home/benongnuel/dev_ws/install/xarm_planner/lib:/home/benongnuel/dev_ws/install/xarm_moveit_servo/lib:/home/benongnuel/dev_ws/install/realsense_gazebo_plugin/lib:/home/benongnuel/dev_ws/install/kdl_parser/lib:/usr/lib/x86_64-linux-gnu/gazebo-11/plugins:/opt/ros/humble/opt/rviz_ogre_vendor/lib:/opt/ros/humble/lib/x86_64-linux-gnu:/opt/ros/humble/lib PYTHONPATH=/home/benongnuel/dev_ws/build/uf_ros_lib:/home/benongnuel/dev_ws/install/uf_ros_lib/lib/python3.10/site-packages:/home/benongnuel/dev_ws/install/xarm_msgs/local/lib/python3.10/dist-packages:/home/benongnuel/dev_ws/install/my_gripper_scripts/lib/python3.10/site-packages:/opt/ros/humble/lib/python3.10/site-packages:/opt/ros/humble/local/lib/python3.10/dist-packages /usr/bin/cmake /home/benongnuel/dev_ws/src/xarm_ros2/xarm_planner -DAMENT_CMAKE_SYMLINK_INSTALL=1 -DCMAKE_INSTALL_PREFIX=/home/benongnuel/dev_ws/install/xarm_planner
[11.664s] DEBUG:colcon.colcon_core.event_handler.log_command:Invoking command in '/home/benongnuel/dev_ws/build/xarm_planner': AMENT_PREFIX_PATH=/home/benongnuel/dev_ws/install/uf_ros_lib:/home/benongnuel/dev_ws/install/xarm_planner:/home/benongnuel/dev_ws/install/xarm_moveit_servo:/home/benongnuel/dev_ws/install/xarm_moveit_config:/home/benongnuel/dev_ws/install/xarm_gazebo:/home/benongnuel/dev_ws/install/xarm_controller:/home/benongnuel/dev_ws/install/d435i_xarm_setup:/home/benongnuel/dev_ws/install/xarm_api:/home/benongnuel/dev_ws/install/xarm_sdk:/home/benongnuel/dev_ws/install/xarm_msgs:/home/benongnuel/dev_ws/install/xarm_description:/home/benongnuel/dev_ws/install/realsense_gazebo_plugin:/home/benongnuel/dev_ws/install/my_gripper_scripts:/home/benongnuel/dev_ws/install/mbot_demo:/home/benongnuel/dev_ws/install/kdl_parser:/home/benongnuel/robo_ws/install/custom_3dof_arm:/opt/ros/humble CMAKE_PREFIX_PATH=/home/benongnuel/dev_ws/install/xarm_moveit_config:/home/benongnuel/dev_ws/install/xarm_gazebo:/home/benongnuel/dev_ws/install/xarm_controller:/home/benongnuel/dev_ws/install/xarm_api:/home/benongnuel/dev_ws/install/xarm_sdk:/home/benongnuel/dev_ws/install/xarm_msgs:/home/benongnuel/dev_ws/install/xarm_description:/home/benongnuel/dev_ws/install/xarm_planner:/home/benongnuel/dev_ws/install/xarm_moveit_servo:/home/benongnuel/dev_ws/install/d435i_xarm_setup:/home/benongnuel/dev_ws/install/realsense_gazebo_plugin:/home/benongnuel/dev_ws/install/mbot_demo:/home/benongnuel/dev_ws/install/kdl_parser:/home/benongnuel/robo_ws/install/custom_3dof_arm:/home/benongnuel/dev_ws/install/uf_ros_lib:/home/benongnuel/dev_ws/install/my_gripper_scripts:/opt/ros/humble LD_LIBRARY_PATH=/home/benongnuel/dev_ws/install/xarm_gazebo/lib:/home/benongnuel/dev_ws/install/xarm_controller/lib:/home/benongnuel/dev_ws/install/xarm_api/lib:/home/benongnuel/dev_ws/install/xarm_sdk/lib:/home/benongnuel/dev_ws/install/xarm_msgs/lib:/home/benongnuel/dev_ws/install/xarm_planner/lib:/home/benongnuel/dev_ws/install/xarm_moveit_servo/lib:/home/benongnuel/dev_ws/install/realsense_gazebo_plugin/lib:/home/benongnuel/dev_ws/install/kdl_parser/lib:/usr/lib/x86_64-linux-gnu/gazebo-11/plugins:/opt/ros/humble/opt/rviz_ogre_vendor/lib:/opt/ros/humble/lib/x86_64-linux-gnu:/opt/ros/humble/lib PYTHONPATH=/home/benongnuel/dev_ws/build/uf_ros_lib:/home/benongnuel/dev_ws/install/uf_ros_lib/lib/python3.10/site-packages:/home/benongnuel/dev_ws/install/xarm_msgs/local/lib/python3.10/dist-packages:/home/benongnuel/dev_ws/install/my_gripper_scripts/lib/python3.10/site-packages:/opt/ros/humble/lib/python3.10/site-packages:/opt/ros/humble/local/lib/python3.10/dist-packages /usr/bin/cmake --build /home/benongnuel/dev_ws/build/xarm_planner -- -j16 -l16
[11.826s] Level 1:colcon.colcon_core.environment:create_environment_scripts_only(xarm_moveit_servo)
[11.827s] Level 1:colcon.colcon_core.environment:checking '/home/benongnuel/dev_ws/install/xarm_moveit_servo' for CMake module files
[11.828s] DEBUG:colcon.colcon_core.event_handler.log_command:Invoked command in '/home/benongnuel/dev_ws/build/xarm_moveit_servo' returned '0': AMENT_PREFIX_PATH=/home/benongnuel/dev_ws/install/uf_ros_lib:/home/benongnuel/dev_ws/install/xarm_planner:/home/benongnuel/dev_ws/install/xarm_moveit_servo:/home/benongnuel/dev_ws/install/xarm_moveit_config:/home/benongnuel/dev_ws/install/xarm_gazebo:/home/benongnuel/dev_ws/install/xarm_controller:/home/benongnuel/dev_ws/install/d435i_xarm_setup:/home/benongnuel/dev_ws/install/xarm_api:/home/benongnuel/dev_ws/install/xarm_sdk:/home/benongnuel/dev_ws/install/xarm_msgs:/home/benongnuel/dev_ws/install/xarm_description:/home/benongnuel/dev_ws/install/realsense_gazebo_plugin:/home/benongnuel/dev_ws/install/my_gripper_scripts:/home/benongnuel/dev_ws/install/mbot_demo:/home/benongnuel/dev_ws/install/kdl_parser:/home/benongnuel/robo_ws/install/custom_3dof_arm:/opt/ros/humble CMAKE_PREFIX_PATH=/home/benongnuel/dev_ws/install/xarm_moveit_config:/home/benongnuel/dev_ws/install/xarm_gazebo:/home/benongnuel/dev_ws/install/xarm_controller:/home/benongnuel/dev_ws/install/xarm_api:/home/benongnuel/dev_ws/install/xarm_sdk:/home/benongnuel/dev_ws/install/xarm_msgs:/home/benongnuel/dev_ws/install/xarm_description:/home/benongnuel/dev_ws/install/xarm_planner:/home/benongnuel/dev_ws/install/xarm_moveit_servo:/home/benongnuel/dev_ws/install/d435i_xarm_setup:/home/benongnuel/dev_ws/install/realsense_gazebo_plugin:/home/benongnuel/dev_ws/install/mbot_demo:/home/benongnuel/dev_ws/install/kdl_parser:/home/benongnuel/robo_ws/install/custom_3dof_arm:/home/benongnuel/dev_ws/install/uf_ros_lib:/home/benongnuel/dev_ws/install/my_gripper_scripts:/opt/ros/humble LD_LIBRARY_PATH=/home/benongnuel/dev_ws/install/xarm_gazebo/lib:/home/benongnuel/dev_ws/install/xarm_controller/lib:/home/benongnuel/dev_ws/install/xarm_api/lib:/home/benongnuel/dev_ws/install/xarm_sdk/lib:/home/benongnuel/dev_ws/install/xarm_msgs/lib:/home/benongnuel/dev_ws/install/xarm_planner/lib:/home/benongnuel/dev_ws/install/xarm_moveit_servo/lib:/home/benongnuel/dev_ws/install/realsense_gazebo_plugin/lib:/home/benongnuel/dev_ws/install/kdl_parser/lib:/usr/lib/x86_64-linux-gnu/gazebo-11/plugins:/opt/ros/humble/opt/rviz_ogre_vendor/lib:/opt/ros/humble/lib/x86_64-linux-gnu:/opt/ros/humble/lib PYTHONPATH=/home/benongnuel/dev_ws/build/uf_ros_lib:/home/benongnuel/dev_ws/install/uf_ros_lib/lib/python3.10/site-packages:/home/benongnuel/dev_ws/install/xarm_msgs/local/lib/python3.10/dist-packages:/home/benongnuel/dev_ws/install/my_gripper_scripts/lib/python3.10/site-packages:/opt/ros/humble/lib/python3.10/site-packages:/opt/ros/humble/local/lib/python3.10/dist-packages /usr/bin/cmake --install /home/benongnuel/dev_ws/build/xarm_moveit_servo
[11.829s] Level 1:colcon.colcon_core.environment:checking '/home/benongnuel/dev_ws/install/xarm_moveit_servo' for CMake config files
[11.829s] Level 1:colcon.colcon_core.shell:create_environment_hook('xarm_moveit_servo', 'cmake_prefix_path')
[11.829s] INFO:colcon.colcon_core.shell:Creating environment hook '/home/benongnuel/dev_ws/install/xarm_moveit_servo/share/xarm_moveit_servo/hook/cmake_prefix_path.ps1'
[11.830s] INFO:colcon.colcon_core.shell:Creating environment descriptor '/home/benongnuel/dev_ws/install/xarm_moveit_servo/share/xarm_moveit_servo/hook/cmake_prefix_path.dsv'
[11.831s] INFO:colcon.colcon_core.shell:Creating environment hook '/home/benongnuel/dev_ws/install/xarm_moveit_servo/share/xarm_moveit_servo/hook/cmake_prefix_path.sh'
[11.832s] Level 1:colcon.colcon_core.environment:checking '/home/benongnuel/dev_ws/install/xarm_moveit_servo/lib'
[11.832s] Level 1:colcon.colcon_core.shell:create_environment_hook('xarm_moveit_servo', 'ld_library_path_lib')
[11.833s] INFO:colcon.colcon_core.shell:Creating environment hook '/home/benongnuel/dev_ws/install/xarm_moveit_servo/share/xarm_moveit_servo/hook/ld_library_path_lib.ps1'
[11.833s] INFO:colcon.colcon_core.shell:Creating environment descriptor '/home/benongnuel/dev_ws/install/xarm_moveit_servo/share/xarm_moveit_servo/hook/ld_library_path_lib.dsv'
[11.834s] INFO:colcon.colcon_core.shell:Creating environment hook '/home/benongnuel/dev_ws/install/xarm_moveit_servo/share/xarm_moveit_servo/hook/ld_library_path_lib.sh'
[11.835s] Level 1:colcon.colcon_core.environment:checking '/home/benongnuel/dev_ws/install/xarm_moveit_servo/bin'
[11.835s] Level 1:colcon.colcon_core.environment:checking '/home/benongnuel/dev_ws/install/xarm_moveit_servo/lib/pkgconfig/xarm_moveit_servo.pc'
[11.835s] Level 1:colcon.colcon_core.environment:checking '/home/benongnuel/dev_ws/install/xarm_moveit_servo/lib/python3.10/site-packages'
[11.835s] Level 1:colcon.colcon_core.environment:checking '/home/benongnuel/dev_ws/install/xarm_moveit_servo/bin'
[11.836s] INFO:colcon.colcon_core.shell:Creating package script '/home/benongnuel/dev_ws/install/xarm_moveit_servo/share/xarm_moveit_servo/package.ps1'
[11.837s] INFO:colcon.colcon_core.shell:Creating package descriptor '/home/benongnuel/dev_ws/install/xarm_moveit_servo/share/xarm_moveit_servo/package.dsv'
[11.838s] INFO:colcon.colcon_core.shell:Creating package script '/home/benongnuel/dev_ws/install/xarm_moveit_servo/share/xarm_moveit_servo/package.sh'
[11.838s] INFO:colcon.colcon_core.shell:Creating package script '/home/benongnuel/dev_ws/install/xarm_moveit_servo/share/xarm_moveit_servo/package.bash'
[11.839s] INFO:colcon.colcon_core.shell:Creating package script '/home/benongnuel/dev_ws/install/xarm_moveit_servo/share/xarm_moveit_servo/package.zsh'
[11.840s] Level 1:colcon.colcon_core.environment:create_file_with_runtime_dependencies(/home/benongnuel/dev_ws/install/xarm_moveit_servo/share/colcon-core/packages/xarm_moveit_servo)
[11.841s] Level 1:colcon.colcon_core.environment:create_environment_scripts_only(xarm_moveit_servo)
[11.841s] Level 1:colcon.colcon_core.environment:checking '/home/benongnuel/dev_ws/install/xarm_moveit_servo' for CMake module files
[11.841s] Level 1:colcon.colcon_core.environment:checking '/home/benongnuel/dev_ws/install/xarm_moveit_servo' for CMake config files
[11.842s] Level 1:colcon.colcon_core.shell:create_environment_hook('xarm_moveit_servo', 'cmake_prefix_path')
[11.842s] INFO:colcon.colcon_core.shell:Creating environment hook '/home/benongnuel/dev_ws/install/xarm_moveit_servo/share/xarm_moveit_servo/hook/cmake_prefix_path.ps1'
[11.843s] INFO:colcon.colcon_core.shell:Creating environment descriptor '/home/benongnuel/dev_ws/install/xarm_moveit_servo/share/xarm_moveit_servo/hook/cmake_prefix_path.dsv'
[11.843s] INFO:colcon.colcon_core.shell:Creating environment hook '/home/benongnuel/dev_ws/install/xarm_moveit_servo/share/xarm_moveit_servo/hook/cmake_prefix_path.sh'
[11.844s] Level 1:colcon.colcon_core.environment:checking '/home/benongnuel/dev_ws/install/xarm_moveit_servo/lib'
[11.844s] Level 1:colcon.colcon_core.shell:create_environment_hook('xarm_moveit_servo', 'ld_library_path_lib')
[11.844s] INFO:colcon.colcon_core.shell:Creating environment hook '/home/benongnuel/dev_ws/install/xarm_moveit_servo/share/xarm_moveit_servo/hook/ld_library_path_lib.ps1'
[11.845s] INFO:colcon.colcon_core.shell:Creating environment descriptor '/home/benongnuel/dev_ws/install/xarm_moveit_servo/share/xarm_moveit_servo/hook/ld_library_path_lib.dsv'
[11.845s] INFO:colcon.colcon_core.shell:Creating environment hook '/home/benongnuel/dev_ws/install/xarm_moveit_servo/share/xarm_moveit_servo/hook/ld_library_path_lib.sh'
[11.846s] Level 1:colcon.colcon_core.environment:checking '/home/benongnuel/dev_ws/install/xarm_moveit_servo/bin'
[11.846s] Level 1:colcon.colcon_core.environment:checking '/home/benongnuel/dev_ws/install/xarm_moveit_servo/lib/pkgconfig/xarm_moveit_servo.pc'
[11.846s] Level 1:colcon.colcon_core.environment:checking '/home/benongnuel/dev_ws/install/xarm_moveit_servo/lib/python3.10/site-packages'
[11.846s] Level 1:colcon.colcon_core.environment:checking '/home/benongnuel/dev_ws/install/xarm_moveit_servo/bin'
[11.847s] INFO:colcon.colcon_core.shell:Creating package script '/home/benongnuel/dev_ws/install/xarm_moveit_servo/share/xarm_moveit_servo/package.ps1'
[11.847s] INFO:colcon.colcon_core.shell:Creating package descriptor '/home/benongnuel/dev_ws/install/xarm_moveit_servo/share/xarm_moveit_servo/package.dsv'
[11.848s] INFO:colcon.colcon_core.shell:Creating package script '/home/benongnuel/dev_ws/install/xarm_moveit_servo/share/xarm_moveit_servo/package.sh'
[11.849s] INFO:colcon.colcon_core.shell:Creating package script '/home/benongnuel/dev_ws/install/xarm_moveit_servo/share/xarm_moveit_servo/package.bash'
[11.849s] INFO:colcon.colcon_core.shell:Creating package script '/home/benongnuel/dev_ws/install/xarm_moveit_servo/share/xarm_moveit_servo/package.zsh'
[11.850s] Level 1:colcon.colcon_core.environment:create_file_with_runtime_dependencies(/home/benongnuel/dev_ws/install/xarm_moveit_servo/share/colcon-core/packages/xarm_moveit_servo)
[12.422s] DEBUG:colcon.colcon_core.event_handler.log_command:Invoked command in '/home/benongnuel/dev_ws/build/xarm_planner' returned '0': AMENT_PREFIX_PATH=/home/benongnuel/dev_ws/install/uf_ros_lib:/home/benongnuel/dev_ws/install/xarm_planner:/home/benongnuel/dev_ws/install/xarm_moveit_servo:/home/benongnuel/dev_ws/install/xarm_moveit_config:/home/benongnuel/dev_ws/install/xarm_gazebo:/home/benongnuel/dev_ws/install/xarm_controller:/home/benongnuel/dev_ws/install/d435i_xarm_setup:/home/benongnuel/dev_ws/install/xarm_api:/home/benongnuel/dev_ws/install/xarm_sdk:/home/benongnuel/dev_ws/install/xarm_msgs:/home/benongnuel/dev_ws/install/xarm_description:/home/benongnuel/dev_ws/install/realsense_gazebo_plugin:/home/benongnuel/dev_ws/install/my_gripper_scripts:/home/benongnuel/dev_ws/install/mbot_demo:/home/benongnuel/dev_ws/install/kdl_parser:/home/benongnuel/robo_ws/install/custom_3dof_arm:/opt/ros/humble CMAKE_PREFIX_PATH=/home/benongnuel/dev_ws/install/xarm_moveit_config:/home/benongnuel/dev_ws/install/xarm_gazebo:/home/benongnuel/dev_ws/install/xarm_controller:/home/benongnuel/dev_ws/install/xarm_api:/home/benongnuel/dev_ws/install/xarm_sdk:/home/benongnuel/dev_ws/install/xarm_msgs:/home/benongnuel/dev_ws/install/xarm_description:/home/benongnuel/dev_ws/install/xarm_planner:/home/benongnuel/dev_ws/install/xarm_moveit_servo:/home/benongnuel/dev_ws/install/d435i_xarm_setup:/home/benongnuel/dev_ws/install/realsense_gazebo_plugin:/home/benongnuel/dev_ws/install/mbot_demo:/home/benongnuel/dev_ws/install/kdl_parser:/home/benongnuel/robo_ws/install/custom_3dof_arm:/home/benongnuel/dev_ws/install/uf_ros_lib:/home/benongnuel/dev_ws/install/my_gripper_scripts:/opt/ros/humble LD_LIBRARY_PATH=/home/benongnuel/dev_ws/install/xarm_gazebo/lib:/home/benongnuel/dev_ws/install/xarm_controller/lib:/home/benongnuel/dev_ws/install/xarm_api/lib:/home/benongnuel/dev_ws/install/xarm_sdk/lib:/home/benongnuel/dev_ws/install/xarm_msgs/lib:/home/benongnuel/dev_ws/install/xarm_planner/lib:/home/benongnuel/dev_ws/install/xarm_moveit_servo/lib:/home/benongnuel/dev_ws/install/realsense_gazebo_plugin/lib:/home/benongnuel/dev_ws/install/kdl_parser/lib:/usr/lib/x86_64-linux-gnu/gazebo-11/plugins:/opt/ros/humble/opt/rviz_ogre_vendor/lib:/opt/ros/humble/lib/x86_64-linux-gnu:/opt/ros/humble/lib PYTHONPATH=/home/benongnuel/dev_ws/build/uf_ros_lib:/home/benongnuel/dev_ws/install/uf_ros_lib/lib/python3.10/site-packages:/home/benongnuel/dev_ws/install/xarm_msgs/local/lib/python3.10/dist-packages:/home/benongnuel/dev_ws/install/my_gripper_scripts/lib/python3.10/site-packages:/opt/ros/humble/lib/python3.10/site-packages:/opt/ros/humble/local/lib/python3.10/dist-packages /usr/bin/cmake --build /home/benongnuel/dev_ws/build/xarm_planner -- -j16 -l16
[12.424s] DEBUG:colcon.colcon_core.event_handler.log_command:Invoking command in '/home/benongnuel/dev_ws/build/xarm_planner': AMENT_PREFIX_PATH=/home/benongnuel/dev_ws/install/uf_ros_lib:/home/benongnuel/dev_ws/install/xarm_planner:/home/benongnuel/dev_ws/install/xarm_moveit_servo:/home/benongnuel/dev_ws/install/xarm_moveit_config:/home/benongnuel/dev_ws/install/xarm_gazebo:/home/benongnuel/dev_ws/install/xarm_controller:/home/benongnuel/dev_ws/install/d435i_xarm_setup:/home/benongnuel/dev_ws/install/xarm_api:/home/benongnuel/dev_ws/install/xarm_sdk:/home/benongnuel/dev_ws/install/xarm_msgs:/home/benongnuel/dev_ws/install/xarm_description:/home/benongnuel/dev_ws/install/realsense_gazebo_plugin:/home/benongnuel/dev_ws/install/my_gripper_scripts:/home/benongnuel/dev_ws/install/mbot_demo:/home/benongnuel/dev_ws/install/kdl_parser:/home/benongnuel/robo_ws/install/custom_3dof_arm:/opt/ros/humble CMAKE_PREFIX_PATH=/home/benongnuel/dev_ws/install/xarm_moveit_config:/home/benongnuel/dev_ws/install/xarm_gazebo:/home/benongnuel/dev_ws/install/xarm_controller:/home/benongnuel/dev_ws/install/xarm_api:/home/benongnuel/dev_ws/install/xarm_sdk:/home/benongnuel/dev_ws/install/xarm_msgs:/home/benongnuel/dev_ws/install/xarm_description:/home/benongnuel/dev_ws/install/xarm_planner:/home/benongnuel/dev_ws/install/xarm_moveit_servo:/home/benongnuel/dev_ws/install/d435i_xarm_setup:/home/benongnuel/dev_ws/install/realsense_gazebo_plugin:/home/benongnuel/dev_ws/install/mbot_demo:/home/benongnuel/dev_ws/install/kdl_parser:/home/benongnuel/robo_ws/install/custom_3dof_arm:/home/benongnuel/dev_ws/install/uf_ros_lib:/home/benongnuel/dev_ws/install/my_gripper_scripts:/opt/ros/humble LD_LIBRARY_PATH=/home/benongnuel/dev_ws/install/xarm_gazebo/lib:/home/benongnuel/dev_ws/install/xarm_controller/lib:/home/benongnuel/dev_ws/install/xarm_api/lib:/home/benongnuel/dev_ws/install/xarm_sdk/lib:/home/benongnuel/dev_ws/install/xarm_msgs/lib:/home/benongnuel/dev_ws/install/xarm_planner/lib:/home/benongnuel/dev_ws/install/xarm_moveit_servo/lib:/home/benongnuel/dev_ws/install/realsense_gazebo_plugin/lib:/home/benongnuel/dev_ws/install/kdl_parser/lib:/usr/lib/x86_64-linux-gnu/gazebo-11/plugins:/opt/ros/humble/opt/rviz_ogre_vendor/lib:/opt/ros/humble/lib/x86_64-linux-gnu:/opt/ros/humble/lib PYTHONPATH=/home/benongnuel/dev_ws/build/uf_ros_lib:/home/benongnuel/dev_ws/install/uf_ros_lib/lib/python3.10/site-packages:/home/benongnuel/dev_ws/install/xarm_msgs/local/lib/python3.10/dist-packages:/home/benongnuel/dev_ws/install/my_gripper_scripts/lib/python3.10/site-packages:/opt/ros/humble/lib/python3.10/site-packages:/opt/ros/humble/local/lib/python3.10/dist-packages /usr/bin/cmake --install /home/benongnuel/dev_ws/build/xarm_planner
[12.779s] Level 1:colcon.colcon_core.environment:create_environment_scripts_only(xarm_planner)
[12.780s] Level 1:colcon.colcon_core.environment:checking '/home/benongnuel/dev_ws/install/xarm_planner' for CMake module files
[12.780s] DEBUG:colcon.colcon_core.event_handler.log_command:Invoked command in '/home/benongnuel/dev_ws/build/xarm_planner' returned '0': AMENT_PREFIX_PATH=/home/benongnuel/dev_ws/install/uf_ros_lib:/home/benongnuel/dev_ws/install/xarm_planner:/home/benongnuel/dev_ws/install/xarm_moveit_servo:/home/benongnuel/dev_ws/install/xarm_moveit_config:/home/benongnuel/dev_ws/install/xarm_gazebo:/home/benongnuel/dev_ws/install/xarm_controller:/home/benongnuel/dev_ws/install/d435i_xarm_setup:/home/benongnuel/dev_ws/install/xarm_api:/home/benongnuel/dev_ws/install/xarm_sdk:/home/benongnuel/dev_ws/install/xarm_msgs:/home/benongnuel/dev_ws/install/xarm_description:/home/benongnuel/dev_ws/install/realsense_gazebo_plugin:/home/benongnuel/dev_ws/install/my_gripper_scripts:/home/benongnuel/dev_ws/install/mbot_demo:/home/benongnuel/dev_ws/install/kdl_parser:/home/benongnuel/robo_ws/install/custom_3dof_arm:/opt/ros/humble CMAKE_PREFIX_PATH=/home/benongnuel/dev_ws/install/xarm_moveit_config:/home/benongnuel/dev_ws/install/xarm_gazebo:/home/benongnuel/dev_ws/install/xarm_controller:/home/benongnuel/dev_ws/install/xarm_api:/home/benongnuel/dev_ws/install/xarm_sdk:/home/benongnuel/dev_ws/install/xarm_msgs:/home/benongnuel/dev_ws/install/xarm_description:/home/benongnuel/dev_ws/install/xarm_planner:/home/benongnuel/dev_ws/install/xarm_moveit_servo:/home/benongnuel/dev_ws/install/d435i_xarm_setup:/home/benongnuel/dev_ws/install/realsense_gazebo_plugin:/home/benongnuel/dev_ws/install/mbot_demo:/home/benongnuel/dev_ws/install/kdl_parser:/home/benongnuel/robo_ws/install/custom_3dof_arm:/home/benongnuel/dev_ws/install/uf_ros_lib:/home/benongnuel/dev_ws/install/my_gripper_scripts:/opt/ros/humble LD_LIBRARY_PATH=/home/benongnuel/dev_ws/install/xarm_gazebo/lib:/home/benongnuel/dev_ws/install/xarm_controller/lib:/home/benongnuel/dev_ws/install/xarm_api/lib:/home/benongnuel/dev_ws/install/xarm_sdk/lib:/home/benongnuel/dev_ws/install/xarm_msgs/lib:/home/benongnuel/dev_ws/install/xarm_planner/lib:/home/benongnuel/dev_ws/install/xarm_moveit_servo/lib:/home/benongnuel/dev_ws/install/realsense_gazebo_plugin/lib:/home/benongnuel/dev_ws/install/kdl_parser/lib:/usr/lib/x86_64-linux-gnu/gazebo-11/plugins:/opt/ros/humble/opt/rviz_ogre_vendor/lib:/opt/ros/humble/lib/x86_64-linux-gnu:/opt/ros/humble/lib PYTHONPATH=/home/benongnuel/dev_ws/build/uf_ros_lib:/home/benongnuel/dev_ws/install/uf_ros_lib/lib/python3.10/site-packages:/home/benongnuel/dev_ws/install/xarm_msgs/local/lib/python3.10/dist-packages:/home/benongnuel/dev_ws/install/my_gripper_scripts/lib/python3.10/site-packages:/opt/ros/humble/lib/python3.10/site-packages:/opt/ros/humble/local/lib/python3.10/dist-packages /usr/bin/cmake --install /home/benongnuel/dev_ws/build/xarm_planner
[12.780s] Level 1:colcon.colcon_core.environment:checking '/home/benongnuel/dev_ws/install/xarm_planner' for CMake config files
[12.781s] Level 1:colcon.colcon_core.shell:create_environment_hook('xarm_planner', 'cmake_prefix_path')
[12.781s] INFO:colcon.colcon_core.shell:Creating environment hook '/home/benongnuel/dev_ws/install/xarm_planner/share/xarm_planner/hook/cmake_prefix_path.ps1'
[12.781s] INFO:colcon.colcon_core.shell:Creating environment descriptor '/home/benongnuel/dev_ws/install/xarm_planner/share/xarm_planner/hook/cmake_prefix_path.dsv'
[12.781s] INFO:colcon.colcon_core.shell:Creating environment hook '/home/benongnuel/dev_ws/install/xarm_planner/share/xarm_planner/hook/cmake_prefix_path.sh'
[12.782s] Level 1:colcon.colcon_core.environment:checking '/home/benongnuel/dev_ws/install/xarm_planner/lib'
[12.782s] Level 1:colcon.colcon_core.shell:create_environment_hook('xarm_planner', 'ld_library_path_lib')
[12.782s] INFO:colcon.colcon_core.shell:Creating environment hook '/home/benongnuel/dev_ws/install/xarm_planner/share/xarm_planner/hook/ld_library_path_lib.ps1'
[12.782s] INFO:colcon.colcon_core.shell:Creating environment descriptor '/home/benongnuel/dev_ws/install/xarm_planner/share/xarm_planner/hook/ld_library_path_lib.dsv'
[12.782s] INFO:colcon.colcon_core.shell:Creating environment hook '/home/benongnuel/dev_ws/install/xarm_planner/share/xarm_planner/hook/ld_library_path_lib.sh'
[12.782s] Level 1:colcon.colcon_core.environment:checking '/home/benongnuel/dev_ws/install/xarm_planner/bin'
[12.782s] Level 1:colcon.colcon_core.environment:checking '/home/benongnuel/dev_ws/install/xarm_planner/lib/pkgconfig/xarm_planner.pc'
[12.783s] Level 1:colcon.colcon_core.environment:checking '/home/benongnuel/dev_ws/install/xarm_planner/lib/python3.10/site-packages'
[12.783s] Level 1:colcon.colcon_core.environment:checking '/home/benongnuel/dev_ws/install/xarm_planner/bin'
[12.783s] INFO:colcon.colcon_core.shell:Creating package script '/home/benongnuel/dev_ws/install/xarm_planner/share/xarm_planner/package.ps1'
[12.783s] INFO:colcon.colcon_core.shell:Creating package descriptor '/home/benongnuel/dev_ws/install/xarm_planner/share/xarm_planner/package.dsv'
[12.783s] INFO:colcon.colcon_core.shell:Creating package script '/home/benongnuel/dev_ws/install/xarm_planner/share/xarm_planner/package.sh'
[12.783s] INFO:colcon.colcon_core.shell:Creating package script '/home/benongnuel/dev_ws/install/xarm_planner/share/xarm_planner/package.bash'
[12.784s] INFO:colcon.colcon_core.shell:Creating package script '/home/benongnuel/dev_ws/install/xarm_planner/share/xarm_planner/package.zsh'
[12.784s] Level 1:colcon.colcon_core.environment:create_file_with_runtime_dependencies(/home/benongnuel/dev_ws/install/xarm_planner/share/colcon-core/packages/xarm_planner)
[12.784s] Level 1:colcon.colcon_core.environment:create_environment_scripts_only(xarm_planner)
[12.784s] Level 1:colcon.colcon_core.environment:checking '/home/benongnuel/dev_ws/install/xarm_planner' for CMake module files
[12.784s] Level 1:colcon.colcon_core.environment:checking '/home/benongnuel/dev_ws/install/xarm_planner' for CMake config files
[12.785s] Level 1:colcon.colcon_core.shell:create_environment_hook('xarm_planner', 'cmake_prefix_path')
[12.785s] INFO:colcon.colcon_core.shell:Creating environment hook '/home/benongnuel/dev_ws/install/xarm_planner/share/xarm_planner/hook/cmake_prefix_path.ps1'
[12.785s] INFO:colcon.colcon_core.shell:Creating environment descriptor '/home/benongnuel/dev_ws/install/xarm_planner/share/xarm_planner/hook/cmake_prefix_path.dsv'
[12.785s] INFO:colcon.colcon_core.shell:Creating environment hook '/home/benongnuel/dev_ws/install/xarm_planner/share/xarm_planner/hook/cmake_prefix_path.sh'
[12.785s] Level 1:colcon.colcon_core.environment:checking '/home/benongnuel/dev_ws/install/xarm_planner/lib'
[12.785s] Level 1:colcon.colcon_core.shell:create_environment_hook('xarm_planner', 'ld_library_path_lib')
[12.785s] INFO:colcon.colcon_core.shell:Creating environment hook '/home/benongnuel/dev_ws/install/xarm_planner/share/xarm_planner/hook/ld_library_path_lib.ps1'
[12.786s] INFO:colcon.colcon_core.shell:Creating environment descriptor '/home/benongnuel/dev_ws/install/xarm_planner/share/xarm_planner/hook/ld_library_path_lib.dsv'
[12.786s] INFO:colcon.colcon_core.shell:Creating environment hook '/home/benongnuel/dev_ws/install/xarm_planner/share/xarm_planner/hook/ld_library_path_lib.sh'
[12.786s] Level 1:colcon.colcon_core.environment:checking '/home/benongnuel/dev_ws/install/xarm_planner/bin'
[12.786s] Level 1:colcon.colcon_core.environment:checking '/home/benongnuel/dev_ws/install/xarm_planner/lib/pkgconfig/xarm_planner.pc'
[12.786s] Level 1:colcon.colcon_core.environment:checking '/home/benongnuel/dev_ws/install/xarm_planner/lib/python3.10/site-packages'
[12.786s] Level 1:colcon.colcon_core.environment:checking '/home/benongnuel/dev_ws/install/xarm_planner/bin'
[12.786s] INFO:colcon.colcon_core.shell:Creating package script '/home/benongnuel/dev_ws/install/xarm_planner/share/xarm_planner/package.ps1'
[12.787s] INFO:colcon.colcon_core.shell:Creating package descriptor '/home/benongnuel/dev_ws/install/xarm_planner/share/xarm_planner/package.dsv'
[12.787s] INFO:colcon.colcon_core.shell:Creating package script '/home/benongnuel/dev_ws/install/xarm_planner/share/xarm_planner/package.sh'
[12.787s] INFO:colcon.colcon_core.shell:Creating package script '/home/benongnuel/dev_ws/install/xarm_planner/share/xarm_planner/package.bash'
[12.787s] INFO:colcon.colcon_core.shell:Creating package script '/home/benongnuel/dev_ws/install/xarm_planner/share/xarm_planner/package.zsh'
[12.787s] Level 1:colcon.colcon_core.environment:create_file_with_runtime_dependencies(/home/benongnuel/dev_ws/install/xarm_planner/share/colcon-core/packages/xarm_planner)
[12.788s] DEBUG:colcon.colcon_parallel_executor.executor.parallel:closing loop
[12.788s] DEBUG:colcon.colcon_parallel_executor.executor.parallel:loop closed
[12.788s] DEBUG:colcon.colcon_parallel_executor.executor.parallel:run_until_complete finished with '0'
[12.788s] DEBUG:colcon.colcon_core.event_reactor:joining thread
[12.792s] INFO:colcon.colcon_core.plugin_system:Skipping extension 'colcon_notification.desktop_notification.terminal_notifier': Not used on non-Darwin systems
[12.792s] INFO:colcon.colcon_core.plugin_system:Skipping extension 'colcon_notification.desktop_notification.win32': Not used on non-Windows systems
[12.792s] INFO:colcon.colcon_notification.desktop_notification:Sending desktop notification using 'notify2'
[12.798s] DEBUG:colcon.colcon_core.event_reactor:joined thread
[12.798s] INFO:colcon.colcon_core.shell:Creating prefix script '/home/benongnuel/dev_ws/install/local_setup.ps1'
[12.799s] INFO:colcon.colcon_core.shell:Creating prefix util module '/home/benongnuel/dev_ws/install/_local_setup_util_ps1.py'
[12.800s] INFO:colcon.colcon_core.shell:Creating prefix chain script '/home/benongnuel/dev_ws/install/setup.ps1'
[12.800s] INFO:colcon.colcon_core.shell:Creating prefix script '/home/benongnuel/dev_ws/install/local_setup.sh'
[12.801s] INFO:colcon.colcon_core.shell:Creating prefix util module '/home/benongnuel/dev_ws/install/_local_setup_util_sh.py'
[12.801s] INFO:colcon.colcon_core.shell:Creating prefix chain script '/home/benongnuel/dev_ws/install/setup.sh'
[12.802s] INFO:colcon.colcon_core.shell:Creating prefix script '/home/benongnuel/dev_ws/install/local_setup.bash'
[12.802s] INFO:colcon.colcon_core.shell:Creating prefix chain script '/home/benongnuel/dev_ws/install/setup.bash'
[12.803s] INFO:colcon.colcon_core.shell:Creating prefix script '/home/benongnuel/dev_ws/install/local_setup.zsh'
[12.803s] INFO:colcon.colcon_core.shell:Creating prefix chain script '/home/benongnuel/dev_ws/install/setup.zsh'
