[0.059s] DEBUG:colcon:Command line arguments: ['/usr/bin/colcon', 'build']
[0.059s] DEBUG:colcon:Parsed command line arguments: Namespace(log_base=None, log_level=None, verb_name='build', build_base='build', install_base='install', merge_install=False, symlink_install=False, test_result_base=None, continue_on_error=False, executor='parallel', parallel_workers=16, event_handlers=None, ignore_user_meta=False, metas=['./colcon.meta'], base_paths=['.'], packages_ignore=None, packages_ignore_regex=None, paths=None, packages_up_to=None, packages_up_to_regex=None, packages_above=None, packages_above_and_dependencies=None, packages_above_depth=None, packages_select_by_dep=None, packages_skip_by_dep=None, packages_skip_up_to=None, packages_select_build_failed=False, packages_skip_build_finished=False, packages_select_test_failures=False, packages_skip_test_passed=False, packages_select=None, packages_skip=None, packages_select_regex=None, packages_skip_regex=None, packages_start=None, packages_end=None, allow_overriding=[], cmake_args=None, cmake_target=None, cmake_target_skip_unavailable=False, cmake_clean_cache=False, cmake_clean_first=False, cmake_force_configure=False, ament_cmake_args=None, catkin_cmake_args=None, catkin_skip_building_tests=False, mixin_files=None, mixin=None, verb_parser=<colcon_mixin.mixin.mixin_argument.MixinArgumentDecorator object at 0x7e05ee761330>, verb_extension=<colcon_core.verb.build.BuildVerb object at 0x7e05ee7604c0>, main=<bound method BuildVerb.main of <colcon_core.verb.build.BuildVerb object at 0x7e05ee7604c0>>, mixin_verb=('build',))
[0.140s] Level 1:colcon.colcon_core.package_discovery:discover_packages(colcon_meta) check parameters
[0.140s] Level 1:colcon.colcon_core.package_discovery:discover_packages(recursive) check parameters
[0.140s] Level 1:colcon.colcon_core.package_discovery:discover_packages(ignore) check parameters
[0.140s] Level 1:colcon.colcon_core.package_discovery:discover_packages(path) check parameters
[0.140s] Level 1:colcon.colcon_core.package_discovery:discover_packages(colcon_meta) discover
[0.140s] Level 1:colcon.colcon_core.package_discovery:discover_packages(recursive) discover
[0.140s] INFO:colcon.colcon_core.package_discovery:Crawling recursively for packages in '/home/benongnuel/dev_ws'
[0.140s] Level 1:colcon.colcon_core.package_identification:_identify(.) by extensions ['ignore', 'ignore_ament_install']
[0.141s] Level 1:colcon.colcon_core.package_identification:_identify(.) by extension 'ignore'
[0.141s] Level 1:colcon.colcon_core.package_identification:_identify(.) by extension 'ignore_ament_install'
[0.141s] Level 1:colcon.colcon_core.package_identification:_identify(.) by extensions ['colcon_pkg']
[0.141s] Level 1:colcon.colcon_core.package_identification:_identify(.) by extension 'colcon_pkg'
[0.141s] Level 1:colcon.colcon_core.package_identification:_identify(.) by extensions ['colcon_meta']
[0.141s] Level 1:colcon.colcon_core.package_identification:_identify(.) by extension 'colcon_meta'
[0.141s] Level 1:colcon.colcon_core.package_identification:_identify(.) by extensions ['ros']
[0.141s] Level 1:colcon.colcon_core.package_identification:_identify(.) by extension 'ros'
[0.147s] Level 1:colcon.colcon_core.package_identification:_identify(.) by extensions ['cmake', 'python']
[0.147s] Level 1:colcon.colcon_core.package_identification:_identify(.) by extension 'cmake'
[0.147s] Level 1:colcon.colcon_core.package_identification:_identify(.) by extension 'python'
[0.147s] Level 1:colcon.colcon_core.package_identification:_identify(.) by extensions ['python_setup_py']
[0.147s] Level 1:colcon.colcon_core.package_identification:_identify(.) by extension 'python_setup_py'
[0.147s] Level 1:colcon.colcon_core.package_identification:_identify(build) by extensions ['ignore', 'ignore_ament_install']
[0.147s] Level 1:colcon.colcon_core.package_identification:_identify(build) by extension 'ignore'
[0.147s] Level 1:colcon.colcon_core.package_identification:_identify(build) ignored
[0.147s] Level 1:colcon.colcon_core.package_identification:_identify(install) by extensions ['ignore', 'ignore_ament_install']
[0.147s] Level 1:colcon.colcon_core.package_identification:_identify(install) by extension 'ignore'
[0.147s] Level 1:colcon.colcon_core.package_identification:_identify(install) ignored
[0.147s] Level 1:colcon.colcon_core.package_identification:_identify(log) by extensions ['ignore', 'ignore_ament_install']
[0.147s] Level 1:colcon.colcon_core.package_identification:_identify(log) by extension 'ignore'
[0.147s] Level 1:colcon.colcon_core.package_identification:_identify(log) ignored
[0.147s] Level 1:colcon.colcon_core.package_identification:_identify(my_gripper_scripts) by extensions ['ignore', 'ignore_ament_install']
[0.147s] Level 1:colcon.colcon_core.package_identification:_identify(my_gripper_scripts) by extension 'ignore'
[0.147s] Level 1:colcon.colcon_core.package_identification:_identify(my_gripper_scripts) by extension 'ignore_ament_install'
[0.147s] Level 1:colcon.colcon_core.package_identification:_identify(my_gripper_scripts) by extensions ['colcon_pkg']
[0.148s] Level 1:colcon.colcon_core.package_identification:_identify(my_gripper_scripts) by extension 'colcon_pkg'
[0.148s] Level 1:colcon.colcon_core.package_identification:_identify(my_gripper_scripts) by extensions ['colcon_meta']
[0.148s] Level 1:colcon.colcon_core.package_identification:_identify(my_gripper_scripts) by extension 'colcon_meta'
[0.148s] Level 1:colcon.colcon_core.package_identification:_identify(my_gripper_scripts) by extensions ['ros']
[0.148s] Level 1:colcon.colcon_core.package_identification:_identify(my_gripper_scripts) by extension 'ros'
[0.149s] DEBUG:colcon.colcon_core.package_identification:Package 'my_gripper_scripts' with type 'ros.ament_python' and name 'my_gripper_scripts'
[0.149s] Level 1:colcon.colcon_core.package_identification:_identify(src) by extensions ['ignore', 'ignore_ament_install']
[0.149s] Level 1:colcon.colcon_core.package_identification:_identify(src) by extension 'ignore'
[0.149s] Level 1:colcon.colcon_core.package_identification:_identify(src) by extension 'ignore_ament_install'
[0.149s] Level 1:colcon.colcon_core.package_identification:_identify(src) by extensions ['colcon_pkg']
[0.149s] Level 1:colcon.colcon_core.package_identification:_identify(src) by extension 'colcon_pkg'
[0.149s] Level 1:colcon.colcon_core.package_identification:_identify(src) by extensions ['colcon_meta']
[0.149s] Level 1:colcon.colcon_core.package_identification:_identify(src) by extension 'colcon_meta'
[0.149s] Level 1:colcon.colcon_core.package_identification:_identify(src) by extensions ['ros']
[0.149s] Level 1:colcon.colcon_core.package_identification:_identify(src) by extension 'ros'
[0.149s] Level 1:colcon.colcon_core.package_identification:_identify(src) by extensions ['cmake', 'python']
[0.149s] Level 1:colcon.colcon_core.package_identification:_identify(src) by extension 'cmake'
[0.149s] Level 1:colcon.colcon_core.package_identification:_identify(src) by extension 'python'
[0.149s] Level 1:colcon.colcon_core.package_identification:_identify(src) by extensions ['python_setup_py']
[0.149s] Level 1:colcon.colcon_core.package_identification:_identify(src) by extension 'python_setup_py'
[0.149s] Level 1:colcon.colcon_core.package_identification:_identify(src/kdl_parser) by extensions ['ignore', 'ignore_ament_install']
[0.149s] Level 1:colcon.colcon_core.package_identification:_identify(src/kdl_parser) by extension 'ignore'
[0.149s] Level 1:colcon.colcon_core.package_identification:_identify(src/kdl_parser) by extension 'ignore_ament_install'
[0.149s] Level 1:colcon.colcon_core.package_identification:_identify(src/kdl_parser) by extensions ['colcon_pkg']
[0.149s] Level 1:colcon.colcon_core.package_identification:_identify(src/kdl_parser) by extension 'colcon_pkg'
[0.149s] Level 1:colcon.colcon_core.package_identification:_identify(src/kdl_parser) by extensions ['colcon_meta']
[0.149s] Level 1:colcon.colcon_core.package_identification:_identify(src/kdl_parser) by extension 'colcon_meta'
[0.149s] Level 1:colcon.colcon_core.package_identification:_identify(src/kdl_parser) by extensions ['ros']
[0.150s] Level 1:colcon.colcon_core.package_identification:_identify(src/kdl_parser) by extension 'ros'
[0.150s] Level 1:colcon.colcon_core.package_identification:_identify(src/kdl_parser) by extensions ['cmake', 'python']
[0.150s] Level 1:colcon.colcon_core.package_identification:_identify(src/kdl_parser) by extension 'cmake'
[0.150s] Level 1:colcon.colcon_core.package_identification:_identify(src/kdl_parser) by extension 'python'
[0.150s] Level 1:colcon.colcon_core.package_identification:_identify(src/kdl_parser) by extensions ['python_setup_py']
[0.150s] Level 1:colcon.colcon_core.package_identification:_identify(src/kdl_parser) by extension 'python_setup_py'
[0.150s] Level 1:colcon.colcon_core.package_identification:_identify(src/kdl_parser/kdl_parser) by extensions ['ignore', 'ignore_ament_install']
[0.150s] Level 1:colcon.colcon_core.package_identification:_identify(src/kdl_parser/kdl_parser) by extension 'ignore'
[0.150s] Level 1:colcon.colcon_core.package_identification:_identify(src/kdl_parser/kdl_parser) by extension 'ignore_ament_install'
[0.150s] Level 1:colcon.colcon_core.package_identification:_identify(src/kdl_parser/kdl_parser) by extensions ['colcon_pkg']
[0.150s] Level 1:colcon.colcon_core.package_identification:_identify(src/kdl_parser/kdl_parser) by extension 'colcon_pkg'
[0.150s] Level 1:colcon.colcon_core.package_identification:_identify(src/kdl_parser/kdl_parser) by extensions ['colcon_meta']
[0.150s] Level 1:colcon.colcon_core.package_identification:_identify(src/kdl_parser/kdl_parser) by extension 'colcon_meta'
[0.150s] Level 1:colcon.colcon_core.package_identification:_identify(src/kdl_parser/kdl_parser) by extensions ['ros']
[0.150s] Level 1:colcon.colcon_core.package_identification:_identify(src/kdl_parser/kdl_parser) by extension 'ros'
[0.150s] DEBUG:colcon.colcon_core.package_identification:Package 'src/kdl_parser/kdl_parser' with type 'ros.ament_cmake' and name 'kdl_parser'
[0.150s] Level 1:colcon.colcon_core.package_identification:_identify(src/kdl_parser/kdl_parser_py) by extensions ['ignore', 'ignore_ament_install']
[0.150s] Level 1:colcon.colcon_core.package_identification:_identify(src/kdl_parser/kdl_parser_py) by extension 'ignore'
[0.150s] Level 1:colcon.colcon_core.package_identification:_identify(src/kdl_parser/kdl_parser_py) by extension 'ignore_ament_install'
[0.150s] Level 1:colcon.colcon_core.package_identification:_identify(src/kdl_parser/kdl_parser_py) by extensions ['colcon_pkg']
[0.150s] Level 1:colcon.colcon_core.package_identification:_identify(src/kdl_parser/kdl_parser_py) by extension 'colcon_pkg'
[0.150s] Level 1:colcon.colcon_core.package_identification:_identify(src/kdl_parser/kdl_parser_py) by extensions ['colcon_meta']
[0.150s] Level 1:colcon.colcon_core.package_identification:_identify(src/kdl_parser/kdl_parser_py) by extension 'colcon_meta'
[0.150s] Level 1:colcon.colcon_core.package_identification:_identify(src/kdl_parser/kdl_parser_py) by extensions ['ros']
[0.151s] Level 1:colcon.colcon_core.package_identification:_identify(src/kdl_parser/kdl_parser_py) by extension 'ros'
[0.151s] Level 1:colcon.colcon_core.package_identification:_identify(src/kdl_parser/kdl_parser_py) ignored
[0.151s] Level 1:colcon.colcon_core.package_identification:_identify(src/xarm_ros2) by extensions ['ignore', 'ignore_ament_install']
[0.151s] Level 1:colcon.colcon_core.package_identification:_identify(src/xarm_ros2) by extension 'ignore'
[0.151s] Level 1:colcon.colcon_core.package_identification:_identify(src/xarm_ros2) by extension 'ignore_ament_install'
[0.151s] Level 1:colcon.colcon_core.package_identification:_identify(src/xarm_ros2) by extensions ['colcon_pkg']
[0.151s] Level 1:colcon.colcon_core.package_identification:_identify(src/xarm_ros2) by extension 'colcon_pkg'
[0.151s] Level 1:colcon.colcon_core.package_identification:_identify(src/xarm_ros2) by extensions ['colcon_meta']
[0.151s] Level 1:colcon.colcon_core.package_identification:_identify(src/xarm_ros2) by extension 'colcon_meta'
[0.151s] Level 1:colcon.colcon_core.package_identification:_identify(src/xarm_ros2) by extensions ['ros']
[0.151s] Level 1:colcon.colcon_core.package_identification:_identify(src/xarm_ros2) by extension 'ros'
[0.151s] Level 1:colcon.colcon_core.package_identification:_identify(src/xarm_ros2) by extensions ['cmake', 'python']
[0.151s] Level 1:colcon.colcon_core.package_identification:_identify(src/xarm_ros2) by extension 'cmake'
[0.151s] Level 1:colcon.colcon_core.package_identification:_identify(src/xarm_ros2) by extension 'python'
[0.151s] Level 1:colcon.colcon_core.package_identification:_identify(src/xarm_ros2) by extensions ['python_setup_py']
[0.151s] Level 1:colcon.colcon_core.package_identification:_identify(src/xarm_ros2) by extension 'python_setup_py'
[0.151s] Level 1:colcon.colcon_core.package_identification:_identify(src/xarm_ros2/build) by extensions ['ignore', 'ignore_ament_install']
[0.151s] Level 1:colcon.colcon_core.package_identification:_identify(src/xarm_ros2/build) by extension 'ignore'
[0.151s] Level 1:colcon.colcon_core.package_identification:_identify(src/xarm_ros2/build) ignored
[0.151s] Level 1:colcon.colcon_core.package_identification:_identify(src/xarm_ros2/demo) by extensions ['ignore', 'ignore_ament_install']
[0.151s] Level 1:colcon.colcon_core.package_identification:_identify(src/xarm_ros2/demo) by extension 'ignore'
[0.151s] Level 1:colcon.colcon_core.package_identification:_identify(src/xarm_ros2/demo) by extension 'ignore_ament_install'
[0.151s] Level 1:colcon.colcon_core.package_identification:_identify(src/xarm_ros2/demo) by extensions ['colcon_pkg']
[0.151s] Level 1:colcon.colcon_core.package_identification:_identify(src/xarm_ros2/demo) by extension 'colcon_pkg'
[0.151s] Level 1:colcon.colcon_core.package_identification:_identify(src/xarm_ros2/demo) by extensions ['colcon_meta']
[0.151s] Level 1:colcon.colcon_core.package_identification:_identify(src/xarm_ros2/demo) by extension 'colcon_meta'
[0.151s] Level 1:colcon.colcon_core.package_identification:_identify(src/xarm_ros2/demo) by extensions ['ros']
[0.151s] Level 1:colcon.colcon_core.package_identification:_identify(src/xarm_ros2/demo) by extension 'ros'
[0.151s] Level 1:colcon.colcon_core.package_identification:_identify(src/xarm_ros2/demo) by extensions ['cmake', 'python']
[0.151s] Level 1:colcon.colcon_core.package_identification:_identify(src/xarm_ros2/demo) by extension 'cmake'
[0.151s] Level 1:colcon.colcon_core.package_identification:_identify(src/xarm_ros2/demo) by extension 'python'
[0.151s] Level 1:colcon.colcon_core.package_identification:_identify(src/xarm_ros2/demo) by extensions ['python_setup_py']
[0.151s] Level 1:colcon.colcon_core.package_identification:_identify(src/xarm_ros2/demo) by extension 'python_setup_py'
[0.151s] Level 1:colcon.colcon_core.package_identification:_identify(src/xarm_ros2/demo/mbot_demo) by extensions ['ignore', 'ignore_ament_install']
[0.151s] Level 1:colcon.colcon_core.package_identification:_identify(src/xarm_ros2/demo/mbot_demo) by extension 'ignore'
[0.151s] Level 1:colcon.colcon_core.package_identification:_identify(src/xarm_ros2/demo/mbot_demo) by extension 'ignore_ament_install'
[0.151s] Level 1:colcon.colcon_core.package_identification:_identify(src/xarm_ros2/demo/mbot_demo) by extensions ['colcon_pkg']
[0.151s] Level 1:colcon.colcon_core.package_identification:_identify(src/xarm_ros2/demo/mbot_demo) by extension 'colcon_pkg'
[0.151s] Level 1:colcon.colcon_core.package_identification:_identify(src/xarm_ros2/demo/mbot_demo) by extensions ['colcon_meta']
[0.151s] Level 1:colcon.colcon_core.package_identification:_identify(src/xarm_ros2/demo/mbot_demo) by extension 'colcon_meta'
[0.151s] Level 1:colcon.colcon_core.package_identification:_identify(src/xarm_ros2/demo/mbot_demo) by extensions ['ros']
[0.151s] Level 1:colcon.colcon_core.package_identification:_identify(src/xarm_ros2/demo/mbot_demo) by extension 'ros'
[0.152s] DEBUG:colcon.colcon_core.package_identification:Package 'src/xarm_ros2/demo/mbot_demo' with type 'ros.ament_cmake' and name 'mbot_demo'
[0.152s] Level 1:colcon.colcon_core.package_identification:_identify(src/xarm_ros2/install) by extensions ['ignore', 'ignore_ament_install']
[0.152s] Level 1:colcon.colcon_core.package_identification:_identify(src/xarm_ros2/install) by extension 'ignore'
[0.152s] Level 1:colcon.colcon_core.package_identification:_identify(src/xarm_ros2/install) ignored
[0.152s] Level 1:colcon.colcon_core.package_identification:_identify(src/xarm_ros2/log) by extensions ['ignore', 'ignore_ament_install']
[0.152s] Level 1:colcon.colcon_core.package_identification:_identify(src/xarm_ros2/log) by extension 'ignore'
[0.152s] Level 1:colcon.colcon_core.package_identification:_identify(src/xarm_ros2/log) ignored
[0.152s] Level 1:colcon.colcon_core.package_identification:_identify(src/xarm_ros2/scripts) by extensions ['ignore', 'ignore_ament_install']
[0.152s] Level 1:colcon.colcon_core.package_identification:_identify(src/xarm_ros2/scripts) by extension 'ignore'
[0.152s] Level 1:colcon.colcon_core.package_identification:_identify(src/xarm_ros2/scripts) by extension 'ignore_ament_install'
[0.152s] Level 1:colcon.colcon_core.package_identification:_identify(src/xarm_ros2/scripts) by extensions ['colcon_pkg']
[0.152s] Level 1:colcon.colcon_core.package_identification:_identify(src/xarm_ros2/scripts) by extension 'colcon_pkg'
[0.152s] Level 1:colcon.colcon_core.package_identification:_identify(src/xarm_ros2/scripts) by extensions ['colcon_meta']
[0.152s] Level 1:colcon.colcon_core.package_identification:_identify(src/xarm_ros2/scripts) by extension 'colcon_meta'
[0.152s] Level 1:colcon.colcon_core.package_identification:_identify(src/xarm_ros2/scripts) by extensions ['ros']
[0.152s] Level 1:colcon.colcon_core.package_identification:_identify(src/xarm_ros2/scripts) by extension 'ros'
[0.152s] Level 1:colcon.colcon_core.package_identification:_identify(src/xarm_ros2/scripts) by extensions ['cmake', 'python']
[0.152s] Level 1:colcon.colcon_core.package_identification:_identify(src/xarm_ros2/scripts) by extension 'cmake'
[0.152s] Level 1:colcon.colcon_core.package_identification:_identify(src/xarm_ros2/scripts) by extension 'python'
[0.152s] Level 1:colcon.colcon_core.package_identification:_identify(src/xarm_ros2/scripts) by extensions ['python_setup_py']
[0.152s] Level 1:colcon.colcon_core.package_identification:_identify(src/xarm_ros2/scripts) by extension 'python_setup_py'
[0.152s] Level 1:colcon.colcon_core.package_identification:_identify(src/xarm_ros2/scripts/build) by extensions ['ignore', 'ignore_ament_install']
[0.152s] Level 1:colcon.colcon_core.package_identification:_identify(src/xarm_ros2/scripts/build) by extension 'ignore'
[0.152s] Level 1:colcon.colcon_core.package_identification:_identify(src/xarm_ros2/scripts/build) ignored
[0.152s] Level 1:colcon.colcon_core.package_identification:_identify(src/xarm_ros2/scripts/install) by extensions ['ignore', 'ignore_ament_install']
[0.152s] Level 1:colcon.colcon_core.package_identification:_identify(src/xarm_ros2/scripts/install) by extension 'ignore'
[0.152s] Level 1:colcon.colcon_core.package_identification:_identify(src/xarm_ros2/scripts/install) ignored
[0.153s] Level 1:colcon.colcon_core.package_identification:_identify(src/xarm_ros2/scripts/log) by extensions ['ignore', 'ignore_ament_install']
[0.153s] Level 1:colcon.colcon_core.package_identification:_identify(src/xarm_ros2/scripts/log) by extension 'ignore'
[0.153s] Level 1:colcon.colcon_core.package_identification:_identify(src/xarm_ros2/scripts/log) ignored
[0.153s] Level 1:colcon.colcon_core.package_identification:_identify(src/xarm_ros2/thirdparty) by extensions ['ignore', 'ignore_ament_install']
[0.153s] Level 1:colcon.colcon_core.package_identification:_identify(src/xarm_ros2/thirdparty) by extension 'ignore'
[0.153s] Level 1:colcon.colcon_core.package_identification:_identify(src/xarm_ros2/thirdparty) by extension 'ignore_ament_install'
[0.153s] Level 1:colcon.colcon_core.package_identification:_identify(src/xarm_ros2/thirdparty) by extensions ['colcon_pkg']
[0.153s] Level 1:colcon.colcon_core.package_identification:_identify(src/xarm_ros2/thirdparty) by extension 'colcon_pkg'
[0.153s] Level 1:colcon.colcon_core.package_identification:_identify(src/xarm_ros2/thirdparty) by extensions ['colcon_meta']
[0.153s] Level 1:colcon.colcon_core.package_identification:_identify(src/xarm_ros2/thirdparty) by extension 'colcon_meta'
[0.153s] Level 1:colcon.colcon_core.package_identification:_identify(src/xarm_ros2/thirdparty) by extensions ['ros']
[0.153s] Level 1:colcon.colcon_core.package_identification:_identify(src/xarm_ros2/thirdparty) by extension 'ros'
[0.153s] Level 1:colcon.colcon_core.package_identification:_identify(src/xarm_ros2/thirdparty) by extensions ['cmake', 'python']
[0.153s] Level 1:colcon.colcon_core.package_identification:_identify(src/xarm_ros2/thirdparty) by extension 'cmake'
[0.153s] Level 1:colcon.colcon_core.package_identification:_identify(src/xarm_ros2/thirdparty) by extension 'python'
[0.153s] Level 1:colcon.colcon_core.package_identification:_identify(src/xarm_ros2/thirdparty) by extensions ['python_setup_py']
[0.153s] Level 1:colcon.colcon_core.package_identification:_identify(src/xarm_ros2/thirdparty) by extension 'python_setup_py'
[0.153s] Level 1:colcon.colcon_core.package_identification:_identify(src/xarm_ros2/thirdparty/realsense_gazebo_plugin) by extensions ['ignore', 'ignore_ament_install']
[0.153s] Level 1:colcon.colcon_core.package_identification:_identify(src/xarm_ros2/thirdparty/realsense_gazebo_plugin) by extension 'ignore'
[0.153s] Level 1:colcon.colcon_core.package_identification:_identify(src/xarm_ros2/thirdparty/realsense_gazebo_plugin) by extension 'ignore_ament_install'
[0.153s] Level 1:colcon.colcon_core.package_identification:_identify(src/xarm_ros2/thirdparty/realsense_gazebo_plugin) by extensions ['colcon_pkg']
[0.153s] Level 1:colcon.colcon_core.package_identification:_identify(src/xarm_ros2/thirdparty/realsense_gazebo_plugin) by extension 'colcon_pkg'
[0.153s] Level 1:colcon.colcon_core.package_identification:_identify(src/xarm_ros2/thirdparty/realsense_gazebo_plugin) by extensions ['colcon_meta']
[0.153s] Level 1:colcon.colcon_core.package_identification:_identify(src/xarm_ros2/thirdparty/realsense_gazebo_plugin) by extension 'colcon_meta'
[0.153s] Level 1:colcon.colcon_core.package_identification:_identify(src/xarm_ros2/thirdparty/realsense_gazebo_plugin) by extensions ['ros']
[0.153s] Level 1:colcon.colcon_core.package_identification:_identify(src/xarm_ros2/thirdparty/realsense_gazebo_plugin) by extension 'ros'
[0.154s] DEBUG:colcon.colcon_core.package_identification:Package 'src/xarm_ros2/thirdparty/realsense_gazebo_plugin' with type 'ros.ament_cmake' and name 'realsense_gazebo_plugin'
[0.154s] Level 1:colcon.colcon_core.package_identification:_identify(src/xarm_ros2/uf_ros_lib) by extensions ['ignore', 'ignore_ament_install']
[0.154s] Level 1:colcon.colcon_core.package_identification:_identify(src/xarm_ros2/uf_ros_lib) by extension 'ignore'
[0.154s] Level 1:colcon.colcon_core.package_identification:_identify(src/xarm_ros2/uf_ros_lib) by extension 'ignore_ament_install'
[0.154s] Level 1:colcon.colcon_core.package_identification:_identify(src/xarm_ros2/uf_ros_lib) by extensions ['colcon_pkg']
[0.154s] Level 1:colcon.colcon_core.package_identification:_identify(src/xarm_ros2/uf_ros_lib) by extension 'colcon_pkg'
[0.154s] Level 1:colcon.colcon_core.package_identification:_identify(src/xarm_ros2/uf_ros_lib) by extensions ['colcon_meta']
[0.154s] Level 1:colcon.colcon_core.package_identification:_identify(src/xarm_ros2/uf_ros_lib) by extension 'colcon_meta'
[0.154s] Level 1:colcon.colcon_core.package_identification:_identify(src/xarm_ros2/uf_ros_lib) by extensions ['ros']
[0.154s] Level 1:colcon.colcon_core.package_identification:_identify(src/xarm_ros2/uf_ros_lib) by extension 'ros'
[0.154s] DEBUG:colcon.colcon_core.package_identification:Package 'src/xarm_ros2/uf_ros_lib' with type 'ros.ament_python' and name 'uf_ros_lib'
[0.154s] Level 1:colcon.colcon_core.package_identification:_identify(src/xarm_ros2/xarm_api) by extensions ['ignore', 'ignore_ament_install']
[0.154s] Level 1:colcon.colcon_core.package_identification:_identify(src/xarm_ros2/xarm_api) by extension 'ignore'
[0.154s] Level 1:colcon.colcon_core.package_identification:_identify(src/xarm_ros2/xarm_api) by extension 'ignore_ament_install'
[0.154s] Level 1:colcon.colcon_core.package_identification:_identify(src/xarm_ros2/xarm_api) by extensions ['colcon_pkg']
[0.154s] Level 1:colcon.colcon_core.package_identification:_identify(src/xarm_ros2/xarm_api) by extension 'colcon_pkg'
[0.154s] Level 1:colcon.colcon_core.package_identification:_identify(src/xarm_ros2/xarm_api) by extensions ['colcon_meta']
[0.154s] Level 1:colcon.colcon_core.package_identification:_identify(src/xarm_ros2/xarm_api) by extension 'colcon_meta'
[0.154s] Level 1:colcon.colcon_core.package_identification:_identify(src/xarm_ros2/xarm_api) by extensions ['ros']
[0.154s] Level 1:colcon.colcon_core.package_identification:_identify(src/xarm_ros2/xarm_api) by extension 'ros'
[0.155s] DEBUG:colcon.colcon_core.package_identification:Package 'src/xarm_ros2/xarm_api' with type 'ros.ament_cmake' and name 'xarm_api'
[0.155s] Level 1:colcon.colcon_core.package_identification:_identify(src/xarm_ros2/xarm_controller) by extensions ['ignore', 'ignore_ament_install']
[0.155s] Level 1:colcon.colcon_core.package_identification:_identify(src/xarm_ros2/xarm_controller) by extension 'ignore'
[0.155s] Level 1:colcon.colcon_core.package_identification:_identify(src/xarm_ros2/xarm_controller) by extension 'ignore_ament_install'
[0.155s] Level 1:colcon.colcon_core.package_identification:_identify(src/xarm_ros2/xarm_controller) by extensions ['colcon_pkg']
[0.155s] Level 1:colcon.colcon_core.package_identification:_identify(src/xarm_ros2/xarm_controller) by extension 'colcon_pkg'
[0.155s] Level 1:colcon.colcon_core.package_identification:_identify(src/xarm_ros2/xarm_controller) by extensions ['colcon_meta']
[0.155s] Level 1:colcon.colcon_core.package_identification:_identify(src/xarm_ros2/xarm_controller) by extension 'colcon_meta'
[0.155s] Level 1:colcon.colcon_core.package_identification:_identify(src/xarm_ros2/xarm_controller) by extensions ['ros']
[0.155s] Level 1:colcon.colcon_core.package_identification:_identify(src/xarm_ros2/xarm_controller) by extension 'ros'
[0.156s] DEBUG:colcon.colcon_core.package_identification:Package 'src/xarm_ros2/xarm_controller' with type 'ros.ament_cmake' and name 'xarm_controller'
[0.156s] Level 1:colcon.colcon_core.package_identification:_identify(src/xarm_ros2/xarm_description) by extensions ['ignore', 'ignore_ament_install']
[0.156s] Level 1:colcon.colcon_core.package_identification:_identify(src/xarm_ros2/xarm_description) by extension 'ignore'
[0.156s] Level 1:colcon.colcon_core.package_identification:_identify(src/xarm_ros2/xarm_description) by extension 'ignore_ament_install'
[0.156s] Level 1:colcon.colcon_core.package_identification:_identify(src/xarm_ros2/xarm_description) by extensions ['colcon_pkg']
[0.156s] Level 1:colcon.colcon_core.package_identification:_identify(src/xarm_ros2/xarm_description) by extension 'colcon_pkg'
[0.156s] Level 1:colcon.colcon_core.package_identification:_identify(src/xarm_ros2/xarm_description) by extensions ['colcon_meta']
[0.156s] Level 1:colcon.colcon_core.package_identification:_identify(src/xarm_ros2/xarm_description) by extension 'colcon_meta'
[0.156s] Level 1:colcon.colcon_core.package_identification:_identify(src/xarm_ros2/xarm_description) by extensions ['ros']
[0.156s] Level 1:colcon.colcon_core.package_identification:_identify(src/xarm_ros2/xarm_description) by extension 'ros'
[0.156s] DEBUG:colcon.colcon_core.package_identification:Package 'src/xarm_ros2/xarm_description' with type 'ros.ament_cmake' and name 'xarm_description'
[0.156s] Level 1:colcon.colcon_core.package_identification:_identify(src/xarm_ros2/xarm_gazebo) by extensions ['ignore', 'ignore_ament_install']
[0.156s] Level 1:colcon.colcon_core.package_identification:_identify(src/xarm_ros2/xarm_gazebo) by extension 'ignore'
[0.156s] Level 1:colcon.colcon_core.package_identification:_identify(src/xarm_ros2/xarm_gazebo) by extension 'ignore_ament_install'
[0.157s] Level 1:colcon.colcon_core.package_identification:_identify(src/xarm_ros2/xarm_gazebo) by extensions ['colcon_pkg']
[0.157s] Level 1:colcon.colcon_core.package_identification:_identify(src/xarm_ros2/xarm_gazebo) by extension 'colcon_pkg'
[0.157s] Level 1:colcon.colcon_core.package_identification:_identify(src/xarm_ros2/xarm_gazebo) by extensions ['colcon_meta']
[0.157s] Level 1:colcon.colcon_core.package_identification:_identify(src/xarm_ros2/xarm_gazebo) by extension 'colcon_meta'
[0.157s] Level 1:colcon.colcon_core.package_identification:_identify(src/xarm_ros2/xarm_gazebo) by extensions ['ros']
[0.157s] Level 1:colcon.colcon_core.package_identification:_identify(src/xarm_ros2/xarm_gazebo) by extension 'ros'
[0.157s] DEBUG:colcon.colcon_core.package_identification:Package 'src/xarm_ros2/xarm_gazebo' with type 'ros.ament_cmake' and name 'xarm_gazebo'
[0.157s] Level 1:colcon.colcon_core.package_identification:_identify(src/xarm_ros2/xarm_moveit_config) by extensions ['ignore', 'ignore_ament_install']
[0.157s] Level 1:colcon.colcon_core.package_identification:_identify(src/xarm_ros2/xarm_moveit_config) by extension 'ignore'
[0.157s] Level 1:colcon.colcon_core.package_identification:_identify(src/xarm_ros2/xarm_moveit_config) by extension 'ignore_ament_install'
[0.157s] Level 1:colcon.colcon_core.package_identification:_identify(src/xarm_ros2/xarm_moveit_config) by extensions ['colcon_pkg']
[0.157s] Level 1:colcon.colcon_core.package_identification:_identify(src/xarm_ros2/xarm_moveit_config) by extension 'colcon_pkg'
[0.157s] Level 1:colcon.colcon_core.package_identification:_identify(src/xarm_ros2/xarm_moveit_config) by extensions ['colcon_meta']
[0.157s] Level 1:colcon.colcon_core.package_identification:_identify(src/xarm_ros2/xarm_moveit_config) by extension 'colcon_meta'
[0.157s] Level 1:colcon.colcon_core.package_identification:_identify(src/xarm_ros2/xarm_moveit_config) by extensions ['ros']
[0.157s] Level 1:colcon.colcon_core.package_identification:_identify(src/xarm_ros2/xarm_moveit_config) by extension 'ros'
[0.158s] DEBUG:colcon.colcon_core.package_identification:Package 'src/xarm_ros2/xarm_moveit_config' with type 'ros.ament_cmake' and name 'xarm_moveit_config'
[0.158s] Level 1:colcon.colcon_core.package_identification:_identify(src/xarm_ros2/xarm_moveit_servo) by extensions ['ignore', 'ignore_ament_install']
[0.158s] Level 1:colcon.colcon_core.package_identification:_identify(src/xarm_ros2/xarm_moveit_servo) by extension 'ignore'
[0.158s] Level 1:colcon.colcon_core.package_identification:_identify(src/xarm_ros2/xarm_moveit_servo) by extension 'ignore_ament_install'
[0.158s] Level 1:colcon.colcon_core.package_identification:_identify(src/xarm_ros2/xarm_moveit_servo) by extensions ['colcon_pkg']
[0.158s] Level 1:colcon.colcon_core.package_identification:_identify(src/xarm_ros2/xarm_moveit_servo) by extension 'colcon_pkg'
[0.158s] Level 1:colcon.colcon_core.package_identification:_identify(src/xarm_ros2/xarm_moveit_servo) by extensions ['colcon_meta']
[0.158s] Level 1:colcon.colcon_core.package_identification:_identify(src/xarm_ros2/xarm_moveit_servo) by extension 'colcon_meta'
[0.158s] Level 1:colcon.colcon_core.package_identification:_identify(src/xarm_ros2/xarm_moveit_servo) by extensions ['ros']
[0.158s] Level 1:colcon.colcon_core.package_identification:_identify(src/xarm_ros2/xarm_moveit_servo) by extension 'ros'
[0.159s] DEBUG:colcon.colcon_core.package_identification:Package 'src/xarm_ros2/xarm_moveit_servo' with type 'ros.ament_cmake' and name 'xarm_moveit_servo'
[0.159s] Level 1:colcon.colcon_core.package_identification:_identify(src/xarm_ros2/xarm_msgs) by extensions ['ignore', 'ignore_ament_install']
[0.159s] Level 1:colcon.colcon_core.package_identification:_identify(src/xarm_ros2/xarm_msgs) by extension 'ignore'
[0.159s] Level 1:colcon.colcon_core.package_identification:_identify(src/xarm_ros2/xarm_msgs) by extension 'ignore_ament_install'
[0.159s] Level 1:colcon.colcon_core.package_identification:_identify(src/xarm_ros2/xarm_msgs) by extensions ['colcon_pkg']
[0.159s] Level 1:colcon.colcon_core.package_identification:_identify(src/xarm_ros2/xarm_msgs) by extension 'colcon_pkg'
[0.159s] Level 1:colcon.colcon_core.package_identification:_identify(src/xarm_ros2/xarm_msgs) by extensions ['colcon_meta']
[0.159s] Level 1:colcon.colcon_core.package_identification:_identify(src/xarm_ros2/xarm_msgs) by extension 'colcon_meta'
[0.159s] Level 1:colcon.colcon_core.package_identification:_identify(src/xarm_ros2/xarm_msgs) by extensions ['ros']
[0.159s] Level 1:colcon.colcon_core.package_identification:_identify(src/xarm_ros2/xarm_msgs) by extension 'ros'
[0.159s] DEBUG:colcon.colcon_core.package_identification:Package 'src/xarm_ros2/xarm_msgs' with type 'ros.ament_cmake' and name 'xarm_msgs'
[0.159s] Level 1:colcon.colcon_core.package_identification:_identify(src/xarm_ros2/xarm_planner) by extensions ['ignore', 'ignore_ament_install']
[0.159s] Level 1:colcon.colcon_core.package_identification:_identify(src/xarm_ros2/xarm_planner) by extension 'ignore'
[0.159s] Level 1:colcon.colcon_core.package_identification:_identify(src/xarm_ros2/xarm_planner) by extension 'ignore_ament_install'
[0.160s] Level 1:colcon.colcon_core.package_identification:_identify(src/xarm_ros2/xarm_planner) by extensions ['colcon_pkg']
[0.160s] Level 1:colcon.colcon_core.package_identification:_identify(src/xarm_ros2/xarm_planner) by extension 'colcon_pkg'
[0.160s] Level 1:colcon.colcon_core.package_identification:_identify(src/xarm_ros2/xarm_planner) by extensions ['colcon_meta']
[0.160s] Level 1:colcon.colcon_core.package_identification:_identify(src/xarm_ros2/xarm_planner) by extension 'colcon_meta'
[0.160s] Level 1:colcon.colcon_core.package_identification:_identify(src/xarm_ros2/xarm_planner) by extensions ['ros']
[0.160s] Level 1:colcon.colcon_core.package_identification:_identify(src/xarm_ros2/xarm_planner) by extension 'ros'
[0.160s] DEBUG:colcon.colcon_core.package_identification:Package 'src/xarm_ros2/xarm_planner' with type 'ros.ament_cmake' and name 'xarm_planner'
[0.160s] Level 1:colcon.colcon_core.package_identification:_identify(src/xarm_ros2/xarm_sdk) by extensions ['ignore', 'ignore_ament_install']
[0.160s] Level 1:colcon.colcon_core.package_identification:_identify(src/xarm_ros2/xarm_sdk) by extension 'ignore'
[0.160s] Level 1:colcon.colcon_core.package_identification:_identify(src/xarm_ros2/xarm_sdk) by extension 'ignore_ament_install'
[0.160s] Level 1:colcon.colcon_core.package_identification:_identify(src/xarm_ros2/xarm_sdk) by extensions ['colcon_pkg']
[0.160s] Level 1:colcon.colcon_core.package_identification:_identify(src/xarm_ros2/xarm_sdk) by extension 'colcon_pkg'
[0.160s] Level 1:colcon.colcon_core.package_identification:_identify(src/xarm_ros2/xarm_sdk) by extensions ['colcon_meta']
[0.160s] Level 1:colcon.colcon_core.package_identification:_identify(src/xarm_ros2/xarm_sdk) by extension 'colcon_meta'
[0.160s] Level 1:colcon.colcon_core.package_identification:_identify(src/xarm_ros2/xarm_sdk) by extensions ['ros']
[0.160s] Level 1:colcon.colcon_core.package_identification:_identify(src/xarm_ros2/xarm_sdk) by extension 'ros'
[0.161s] DEBUG:colcon.colcon_core.package_identification:Package 'src/xarm_ros2/xarm_sdk' with type 'ros.ament_cmake' and name 'xarm_sdk'
[0.161s] Level 1:colcon.colcon_core.package_identification:_identify(src/xarm_ros2/xarm_vision) by extensions ['ignore', 'ignore_ament_install']
[0.161s] Level 1:colcon.colcon_core.package_identification:_identify(src/xarm_ros2/xarm_vision) by extension 'ignore'
[0.161s] Level 1:colcon.colcon_core.package_identification:_identify(src/xarm_ros2/xarm_vision) by extension 'ignore_ament_install'
[0.161s] Level 1:colcon.colcon_core.package_identification:_identify(src/xarm_ros2/xarm_vision) by extensions ['colcon_pkg']
[0.161s] Level 1:colcon.colcon_core.package_identification:_identify(src/xarm_ros2/xarm_vision) by extension 'colcon_pkg'
[0.161s] Level 1:colcon.colcon_core.package_identification:_identify(src/xarm_ros2/xarm_vision) by extensions ['colcon_meta']
[0.161s] Level 1:colcon.colcon_core.package_identification:_identify(src/xarm_ros2/xarm_vision) by extension 'colcon_meta'
[0.161s] Level 1:colcon.colcon_core.package_identification:_identify(src/xarm_ros2/xarm_vision) by extensions ['ros']
[0.161s] Level 1:colcon.colcon_core.package_identification:_identify(src/xarm_ros2/xarm_vision) by extension 'ros'
[0.161s] Level 1:colcon.colcon_core.package_identification:_identify(src/xarm_ros2/xarm_vision) by extensions ['cmake', 'python']
[0.161s] Level 1:colcon.colcon_core.package_identification:_identify(src/xarm_ros2/xarm_vision) by extension 'cmake'
[0.161s] Level 1:colcon.colcon_core.package_identification:_identify(src/xarm_ros2/xarm_vision) by extension 'python'
[0.161s] Level 1:colcon.colcon_core.package_identification:_identify(src/xarm_ros2/xarm_vision) by extensions ['python_setup_py']
[0.161s] Level 1:colcon.colcon_core.package_identification:_identify(src/xarm_ros2/xarm_vision) by extension 'python_setup_py'
[0.161s] Level 1:colcon.colcon_core.package_identification:_identify(src/xarm_ros2/xarm_vision/d435i_xarm_setup) by extensions ['ignore', 'ignore_ament_install']
[0.161s] Level 1:colcon.colcon_core.package_identification:_identify(src/xarm_ros2/xarm_vision/d435i_xarm_setup) by extension 'ignore'
[0.161s] Level 1:colcon.colcon_core.package_identification:_identify(src/xarm_ros2/xarm_vision/d435i_xarm_setup) by extension 'ignore_ament_install'
[0.161s] Level 1:colcon.colcon_core.package_identification:_identify(src/xarm_ros2/xarm_vision/d435i_xarm_setup) by extensions ['colcon_pkg']
[0.161s] Level 1:colcon.colcon_core.package_identification:_identify(src/xarm_ros2/xarm_vision/d435i_xarm_setup) by extension 'colcon_pkg'
[0.161s] Level 1:colcon.colcon_core.package_identification:_identify(src/xarm_ros2/xarm_vision/d435i_xarm_setup) by extensions ['colcon_meta']
[0.161s] Level 1:colcon.colcon_core.package_identification:_identify(src/xarm_ros2/xarm_vision/d435i_xarm_setup) by extension 'colcon_meta'
[0.161s] Level 1:colcon.colcon_core.package_identification:_identify(src/xarm_ros2/xarm_vision/d435i_xarm_setup) by extensions ['ros']
[0.161s] Level 1:colcon.colcon_core.package_identification:_identify(src/xarm_ros2/xarm_vision/d435i_xarm_setup) by extension 'ros'
[0.162s] DEBUG:colcon.colcon_core.package_identification:Package 'src/xarm_ros2/xarm_vision/d435i_xarm_setup' with type 'ros.ament_cmake' and name 'd435i_xarm_setup'
[0.162s] Level 1:colcon.colcon_core.package_discovery:discover_packages(recursive) using defaults
[0.162s] Level 1:colcon.colcon_core.package_discovery:discover_packages(ignore) discover
[0.162s] Level 1:colcon.colcon_core.package_discovery:discover_packages(ignore) using defaults
[0.162s] Level 1:colcon.colcon_core.package_discovery:discover_packages(path) discover
[0.162s] Level 1:colcon.colcon_core.package_discovery:discover_packages(path) using defaults
[0.183s] Level 1:colcon.colcon_core.package_discovery:discover_packages(prefix_path) check parameters
[0.183s] Level 1:colcon.colcon_core.package_discovery:discover_packages(prefix_path) discover
[0.184s] DEBUG:colcon.colcon_installed_package_information.package_discovery:Found 1 installed packages in /home/benongnuel/robo_ws/install
[0.185s] DEBUG:colcon.colcon_installed_package_information.package_discovery:Found 306 installed packages in /opt/ros/humble
[0.185s] Level 1:colcon.colcon_core.package_discovery:discover_packages(prefix_path) using defaults
[0.203s] WARNING:colcon.colcon_core.package_selection:Some selected packages are already built in one or more underlay workspaces:
	'kdl_parser' is in: /opt/ros/humble
If a package in a merged underlay workspace is overridden and it installs headers, then all packages in the overlay must sort their include directories by workspace order. Failure to do so may result in build failures or undefined behavior at run time.
If the overridden package is used by another package in any underlay, then the overriding package in the overlay must be API and ABI compatible or undefined behavior at run time may occur.

If you understand the risks and want to override a package anyways, add the following to the command line:
	--allow-overriding kdl_parser

This may be promoted to an error in a future release of colcon-override-check.
[0.204s] Level 5:colcon.colcon_core.verb:set package 'kdl_parser' build argument 'cmake_args' from command line to 'None'
[0.204s] Level 5:colcon.colcon_core.verb:set package 'kdl_parser' build argument 'cmake_target' from command line to 'None'
[0.204s] Level 5:colcon.colcon_core.verb:set package 'kdl_parser' build argument 'cmake_target_skip_unavailable' from command line to 'False'
[0.204s] Level 5:colcon.colcon_core.verb:set package 'kdl_parser' build argument 'cmake_clean_cache' from command line to 'False'
[0.204s] Level 5:colcon.colcon_core.verb:set package 'kdl_parser' build argument 'cmake_clean_first' from command line to 'False'
[0.204s] Level 5:colcon.colcon_core.verb:set package 'kdl_parser' build argument 'cmake_force_configure' from command line to 'False'
[0.204s] Level 5:colcon.colcon_core.verb:set package 'kdl_parser' build argument 'ament_cmake_args' from command line to 'None'
[0.204s] Level 5:colcon.colcon_core.verb:set package 'kdl_parser' build argument 'catkin_cmake_args' from command line to 'None'
[0.204s] Level 5:colcon.colcon_core.verb:set package 'kdl_parser' build argument 'catkin_skip_building_tests' from command line to 'False'
[0.204s] DEBUG:colcon.colcon_core.verb:Building package 'kdl_parser' with the following arguments: {'ament_cmake_args': None, 'build_base': '/home/benongnuel/dev_ws/build/kdl_parser', 'catkin_cmake_args': None, 'catkin_skip_building_tests': False, 'cmake_args': None, 'cmake_clean_cache': False, 'cmake_clean_first': False, 'cmake_force_configure': False, 'cmake_target': None, 'cmake_target_skip_unavailable': False, 'install_base': '/home/benongnuel/dev_ws/install/kdl_parser', 'merge_install': False, 'path': '/home/benongnuel/dev_ws/src/kdl_parser/kdl_parser', 'symlink_install': False, 'test_result_base': None}
[0.204s] Level 5:colcon.colcon_core.verb:set package 'mbot_demo' build argument 'cmake_args' from command line to 'None'
[0.204s] Level 5:colcon.colcon_core.verb:set package 'mbot_demo' build argument 'cmake_target' from command line to 'None'
[0.204s] Level 5:colcon.colcon_core.verb:set package 'mbot_demo' build argument 'cmake_target_skip_unavailable' from command line to 'False'
[0.204s] Level 5:colcon.colcon_core.verb:set package 'mbot_demo' build argument 'cmake_clean_cache' from command line to 'False'
[0.204s] Level 5:colcon.colcon_core.verb:set package 'mbot_demo' build argument 'cmake_clean_first' from command line to 'False'
[0.204s] Level 5:colcon.colcon_core.verb:set package 'mbot_demo' build argument 'cmake_force_configure' from command line to 'False'
[0.204s] Level 5:colcon.colcon_core.verb:set package 'mbot_demo' build argument 'ament_cmake_args' from command line to 'None'
[0.204s] Level 5:colcon.colcon_core.verb:set package 'mbot_demo' build argument 'catkin_cmake_args' from command line to 'None'
[0.204s] Level 5:colcon.colcon_core.verb:set package 'mbot_demo' build argument 'catkin_skip_building_tests' from command line to 'False'
[0.204s] DEBUG:colcon.colcon_core.verb:Building package 'mbot_demo' with the following arguments: {'ament_cmake_args': None, 'build_base': '/home/benongnuel/dev_ws/build/mbot_demo', 'catkin_cmake_args': None, 'catkin_skip_building_tests': False, 'cmake_args': None, 'cmake_clean_cache': False, 'cmake_clean_first': False, 'cmake_force_configure': False, 'cmake_target': None, 'cmake_target_skip_unavailable': False, 'install_base': '/home/benongnuel/dev_ws/install/mbot_demo', 'merge_install': False, 'path': '/home/benongnuel/dev_ws/src/xarm_ros2/demo/mbot_demo', 'symlink_install': False, 'test_result_base': None}
[0.204s] Level 5:colcon.colcon_core.verb:set package 'my_gripper_scripts' build argument 'cmake_args' from command line to 'None'
[0.204s] Level 5:colcon.colcon_core.verb:set package 'my_gripper_scripts' build argument 'cmake_target' from command line to 'None'
[0.204s] Level 5:colcon.colcon_core.verb:set package 'my_gripper_scripts' build argument 'cmake_target_skip_unavailable' from command line to 'False'
[0.204s] Level 5:colcon.colcon_core.verb:set package 'my_gripper_scripts' build argument 'cmake_clean_cache' from command line to 'False'
[0.204s] Level 5:colcon.colcon_core.verb:set package 'my_gripper_scripts' build argument 'cmake_clean_first' from command line to 'False'
[0.204s] Level 5:colcon.colcon_core.verb:set package 'my_gripper_scripts' build argument 'cmake_force_configure' from command line to 'False'
[0.204s] Level 5:colcon.colcon_core.verb:set package 'my_gripper_scripts' build argument 'ament_cmake_args' from command line to 'None'
[0.204s] Level 5:colcon.colcon_core.verb:set package 'my_gripper_scripts' build argument 'catkin_cmake_args' from command line to 'None'
[0.204s] Level 5:colcon.colcon_core.verb:set package 'my_gripper_scripts' build argument 'catkin_skip_building_tests' from command line to 'False'
[0.204s] DEBUG:colcon.colcon_core.verb:Building package 'my_gripper_scripts' with the following arguments: {'ament_cmake_args': None, 'build_base': '/home/benongnuel/dev_ws/build/my_gripper_scripts', 'catkin_cmake_args': None, 'catkin_skip_building_tests': False, 'cmake_args': None, 'cmake_clean_cache': False, 'cmake_clean_first': False, 'cmake_force_configure': False, 'cmake_target': None, 'cmake_target_skip_unavailable': False, 'install_base': '/home/benongnuel/dev_ws/install/my_gripper_scripts', 'merge_install': False, 'path': '/home/benongnuel/dev_ws/my_gripper_scripts', 'symlink_install': False, 'test_result_base': None}
[0.205s] Level 5:colcon.colcon_core.verb:set package 'realsense_gazebo_plugin' build argument 'cmake_args' from command line to 'None'
[0.205s] Level 5:colcon.colcon_core.verb:set package 'realsense_gazebo_plugin' build argument 'cmake_target' from command line to 'None'
[0.205s] Level 5:colcon.colcon_core.verb:set package 'realsense_gazebo_plugin' build argument 'cmake_target_skip_unavailable' from command line to 'False'
[0.205s] Level 5:colcon.colcon_core.verb:set package 'realsense_gazebo_plugin' build argument 'cmake_clean_cache' from command line to 'False'
[0.205s] Level 5:colcon.colcon_core.verb:set package 'realsense_gazebo_plugin' build argument 'cmake_clean_first' from command line to 'False'
[0.205s] Level 5:colcon.colcon_core.verb:set package 'realsense_gazebo_plugin' build argument 'cmake_force_configure' from command line to 'False'
[0.205s] Level 5:colcon.colcon_core.verb:set package 'realsense_gazebo_plugin' build argument 'ament_cmake_args' from command line to 'None'
[0.205s] Level 5:colcon.colcon_core.verb:set package 'realsense_gazebo_plugin' build argument 'catkin_cmake_args' from command line to 'None'
[0.205s] Level 5:colcon.colcon_core.verb:set package 'realsense_gazebo_plugin' build argument 'catkin_skip_building_tests' from command line to 'False'
[0.205s] DEBUG:colcon.colcon_core.verb:Building package 'realsense_gazebo_plugin' with the following arguments: {'ament_cmake_args': None, 'build_base': '/home/benongnuel/dev_ws/build/realsense_gazebo_plugin', 'catkin_cmake_args': None, 'catkin_skip_building_tests': False, 'cmake_args': None, 'cmake_clean_cache': False, 'cmake_clean_first': False, 'cmake_force_configure': False, 'cmake_target': None, 'cmake_target_skip_unavailable': False, 'install_base': '/home/benongnuel/dev_ws/install/realsense_gazebo_plugin', 'merge_install': False, 'path': '/home/benongnuel/dev_ws/src/xarm_ros2/thirdparty/realsense_gazebo_plugin', 'symlink_install': False, 'test_result_base': None}
[0.205s] Level 5:colcon.colcon_core.verb:set package 'uf_ros_lib' build argument 'cmake_args' from command line to 'None'
[0.205s] Level 5:colcon.colcon_core.verb:set package 'uf_ros_lib' build argument 'cmake_target' from command line to 'None'
[0.205s] Level 5:colcon.colcon_core.verb:set package 'uf_ros_lib' build argument 'cmake_target_skip_unavailable' from command line to 'False'
[0.205s] Level 5:colcon.colcon_core.verb:set package 'uf_ros_lib' build argument 'cmake_clean_cache' from command line to 'False'
[0.205s] Level 5:colcon.colcon_core.verb:set package 'uf_ros_lib' build argument 'cmake_clean_first' from command line to 'False'
[0.205s] Level 5:colcon.colcon_core.verb:set package 'uf_ros_lib' build argument 'cmake_force_configure' from command line to 'False'
[0.205s] Level 5:colcon.colcon_core.verb:set package 'uf_ros_lib' build argument 'ament_cmake_args' from command line to 'None'
[0.205s] Level 5:colcon.colcon_core.verb:set package 'uf_ros_lib' build argument 'catkin_cmake_args' from command line to 'None'
[0.205s] Level 5:colcon.colcon_core.verb:set package 'uf_ros_lib' build argument 'catkin_skip_building_tests' from command line to 'False'
[0.205s] DEBUG:colcon.colcon_core.verb:Building package 'uf_ros_lib' with the following arguments: {'ament_cmake_args': None, 'build_base': '/home/benongnuel/dev_ws/build/uf_ros_lib', 'catkin_cmake_args': None, 'catkin_skip_building_tests': False, 'cmake_args': None, 'cmake_clean_cache': False, 'cmake_clean_first': False, 'cmake_force_configure': False, 'cmake_target': None, 'cmake_target_skip_unavailable': False, 'install_base': '/home/benongnuel/dev_ws/install/uf_ros_lib', 'merge_install': False, 'path': '/home/benongnuel/dev_ws/src/xarm_ros2/uf_ros_lib', 'symlink_install': False, 'test_result_base': None}
[0.205s] Level 5:colcon.colcon_core.verb:set package 'xarm_description' build argument 'cmake_args' from command line to 'None'
[0.205s] Level 5:colcon.colcon_core.verb:set package 'xarm_description' build argument 'cmake_target' from command line to 'None'
[0.205s] Level 5:colcon.colcon_core.verb:set package 'xarm_description' build argument 'cmake_target_skip_unavailable' from command line to 'False'
[0.205s] Level 5:colcon.colcon_core.verb:set package 'xarm_description' build argument 'cmake_clean_cache' from command line to 'False'
[0.205s] Level 5:colcon.colcon_core.verb:set package 'xarm_description' build argument 'cmake_clean_first' from command line to 'False'
[0.205s] Level 5:colcon.colcon_core.verb:set package 'xarm_description' build argument 'cmake_force_configure' from command line to 'False'
[0.205s] Level 5:colcon.colcon_core.verb:set package 'xarm_description' build argument 'ament_cmake_args' from command line to 'None'
[0.205s] Level 5:colcon.colcon_core.verb:set package 'xarm_description' build argument 'catkin_cmake_args' from command line to 'None'
[0.205s] Level 5:colcon.colcon_core.verb:set package 'xarm_description' build argument 'catkin_skip_building_tests' from command line to 'False'
[0.205s] DEBUG:colcon.colcon_core.verb:Building package 'xarm_description' with the following arguments: {'ament_cmake_args': None, 'build_base': '/home/benongnuel/dev_ws/build/xarm_description', 'catkin_cmake_args': None, 'catkin_skip_building_tests': False, 'cmake_args': None, 'cmake_clean_cache': False, 'cmake_clean_first': False, 'cmake_force_configure': False, 'cmake_target': None, 'cmake_target_skip_unavailable': False, 'install_base': '/home/benongnuel/dev_ws/install/xarm_description', 'merge_install': False, 'path': '/home/benongnuel/dev_ws/src/xarm_ros2/xarm_description', 'symlink_install': False, 'test_result_base': None}
[0.205s] Level 5:colcon.colcon_core.verb:set package 'xarm_msgs' build argument 'cmake_args' from command line to 'None'
[0.205s] Level 5:colcon.colcon_core.verb:set package 'xarm_msgs' build argument 'cmake_target' from command line to 'None'
[0.205s] Level 5:colcon.colcon_core.verb:set package 'xarm_msgs' build argument 'cmake_target_skip_unavailable' from command line to 'False'
[0.205s] Level 5:colcon.colcon_core.verb:set package 'xarm_msgs' build argument 'cmake_clean_cache' from command line to 'False'
[0.205s] Level 5:colcon.colcon_core.verb:set package 'xarm_msgs' build argument 'cmake_clean_first' from command line to 'False'
[0.205s] Level 5:colcon.colcon_core.verb:set package 'xarm_msgs' build argument 'cmake_force_configure' from command line to 'False'
[0.205s] Level 5:colcon.colcon_core.verb:set package 'xarm_msgs' build argument 'ament_cmake_args' from command line to 'None'
[0.205s] Level 5:colcon.colcon_core.verb:set package 'xarm_msgs' build argument 'catkin_cmake_args' from command line to 'None'
[0.205s] Level 5:colcon.colcon_core.verb:set package 'xarm_msgs' build argument 'catkin_skip_building_tests' from command line to 'False'
[0.205s] DEBUG:colcon.colcon_core.verb:Building package 'xarm_msgs' with the following arguments: {'ament_cmake_args': None, 'build_base': '/home/benongnuel/dev_ws/build/xarm_msgs', 'catkin_cmake_args': None, 'catkin_skip_building_tests': False, 'cmake_args': None, 'cmake_clean_cache': False, 'cmake_clean_first': False, 'cmake_force_configure': False, 'cmake_target': None, 'cmake_target_skip_unavailable': False, 'install_base': '/home/benongnuel/dev_ws/install/xarm_msgs', 'merge_install': False, 'path': '/home/benongnuel/dev_ws/src/xarm_ros2/xarm_msgs', 'symlink_install': False, 'test_result_base': None}
[0.206s] Level 5:colcon.colcon_core.verb:set package 'xarm_sdk' build argument 'cmake_args' from command line to 'None'
[0.206s] Level 5:colcon.colcon_core.verb:set package 'xarm_sdk' build argument 'cmake_target' from command line to 'None'
[0.206s] Level 5:colcon.colcon_core.verb:set package 'xarm_sdk' build argument 'cmake_target_skip_unavailable' from command line to 'False'
[0.206s] Level 5:colcon.colcon_core.verb:set package 'xarm_sdk' build argument 'cmake_clean_cache' from command line to 'False'
[0.206s] Level 5:colcon.colcon_core.verb:set package 'xarm_sdk' build argument 'cmake_clean_first' from command line to 'False'
[0.206s] Level 5:colcon.colcon_core.verb:set package 'xarm_sdk' build argument 'cmake_force_configure' from command line to 'False'
[0.206s] Level 5:colcon.colcon_core.verb:set package 'xarm_sdk' build argument 'ament_cmake_args' from command line to 'None'
[0.206s] Level 5:colcon.colcon_core.verb:set package 'xarm_sdk' build argument 'catkin_cmake_args' from command line to 'None'
[0.206s] Level 5:colcon.colcon_core.verb:set package 'xarm_sdk' build argument 'catkin_skip_building_tests' from command line to 'False'
[0.206s] DEBUG:colcon.colcon_core.verb:Building package 'xarm_sdk' with the following arguments: {'ament_cmake_args': None, 'build_base': '/home/benongnuel/dev_ws/build/xarm_sdk', 'catkin_cmake_args': None, 'catkin_skip_building_tests': False, 'cmake_args': None, 'cmake_clean_cache': False, 'cmake_clean_first': False, 'cmake_force_configure': False, 'cmake_target': None, 'cmake_target_skip_unavailable': False, 'install_base': '/home/benongnuel/dev_ws/install/xarm_sdk', 'merge_install': False, 'path': '/home/benongnuel/dev_ws/src/xarm_ros2/xarm_sdk', 'symlink_install': False, 'test_result_base': None}
[0.206s] Level 5:colcon.colcon_core.verb:set package 'xarm_api' build argument 'cmake_args' from command line to 'None'
[0.206s] Level 5:colcon.colcon_core.verb:set package 'xarm_api' build argument 'cmake_target' from command line to 'None'
[0.206s] Level 5:colcon.colcon_core.verb:set package 'xarm_api' build argument 'cmake_target_skip_unavailable' from command line to 'False'
[0.206s] Level 5:colcon.colcon_core.verb:set package 'xarm_api' build argument 'cmake_clean_cache' from command line to 'False'
[0.206s] Level 5:colcon.colcon_core.verb:set package 'xarm_api' build argument 'cmake_clean_first' from command line to 'False'
[0.206s] Level 5:colcon.colcon_core.verb:set package 'xarm_api' build argument 'cmake_force_configure' from command line to 'False'
[0.206s] Level 5:colcon.colcon_core.verb:set package 'xarm_api' build argument 'ament_cmake_args' from command line to 'None'
[0.206s] Level 5:colcon.colcon_core.verb:set package 'xarm_api' build argument 'catkin_cmake_args' from command line to 'None'
[0.206s] Level 5:colcon.colcon_core.verb:set package 'xarm_api' build argument 'catkin_skip_building_tests' from command line to 'False'
[0.206s] DEBUG:colcon.colcon_core.verb:Building package 'xarm_api' with the following arguments: {'ament_cmake_args': None, 'build_base': '/home/benongnuel/dev_ws/build/xarm_api', 'catkin_cmake_args': None, 'catkin_skip_building_tests': False, 'cmake_args': None, 'cmake_clean_cache': False, 'cmake_clean_first': False, 'cmake_force_configure': False, 'cmake_target': None, 'cmake_target_skip_unavailable': False, 'install_base': '/home/benongnuel/dev_ws/install/xarm_api', 'merge_install': False, 'path': '/home/benongnuel/dev_ws/src/xarm_ros2/xarm_api', 'symlink_install': False, 'test_result_base': None}
[0.206s] Level 5:colcon.colcon_core.verb:set package 'd435i_xarm_setup' build argument 'cmake_args' from command line to 'None'
[0.206s] Level 5:colcon.colcon_core.verb:set package 'd435i_xarm_setup' build argument 'cmake_target' from command line to 'None'
[0.206s] Level 5:colcon.colcon_core.verb:set package 'd435i_xarm_setup' build argument 'cmake_target_skip_unavailable' from command line to 'False'
[0.206s] Level 5:colcon.colcon_core.verb:set package 'd435i_xarm_setup' build argument 'cmake_clean_cache' from command line to 'False'
[0.206s] Level 5:colcon.colcon_core.verb:set package 'd435i_xarm_setup' build argument 'cmake_clean_first' from command line to 'False'
[0.206s] Level 5:colcon.colcon_core.verb:set package 'd435i_xarm_setup' build argument 'cmake_force_configure' from command line to 'False'
[0.206s] Level 5:colcon.colcon_core.verb:set package 'd435i_xarm_setup' build argument 'ament_cmake_args' from command line to 'None'
[0.206s] Level 5:colcon.colcon_core.verb:set package 'd435i_xarm_setup' build argument 'catkin_cmake_args' from command line to 'None'
[0.206s] Level 5:colcon.colcon_core.verb:set package 'd435i_xarm_setup' build argument 'catkin_skip_building_tests' from command line to 'False'
[0.206s] DEBUG:colcon.colcon_core.verb:Building package 'd435i_xarm_setup' with the following arguments: {'ament_cmake_args': None, 'build_base': '/home/benongnuel/dev_ws/build/d435i_xarm_setup', 'catkin_cmake_args': None, 'catkin_skip_building_tests': False, 'cmake_args': None, 'cmake_clean_cache': False, 'cmake_clean_first': False, 'cmake_force_configure': False, 'cmake_target': None, 'cmake_target_skip_unavailable': False, 'install_base': '/home/benongnuel/dev_ws/install/d435i_xarm_setup', 'merge_install': False, 'path': '/home/benongnuel/dev_ws/src/xarm_ros2/xarm_vision/d435i_xarm_setup', 'symlink_install': False, 'test_result_base': None}
[0.206s] Level 5:colcon.colcon_core.verb:set package 'xarm_controller' build argument 'cmake_args' from command line to 'None'
[0.206s] Level 5:colcon.colcon_core.verb:set package 'xarm_controller' build argument 'cmake_target' from command line to 'None'
[0.206s] Level 5:colcon.colcon_core.verb:set package 'xarm_controller' build argument 'cmake_target_skip_unavailable' from command line to 'False'
[0.206s] Level 5:colcon.colcon_core.verb:set package 'xarm_controller' build argument 'cmake_clean_cache' from command line to 'False'
[0.206s] Level 5:colcon.colcon_core.verb:set package 'xarm_controller' build argument 'cmake_clean_first' from command line to 'False'
[0.206s] Level 5:colcon.colcon_core.verb:set package 'xarm_controller' build argument 'cmake_force_configure' from command line to 'False'
[0.206s] Level 5:colcon.colcon_core.verb:set package 'xarm_controller' build argument 'ament_cmake_args' from command line to 'None'
[0.206s] Level 5:colcon.colcon_core.verb:set package 'xarm_controller' build argument 'catkin_cmake_args' from command line to 'None'
[0.206s] Level 5:colcon.colcon_core.verb:set package 'xarm_controller' build argument 'catkin_skip_building_tests' from command line to 'False'
[0.206s] DEBUG:colcon.colcon_core.verb:Building package 'xarm_controller' with the following arguments: {'ament_cmake_args': None, 'build_base': '/home/benongnuel/dev_ws/build/xarm_controller', 'catkin_cmake_args': None, 'catkin_skip_building_tests': False, 'cmake_args': None, 'cmake_clean_cache': False, 'cmake_clean_first': False, 'cmake_force_configure': False, 'cmake_target': None, 'cmake_target_skip_unavailable': False, 'install_base': '/home/benongnuel/dev_ws/install/xarm_controller', 'merge_install': False, 'path': '/home/benongnuel/dev_ws/src/xarm_ros2/xarm_controller', 'symlink_install': False, 'test_result_base': None}
[0.207s] Level 5:colcon.colcon_core.verb:set package 'xarm_gazebo' build argument 'cmake_args' from command line to 'None'
[0.207s] Level 5:colcon.colcon_core.verb:set package 'xarm_gazebo' build argument 'cmake_target' from command line to 'None'
[0.207s] Level 5:colcon.colcon_core.verb:set package 'xarm_gazebo' build argument 'cmake_target_skip_unavailable' from command line to 'False'
[0.207s] Level 5:colcon.colcon_core.verb:set package 'xarm_gazebo' build argument 'cmake_clean_cache' from command line to 'False'
[0.207s] Level 5:colcon.colcon_core.verb:set package 'xarm_gazebo' build argument 'cmake_clean_first' from command line to 'False'
[0.207s] Level 5:colcon.colcon_core.verb:set package 'xarm_gazebo' build argument 'cmake_force_configure' from command line to 'False'
[0.207s] Level 5:colcon.colcon_core.verb:set package 'xarm_gazebo' build argument 'ament_cmake_args' from command line to 'None'
[0.207s] Level 5:colcon.colcon_core.verb:set package 'xarm_gazebo' build argument 'catkin_cmake_args' from command line to 'None'
[0.207s] Level 5:colcon.colcon_core.verb:set package 'xarm_gazebo' build argument 'catkin_skip_building_tests' from command line to 'False'
[0.207s] DEBUG:colcon.colcon_core.verb:Building package 'xarm_gazebo' with the following arguments: {'ament_cmake_args': None, 'build_base': '/home/benongnuel/dev_ws/build/xarm_gazebo', 'catkin_cmake_args': None, 'catkin_skip_building_tests': False, 'cmake_args': None, 'cmake_clean_cache': False, 'cmake_clean_first': False, 'cmake_force_configure': False, 'cmake_target': None, 'cmake_target_skip_unavailable': False, 'install_base': '/home/benongnuel/dev_ws/install/xarm_gazebo', 'merge_install': False, 'path': '/home/benongnuel/dev_ws/src/xarm_ros2/xarm_gazebo', 'symlink_install': False, 'test_result_base': None}
[0.207s] Level 5:colcon.colcon_core.verb:set package 'xarm_moveit_config' build argument 'cmake_args' from command line to 'None'
[0.207s] Level 5:colcon.colcon_core.verb:set package 'xarm_moveit_config' build argument 'cmake_target' from command line to 'None'
[0.207s] Level 5:colcon.colcon_core.verb:set package 'xarm_moveit_config' build argument 'cmake_target_skip_unavailable' from command line to 'False'
[0.207s] Level 5:colcon.colcon_core.verb:set package 'xarm_moveit_config' build argument 'cmake_clean_cache' from command line to 'False'
[0.207s] Level 5:colcon.colcon_core.verb:set package 'xarm_moveit_config' build argument 'cmake_clean_first' from command line to 'False'
[0.207s] Level 5:colcon.colcon_core.verb:set package 'xarm_moveit_config' build argument 'cmake_force_configure' from command line to 'False'
[0.207s] Level 5:colcon.colcon_core.verb:set package 'xarm_moveit_config' build argument 'ament_cmake_args' from command line to 'None'
[0.207s] Level 5:colcon.colcon_core.verb:set package 'xarm_moveit_config' build argument 'catkin_cmake_args' from command line to 'None'
[0.207s] Level 5:colcon.colcon_core.verb:set package 'xarm_moveit_config' build argument 'catkin_skip_building_tests' from command line to 'False'
[0.207s] DEBUG:colcon.colcon_core.verb:Building package 'xarm_moveit_config' with the following arguments: {'ament_cmake_args': None, 'build_base': '/home/benongnuel/dev_ws/build/xarm_moveit_config', 'catkin_cmake_args': None, 'catkin_skip_building_tests': False, 'cmake_args': None, 'cmake_clean_cache': False, 'cmake_clean_first': False, 'cmake_force_configure': False, 'cmake_target': None, 'cmake_target_skip_unavailable': False, 'install_base': '/home/benongnuel/dev_ws/install/xarm_moveit_config', 'merge_install': False, 'path': '/home/benongnuel/dev_ws/src/xarm_ros2/xarm_moveit_config', 'symlink_install': False, 'test_result_base': None}
[0.207s] Level 5:colcon.colcon_core.verb:set package 'xarm_moveit_servo' build argument 'cmake_args' from command line to 'None'
[0.207s] Level 5:colcon.colcon_core.verb:set package 'xarm_moveit_servo' build argument 'cmake_target' from command line to 'None'
[0.207s] Level 5:colcon.colcon_core.verb:set package 'xarm_moveit_servo' build argument 'cmake_target_skip_unavailable' from command line to 'False'
[0.207s] Level 5:colcon.colcon_core.verb:set package 'xarm_moveit_servo' build argument 'cmake_clean_cache' from command line to 'False'
[0.207s] Level 5:colcon.colcon_core.verb:set package 'xarm_moveit_servo' build argument 'cmake_clean_first' from command line to 'False'
[0.207s] Level 5:colcon.colcon_core.verb:set package 'xarm_moveit_servo' build argument 'cmake_force_configure' from command line to 'False'
[0.207s] Level 5:colcon.colcon_core.verb:set package 'xarm_moveit_servo' build argument 'ament_cmake_args' from command line to 'None'
[0.207s] Level 5:colcon.colcon_core.verb:set package 'xarm_moveit_servo' build argument 'catkin_cmake_args' from command line to 'None'
[0.207s] Level 5:colcon.colcon_core.verb:set package 'xarm_moveit_servo' build argument 'catkin_skip_building_tests' from command line to 'False'
[0.207s] DEBUG:colcon.colcon_core.verb:Building package 'xarm_moveit_servo' with the following arguments: {'ament_cmake_args': None, 'build_base': '/home/benongnuel/dev_ws/build/xarm_moveit_servo', 'catkin_cmake_args': None, 'catkin_skip_building_tests': False, 'cmake_args': None, 'cmake_clean_cache': False, 'cmake_clean_first': False, 'cmake_force_configure': False, 'cmake_target': None, 'cmake_target_skip_unavailable': False, 'install_base': '/home/benongnuel/dev_ws/install/xarm_moveit_servo', 'merge_install': False, 'path': '/home/benongnuel/dev_ws/src/xarm_ros2/xarm_moveit_servo', 'symlink_install': False, 'test_result_base': None}
[0.207s] Level 5:colcon.colcon_core.verb:set package 'xarm_planner' build argument 'cmake_args' from command line to 'None'
[0.207s] Level 5:colcon.colcon_core.verb:set package 'xarm_planner' build argument 'cmake_target' from command line to 'None'
[0.207s] Level 5:colcon.colcon_core.verb:set package 'xarm_planner' build argument 'cmake_target_skip_unavailable' from command line to 'False'
[0.207s] Level 5:colcon.colcon_core.verb:set package 'xarm_planner' build argument 'cmake_clean_cache' from command line to 'False'
[0.207s] Level 5:colcon.colcon_core.verb:set package 'xarm_planner' build argument 'cmake_clean_first' from command line to 'False'
[0.207s] Level 5:colcon.colcon_core.verb:set package 'xarm_planner' build argument 'cmake_force_configure' from command line to 'False'
[0.207s] Level 5:colcon.colcon_core.verb:set package 'xarm_planner' build argument 'ament_cmake_args' from command line to 'None'
[0.207s] Level 5:colcon.colcon_core.verb:set package 'xarm_planner' build argument 'catkin_cmake_args' from command line to 'None'
[0.208s] Level 5:colcon.colcon_core.verb:set package 'xarm_planner' build argument 'catkin_skip_building_tests' from command line to 'False'
[0.208s] DEBUG:colcon.colcon_core.verb:Building package 'xarm_planner' with the following arguments: {'ament_cmake_args': None, 'build_base': '/home/benongnuel/dev_ws/build/xarm_planner', 'catkin_cmake_args': None, 'catkin_skip_building_tests': False, 'cmake_args': None, 'cmake_clean_cache': False, 'cmake_clean_first': False, 'cmake_force_configure': False, 'cmake_target': None, 'cmake_target_skip_unavailable': False, 'install_base': '/home/benongnuel/dev_ws/install/xarm_planner', 'merge_install': False, 'path': '/home/benongnuel/dev_ws/src/xarm_ros2/xarm_planner', 'symlink_install': False, 'test_result_base': None}
[0.208s] INFO:colcon.colcon_core.executor:Executing jobs using 'parallel' executor
[0.208s] DEBUG:colcon.colcon_parallel_executor.executor.parallel:run_until_complete
[0.209s] INFO:colcon.colcon_ros.task.ament_cmake.build:Building ROS package in '/home/benongnuel/dev_ws/src/xarm_ros2/xarm_description' with build type 'ament_cmake'
[0.209s] INFO:colcon.colcon_cmake.task.cmake.build:Building CMake package in '/home/benongnuel/dev_ws/src/xarm_ros2/xarm_description'
[0.210s] INFO:colcon.colcon_core.plugin_system:Skipping extension 'colcon_core.shell.bat': Not used on non-Windows systems
[0.210s] INFO:colcon.colcon_core.shell:Skip shell extension 'powershell' for command environment: Not usable outside of PowerShell
[0.210s] DEBUG:colcon.colcon_core.shell:Skip shell extension 'dsv' for command environment
[0.212s] INFO:colcon.colcon_ros.task.ament_cmake.build:Building ROS package in '/home/benongnuel/dev_ws/src/xarm_ros2/xarm_msgs' with build type 'ament_cmake'
[0.212s] INFO:colcon.colcon_cmake.task.cmake.build:Building CMake package in '/home/benongnuel/dev_ws/src/xarm_ros2/xarm_msgs'
[0.212s] INFO:colcon.colcon_core.shell:Skip shell extension 'powershell' for command environment: Not usable outside of PowerShell
[0.212s] DEBUG:colcon.colcon_core.shell:Skip shell extension 'dsv' for command environment
[0.214s] INFO:colcon.colcon_ros.task.ament_cmake.build:Building ROS package in '/home/benongnuel/dev_ws/src/xarm_ros2/xarm_sdk' with build type 'ament_cmake'
[0.214s] INFO:colcon.colcon_cmake.task.cmake.build:Building CMake package in '/home/benongnuel/dev_ws/src/xarm_ros2/xarm_sdk'
[0.214s] INFO:colcon.colcon_core.shell:Skip shell extension 'powershell' for command environment: Not usable outside of PowerShell
[0.214s] DEBUG:colcon.colcon_core.shell:Skip shell extension 'dsv' for command environment
[0.216s] INFO:colcon.colcon_ros.task.ament_python.build:Building ROS package in '/home/benongnuel/dev_ws/src/xarm_ros2/uf_ros_lib' with build type 'ament_python'
[0.216s] Level 1:colcon.colcon_core.shell:create_environment_hook('uf_ros_lib', 'ament_prefix_path')
[0.216s] INFO:colcon.colcon_core.shell:Creating environment hook '/home/benongnuel/dev_ws/install/uf_ros_lib/share/uf_ros_lib/hook/ament_prefix_path.ps1'
[0.216s] INFO:colcon.colcon_core.shell:Creating environment descriptor '/home/benongnuel/dev_ws/install/uf_ros_lib/share/uf_ros_lib/hook/ament_prefix_path.dsv'
[0.217s] INFO:colcon.colcon_core.shell:Creating environment hook '/home/benongnuel/dev_ws/install/uf_ros_lib/share/uf_ros_lib/hook/ament_prefix_path.sh'
[0.217s] INFO:colcon.colcon_core.shell:Skip shell extension 'powershell' for command environment: Not usable outside of PowerShell
[0.217s] DEBUG:colcon.colcon_core.shell:Skip shell extension 'dsv' for command environment
[0.219s] INFO:colcon.colcon_ros.task.ament_cmake.build:Building ROS package in '/home/benongnuel/dev_ws/src/kdl_parser/kdl_parser' with build type 'ament_cmake'
[0.219s] INFO:colcon.colcon_cmake.task.cmake.build:Building CMake package in '/home/benongnuel/dev_ws/src/kdl_parser/kdl_parser'
[0.219s] INFO:colcon.colcon_core.shell:Skip shell extension 'powershell' for command environment: Not usable outside of PowerShell
[0.219s] DEBUG:colcon.colcon_core.shell:Skip shell extension 'dsv' for command environment
[0.221s] INFO:colcon.colcon_ros.task.ament_cmake.build:Building ROS package in '/home/benongnuel/dev_ws/src/xarm_ros2/demo/mbot_demo' with build type 'ament_cmake'
[0.221s] INFO:colcon.colcon_cmake.task.cmake.build:Building CMake package in '/home/benongnuel/dev_ws/src/xarm_ros2/demo/mbot_demo'
[0.221s] INFO:colcon.colcon_core.shell:Skip shell extension 'powershell' for command environment: Not usable outside of PowerShell
[0.221s] DEBUG:colcon.colcon_core.shell:Skip shell extension 'dsv' for command environment
[0.222s] INFO:colcon.colcon_ros.task.ament_python.build:Building ROS package in '/home/benongnuel/dev_ws/my_gripper_scripts' with build type 'ament_python'
[0.222s] Level 1:colcon.colcon_core.shell:create_environment_hook('my_gripper_scripts', 'ament_prefix_path')
[0.222s] INFO:colcon.colcon_core.shell:Creating environment hook '/home/benongnuel/dev_ws/install/my_gripper_scripts/share/my_gripper_scripts/hook/ament_prefix_path.ps1'
[0.223s] INFO:colcon.colcon_core.shell:Creating environment descriptor '/home/benongnuel/dev_ws/install/my_gripper_scripts/share/my_gripper_scripts/hook/ament_prefix_path.dsv'
[0.223s] INFO:colcon.colcon_core.shell:Creating environment hook '/home/benongnuel/dev_ws/install/my_gripper_scripts/share/my_gripper_scripts/hook/ament_prefix_path.sh'
[0.223s] INFO:colcon.colcon_core.shell:Skip shell extension 'powershell' for command environment: Not usable outside of PowerShell
[0.223s] DEBUG:colcon.colcon_core.shell:Skip shell extension 'dsv' for command environment
[0.225s] INFO:colcon.colcon_ros.task.ament_cmake.build:Building ROS package in '/home/benongnuel/dev_ws/src/xarm_ros2/thirdparty/realsense_gazebo_plugin' with build type 'ament_cmake'
[0.225s] INFO:colcon.colcon_cmake.task.cmake.build:Building CMake package in '/home/benongnuel/dev_ws/src/xarm_ros2/thirdparty/realsense_gazebo_plugin'
[0.225s] INFO:colcon.colcon_core.shell:Skip shell extension 'powershell' for command environment: Not usable outside of PowerShell
[0.225s] DEBUG:colcon.colcon_core.shell:Skip shell extension 'dsv' for command environment
[0.229s] DEBUG:colcon.colcon_core.event_handler.log_command:Invoking command in '/home/benongnuel/dev_ws/build/xarm_description': CMAKE_PREFIX_PATH=${CMAKE_PREFIX_PATH}:/opt/ros/humble /usr/bin/cmake /home/benongnuel/dev_ws/src/xarm_ros2/xarm_description -DCMAKE_INSTALL_PREFIX=/home/benongnuel/dev_ws/install/xarm_description
[0.231s] DEBUG:colcon.colcon_core.event_handler.log_command:Invoking command in '/home/benongnuel/dev_ws/build/xarm_msgs': CMAKE_PREFIX_PATH=${CMAKE_PREFIX_PATH}:/opt/ros/humble /usr/bin/cmake /home/benongnuel/dev_ws/src/xarm_ros2/xarm_msgs -DCMAKE_INSTALL_PREFIX=/home/benongnuel/dev_ws/install/xarm_msgs
[0.232s] DEBUG:colcon.colcon_core.event_handler.log_command:Invoking command in '/home/benongnuel/dev_ws/build/xarm_sdk': CMAKE_PREFIX_PATH=${CMAKE_PREFIX_PATH}:/opt/ros/humble /usr/bin/cmake /home/benongnuel/dev_ws/src/xarm_ros2/xarm_sdk -DCMAKE_INSTALL_PREFIX=/home/benongnuel/dev_ws/install/xarm_sdk
[0.374s] INFO:colcon.colcon_core.task.python.build:Building Python package in '/home/benongnuel/dev_ws/src/xarm_ros2/uf_ros_lib'
[0.374s] INFO:colcon.colcon_core.shell:Skip shell extension 'powershell' for command environment: Not usable outside of PowerShell
[0.374s] DEBUG:colcon.colcon_core.shell:Skip shell extension 'dsv' for command environment
[0.378s] DEBUG:colcon.colcon_core.event_handler.log_command:Invoking command in '/home/benongnuel/dev_ws/build/kdl_parser': CMAKE_PREFIX_PATH=${CMAKE_PREFIX_PATH}:/opt/ros/humble /usr/bin/cmake /home/benongnuel/dev_ws/src/kdl_parser/kdl_parser -DCMAKE_INSTALL_PREFIX=/home/benongnuel/dev_ws/install/kdl_parser
[0.380s] DEBUG:colcon.colcon_core.event_handler.log_command:Invoking command in '/home/benongnuel/dev_ws/build/mbot_demo': CMAKE_PREFIX_PATH=${CMAKE_PREFIX_PATH}:/opt/ros/humble /usr/bin/cmake /home/benongnuel/dev_ws/src/xarm_ros2/demo/mbot_demo -DCMAKE_INSTALL_PREFIX=/home/benongnuel/dev_ws/install/mbot_demo
[0.542s] INFO:colcon.colcon_core.task.python.build:Building Python package in '/home/benongnuel/dev_ws/my_gripper_scripts'
[0.542s] INFO:colcon.colcon_core.shell:Skip shell extension 'powershell' for command environment: Not usable outside of PowerShell
[0.542s] DEBUG:colcon.colcon_core.shell:Skip shell extension 'dsv' for command environment
[0.555s] DEBUG:colcon.colcon_core.event_handler.log_command:Invoking command in '/home/benongnuel/dev_ws/build/realsense_gazebo_plugin': CMAKE_PREFIX_PATH=${CMAKE_PREFIX_PATH}:/opt/ros/humble /usr/bin/cmake /home/benongnuel/dev_ws/src/xarm_ros2/thirdparty/realsense_gazebo_plugin -DCMAKE_INSTALL_PREFIX=/home/benongnuel/dev_ws/install/realsense_gazebo_plugin
[0.810s] DEBUG:colcon.colcon_core.event_handler.log_command:Invoking command in '/home/benongnuel/dev_ws/src/xarm_ros2/uf_ros_lib': PYTHONPATH=/home/benongnuel/dev_ws/build/uf_ros_lib/prefix_override:/usr/lib/python3/dist-packages/colcon_core/task/python/colcon_distutils_commands:/home/benongnuel/dev_ws/install/uf_ros_lib/lib/python3.10/site-packages:${PYTHONPATH} /usr/bin/python3 -W ignore:setup.py install is deprecated -W ignore:easy_install command is deprecated setup.py egg_info --egg-base ../../../build/uf_ros_lib build --build-base /home/benongnuel/dev_ws/build/uf_ros_lib/build install --record /home/benongnuel/dev_ws/build/uf_ros_lib/install.log --single-version-externally-managed install_data
[0.865s] DEBUG:colcon.colcon_core.event_handler.log_command:Invoked command in '/home/benongnuel/dev_ws/build/xarm_description' returned '0': CMAKE_PREFIX_PATH=${CMAKE_PREFIX_PATH}:/opt/ros/humble /usr/bin/cmake /home/benongnuel/dev_ws/src/xarm_ros2/xarm_description -DCMAKE_INSTALL_PREFIX=/home/benongnuel/dev_ws/install/xarm_description
[0.867s] DEBUG:colcon.colcon_core.event_handler.log_command:Invoking command in '/home/benongnuel/dev_ws/build/xarm_description': CMAKE_PREFIX_PATH=${CMAKE_PREFIX_PATH}:/opt/ros/humble /usr/bin/cmake --build /home/benongnuel/dev_ws/build/xarm_description -- -j16 -l16
[0.901s] DEBUG:colcon.colcon_core.event_handler.log_command:Invoked command in '/home/benongnuel/dev_ws/build/xarm_description' returned '0': CMAKE_PREFIX_PATH=${CMAKE_PREFIX_PATH}:/opt/ros/humble /usr/bin/cmake --build /home/benongnuel/dev_ws/build/xarm_description -- -j16 -l16
[0.911s] DEBUG:colcon.colcon_core.event_handler.log_command:Invoking command in '/home/benongnuel/dev_ws/build/xarm_description': CMAKE_PREFIX_PATH=${CMAKE_PREFIX_PATH}:/opt/ros/humble /usr/bin/cmake --install /home/benongnuel/dev_ws/build/xarm_description
[0.915s] DEBUG:colcon.colcon_core.event_handler.log_command:Invoked command in '/home/benongnuel/dev_ws/build/mbot_demo' returned '0': CMAKE_PREFIX_PATH=${CMAKE_PREFIX_PATH}:/opt/ros/humble /usr/bin/cmake /home/benongnuel/dev_ws/src/xarm_ros2/demo/mbot_demo -DCMAKE_INSTALL_PREFIX=/home/benongnuel/dev_ws/install/mbot_demo
[0.917s] DEBUG:colcon.colcon_core.event_handler.log_command:Invoking command in '/home/benongnuel/dev_ws/build/mbot_demo': CMAKE_PREFIX_PATH=${CMAKE_PREFIX_PATH}:/opt/ros/humble /usr/bin/cmake --build /home/benongnuel/dev_ws/build/mbot_demo -- -j16 -l16
[0.946s] DEBUG:colcon.colcon_core.event_handler.log_command:Invoked command in '/home/benongnuel/dev_ws/build/xarm_sdk' returned '0': CMAKE_PREFIX_PATH=${CMAKE_PREFIX_PATH}:/opt/ros/humble /usr/bin/cmake /home/benongnuel/dev_ws/src/xarm_ros2/xarm_sdk -DCMAKE_INSTALL_PREFIX=/home/benongnuel/dev_ws/install/xarm_sdk
[0.948s] DEBUG:colcon.colcon_core.event_handler.log_command:Invoking command in '/home/benongnuel/dev_ws/build/xarm_sdk': CMAKE_PREFIX_PATH=${CMAKE_PREFIX_PATH}:/opt/ros/humble /usr/bin/cmake --build /home/benongnuel/dev_ws/build/xarm_sdk -- -j16 -l16
[0.956s] DEBUG:colcon.colcon_core.event_handler.log_command:Invoked command in '/home/benongnuel/dev_ws/build/mbot_demo' returned '0': CMAKE_PREFIX_PATH=${CMAKE_PREFIX_PATH}:/opt/ros/humble /usr/bin/cmake --build /home/benongnuel/dev_ws/build/mbot_demo -- -j16 -l16
[0.958s] DEBUG:colcon.colcon_core.event_handler.log_command:Invoking command in '/home/benongnuel/dev_ws/build/mbot_demo': CMAKE_PREFIX_PATH=${CMAKE_PREFIX_PATH}:/opt/ros/humble /usr/bin/cmake --install /home/benongnuel/dev_ws/build/mbot_demo
[0.973s] Level 1:colcon.colcon_core.environment:create_environment_scripts_only(mbot_demo)
[0.974s] DEBUG:colcon.colcon_core.event_handler.log_command:Invoking command in '/home/benongnuel/dev_ws/my_gripper_scripts': PYTHONPATH=/home/benongnuel/dev_ws/build/my_gripper_scripts/prefix_override:/usr/lib/python3/dist-packages/colcon_core/task/python/colcon_distutils_commands:/home/benongnuel/dev_ws/install/my_gripper_scripts/lib/python3.10/site-packages:${PYTHONPATH} /usr/bin/python3 -W ignore:setup.py install is deprecated -W ignore:easy_install command is deprecated setup.py egg_info --egg-base ../build/my_gripper_scripts build --build-base /home/benongnuel/dev_ws/build/my_gripper_scripts/build install --record /home/benongnuel/dev_ws/build/my_gripper_scripts/install.log --single-version-externally-managed install_data
[0.976s] DEBUG:colcon.colcon_core.event_handler.log_command:Invoked command in '/home/benongnuel/dev_ws/build/mbot_demo' returned '0': CMAKE_PREFIX_PATH=${CMAKE_PREFIX_PATH}:/opt/ros/humble /usr/bin/cmake --install /home/benongnuel/dev_ws/build/mbot_demo
[0.980s] Level 1:colcon.colcon_core.environment:checking '/home/benongnuel/dev_ws/install/mbot_demo' for CMake module files
[0.980s] Level 1:colcon.colcon_core.environment:checking '/home/benongnuel/dev_ws/install/mbot_demo' for CMake config files
[0.981s] Level 1:colcon.colcon_core.shell:create_environment_hook('mbot_demo', 'cmake_prefix_path')
[0.981s] INFO:colcon.colcon_core.shell:Creating environment hook '/home/benongnuel/dev_ws/install/mbot_demo/share/mbot_demo/hook/cmake_prefix_path.ps1'
[0.982s] INFO:colcon.colcon_core.shell:Creating environment descriptor '/home/benongnuel/dev_ws/install/mbot_demo/share/mbot_demo/hook/cmake_prefix_path.dsv'
[0.982s] INFO:colcon.colcon_core.shell:Creating environment hook '/home/benongnuel/dev_ws/install/mbot_demo/share/mbot_demo/hook/cmake_prefix_path.sh'
[0.984s] Level 1:colcon.colcon_core.environment:checking '/home/benongnuel/dev_ws/install/mbot_demo/bin'
[0.984s] Level 1:colcon.colcon_core.environment:checking '/home/benongnuel/dev_ws/install/mbot_demo/lib/pkgconfig/mbot_demo.pc'
[0.984s] Level 1:colcon.colcon_core.environment:checking '/home/benongnuel/dev_ws/install/mbot_demo/lib/python3.10/site-packages'
[0.985s] Level 1:colcon.colcon_core.environment:checking '/home/benongnuel/dev_ws/install/mbot_demo/bin'
[0.985s] INFO:colcon.colcon_core.shell:Creating package script '/home/benongnuel/dev_ws/install/mbot_demo/share/mbot_demo/package.ps1'
[0.987s] INFO:colcon.colcon_core.shell:Creating package descriptor '/home/benongnuel/dev_ws/install/mbot_demo/share/mbot_demo/package.dsv'
[0.988s] INFO:colcon.colcon_core.shell:Creating package script '/home/benongnuel/dev_ws/install/mbot_demo/share/mbot_demo/package.sh'
[0.989s] INFO:colcon.colcon_core.shell:Creating package script '/home/benongnuel/dev_ws/install/mbot_demo/share/mbot_demo/package.bash'
[0.991s] INFO:colcon.colcon_core.shell:Creating package script '/home/benongnuel/dev_ws/install/mbot_demo/share/mbot_demo/package.zsh'
[0.992s] Level 1:colcon.colcon_core.environment:create_file_with_runtime_dependencies(/home/benongnuel/dev_ws/install/mbot_demo/share/colcon-core/packages/mbot_demo)
[0.993s] Level 1:colcon.colcon_core.environment:create_environment_scripts_only(mbot_demo)
[0.993s] Level 1:colcon.colcon_core.environment:checking '/home/benongnuel/dev_ws/install/mbot_demo' for CMake module files
[0.994s] Level 1:colcon.colcon_core.environment:checking '/home/benongnuel/dev_ws/install/mbot_demo' for CMake config files
[0.995s] Level 1:colcon.colcon_core.shell:create_environment_hook('mbot_demo', 'cmake_prefix_path')
[0.995s] INFO:colcon.colcon_core.shell:Creating environment hook '/home/benongnuel/dev_ws/install/mbot_demo/share/mbot_demo/hook/cmake_prefix_path.ps1'
[0.996s] INFO:colcon.colcon_core.shell:Creating environment descriptor '/home/benongnuel/dev_ws/install/mbot_demo/share/mbot_demo/hook/cmake_prefix_path.dsv'
[0.996s] INFO:colcon.colcon_core.shell:Creating environment hook '/home/benongnuel/dev_ws/install/mbot_demo/share/mbot_demo/hook/cmake_prefix_path.sh'
[0.997s] Level 1:colcon.colcon_core.environment:checking '/home/benongnuel/dev_ws/install/mbot_demo/bin'
[0.997s] Level 1:colcon.colcon_core.environment:checking '/home/benongnuel/dev_ws/install/mbot_demo/lib/pkgconfig/mbot_demo.pc'
[0.997s] Level 1:colcon.colcon_core.environment:checking '/home/benongnuel/dev_ws/install/mbot_demo/lib/python3.10/site-packages'
[1.002s] Level 1:colcon.colcon_core.environment:checking '/home/benongnuel/dev_ws/install/mbot_demo/bin'
[1.003s] INFO:colcon.colcon_core.shell:Creating package script '/home/benongnuel/dev_ws/install/mbot_demo/share/mbot_demo/package.ps1'
[1.004s] INFO:colcon.colcon_core.shell:Creating package descriptor '/home/benongnuel/dev_ws/install/mbot_demo/share/mbot_demo/package.dsv'
[1.006s] INFO:colcon.colcon_core.shell:Creating package script '/home/benongnuel/dev_ws/install/mbot_demo/share/mbot_demo/package.sh'
[1.007s] INFO:colcon.colcon_core.shell:Creating package script '/home/benongnuel/dev_ws/install/mbot_demo/share/mbot_demo/package.bash'
[1.007s] INFO:colcon.colcon_core.shell:Creating package script '/home/benongnuel/dev_ws/install/mbot_demo/share/mbot_demo/package.zsh'
[1.008s] Level 1:colcon.colcon_core.environment:create_file_with_runtime_dependencies(/home/benongnuel/dev_ws/install/mbot_demo/share/colcon-core/packages/mbot_demo)
[1.058s] Level 1:colcon.colcon_core.environment:create_environment_scripts_only(xarm_description)
[1.058s] Level 1:colcon.colcon_core.environment:checking '/home/benongnuel/dev_ws/install/xarm_description' for CMake module files
[1.060s] Level 1:colcon.colcon_core.environment:checking '/home/benongnuel/dev_ws/install/xarm_description' for CMake config files
[1.062s] Level 1:colcon.colcon_core.shell:create_environment_hook('xarm_description', 'cmake_prefix_path')
[1.066s] INFO:colcon.colcon_core.shell:Creating environment hook '/home/benongnuel/dev_ws/install/xarm_description/share/xarm_description/hook/cmake_prefix_path.ps1'
[1.068s] INFO:colcon.colcon_core.shell:Creating environment descriptor '/home/benongnuel/dev_ws/install/xarm_description/share/xarm_description/hook/cmake_prefix_path.dsv'
[1.068s] INFO:colcon.colcon_core.shell:Creating environment hook '/home/benongnuel/dev_ws/install/xarm_description/share/xarm_description/hook/cmake_prefix_path.sh'
[1.069s] Level 1:colcon.colcon_core.environment:checking '/home/benongnuel/dev_ws/install/xarm_description/bin'
[1.069s] Level 1:colcon.colcon_core.environment:checking '/home/benongnuel/dev_ws/install/xarm_description/lib/pkgconfig/xarm_description.pc'
[1.069s] Level 1:colcon.colcon_core.environment:checking '/home/benongnuel/dev_ws/install/xarm_description/lib/python3.10/site-packages'
[1.070s] Level 1:colcon.colcon_core.environment:checking '/home/benongnuel/dev_ws/install/xarm_description/bin'
[1.067s] DEBUG:colcon.colcon_core.event_handler.log_command:Invoked command in '/home/benongnuel/dev_ws/build/xarm_description' returned '0': CMAKE_PREFIX_PATH=${CMAKE_PREFIX_PATH}:/opt/ros/humble /usr/bin/cmake --install /home/benongnuel/dev_ws/build/xarm_description
[1.074s] INFO:colcon.colcon_core.shell:Creating package script '/home/benongnuel/dev_ws/install/xarm_description/share/xarm_description/package.ps1'
[1.076s] INFO:colcon.colcon_core.shell:Creating package descriptor '/home/benongnuel/dev_ws/install/xarm_description/share/xarm_description/package.dsv'
[1.077s] INFO:colcon.colcon_core.shell:Creating package script '/home/benongnuel/dev_ws/install/xarm_description/share/xarm_description/package.sh'
[1.078s] INFO:colcon.colcon_core.shell:Creating package script '/home/benongnuel/dev_ws/install/xarm_description/share/xarm_description/package.bash'
[1.080s] INFO:colcon.colcon_core.shell:Creating package script '/home/benongnuel/dev_ws/install/xarm_description/share/xarm_description/package.zsh'
[1.080s] Level 1:colcon.colcon_core.environment:create_file_with_runtime_dependencies(/home/benongnuel/dev_ws/install/xarm_description/share/colcon-core/packages/xarm_description)
[1.081s] Level 1:colcon.colcon_core.environment:create_environment_scripts_only(xarm_description)
[1.081s] Level 1:colcon.colcon_core.environment:checking '/home/benongnuel/dev_ws/install/xarm_description' for CMake module files
[1.082s] Level 1:colcon.colcon_core.environment:checking '/home/benongnuel/dev_ws/install/xarm_description' for CMake config files
[1.088s] Level 1:colcon.colcon_core.shell:create_environment_hook('xarm_description', 'cmake_prefix_path')
[1.088s] INFO:colcon.colcon_core.shell:Creating environment hook '/home/benongnuel/dev_ws/install/xarm_description/share/xarm_description/hook/cmake_prefix_path.ps1'
[1.089s] INFO:colcon.colcon_core.shell:Creating environment descriptor '/home/benongnuel/dev_ws/install/xarm_description/share/xarm_description/hook/cmake_prefix_path.dsv'
[1.089s] INFO:colcon.colcon_core.shell:Creating environment hook '/home/benongnuel/dev_ws/install/xarm_description/share/xarm_description/hook/cmake_prefix_path.sh'
[1.094s] Level 1:colcon.colcon_core.environment:checking '/home/benongnuel/dev_ws/install/xarm_description/bin'
[1.095s] Level 1:colcon.colcon_core.environment:checking '/home/benongnuel/dev_ws/install/xarm_description/lib/pkgconfig/xarm_description.pc'
[1.095s] Level 1:colcon.colcon_core.environment:checking '/home/benongnuel/dev_ws/install/xarm_description/lib/python3.10/site-packages'
[1.095s] Level 1:colcon.colcon_core.environment:checking '/home/benongnuel/dev_ws/install/xarm_description/bin'
[1.096s] INFO:colcon.colcon_core.shell:Creating package script '/home/benongnuel/dev_ws/install/xarm_description/share/xarm_description/package.ps1'
[1.100s] INFO:colcon.colcon_core.shell:Creating package descriptor '/home/benongnuel/dev_ws/install/xarm_description/share/xarm_description/package.dsv'
[1.102s] INFO:colcon.colcon_core.shell:Creating package script '/home/benongnuel/dev_ws/install/xarm_description/share/xarm_description/package.sh'
[1.107s] INFO:colcon.colcon_core.shell:Creating package script '/home/benongnuel/dev_ws/install/xarm_description/share/xarm_description/package.bash'
[1.107s] INFO:colcon.colcon_core.shell:Creating package script '/home/benongnuel/dev_ws/install/xarm_description/share/xarm_description/package.zsh'
[1.116s] Level 1:colcon.colcon_core.environment:create_file_with_runtime_dependencies(/home/benongnuel/dev_ws/install/xarm_description/share/colcon-core/packages/xarm_description)
[1.150s] DEBUG:colcon.colcon_core.event_handler.log_command:Invoked command in '/home/benongnuel/dev_ws/build/kdl_parser' returned '0': CMAKE_PREFIX_PATH=${CMAKE_PREFIX_PATH}:/opt/ros/humble /usr/bin/cmake /home/benongnuel/dev_ws/src/kdl_parser/kdl_parser -DCMAKE_INSTALL_PREFIX=/home/benongnuel/dev_ws/install/kdl_parser
[1.152s] DEBUG:colcon.colcon_core.event_handler.log_command:Invoking command in '/home/benongnuel/dev_ws/build/kdl_parser': CMAKE_PREFIX_PATH=${CMAKE_PREFIX_PATH}:/opt/ros/humble /usr/bin/cmake --build /home/benongnuel/dev_ws/build/kdl_parser -- -j16 -l16
[1.246s] Level 1:colcon.colcon_core.environment:checking '/home/benongnuel/dev_ws/install/uf_ros_lib' for CMake module files
[1.247s] DEBUG:colcon.colcon_core.event_handler.log_command:Invoked command in '/home/benongnuel/dev_ws/src/xarm_ros2/uf_ros_lib' returned '0': PYTHONPATH=/home/benongnuel/dev_ws/build/uf_ros_lib/prefix_override:/usr/lib/python3/dist-packages/colcon_core/task/python/colcon_distutils_commands:/home/benongnuel/dev_ws/install/uf_ros_lib/lib/python3.10/site-packages:${PYTHONPATH} /usr/bin/python3 -W ignore:setup.py install is deprecated -W ignore:easy_install command is deprecated setup.py egg_info --egg-base ../../../build/uf_ros_lib build --build-base /home/benongnuel/dev_ws/build/uf_ros_lib/build install --record /home/benongnuel/dev_ws/build/uf_ros_lib/install.log --single-version-externally-managed install_data
[1.249s] Level 1:colcon.colcon_core.environment:checking '/home/benongnuel/dev_ws/install/uf_ros_lib' for CMake config files
[1.252s] Level 1:colcon.colcon_core.environment:checking '/home/benongnuel/dev_ws/install/uf_ros_lib/lib'
[1.253s] Level 1:colcon.colcon_core.environment:checking '/home/benongnuel/dev_ws/install/uf_ros_lib/bin'
[1.254s] Level 1:colcon.colcon_core.environment:checking '/home/benongnuel/dev_ws/install/uf_ros_lib/lib/pkgconfig/uf_ros_lib.pc'
[1.254s] Level 1:colcon.colcon_core.environment:checking '/home/benongnuel/dev_ws/install/uf_ros_lib/lib/python3.10/site-packages'
[1.256s] Level 1:colcon.colcon_core.shell:create_environment_hook('uf_ros_lib', 'pythonpath')
[1.256s] INFO:colcon.colcon_core.shell:Creating environment hook '/home/benongnuel/dev_ws/install/uf_ros_lib/share/uf_ros_lib/hook/pythonpath.ps1'
[1.257s] INFO:colcon.colcon_core.shell:Creating environment descriptor '/home/benongnuel/dev_ws/install/uf_ros_lib/share/uf_ros_lib/hook/pythonpath.dsv'
[1.258s] INFO:colcon.colcon_core.shell:Creating environment hook '/home/benongnuel/dev_ws/install/uf_ros_lib/share/uf_ros_lib/hook/pythonpath.sh'
[1.259s] Level 1:colcon.colcon_core.environment:checking '/home/benongnuel/dev_ws/install/uf_ros_lib/bin'
[1.259s] Level 1:colcon.colcon_core.environment:create_environment_scripts_only(uf_ros_lib)
[1.264s] INFO:colcon.colcon_core.shell:Creating package script '/home/benongnuel/dev_ws/install/uf_ros_lib/share/uf_ros_lib/package.ps1'
[1.266s] INFO:colcon.colcon_core.shell:Creating package descriptor '/home/benongnuel/dev_ws/install/uf_ros_lib/share/uf_ros_lib/package.dsv'
[1.266s] INFO:colcon.colcon_core.shell:Creating package script '/home/benongnuel/dev_ws/install/uf_ros_lib/share/uf_ros_lib/package.sh'
[1.271s] INFO:colcon.colcon_core.shell:Creating package script '/home/benongnuel/dev_ws/install/uf_ros_lib/share/uf_ros_lib/package.bash'
[1.272s] INFO:colcon.colcon_core.shell:Creating package script '/home/benongnuel/dev_ws/install/uf_ros_lib/share/uf_ros_lib/package.zsh'
[1.273s] Level 1:colcon.colcon_core.environment:create_file_with_runtime_dependencies(/home/benongnuel/dev_ws/install/uf_ros_lib/share/colcon-core/packages/uf_ros_lib)
[1.546s] Level 1:colcon.colcon_core.environment:checking '/home/benongnuel/dev_ws/install/my_gripper_scripts' for CMake module files
[1.547s] Level 1:colcon.colcon_core.environment:checking '/home/benongnuel/dev_ws/install/my_gripper_scripts' for CMake config files
[1.547s] DEBUG:colcon.colcon_core.event_handler.log_command:Invoked command in '/home/benongnuel/dev_ws/my_gripper_scripts' returned '0': PYTHONPATH=/home/benongnuel/dev_ws/build/my_gripper_scripts/prefix_override:/usr/lib/python3/dist-packages/colcon_core/task/python/colcon_distutils_commands:/home/benongnuel/dev_ws/install/my_gripper_scripts/lib/python3.10/site-packages:${PYTHONPATH} /usr/bin/python3 -W ignore:setup.py install is deprecated -W ignore:easy_install command is deprecated setup.py egg_info --egg-base ../build/my_gripper_scripts build --build-base /home/benongnuel/dev_ws/build/my_gripper_scripts/build install --record /home/benongnuel/dev_ws/build/my_gripper_scripts/install.log --single-version-externally-managed install_data
[1.548s] Level 1:colcon.colcon_core.environment:checking '/home/benongnuel/dev_ws/install/my_gripper_scripts/lib'
[1.548s] Level 1:colcon.colcon_core.environment:checking '/home/benongnuel/dev_ws/install/my_gripper_scripts/bin'
[1.548s] Level 1:colcon.colcon_core.environment:checking '/home/benongnuel/dev_ws/install/my_gripper_scripts/lib/pkgconfig/my_gripper_scripts.pc'
[1.549s] Level 1:colcon.colcon_core.environment:checking '/home/benongnuel/dev_ws/install/my_gripper_scripts/lib/python3.10/site-packages'
[1.549s] Level 1:colcon.colcon_core.shell:create_environment_hook('my_gripper_scripts', 'pythonpath')
[1.549s] INFO:colcon.colcon_core.shell:Creating environment hook '/home/benongnuel/dev_ws/install/my_gripper_scripts/share/my_gripper_scripts/hook/pythonpath.ps1'
[1.550s] INFO:colcon.colcon_core.shell:Creating environment descriptor '/home/benongnuel/dev_ws/install/my_gripper_scripts/share/my_gripper_scripts/hook/pythonpath.dsv'
[1.550s] INFO:colcon.colcon_core.shell:Creating environment hook '/home/benongnuel/dev_ws/install/my_gripper_scripts/share/my_gripper_scripts/hook/pythonpath.sh'
[1.555s] Level 1:colcon.colcon_core.environment:checking '/home/benongnuel/dev_ws/install/my_gripper_scripts/bin'
[1.555s] Level 1:colcon.colcon_core.environment:create_environment_scripts_only(my_gripper_scripts)
[1.555s] INFO:colcon.colcon_core.shell:Creating package script '/home/benongnuel/dev_ws/install/my_gripper_scripts/share/my_gripper_scripts/package.ps1'
[1.556s] INFO:colcon.colcon_core.shell:Creating package descriptor '/home/benongnuel/dev_ws/install/my_gripper_scripts/share/my_gripper_scripts/package.dsv'
[1.557s] INFO:colcon.colcon_core.shell:Creating package script '/home/benongnuel/dev_ws/install/my_gripper_scripts/share/my_gripper_scripts/package.sh'
[1.558s] INFO:colcon.colcon_core.shell:Creating package script '/home/benongnuel/dev_ws/install/my_gripper_scripts/share/my_gripper_scripts/package.bash'
[1.565s] INFO:colcon.colcon_core.shell:Creating package script '/home/benongnuel/dev_ws/install/my_gripper_scripts/share/my_gripper_scripts/package.zsh'
[1.566s] Level 1:colcon.colcon_core.environment:create_file_with_runtime_dependencies(/home/benongnuel/dev_ws/install/my_gripper_scripts/share/colcon-core/packages/my_gripper_scripts)
[3.312s] DEBUG:colcon.colcon_core.event_handler.log_command:Invoked command in '/home/benongnuel/dev_ws/build/kdl_parser' returned '0': CMAKE_PREFIX_PATH=${CMAKE_PREFIX_PATH}:/opt/ros/humble /usr/bin/cmake --build /home/benongnuel/dev_ws/build/kdl_parser -- -j16 -l16
[3.314s] DEBUG:colcon.colcon_core.event_handler.log_command:Invoking command in '/home/benongnuel/dev_ws/build/kdl_parser': CMAKE_PREFIX_PATH=${CMAKE_PREFIX_PATH}:/opt/ros/humble /usr/bin/cmake --install /home/benongnuel/dev_ws/build/kdl_parser
[3.322s] Level 1:colcon.colcon_core.environment:create_environment_scripts_only(kdl_parser)
[3.322s] Level 1:colcon.colcon_core.environment:checking '/home/benongnuel/dev_ws/install/kdl_parser' for CMake module files
[3.323s] DEBUG:colcon.colcon_core.event_handler.log_command:Invoked command in '/home/benongnuel/dev_ws/build/kdl_parser' returned '0': CMAKE_PREFIX_PATH=${CMAKE_PREFIX_PATH}:/opt/ros/humble /usr/bin/cmake --install /home/benongnuel/dev_ws/build/kdl_parser
[3.323s] Level 1:colcon.colcon_core.environment:checking '/home/benongnuel/dev_ws/install/kdl_parser' for CMake config files
[3.323s] Level 1:colcon.colcon_core.shell:create_environment_hook('kdl_parser', 'cmake_prefix_path')
[3.324s] INFO:colcon.colcon_core.shell:Creating environment hook '/home/benongnuel/dev_ws/install/kdl_parser/share/kdl_parser/hook/cmake_prefix_path.ps1'
[3.324s] INFO:colcon.colcon_core.shell:Creating environment descriptor '/home/benongnuel/dev_ws/install/kdl_parser/share/kdl_parser/hook/cmake_prefix_path.dsv'
[3.325s] INFO:colcon.colcon_core.shell:Creating environment hook '/home/benongnuel/dev_ws/install/kdl_parser/share/kdl_parser/hook/cmake_prefix_path.sh'
[3.325s] Level 1:colcon.colcon_core.environment:checking '/home/benongnuel/dev_ws/install/kdl_parser/lib'
[3.325s] Level 1:colcon.colcon_core.shell:create_environment_hook('kdl_parser', 'ld_library_path_lib')
[3.325s] INFO:colcon.colcon_core.shell:Creating environment hook '/home/benongnuel/dev_ws/install/kdl_parser/share/kdl_parser/hook/ld_library_path_lib.ps1'
[3.325s] INFO:colcon.colcon_core.shell:Creating environment descriptor '/home/benongnuel/dev_ws/install/kdl_parser/share/kdl_parser/hook/ld_library_path_lib.dsv'
[3.326s] INFO:colcon.colcon_core.shell:Creating environment hook '/home/benongnuel/dev_ws/install/kdl_parser/share/kdl_parser/hook/ld_library_path_lib.sh'
[3.326s] Level 1:colcon.colcon_core.environment:checking '/home/benongnuel/dev_ws/install/kdl_parser/bin'
[3.326s] Level 1:colcon.colcon_core.environment:checking '/home/benongnuel/dev_ws/install/kdl_parser/lib/pkgconfig/kdl_parser.pc'
[3.326s] Level 1:colcon.colcon_core.environment:checking '/home/benongnuel/dev_ws/install/kdl_parser/lib/python3.10/site-packages'
[3.326s] Level 1:colcon.colcon_core.environment:checking '/home/benongnuel/dev_ws/install/kdl_parser/bin'
[3.326s] INFO:colcon.colcon_core.shell:Creating package script '/home/benongnuel/dev_ws/install/kdl_parser/share/kdl_parser/package.ps1'
[3.327s] INFO:colcon.colcon_core.shell:Creating package descriptor '/home/benongnuel/dev_ws/install/kdl_parser/share/kdl_parser/package.dsv'
[3.327s] INFO:colcon.colcon_core.shell:Creating package script '/home/benongnuel/dev_ws/install/kdl_parser/share/kdl_parser/package.sh'
[3.327s] INFO:colcon.colcon_core.shell:Creating package script '/home/benongnuel/dev_ws/install/kdl_parser/share/kdl_parser/package.bash'
[3.327s] INFO:colcon.colcon_core.shell:Creating package script '/home/benongnuel/dev_ws/install/kdl_parser/share/kdl_parser/package.zsh'
[3.327s] Level 1:colcon.colcon_core.environment:create_file_with_runtime_dependencies(/home/benongnuel/dev_ws/install/kdl_parser/share/colcon-core/packages/kdl_parser)
[3.328s] Level 1:colcon.colcon_core.environment:create_environment_scripts_only(kdl_parser)
[3.328s] Level 1:colcon.colcon_core.environment:checking '/home/benongnuel/dev_ws/install/kdl_parser' for CMake module files
[3.328s] Level 1:colcon.colcon_core.environment:checking '/home/benongnuel/dev_ws/install/kdl_parser' for CMake config files
[3.328s] Level 1:colcon.colcon_core.shell:create_environment_hook('kdl_parser', 'cmake_prefix_path')
[3.328s] INFO:colcon.colcon_core.shell:Creating environment hook '/home/benongnuel/dev_ws/install/kdl_parser/share/kdl_parser/hook/cmake_prefix_path.ps1'
[3.329s] INFO:colcon.colcon_core.shell:Creating environment descriptor '/home/benongnuel/dev_ws/install/kdl_parser/share/kdl_parser/hook/cmake_prefix_path.dsv'
[3.329s] INFO:colcon.colcon_core.shell:Creating environment hook '/home/benongnuel/dev_ws/install/kdl_parser/share/kdl_parser/hook/cmake_prefix_path.sh'
[3.329s] Level 1:colcon.colcon_core.environment:checking '/home/benongnuel/dev_ws/install/kdl_parser/lib'
[3.329s] Level 1:colcon.colcon_core.shell:create_environment_hook('kdl_parser', 'ld_library_path_lib')
[3.329s] INFO:colcon.colcon_core.shell:Creating environment hook '/home/benongnuel/dev_ws/install/kdl_parser/share/kdl_parser/hook/ld_library_path_lib.ps1'
[3.330s] INFO:colcon.colcon_core.shell:Creating environment descriptor '/home/benongnuel/dev_ws/install/kdl_parser/share/kdl_parser/hook/ld_library_path_lib.dsv'
[3.330s] INFO:colcon.colcon_core.shell:Creating environment hook '/home/benongnuel/dev_ws/install/kdl_parser/share/kdl_parser/hook/ld_library_path_lib.sh'
[3.330s] Level 1:colcon.colcon_core.environment:checking '/home/benongnuel/dev_ws/install/kdl_parser/bin'
[3.330s] Level 1:colcon.colcon_core.environment:checking '/home/benongnuel/dev_ws/install/kdl_parser/lib/pkgconfig/kdl_parser.pc'
[3.330s] Level 1:colcon.colcon_core.environment:checking '/home/benongnuel/dev_ws/install/kdl_parser/lib/python3.10/site-packages'
[3.330s] Level 1:colcon.colcon_core.environment:checking '/home/benongnuel/dev_ws/install/kdl_parser/bin'
[3.330s] INFO:colcon.colcon_core.shell:Creating package script '/home/benongnuel/dev_ws/install/kdl_parser/share/kdl_parser/package.ps1'
[3.331s] INFO:colcon.colcon_core.shell:Creating package descriptor '/home/benongnuel/dev_ws/install/kdl_parser/share/kdl_parser/package.dsv'
[3.331s] INFO:colcon.colcon_core.shell:Creating package script '/home/benongnuel/dev_ws/install/kdl_parser/share/kdl_parser/package.sh'
[3.331s] INFO:colcon.colcon_core.shell:Creating package script '/home/benongnuel/dev_ws/install/kdl_parser/share/kdl_parser/package.bash'
[3.332s] INFO:colcon.colcon_core.shell:Creating package script '/home/benongnuel/dev_ws/install/kdl_parser/share/kdl_parser/package.zsh'
[3.332s] Level 1:colcon.colcon_core.environment:create_file_with_runtime_dependencies(/home/benongnuel/dev_ws/install/kdl_parser/share/colcon-core/packages/kdl_parser)
[3.522s] DEBUG:colcon.colcon_core.event_handler.log_command:Invoked command in '/home/benongnuel/dev_ws/build/xarm_msgs' returned '0': CMAKE_PREFIX_PATH=${CMAKE_PREFIX_PATH}:/opt/ros/humble /usr/bin/cmake /home/benongnuel/dev_ws/src/xarm_ros2/xarm_msgs -DCMAKE_INSTALL_PREFIX=/home/benongnuel/dev_ws/install/xarm_msgs
[3.523s] DEBUG:colcon.colcon_core.event_handler.log_command:Invoking command in '/home/benongnuel/dev_ws/build/xarm_msgs': CMAKE_PREFIX_PATH=${CMAKE_PREFIX_PATH}:/opt/ros/humble /usr/bin/cmake --build /home/benongnuel/dev_ws/build/xarm_msgs -- -j16 -l16
[3.832s] DEBUG:colcon.colcon_core.event_handler.log_command:Invoked command in '/home/benongnuel/dev_ws/build/realsense_gazebo_plugin' returned '0': CMAKE_PREFIX_PATH=${CMAKE_PREFIX_PATH}:/opt/ros/humble /usr/bin/cmake /home/benongnuel/dev_ws/src/xarm_ros2/thirdparty/realsense_gazebo_plugin -DCMAKE_INSTALL_PREFIX=/home/benongnuel/dev_ws/install/realsense_gazebo_plugin
[3.835s] DEBUG:colcon.colcon_core.event_handler.log_command:Invoking command in '/home/benongnuel/dev_ws/build/realsense_gazebo_plugin': CMAKE_PREFIX_PATH=${CMAKE_PREFIX_PATH}:/opt/ros/humble /usr/bin/cmake --build /home/benongnuel/dev_ws/build/realsense_gazebo_plugin -- -j16 -l16
[4.706s] DEBUG:colcon.colcon_core.event_handler.log_command:Invoked command in '/home/benongnuel/dev_ws/build/xarm_sdk' returned '0': CMAKE_PREFIX_PATH=${CMAKE_PREFIX_PATH}:/opt/ros/humble /usr/bin/cmake --build /home/benongnuel/dev_ws/build/xarm_sdk -- -j16 -l16
[4.707s] DEBUG:colcon.colcon_core.event_handler.log_command:Invoking command in '/home/benongnuel/dev_ws/build/xarm_sdk': CMAKE_PREFIX_PATH=${CMAKE_PREFIX_PATH}:/opt/ros/humble /usr/bin/cmake --install /home/benongnuel/dev_ws/build/xarm_sdk
[4.727s] Level 1:colcon.colcon_core.environment:create_environment_scripts_only(xarm_sdk)
[4.727s] Level 1:colcon.colcon_core.environment:checking '/home/benongnuel/dev_ws/install/xarm_sdk' for CMake module files
[4.728s] DEBUG:colcon.colcon_core.event_handler.log_command:Invoked command in '/home/benongnuel/dev_ws/build/xarm_sdk' returned '0': CMAKE_PREFIX_PATH=${CMAKE_PREFIX_PATH}:/opt/ros/humble /usr/bin/cmake --install /home/benongnuel/dev_ws/build/xarm_sdk
[4.728s] Level 1:colcon.colcon_core.environment:checking '/home/benongnuel/dev_ws/install/xarm_sdk' for CMake config files
[4.728s] Level 1:colcon.colcon_core.shell:create_environment_hook('xarm_sdk', 'cmake_prefix_path')
[4.729s] INFO:colcon.colcon_core.shell:Creating environment hook '/home/benongnuel/dev_ws/install/xarm_sdk/share/xarm_sdk/hook/cmake_prefix_path.ps1'
[4.729s] INFO:colcon.colcon_core.shell:Creating environment descriptor '/home/benongnuel/dev_ws/install/xarm_sdk/share/xarm_sdk/hook/cmake_prefix_path.dsv'
[4.730s] INFO:colcon.colcon_core.shell:Creating environment hook '/home/benongnuel/dev_ws/install/xarm_sdk/share/xarm_sdk/hook/cmake_prefix_path.sh'
[4.730s] Level 1:colcon.colcon_core.environment:checking '/home/benongnuel/dev_ws/install/xarm_sdk/lib'
[4.730s] Level 1:colcon.colcon_core.shell:create_environment_hook('xarm_sdk', 'ld_library_path_lib')
[4.731s] INFO:colcon.colcon_core.shell:Creating environment hook '/home/benongnuel/dev_ws/install/xarm_sdk/share/xarm_sdk/hook/ld_library_path_lib.ps1'
[4.731s] INFO:colcon.colcon_core.shell:Creating environment descriptor '/home/benongnuel/dev_ws/install/xarm_sdk/share/xarm_sdk/hook/ld_library_path_lib.dsv'
[4.731s] INFO:colcon.colcon_core.shell:Creating environment hook '/home/benongnuel/dev_ws/install/xarm_sdk/share/xarm_sdk/hook/ld_library_path_lib.sh'
[4.732s] Level 1:colcon.colcon_core.environment:checking '/home/benongnuel/dev_ws/install/xarm_sdk/bin'
[4.732s] Level 1:colcon.colcon_core.environment:checking '/home/benongnuel/dev_ws/install/xarm_sdk/lib/pkgconfig/xarm_sdk.pc'
[4.732s] Level 1:colcon.colcon_core.environment:checking '/home/benongnuel/dev_ws/install/xarm_sdk/lib/python3.10/site-packages'
[4.732s] Level 1:colcon.colcon_core.environment:checking '/home/benongnuel/dev_ws/install/xarm_sdk/bin'
[4.733s] INFO:colcon.colcon_core.shell:Creating package script '/home/benongnuel/dev_ws/install/xarm_sdk/share/xarm_sdk/package.ps1'
[4.733s] INFO:colcon.colcon_core.shell:Creating package descriptor '/home/benongnuel/dev_ws/install/xarm_sdk/share/xarm_sdk/package.dsv'
[4.734s] INFO:colcon.colcon_core.shell:Creating package script '/home/benongnuel/dev_ws/install/xarm_sdk/share/xarm_sdk/package.sh'
[4.734s] INFO:colcon.colcon_core.shell:Creating package script '/home/benongnuel/dev_ws/install/xarm_sdk/share/xarm_sdk/package.bash'
[4.735s] INFO:colcon.colcon_core.shell:Creating package script '/home/benongnuel/dev_ws/install/xarm_sdk/share/xarm_sdk/package.zsh'
[4.735s] Level 1:colcon.colcon_core.environment:create_file_with_runtime_dependencies(/home/benongnuel/dev_ws/install/xarm_sdk/share/colcon-core/packages/xarm_sdk)
[4.736s] Level 1:colcon.colcon_core.environment:create_environment_scripts_only(xarm_sdk)
[4.736s] Level 1:colcon.colcon_core.environment:checking '/home/benongnuel/dev_ws/install/xarm_sdk' for CMake module files
[4.736s] Level 1:colcon.colcon_core.environment:checking '/home/benongnuel/dev_ws/install/xarm_sdk' for CMake config files
[4.736s] Level 1:colcon.colcon_core.shell:create_environment_hook('xarm_sdk', 'cmake_prefix_path')
[4.736s] INFO:colcon.colcon_core.shell:Creating environment hook '/home/benongnuel/dev_ws/install/xarm_sdk/share/xarm_sdk/hook/cmake_prefix_path.ps1'
[4.737s] INFO:colcon.colcon_core.shell:Creating environment descriptor '/home/benongnuel/dev_ws/install/xarm_sdk/share/xarm_sdk/hook/cmake_prefix_path.dsv'
[4.737s] INFO:colcon.colcon_core.shell:Creating environment hook '/home/benongnuel/dev_ws/install/xarm_sdk/share/xarm_sdk/hook/cmake_prefix_path.sh'
[4.737s] Level 1:colcon.colcon_core.environment:checking '/home/benongnuel/dev_ws/install/xarm_sdk/lib'
[4.737s] Level 1:colcon.colcon_core.shell:create_environment_hook('xarm_sdk', 'ld_library_path_lib')
[4.737s] INFO:colcon.colcon_core.shell:Creating environment hook '/home/benongnuel/dev_ws/install/xarm_sdk/share/xarm_sdk/hook/ld_library_path_lib.ps1'
[4.738s] INFO:colcon.colcon_core.shell:Creating environment descriptor '/home/benongnuel/dev_ws/install/xarm_sdk/share/xarm_sdk/hook/ld_library_path_lib.dsv'
[4.738s] INFO:colcon.colcon_core.shell:Creating environment hook '/home/benongnuel/dev_ws/install/xarm_sdk/share/xarm_sdk/hook/ld_library_path_lib.sh'
[4.738s] Level 1:colcon.colcon_core.environment:checking '/home/benongnuel/dev_ws/install/xarm_sdk/bin'
[4.738s] Level 1:colcon.colcon_core.environment:checking '/home/benongnuel/dev_ws/install/xarm_sdk/lib/pkgconfig/xarm_sdk.pc'
[4.738s] Level 1:colcon.colcon_core.environment:checking '/home/benongnuel/dev_ws/install/xarm_sdk/lib/python3.10/site-packages'
[4.738s] Level 1:colcon.colcon_core.environment:checking '/home/benongnuel/dev_ws/install/xarm_sdk/bin'
[4.738s] INFO:colcon.colcon_core.shell:Creating package script '/home/benongnuel/dev_ws/install/xarm_sdk/share/xarm_sdk/package.ps1'
[4.739s] INFO:colcon.colcon_core.shell:Creating package descriptor '/home/benongnuel/dev_ws/install/xarm_sdk/share/xarm_sdk/package.dsv'
[4.739s] INFO:colcon.colcon_core.shell:Creating package script '/home/benongnuel/dev_ws/install/xarm_sdk/share/xarm_sdk/package.sh'
[4.740s] INFO:colcon.colcon_core.shell:Creating package script '/home/benongnuel/dev_ws/install/xarm_sdk/share/xarm_sdk/package.bash'
[4.740s] INFO:colcon.colcon_core.shell:Creating package script '/home/benongnuel/dev_ws/install/xarm_sdk/share/xarm_sdk/package.zsh'
[4.741s] Level 1:colcon.colcon_core.environment:create_file_with_runtime_dependencies(/home/benongnuel/dev_ws/install/xarm_sdk/share/colcon-core/packages/xarm_sdk)
[26.274s] DEBUG:colcon.colcon_core.event_handler.log_command:Invoked command in '/home/benongnuel/dev_ws/build/xarm_msgs' returned '0': CMAKE_PREFIX_PATH=${CMAKE_PREFIX_PATH}:/opt/ros/humble /usr/bin/cmake --build /home/benongnuel/dev_ws/build/xarm_msgs -- -j16 -l16
[26.275s] DEBUG:colcon.colcon_core.event_handler.log_command:Invoking command in '/home/benongnuel/dev_ws/build/xarm_msgs': CMAKE_PREFIX_PATH=${CMAKE_PREFIX_PATH}:/opt/ros/humble /usr/bin/cmake --install /home/benongnuel/dev_ws/build/xarm_msgs
[26.432s] Level 1:colcon.colcon_core.environment:create_environment_scripts_only(xarm_msgs)
[26.432s] DEBUG:colcon.colcon_core.event_handler.log_command:Invoked command in '/home/benongnuel/dev_ws/build/xarm_msgs' returned '0': CMAKE_PREFIX_PATH=${CMAKE_PREFIX_PATH}:/opt/ros/humble /usr/bin/cmake --install /home/benongnuel/dev_ws/build/xarm_msgs
[26.432s] Level 1:colcon.colcon_core.environment:checking '/home/benongnuel/dev_ws/install/xarm_msgs' for CMake module files
[26.433s] Level 1:colcon.colcon_core.environment:checking '/home/benongnuel/dev_ws/install/xarm_msgs' for CMake config files
[26.434s] Level 1:colcon.colcon_core.shell:create_environment_hook('xarm_msgs', 'cmake_prefix_path')
[26.434s] INFO:colcon.colcon_core.shell:Creating environment hook '/home/benongnuel/dev_ws/install/xarm_msgs/share/xarm_msgs/hook/cmake_prefix_path.ps1'
[26.435s] INFO:colcon.colcon_core.shell:Creating environment descriptor '/home/benongnuel/dev_ws/install/xarm_msgs/share/xarm_msgs/hook/cmake_prefix_path.dsv'
[26.435s] INFO:colcon.colcon_core.shell:Creating environment hook '/home/benongnuel/dev_ws/install/xarm_msgs/share/xarm_msgs/hook/cmake_prefix_path.sh'
[26.436s] Level 1:colcon.colcon_core.environment:checking '/home/benongnuel/dev_ws/install/xarm_msgs/lib'
[26.436s] Level 1:colcon.colcon_core.shell:create_environment_hook('xarm_msgs', 'ld_library_path_lib')
[26.436s] INFO:colcon.colcon_core.shell:Creating environment hook '/home/benongnuel/dev_ws/install/xarm_msgs/share/xarm_msgs/hook/ld_library_path_lib.ps1'
[26.436s] INFO:colcon.colcon_core.shell:Creating environment descriptor '/home/benongnuel/dev_ws/install/xarm_msgs/share/xarm_msgs/hook/ld_library_path_lib.dsv'
[26.437s] INFO:colcon.colcon_core.shell:Creating environment hook '/home/benongnuel/dev_ws/install/xarm_msgs/share/xarm_msgs/hook/ld_library_path_lib.sh'
[26.437s] Level 1:colcon.colcon_core.environment:checking '/home/benongnuel/dev_ws/install/xarm_msgs/bin'
[26.437s] Level 1:colcon.colcon_core.environment:checking '/home/benongnuel/dev_ws/install/xarm_msgs/lib/pkgconfig/xarm_msgs.pc'
[26.437s] Level 1:colcon.colcon_core.environment:checking '/home/benongnuel/dev_ws/install/xarm_msgs/lib/python3.10/site-packages'
[26.437s] Level 1:colcon.colcon_core.environment:checking '/home/benongnuel/dev_ws/install/xarm_msgs/bin'
[26.438s] INFO:colcon.colcon_core.shell:Creating package script '/home/benongnuel/dev_ws/install/xarm_msgs/share/xarm_msgs/package.ps1'
[26.438s] INFO:colcon.colcon_core.shell:Creating package descriptor '/home/benongnuel/dev_ws/install/xarm_msgs/share/xarm_msgs/package.dsv'
[26.439s] INFO:colcon.colcon_core.shell:Creating package script '/home/benongnuel/dev_ws/install/xarm_msgs/share/xarm_msgs/package.sh'
[26.439s] INFO:colcon.colcon_core.shell:Creating package script '/home/benongnuel/dev_ws/install/xarm_msgs/share/xarm_msgs/package.bash'
[26.439s] INFO:colcon.colcon_core.shell:Creating package script '/home/benongnuel/dev_ws/install/xarm_msgs/share/xarm_msgs/package.zsh'
[26.440s] Level 1:colcon.colcon_core.environment:create_file_with_runtime_dependencies(/home/benongnuel/dev_ws/install/xarm_msgs/share/colcon-core/packages/xarm_msgs)
[26.440s] Level 1:colcon.colcon_core.environment:create_environment_scripts_only(xarm_msgs)
[26.440s] Level 1:colcon.colcon_core.environment:checking '/home/benongnuel/dev_ws/install/xarm_msgs' for CMake module files
[26.441s] Level 1:colcon.colcon_core.environment:checking '/home/benongnuel/dev_ws/install/xarm_msgs' for CMake config files
[26.443s] Level 1:colcon.colcon_core.shell:create_environment_hook('xarm_msgs', 'cmake_prefix_path')
[26.443s] INFO:colcon.colcon_core.shell:Creating environment hook '/home/benongnuel/dev_ws/install/xarm_msgs/share/xarm_msgs/hook/cmake_prefix_path.ps1'
[26.443s] INFO:colcon.colcon_core.shell:Creating environment descriptor '/home/benongnuel/dev_ws/install/xarm_msgs/share/xarm_msgs/hook/cmake_prefix_path.dsv'
[26.443s] INFO:colcon.colcon_core.shell:Creating environment hook '/home/benongnuel/dev_ws/install/xarm_msgs/share/xarm_msgs/hook/cmake_prefix_path.sh'
[26.444s] Level 1:colcon.colcon_core.environment:checking '/home/benongnuel/dev_ws/install/xarm_msgs/lib'
[26.444s] Level 1:colcon.colcon_core.shell:create_environment_hook('xarm_msgs', 'ld_library_path_lib')
[26.444s] INFO:colcon.colcon_core.shell:Creating environment hook '/home/benongnuel/dev_ws/install/xarm_msgs/share/xarm_msgs/hook/ld_library_path_lib.ps1'
[26.445s] INFO:colcon.colcon_core.shell:Creating environment descriptor '/home/benongnuel/dev_ws/install/xarm_msgs/share/xarm_msgs/hook/ld_library_path_lib.dsv'
[26.445s] INFO:colcon.colcon_core.shell:Creating environment hook '/home/benongnuel/dev_ws/install/xarm_msgs/share/xarm_msgs/hook/ld_library_path_lib.sh'
[26.445s] Level 1:colcon.colcon_core.environment:checking '/home/benongnuel/dev_ws/install/xarm_msgs/bin'
[26.445s] Level 1:colcon.colcon_core.environment:checking '/home/benongnuel/dev_ws/install/xarm_msgs/lib/pkgconfig/xarm_msgs.pc'
[26.445s] Level 1:colcon.colcon_core.environment:checking '/home/benongnuel/dev_ws/install/xarm_msgs/lib/python3.10/site-packages'
[26.446s] Level 1:colcon.colcon_core.environment:checking '/home/benongnuel/dev_ws/install/xarm_msgs/bin'
[26.446s] INFO:colcon.colcon_core.shell:Creating package script '/home/benongnuel/dev_ws/install/xarm_msgs/share/xarm_msgs/package.ps1'
[26.446s] INFO:colcon.colcon_core.shell:Creating package descriptor '/home/benongnuel/dev_ws/install/xarm_msgs/share/xarm_msgs/package.dsv'
[26.446s] INFO:colcon.colcon_core.shell:Creating package script '/home/benongnuel/dev_ws/install/xarm_msgs/share/xarm_msgs/package.sh'
[26.447s] INFO:colcon.colcon_core.shell:Creating package script '/home/benongnuel/dev_ws/install/xarm_msgs/share/xarm_msgs/package.bash'
[26.447s] INFO:colcon.colcon_core.shell:Creating package script '/home/benongnuel/dev_ws/install/xarm_msgs/share/xarm_msgs/package.zsh'
[26.447s] Level 1:colcon.colcon_core.environment:create_file_with_runtime_dependencies(/home/benongnuel/dev_ws/install/xarm_msgs/share/colcon-core/packages/xarm_msgs)
[26.447s] INFO:colcon.colcon_ros.task.ament_cmake.build:Building ROS package in '/home/benongnuel/dev_ws/src/xarm_ros2/xarm_api' with build type 'ament_cmake'
[26.447s] INFO:colcon.colcon_cmake.task.cmake.build:Building CMake package in '/home/benongnuel/dev_ws/src/xarm_ros2/xarm_api'
[26.447s] INFO:colcon.colcon_core.shell:Skip shell extension 'powershell' for command environment: Not usable outside of PowerShell
[26.447s] DEBUG:colcon.colcon_core.shell:Skip shell extension 'dsv' for command environment
[26.457s] DEBUG:colcon.colcon_core.event_handler.log_command:Invoking command in '/home/benongnuel/dev_ws/build/xarm_api': AMENT_PREFIX_PATH=/home/benongnuel/dev_ws/install/xarm_sdk:/home/benongnuel/dev_ws/install/xarm_msgs:/home/benongnuel/dev_ws/install/xarm_description:${AMENT_PREFIX_PATH} CMAKE_PREFIX_PATH=/home/benongnuel/dev_ws/install/xarm_sdk:/home/benongnuel/dev_ws/install/xarm_msgs:/home/benongnuel/dev_ws/install/xarm_description:/home/benongnuel/robo_ws/install/custom_3dof_arm:/opt/ros/humble LD_LIBRARY_PATH=/home/benongnuel/dev_ws/install/xarm_sdk/lib:/home/benongnuel/dev_ws/install/xarm_msgs/lib:${LD_LIBRARY_PATH} PYTHONPATH=/home/benongnuel/dev_ws/install/xarm_msgs/local/lib/python3.10/dist-packages:${PYTHONPATH} /usr/bin/cmake /home/benongnuel/dev_ws/src/xarm_ros2/xarm_api -DCMAKE_INSTALL_PREFIX=/home/benongnuel/dev_ws/install/xarm_api
[27.332s] DEBUG:colcon.colcon_core.event_handler.log_command:Invoked command in '/home/benongnuel/dev_ws/build/xarm_api' returned '0': AMENT_PREFIX_PATH=/home/benongnuel/dev_ws/install/xarm_sdk:/home/benongnuel/dev_ws/install/xarm_msgs:/home/benongnuel/dev_ws/install/xarm_description:${AMENT_PREFIX_PATH} CMAKE_PREFIX_PATH=/home/benongnuel/dev_ws/install/xarm_sdk:/home/benongnuel/dev_ws/install/xarm_msgs:/home/benongnuel/dev_ws/install/xarm_description:/home/benongnuel/robo_ws/install/custom_3dof_arm:/opt/ros/humble LD_LIBRARY_PATH=/home/benongnuel/dev_ws/install/xarm_sdk/lib:/home/benongnuel/dev_ws/install/xarm_msgs/lib:${LD_LIBRARY_PATH} PYTHONPATH=/home/benongnuel/dev_ws/install/xarm_msgs/local/lib/python3.10/dist-packages:${PYTHONPATH} /usr/bin/cmake /home/benongnuel/dev_ws/src/xarm_ros2/xarm_api -DCMAKE_INSTALL_PREFIX=/home/benongnuel/dev_ws/install/xarm_api
[27.333s] DEBUG:colcon.colcon_core.event_handler.log_command:Invoking command in '/home/benongnuel/dev_ws/build/xarm_api': AMENT_PREFIX_PATH=/home/benongnuel/dev_ws/install/xarm_sdk:/home/benongnuel/dev_ws/install/xarm_msgs:/home/benongnuel/dev_ws/install/xarm_description:${AMENT_PREFIX_PATH} CMAKE_PREFIX_PATH=/home/benongnuel/dev_ws/install/xarm_sdk:/home/benongnuel/dev_ws/install/xarm_msgs:/home/benongnuel/dev_ws/install/xarm_description:/home/benongnuel/robo_ws/install/custom_3dof_arm:/opt/ros/humble LD_LIBRARY_PATH=/home/benongnuel/dev_ws/install/xarm_sdk/lib:/home/benongnuel/dev_ws/install/xarm_msgs/lib:${LD_LIBRARY_PATH} PYTHONPATH=/home/benongnuel/dev_ws/install/xarm_msgs/local/lib/python3.10/dist-packages:${PYTHONPATH} /usr/bin/cmake --build /home/benongnuel/dev_ws/build/xarm_api -- -j16 -l16
[28.509s] DEBUG:colcon.colcon_core.event_handler.log_command:Invoked command in '/home/benongnuel/dev_ws/build/realsense_gazebo_plugin' returned '0': CMAKE_PREFIX_PATH=${CMAKE_PREFIX_PATH}:/opt/ros/humble /usr/bin/cmake --build /home/benongnuel/dev_ws/build/realsense_gazebo_plugin -- -j16 -l16
[28.510s] DEBUG:colcon.colcon_core.event_handler.log_command:Invoking command in '/home/benongnuel/dev_ws/build/realsense_gazebo_plugin': CMAKE_PREFIX_PATH=${CMAKE_PREFIX_PATH}:/opt/ros/humble /usr/bin/cmake --install /home/benongnuel/dev_ws/build/realsense_gazebo_plugin
[28.524s] Level 1:colcon.colcon_core.environment:create_environment_scripts_only(realsense_gazebo_plugin)
[28.525s] Level 1:colcon.colcon_core.environment:checking '/home/benongnuel/dev_ws/install/realsense_gazebo_plugin' for CMake module files
[28.525s] DEBUG:colcon.colcon_core.event_handler.log_command:Invoked command in '/home/benongnuel/dev_ws/build/realsense_gazebo_plugin' returned '0': CMAKE_PREFIX_PATH=${CMAKE_PREFIX_PATH}:/opt/ros/humble /usr/bin/cmake --install /home/benongnuel/dev_ws/build/realsense_gazebo_plugin
[28.526s] Level 1:colcon.colcon_core.environment:checking '/home/benongnuel/dev_ws/install/realsense_gazebo_plugin' for CMake config files
[28.526s] Level 1:colcon.colcon_core.shell:create_environment_hook('realsense_gazebo_plugin', 'cmake_prefix_path')
[28.526s] INFO:colcon.colcon_core.shell:Creating environment hook '/home/benongnuel/dev_ws/install/realsense_gazebo_plugin/share/realsense_gazebo_plugin/hook/cmake_prefix_path.ps1'
[28.527s] INFO:colcon.colcon_core.shell:Creating environment descriptor '/home/benongnuel/dev_ws/install/realsense_gazebo_plugin/share/realsense_gazebo_plugin/hook/cmake_prefix_path.dsv'
[28.527s] INFO:colcon.colcon_core.shell:Creating environment hook '/home/benongnuel/dev_ws/install/realsense_gazebo_plugin/share/realsense_gazebo_plugin/hook/cmake_prefix_path.sh'
[28.528s] Level 1:colcon.colcon_core.environment:checking '/home/benongnuel/dev_ws/install/realsense_gazebo_plugin/lib'
[28.528s] Level 1:colcon.colcon_core.shell:create_environment_hook('realsense_gazebo_plugin', 'ld_library_path_lib')
[28.528s] INFO:colcon.colcon_core.shell:Creating environment hook '/home/benongnuel/dev_ws/install/realsense_gazebo_plugin/share/realsense_gazebo_plugin/hook/ld_library_path_lib.ps1'
[28.528s] INFO:colcon.colcon_core.shell:Creating environment descriptor '/home/benongnuel/dev_ws/install/realsense_gazebo_plugin/share/realsense_gazebo_plugin/hook/ld_library_path_lib.dsv'
[28.529s] INFO:colcon.colcon_core.shell:Creating environment hook '/home/benongnuel/dev_ws/install/realsense_gazebo_plugin/share/realsense_gazebo_plugin/hook/ld_library_path_lib.sh'
[28.529s] Level 1:colcon.colcon_core.environment:checking '/home/benongnuel/dev_ws/install/realsense_gazebo_plugin/bin'
[28.529s] Level 1:colcon.colcon_core.environment:checking '/home/benongnuel/dev_ws/install/realsense_gazebo_plugin/lib/pkgconfig/realsense_gazebo_plugin.pc'
[28.530s] Level 1:colcon.colcon_core.environment:checking '/home/benongnuel/dev_ws/install/realsense_gazebo_plugin/lib/python3.10/site-packages'
[28.530s] Level 1:colcon.colcon_core.environment:checking '/home/benongnuel/dev_ws/install/realsense_gazebo_plugin/bin'
[28.530s] INFO:colcon.colcon_core.shell:Creating package script '/home/benongnuel/dev_ws/install/realsense_gazebo_plugin/share/realsense_gazebo_plugin/package.ps1'
[28.531s] INFO:colcon.colcon_core.shell:Creating package descriptor '/home/benongnuel/dev_ws/install/realsense_gazebo_plugin/share/realsense_gazebo_plugin/package.dsv'
[28.531s] INFO:colcon.colcon_core.shell:Creating package script '/home/benongnuel/dev_ws/install/realsense_gazebo_plugin/share/realsense_gazebo_plugin/package.sh'
[28.532s] INFO:colcon.colcon_core.shell:Creating package script '/home/benongnuel/dev_ws/install/realsense_gazebo_plugin/share/realsense_gazebo_plugin/package.bash'
[28.532s] INFO:colcon.colcon_core.shell:Creating package script '/home/benongnuel/dev_ws/install/realsense_gazebo_plugin/share/realsense_gazebo_plugin/package.zsh'
[28.532s] Level 1:colcon.colcon_core.environment:create_file_with_runtime_dependencies(/home/benongnuel/dev_ws/install/realsense_gazebo_plugin/share/colcon-core/packages/realsense_gazebo_plugin)
[28.533s] Level 1:colcon.colcon_core.environment:create_environment_scripts_only(realsense_gazebo_plugin)
[28.533s] Level 1:colcon.colcon_core.environment:checking '/home/benongnuel/dev_ws/install/realsense_gazebo_plugin' for CMake module files
[28.533s] Level 1:colcon.colcon_core.environment:checking '/home/benongnuel/dev_ws/install/realsense_gazebo_plugin' for CMake config files
[28.534s] Level 1:colcon.colcon_core.shell:create_environment_hook('realsense_gazebo_plugin', 'cmake_prefix_path')
[28.534s] INFO:colcon.colcon_core.shell:Creating environment hook '/home/benongnuel/dev_ws/install/realsense_gazebo_plugin/share/realsense_gazebo_plugin/hook/cmake_prefix_path.ps1'
[28.534s] INFO:colcon.colcon_core.shell:Creating environment descriptor '/home/benongnuel/dev_ws/install/realsense_gazebo_plugin/share/realsense_gazebo_plugin/hook/cmake_prefix_path.dsv'
[28.535s] INFO:colcon.colcon_core.shell:Creating environment hook '/home/benongnuel/dev_ws/install/realsense_gazebo_plugin/share/realsense_gazebo_plugin/hook/cmake_prefix_path.sh'
[28.535s] Level 1:colcon.colcon_core.environment:checking '/home/benongnuel/dev_ws/install/realsense_gazebo_plugin/lib'
[28.535s] Level 1:colcon.colcon_core.shell:create_environment_hook('realsense_gazebo_plugin', 'ld_library_path_lib')
[28.535s] INFO:colcon.colcon_core.shell:Creating environment hook '/home/benongnuel/dev_ws/install/realsense_gazebo_plugin/share/realsense_gazebo_plugin/hook/ld_library_path_lib.ps1'
[28.536s] INFO:colcon.colcon_core.shell:Creating environment descriptor '/home/benongnuel/dev_ws/install/realsense_gazebo_plugin/share/realsense_gazebo_plugin/hook/ld_library_path_lib.dsv'
[28.536s] INFO:colcon.colcon_core.shell:Creating environment hook '/home/benongnuel/dev_ws/install/realsense_gazebo_plugin/share/realsense_gazebo_plugin/hook/ld_library_path_lib.sh'
[28.537s] Level 1:colcon.colcon_core.environment:checking '/home/benongnuel/dev_ws/install/realsense_gazebo_plugin/bin'
[28.537s] Level 1:colcon.colcon_core.environment:checking '/home/benongnuel/dev_ws/install/realsense_gazebo_plugin/lib/pkgconfig/realsense_gazebo_plugin.pc'
[28.537s] Level 1:colcon.colcon_core.environment:checking '/home/benongnuel/dev_ws/install/realsense_gazebo_plugin/lib/python3.10/site-packages'
[28.537s] Level 1:colcon.colcon_core.environment:checking '/home/benongnuel/dev_ws/install/realsense_gazebo_plugin/bin'
[28.538s] INFO:colcon.colcon_core.shell:Creating package script '/home/benongnuel/dev_ws/install/realsense_gazebo_plugin/share/realsense_gazebo_plugin/package.ps1'
[28.538s] INFO:colcon.colcon_core.shell:Creating package descriptor '/home/benongnuel/dev_ws/install/realsense_gazebo_plugin/share/realsense_gazebo_plugin/package.dsv'
[28.539s] INFO:colcon.colcon_core.shell:Creating package script '/home/benongnuel/dev_ws/install/realsense_gazebo_plugin/share/realsense_gazebo_plugin/package.sh'
[28.539s] INFO:colcon.colcon_core.shell:Creating package script '/home/benongnuel/dev_ws/install/realsense_gazebo_plugin/share/realsense_gazebo_plugin/package.bash'
[28.539s] INFO:colcon.colcon_core.shell:Creating package script '/home/benongnuel/dev_ws/install/realsense_gazebo_plugin/share/realsense_gazebo_plugin/package.zsh'
[28.540s] Level 1:colcon.colcon_core.environment:create_file_with_runtime_dependencies(/home/benongnuel/dev_ws/install/realsense_gazebo_plugin/share/colcon-core/packages/realsense_gazebo_plugin)
[55.775s] DEBUG:colcon.colcon_core.event_handler.log_command:Invoked command in '/home/benongnuel/dev_ws/build/xarm_api' returned '0': AMENT_PREFIX_PATH=/home/benongnuel/dev_ws/install/xarm_sdk:/home/benongnuel/dev_ws/install/xarm_msgs:/home/benongnuel/dev_ws/install/xarm_description:${AMENT_PREFIX_PATH} CMAKE_PREFIX_PATH=/home/benongnuel/dev_ws/install/xarm_sdk:/home/benongnuel/dev_ws/install/xarm_msgs:/home/benongnuel/dev_ws/install/xarm_description:/home/benongnuel/robo_ws/install/custom_3dof_arm:/opt/ros/humble LD_LIBRARY_PATH=/home/benongnuel/dev_ws/install/xarm_sdk/lib:/home/benongnuel/dev_ws/install/xarm_msgs/lib:${LD_LIBRARY_PATH} PYTHONPATH=/home/benongnuel/dev_ws/install/xarm_msgs/local/lib/python3.10/dist-packages:${PYTHONPATH} /usr/bin/cmake --build /home/benongnuel/dev_ws/build/xarm_api -- -j16 -l16
[55.776s] DEBUG:colcon.colcon_core.event_handler.log_command:Invoking command in '/home/benongnuel/dev_ws/build/xarm_api': AMENT_PREFIX_PATH=/home/benongnuel/dev_ws/install/xarm_sdk:/home/benongnuel/dev_ws/install/xarm_msgs:/home/benongnuel/dev_ws/install/xarm_description:${AMENT_PREFIX_PATH} CMAKE_PREFIX_PATH=/home/benongnuel/dev_ws/install/xarm_sdk:/home/benongnuel/dev_ws/install/xarm_msgs:/home/benongnuel/dev_ws/install/xarm_description:/home/benongnuel/robo_ws/install/custom_3dof_arm:/opt/ros/humble LD_LIBRARY_PATH=/home/benongnuel/dev_ws/install/xarm_sdk/lib:/home/benongnuel/dev_ws/install/xarm_msgs/lib:${LD_LIBRARY_PATH} PYTHONPATH=/home/benongnuel/dev_ws/install/xarm_msgs/local/lib/python3.10/dist-packages:${PYTHONPATH} /usr/bin/cmake --install /home/benongnuel/dev_ws/build/xarm_api
[55.828s] Level 1:colcon.colcon_core.environment:create_environment_scripts_only(xarm_api)
[55.829s] Level 1:colcon.colcon_core.environment:checking '/home/benongnuel/dev_ws/install/xarm_api' for CMake module files
[55.829s] DEBUG:colcon.colcon_core.event_handler.log_command:Invoked command in '/home/benongnuel/dev_ws/build/xarm_api' returned '0': AMENT_PREFIX_PATH=/home/benongnuel/dev_ws/install/xarm_sdk:/home/benongnuel/dev_ws/install/xarm_msgs:/home/benongnuel/dev_ws/install/xarm_description:${AMENT_PREFIX_PATH} CMAKE_PREFIX_PATH=/home/benongnuel/dev_ws/install/xarm_sdk:/home/benongnuel/dev_ws/install/xarm_msgs:/home/benongnuel/dev_ws/install/xarm_description:/home/benongnuel/robo_ws/install/custom_3dof_arm:/opt/ros/humble LD_LIBRARY_PATH=/home/benongnuel/dev_ws/install/xarm_sdk/lib:/home/benongnuel/dev_ws/install/xarm_msgs/lib:${LD_LIBRARY_PATH} PYTHONPATH=/home/benongnuel/dev_ws/install/xarm_msgs/local/lib/python3.10/dist-packages:${PYTHONPATH} /usr/bin/cmake --install /home/benongnuel/dev_ws/build/xarm_api
[55.829s] Level 1:colcon.colcon_core.environment:checking '/home/benongnuel/dev_ws/install/xarm_api' for CMake config files
[55.829s] Level 1:colcon.colcon_core.shell:create_environment_hook('xarm_api', 'cmake_prefix_path')
[55.829s] INFO:colcon.colcon_core.shell:Creating environment hook '/home/benongnuel/dev_ws/install/xarm_api/share/xarm_api/hook/cmake_prefix_path.ps1'
[55.830s] INFO:colcon.colcon_core.shell:Creating environment descriptor '/home/benongnuel/dev_ws/install/xarm_api/share/xarm_api/hook/cmake_prefix_path.dsv'
[55.830s] INFO:colcon.colcon_core.shell:Creating environment hook '/home/benongnuel/dev_ws/install/xarm_api/share/xarm_api/hook/cmake_prefix_path.sh'
[55.830s] Level 1:colcon.colcon_core.environment:checking '/home/benongnuel/dev_ws/install/xarm_api/lib'
[55.830s] Level 1:colcon.colcon_core.shell:create_environment_hook('xarm_api', 'ld_library_path_lib')
[55.830s] INFO:colcon.colcon_core.shell:Creating environment hook '/home/benongnuel/dev_ws/install/xarm_api/share/xarm_api/hook/ld_library_path_lib.ps1'
[55.830s] INFO:colcon.colcon_core.shell:Creating environment descriptor '/home/benongnuel/dev_ws/install/xarm_api/share/xarm_api/hook/ld_library_path_lib.dsv'
[55.831s] INFO:colcon.colcon_core.shell:Creating environment hook '/home/benongnuel/dev_ws/install/xarm_api/share/xarm_api/hook/ld_library_path_lib.sh'
[55.831s] Level 1:colcon.colcon_core.environment:checking '/home/benongnuel/dev_ws/install/xarm_api/bin'
[55.831s] Level 1:colcon.colcon_core.environment:checking '/home/benongnuel/dev_ws/install/xarm_api/lib/pkgconfig/xarm_api.pc'
[55.831s] Level 1:colcon.colcon_core.environment:checking '/home/benongnuel/dev_ws/install/xarm_api/lib/python3.10/site-packages'
[55.831s] Level 1:colcon.colcon_core.environment:checking '/home/benongnuel/dev_ws/install/xarm_api/bin'
[55.831s] INFO:colcon.colcon_core.shell:Creating package script '/home/benongnuel/dev_ws/install/xarm_api/share/xarm_api/package.ps1'
[55.831s] INFO:colcon.colcon_core.shell:Creating package descriptor '/home/benongnuel/dev_ws/install/xarm_api/share/xarm_api/package.dsv'
[55.832s] INFO:colcon.colcon_core.shell:Creating package script '/home/benongnuel/dev_ws/install/xarm_api/share/xarm_api/package.sh'
[55.832s] INFO:colcon.colcon_core.shell:Creating package script '/home/benongnuel/dev_ws/install/xarm_api/share/xarm_api/package.bash'
[55.832s] INFO:colcon.colcon_core.shell:Creating package script '/home/benongnuel/dev_ws/install/xarm_api/share/xarm_api/package.zsh'
[55.832s] Level 1:colcon.colcon_core.environment:create_file_with_runtime_dependencies(/home/benongnuel/dev_ws/install/xarm_api/share/colcon-core/packages/xarm_api)
[55.832s] Level 1:colcon.colcon_core.environment:create_environment_scripts_only(xarm_api)
[55.833s] Level 1:colcon.colcon_core.environment:checking '/home/benongnuel/dev_ws/install/xarm_api' for CMake module files
[55.833s] Level 1:colcon.colcon_core.environment:checking '/home/benongnuel/dev_ws/install/xarm_api' for CMake config files
[55.833s] Level 1:colcon.colcon_core.shell:create_environment_hook('xarm_api', 'cmake_prefix_path')
[55.833s] INFO:colcon.colcon_core.shell:Creating environment hook '/home/benongnuel/dev_ws/install/xarm_api/share/xarm_api/hook/cmake_prefix_path.ps1'
[55.833s] INFO:colcon.colcon_core.shell:Creating environment descriptor '/home/benongnuel/dev_ws/install/xarm_api/share/xarm_api/hook/cmake_prefix_path.dsv'
[55.833s] INFO:colcon.colcon_core.shell:Creating environment hook '/home/benongnuel/dev_ws/install/xarm_api/share/xarm_api/hook/cmake_prefix_path.sh'
[55.834s] Level 1:colcon.colcon_core.environment:checking '/home/benongnuel/dev_ws/install/xarm_api/lib'
[55.834s] Level 1:colcon.colcon_core.shell:create_environment_hook('xarm_api', 'ld_library_path_lib')
[55.834s] INFO:colcon.colcon_core.shell:Creating environment hook '/home/benongnuel/dev_ws/install/xarm_api/share/xarm_api/hook/ld_library_path_lib.ps1'
[55.834s] INFO:colcon.colcon_core.shell:Creating environment descriptor '/home/benongnuel/dev_ws/install/xarm_api/share/xarm_api/hook/ld_library_path_lib.dsv'
[55.834s] INFO:colcon.colcon_core.shell:Creating environment hook '/home/benongnuel/dev_ws/install/xarm_api/share/xarm_api/hook/ld_library_path_lib.sh'
[55.834s] Level 1:colcon.colcon_core.environment:checking '/home/benongnuel/dev_ws/install/xarm_api/bin'
[55.834s] Level 1:colcon.colcon_core.environment:checking '/home/benongnuel/dev_ws/install/xarm_api/lib/pkgconfig/xarm_api.pc'
[55.834s] Level 1:colcon.colcon_core.environment:checking '/home/benongnuel/dev_ws/install/xarm_api/lib/python3.10/site-packages'
[55.834s] Level 1:colcon.colcon_core.environment:checking '/home/benongnuel/dev_ws/install/xarm_api/bin'
[55.835s] INFO:colcon.colcon_core.shell:Creating package script '/home/benongnuel/dev_ws/install/xarm_api/share/xarm_api/package.ps1'
[55.835s] INFO:colcon.colcon_core.shell:Creating package descriptor '/home/benongnuel/dev_ws/install/xarm_api/share/xarm_api/package.dsv'
[55.835s] INFO:colcon.colcon_core.shell:Creating package script '/home/benongnuel/dev_ws/install/xarm_api/share/xarm_api/package.sh'
[55.835s] INFO:colcon.colcon_core.shell:Creating package script '/home/benongnuel/dev_ws/install/xarm_api/share/xarm_api/package.bash'
[55.835s] INFO:colcon.colcon_core.shell:Creating package script '/home/benongnuel/dev_ws/install/xarm_api/share/xarm_api/package.zsh'
[55.836s] Level 1:colcon.colcon_core.environment:create_file_with_runtime_dependencies(/home/benongnuel/dev_ws/install/xarm_api/share/colcon-core/packages/xarm_api)
[55.836s] INFO:colcon.colcon_ros.task.ament_cmake.build:Building ROS package in '/home/benongnuel/dev_ws/src/xarm_ros2/xarm_controller' with build type 'ament_cmake'
[55.836s] INFO:colcon.colcon_cmake.task.cmake.build:Building CMake package in '/home/benongnuel/dev_ws/src/xarm_ros2/xarm_controller'
[55.836s] INFO:colcon.colcon_core.shell:Skip shell extension 'powershell' for command environment: Not usable outside of PowerShell
[55.836s] DEBUG:colcon.colcon_core.shell:Skip shell extension 'dsv' for command environment
[55.838s] INFO:colcon.colcon_ros.task.ament_cmake.build:Building ROS package in '/home/benongnuel/dev_ws/src/xarm_ros2/xarm_vision/d435i_xarm_setup' with build type 'ament_cmake'
[55.838s] INFO:colcon.colcon_cmake.task.cmake.build:Building CMake package in '/home/benongnuel/dev_ws/src/xarm_ros2/xarm_vision/d435i_xarm_setup'
[55.838s] INFO:colcon.colcon_core.shell:Skip shell extension 'powershell' for command environment: Not usable outside of PowerShell
[55.838s] DEBUG:colcon.colcon_core.shell:Skip shell extension 'dsv' for command environment
[55.848s] DEBUG:colcon.colcon_core.event_handler.log_command:Invoking command in '/home/benongnuel/dev_ws/build/xarm_controller': AMENT_PREFIX_PATH=/home/benongnuel/dev_ws/install/xarm_api:/home/benongnuel/dev_ws/install/xarm_sdk:/home/benongnuel/dev_ws/install/xarm_msgs:/home/benongnuel/dev_ws/install/xarm_description:${AMENT_PREFIX_PATH} CMAKE_PREFIX_PATH=/home/benongnuel/dev_ws/install/xarm_api:/home/benongnuel/dev_ws/install/xarm_sdk:/home/benongnuel/dev_ws/install/xarm_msgs:/home/benongnuel/dev_ws/install/xarm_description:/home/benongnuel/robo_ws/install/custom_3dof_arm:/opt/ros/humble LD_LIBRARY_PATH=/home/benongnuel/dev_ws/install/xarm_api/lib:/home/benongnuel/dev_ws/install/xarm_sdk/lib:/home/benongnuel/dev_ws/install/xarm_msgs/lib:${LD_LIBRARY_PATH} PYTHONPATH=/home/benongnuel/dev_ws/install/xarm_msgs/local/lib/python3.10/dist-packages:${PYTHONPATH} /usr/bin/cmake /home/benongnuel/dev_ws/src/xarm_ros2/xarm_controller -DCMAKE_INSTALL_PREFIX=/home/benongnuel/dev_ws/install/xarm_controller
[55.850s] DEBUG:colcon.colcon_core.event_handler.log_command:Invoking command in '/home/benongnuel/dev_ws/build/d435i_xarm_setup': AMENT_PREFIX_PATH=/home/benongnuel/dev_ws/install/xarm_api:/home/benongnuel/dev_ws/install/xarm_sdk:/home/benongnuel/dev_ws/install/xarm_msgs:/home/benongnuel/dev_ws/install/xarm_description:${AMENT_PREFIX_PATH} CMAKE_PREFIX_PATH=/home/benongnuel/dev_ws/install/xarm_api:/home/benongnuel/dev_ws/install/xarm_sdk:/home/benongnuel/dev_ws/install/xarm_msgs:/home/benongnuel/dev_ws/install/xarm_description:/home/benongnuel/robo_ws/install/custom_3dof_arm:/opt/ros/humble LD_LIBRARY_PATH=/home/benongnuel/dev_ws/install/xarm_api/lib:/home/benongnuel/dev_ws/install/xarm_sdk/lib:/home/benongnuel/dev_ws/install/xarm_msgs/lib:${LD_LIBRARY_PATH} PYTHONPATH=/home/benongnuel/dev_ws/install/xarm_msgs/local/lib/python3.10/dist-packages:${PYTHONPATH} /usr/bin/cmake /home/benongnuel/dev_ws/src/xarm_ros2/xarm_vision/d435i_xarm_setup -DCMAKE_INSTALL_PREFIX=/home/benongnuel/dev_ws/install/d435i_xarm_setup
[56.763s] DEBUG:colcon.colcon_core.event_handler.log_command:Invoked command in '/home/benongnuel/dev_ws/build/xarm_controller' returned '0': AMENT_PREFIX_PATH=/home/benongnuel/dev_ws/install/xarm_api:/home/benongnuel/dev_ws/install/xarm_sdk:/home/benongnuel/dev_ws/install/xarm_msgs:/home/benongnuel/dev_ws/install/xarm_description:${AMENT_PREFIX_PATH} CMAKE_PREFIX_PATH=/home/benongnuel/dev_ws/install/xarm_api:/home/benongnuel/dev_ws/install/xarm_sdk:/home/benongnuel/dev_ws/install/xarm_msgs:/home/benongnuel/dev_ws/install/xarm_description:/home/benongnuel/robo_ws/install/custom_3dof_arm:/opt/ros/humble LD_LIBRARY_PATH=/home/benongnuel/dev_ws/install/xarm_api/lib:/home/benongnuel/dev_ws/install/xarm_sdk/lib:/home/benongnuel/dev_ws/install/xarm_msgs/lib:${LD_LIBRARY_PATH} PYTHONPATH=/home/benongnuel/dev_ws/install/xarm_msgs/local/lib/python3.10/dist-packages:${PYTHONPATH} /usr/bin/cmake /home/benongnuel/dev_ws/src/xarm_ros2/xarm_controller -DCMAKE_INSTALL_PREFIX=/home/benongnuel/dev_ws/install/xarm_controller
[56.765s] DEBUG:colcon.colcon_core.event_handler.log_command:Invoking command in '/home/benongnuel/dev_ws/build/xarm_controller': AMENT_PREFIX_PATH=/home/benongnuel/dev_ws/install/xarm_api:/home/benongnuel/dev_ws/install/xarm_sdk:/home/benongnuel/dev_ws/install/xarm_msgs:/home/benongnuel/dev_ws/install/xarm_description:${AMENT_PREFIX_PATH} CMAKE_PREFIX_PATH=/home/benongnuel/dev_ws/install/xarm_api:/home/benongnuel/dev_ws/install/xarm_sdk:/home/benongnuel/dev_ws/install/xarm_msgs:/home/benongnuel/dev_ws/install/xarm_description:/home/benongnuel/robo_ws/install/custom_3dof_arm:/opt/ros/humble LD_LIBRARY_PATH=/home/benongnuel/dev_ws/install/xarm_api/lib:/home/benongnuel/dev_ws/install/xarm_sdk/lib:/home/benongnuel/dev_ws/install/xarm_msgs/lib:${LD_LIBRARY_PATH} PYTHONPATH=/home/benongnuel/dev_ws/install/xarm_msgs/local/lib/python3.10/dist-packages:${PYTHONPATH} /usr/bin/cmake --build /home/benongnuel/dev_ws/build/xarm_controller -- -j16 -l16
[56.774s] DEBUG:colcon.colcon_core.event_handler.log_command:Invoked command in '/home/benongnuel/dev_ws/build/d435i_xarm_setup' returned '0': AMENT_PREFIX_PATH=/home/benongnuel/dev_ws/install/xarm_api:/home/benongnuel/dev_ws/install/xarm_sdk:/home/benongnuel/dev_ws/install/xarm_msgs:/home/benongnuel/dev_ws/install/xarm_description:${AMENT_PREFIX_PATH} CMAKE_PREFIX_PATH=/home/benongnuel/dev_ws/install/xarm_api:/home/benongnuel/dev_ws/install/xarm_sdk:/home/benongnuel/dev_ws/install/xarm_msgs:/home/benongnuel/dev_ws/install/xarm_description:/home/benongnuel/robo_ws/install/custom_3dof_arm:/opt/ros/humble LD_LIBRARY_PATH=/home/benongnuel/dev_ws/install/xarm_api/lib:/home/benongnuel/dev_ws/install/xarm_sdk/lib:/home/benongnuel/dev_ws/install/xarm_msgs/lib:${LD_LIBRARY_PATH} PYTHONPATH=/home/benongnuel/dev_ws/install/xarm_msgs/local/lib/python3.10/dist-packages:${PYTHONPATH} /usr/bin/cmake /home/benongnuel/dev_ws/src/xarm_ros2/xarm_vision/d435i_xarm_setup -DCMAKE_INSTALL_PREFIX=/home/benongnuel/dev_ws/install/d435i_xarm_setup
[56.775s] DEBUG:colcon.colcon_core.event_handler.log_command:Invoking command in '/home/benongnuel/dev_ws/build/d435i_xarm_setup': AMENT_PREFIX_PATH=/home/benongnuel/dev_ws/install/xarm_api:/home/benongnuel/dev_ws/install/xarm_sdk:/home/benongnuel/dev_ws/install/xarm_msgs:/home/benongnuel/dev_ws/install/xarm_description:${AMENT_PREFIX_PATH} CMAKE_PREFIX_PATH=/home/benongnuel/dev_ws/install/xarm_api:/home/benongnuel/dev_ws/install/xarm_sdk:/home/benongnuel/dev_ws/install/xarm_msgs:/home/benongnuel/dev_ws/install/xarm_description:/home/benongnuel/robo_ws/install/custom_3dof_arm:/opt/ros/humble LD_LIBRARY_PATH=/home/benongnuel/dev_ws/install/xarm_api/lib:/home/benongnuel/dev_ws/install/xarm_sdk/lib:/home/benongnuel/dev_ws/install/xarm_msgs/lib:${LD_LIBRARY_PATH} PYTHONPATH=/home/benongnuel/dev_ws/install/xarm_msgs/local/lib/python3.10/dist-packages:${PYTHONPATH} /usr/bin/cmake --build /home/benongnuel/dev_ws/build/d435i_xarm_setup -- -j16 -l16
[62.924s] DEBUG:colcon.colcon_core.event_handler.log_command:Invoked command in '/home/benongnuel/dev_ws/build/d435i_xarm_setup' returned '0': AMENT_PREFIX_PATH=/home/benongnuel/dev_ws/install/xarm_api:/home/benongnuel/dev_ws/install/xarm_sdk:/home/benongnuel/dev_ws/install/xarm_msgs:/home/benongnuel/dev_ws/install/xarm_description:${AMENT_PREFIX_PATH} CMAKE_PREFIX_PATH=/home/benongnuel/dev_ws/install/xarm_api:/home/benongnuel/dev_ws/install/xarm_sdk:/home/benongnuel/dev_ws/install/xarm_msgs:/home/benongnuel/dev_ws/install/xarm_description:/home/benongnuel/robo_ws/install/custom_3dof_arm:/opt/ros/humble LD_LIBRARY_PATH=/home/benongnuel/dev_ws/install/xarm_api/lib:/home/benongnuel/dev_ws/install/xarm_sdk/lib:/home/benongnuel/dev_ws/install/xarm_msgs/lib:${LD_LIBRARY_PATH} PYTHONPATH=/home/benongnuel/dev_ws/install/xarm_msgs/local/lib/python3.10/dist-packages:${PYTHONPATH} /usr/bin/cmake --build /home/benongnuel/dev_ws/build/d435i_xarm_setup -- -j16 -l16
[62.926s] DEBUG:colcon.colcon_core.event_handler.log_command:Invoking command in '/home/benongnuel/dev_ws/build/d435i_xarm_setup': AMENT_PREFIX_PATH=/home/benongnuel/dev_ws/install/xarm_api:/home/benongnuel/dev_ws/install/xarm_sdk:/home/benongnuel/dev_ws/install/xarm_msgs:/home/benongnuel/dev_ws/install/xarm_description:${AMENT_PREFIX_PATH} CMAKE_PREFIX_PATH=/home/benongnuel/dev_ws/install/xarm_api:/home/benongnuel/dev_ws/install/xarm_sdk:/home/benongnuel/dev_ws/install/xarm_msgs:/home/benongnuel/dev_ws/install/xarm_description:/home/benongnuel/robo_ws/install/custom_3dof_arm:/opt/ros/humble LD_LIBRARY_PATH=/home/benongnuel/dev_ws/install/xarm_api/lib:/home/benongnuel/dev_ws/install/xarm_sdk/lib:/home/benongnuel/dev_ws/install/xarm_msgs/lib:${LD_LIBRARY_PATH} PYTHONPATH=/home/benongnuel/dev_ws/install/xarm_msgs/local/lib/python3.10/dist-packages:${PYTHONPATH} /usr/bin/cmake --install /home/benongnuel/dev_ws/build/d435i_xarm_setup
[62.948s] Level 1:colcon.colcon_core.environment:create_environment_scripts_only(d435i_xarm_setup)
[62.948s] Level 1:colcon.colcon_core.environment:checking '/home/benongnuel/dev_ws/install/d435i_xarm_setup' for CMake module files
[62.949s] DEBUG:colcon.colcon_core.event_handler.log_command:Invoked command in '/home/benongnuel/dev_ws/build/d435i_xarm_setup' returned '0': AMENT_PREFIX_PATH=/home/benongnuel/dev_ws/install/xarm_api:/home/benongnuel/dev_ws/install/xarm_sdk:/home/benongnuel/dev_ws/install/xarm_msgs:/home/benongnuel/dev_ws/install/xarm_description:${AMENT_PREFIX_PATH} CMAKE_PREFIX_PATH=/home/benongnuel/dev_ws/install/xarm_api:/home/benongnuel/dev_ws/install/xarm_sdk:/home/benongnuel/dev_ws/install/xarm_msgs:/home/benongnuel/dev_ws/install/xarm_description:/home/benongnuel/robo_ws/install/custom_3dof_arm:/opt/ros/humble LD_LIBRARY_PATH=/home/benongnuel/dev_ws/install/xarm_api/lib:/home/benongnuel/dev_ws/install/xarm_sdk/lib:/home/benongnuel/dev_ws/install/xarm_msgs/lib:${LD_LIBRARY_PATH} PYTHONPATH=/home/benongnuel/dev_ws/install/xarm_msgs/local/lib/python3.10/dist-packages:${PYTHONPATH} /usr/bin/cmake --install /home/benongnuel/dev_ws/build/d435i_xarm_setup
[62.949s] Level 1:colcon.colcon_core.environment:checking '/home/benongnuel/dev_ws/install/d435i_xarm_setup' for CMake config files
[62.949s] Level 1:colcon.colcon_core.shell:create_environment_hook('d435i_xarm_setup', 'cmake_prefix_path')
[62.950s] INFO:colcon.colcon_core.shell:Creating environment hook '/home/benongnuel/dev_ws/install/d435i_xarm_setup/share/d435i_xarm_setup/hook/cmake_prefix_path.ps1'
[62.950s] INFO:colcon.colcon_core.shell:Creating environment descriptor '/home/benongnuel/dev_ws/install/d435i_xarm_setup/share/d435i_xarm_setup/hook/cmake_prefix_path.dsv'
[62.951s] INFO:colcon.colcon_core.shell:Creating environment hook '/home/benongnuel/dev_ws/install/d435i_xarm_setup/share/d435i_xarm_setup/hook/cmake_prefix_path.sh'
[62.951s] Level 1:colcon.colcon_core.environment:checking '/home/benongnuel/dev_ws/install/d435i_xarm_setup/lib'
[62.951s] Level 1:colcon.colcon_core.environment:checking '/home/benongnuel/dev_ws/install/d435i_xarm_setup/bin'
[62.951s] Level 1:colcon.colcon_core.environment:checking '/home/benongnuel/dev_ws/install/d435i_xarm_setup/lib/pkgconfig/d435i_xarm_setup.pc'
[62.952s] Level 1:colcon.colcon_core.environment:checking '/home/benongnuel/dev_ws/install/d435i_xarm_setup/lib/python3.10/site-packages'
[62.952s] Level 1:colcon.colcon_core.environment:checking '/home/benongnuel/dev_ws/install/d435i_xarm_setup/bin'
[62.952s] INFO:colcon.colcon_core.shell:Creating package script '/home/benongnuel/dev_ws/install/d435i_xarm_setup/share/d435i_xarm_setup/package.ps1'
[62.953s] INFO:colcon.colcon_core.shell:Creating package descriptor '/home/benongnuel/dev_ws/install/d435i_xarm_setup/share/d435i_xarm_setup/package.dsv'
[62.953s] INFO:colcon.colcon_core.shell:Creating package script '/home/benongnuel/dev_ws/install/d435i_xarm_setup/share/d435i_xarm_setup/package.sh'
[62.953s] INFO:colcon.colcon_core.shell:Creating package script '/home/benongnuel/dev_ws/install/d435i_xarm_setup/share/d435i_xarm_setup/package.bash'
[62.954s] INFO:colcon.colcon_core.shell:Creating package script '/home/benongnuel/dev_ws/install/d435i_xarm_setup/share/d435i_xarm_setup/package.zsh'
[62.954s] Level 1:colcon.colcon_core.environment:create_file_with_runtime_dependencies(/home/benongnuel/dev_ws/install/d435i_xarm_setup/share/colcon-core/packages/d435i_xarm_setup)
[62.954s] Level 1:colcon.colcon_core.environment:create_environment_scripts_only(d435i_xarm_setup)
[62.955s] Level 1:colcon.colcon_core.environment:checking '/home/benongnuel/dev_ws/install/d435i_xarm_setup' for CMake module files
[62.955s] Level 1:colcon.colcon_core.environment:checking '/home/benongnuel/dev_ws/install/d435i_xarm_setup' for CMake config files
[62.955s] Level 1:colcon.colcon_core.shell:create_environment_hook('d435i_xarm_setup', 'cmake_prefix_path')
[62.955s] INFO:colcon.colcon_core.shell:Creating environment hook '/home/benongnuel/dev_ws/install/d435i_xarm_setup/share/d435i_xarm_setup/hook/cmake_prefix_path.ps1'
[62.956s] INFO:colcon.colcon_core.shell:Creating environment descriptor '/home/benongnuel/dev_ws/install/d435i_xarm_setup/share/d435i_xarm_setup/hook/cmake_prefix_path.dsv'
[62.956s] INFO:colcon.colcon_core.shell:Creating environment hook '/home/benongnuel/dev_ws/install/d435i_xarm_setup/share/d435i_xarm_setup/hook/cmake_prefix_path.sh'
[62.956s] Level 1:colcon.colcon_core.environment:checking '/home/benongnuel/dev_ws/install/d435i_xarm_setup/lib'
[62.957s] Level 1:colcon.colcon_core.environment:checking '/home/benongnuel/dev_ws/install/d435i_xarm_setup/bin'
[62.957s] Level 1:colcon.colcon_core.environment:checking '/home/benongnuel/dev_ws/install/d435i_xarm_setup/lib/pkgconfig/d435i_xarm_setup.pc'
[62.957s] Level 1:colcon.colcon_core.environment:checking '/home/benongnuel/dev_ws/install/d435i_xarm_setup/lib/python3.10/site-packages'
[62.957s] Level 1:colcon.colcon_core.environment:checking '/home/benongnuel/dev_ws/install/d435i_xarm_setup/bin'
[62.957s] INFO:colcon.colcon_core.shell:Creating package script '/home/benongnuel/dev_ws/install/d435i_xarm_setup/share/d435i_xarm_setup/package.ps1'
[62.957s] INFO:colcon.colcon_core.shell:Creating package descriptor '/home/benongnuel/dev_ws/install/d435i_xarm_setup/share/d435i_xarm_setup/package.dsv'
[62.958s] INFO:colcon.colcon_core.shell:Creating package script '/home/benongnuel/dev_ws/install/d435i_xarm_setup/share/d435i_xarm_setup/package.sh'
[62.958s] INFO:colcon.colcon_core.shell:Creating package script '/home/benongnuel/dev_ws/install/d435i_xarm_setup/share/d435i_xarm_setup/package.bash'
[62.958s] INFO:colcon.colcon_core.shell:Creating package script '/home/benongnuel/dev_ws/install/d435i_xarm_setup/share/d435i_xarm_setup/package.zsh'
[62.958s] Level 1:colcon.colcon_core.environment:create_file_with_runtime_dependencies(/home/benongnuel/dev_ws/install/d435i_xarm_setup/share/colcon-core/packages/d435i_xarm_setup)
[63.338s] DEBUG:colcon.colcon_core.event_handler.log_command:Invoked command in '/home/benongnuel/dev_ws/build/xarm_controller' returned '0': AMENT_PREFIX_PATH=/home/benongnuel/dev_ws/install/xarm_api:/home/benongnuel/dev_ws/install/xarm_sdk:/home/benongnuel/dev_ws/install/xarm_msgs:/home/benongnuel/dev_ws/install/xarm_description:${AMENT_PREFIX_PATH} CMAKE_PREFIX_PATH=/home/benongnuel/dev_ws/install/xarm_api:/home/benongnuel/dev_ws/install/xarm_sdk:/home/benongnuel/dev_ws/install/xarm_msgs:/home/benongnuel/dev_ws/install/xarm_description:/home/benongnuel/robo_ws/install/custom_3dof_arm:/opt/ros/humble LD_LIBRARY_PATH=/home/benongnuel/dev_ws/install/xarm_api/lib:/home/benongnuel/dev_ws/install/xarm_sdk/lib:/home/benongnuel/dev_ws/install/xarm_msgs/lib:${LD_LIBRARY_PATH} PYTHONPATH=/home/benongnuel/dev_ws/install/xarm_msgs/local/lib/python3.10/dist-packages:${PYTHONPATH} /usr/bin/cmake --build /home/benongnuel/dev_ws/build/xarm_controller -- -j16 -l16
[63.339s] DEBUG:colcon.colcon_core.event_handler.log_command:Invoking command in '/home/benongnuel/dev_ws/build/xarm_controller': AMENT_PREFIX_PATH=/home/benongnuel/dev_ws/install/xarm_api:/home/benongnuel/dev_ws/install/xarm_sdk:/home/benongnuel/dev_ws/install/xarm_msgs:/home/benongnuel/dev_ws/install/xarm_description:${AMENT_PREFIX_PATH} CMAKE_PREFIX_PATH=/home/benongnuel/dev_ws/install/xarm_api:/home/benongnuel/dev_ws/install/xarm_sdk:/home/benongnuel/dev_ws/install/xarm_msgs:/home/benongnuel/dev_ws/install/xarm_description:/home/benongnuel/robo_ws/install/custom_3dof_arm:/opt/ros/humble LD_LIBRARY_PATH=/home/benongnuel/dev_ws/install/xarm_api/lib:/home/benongnuel/dev_ws/install/xarm_sdk/lib:/home/benongnuel/dev_ws/install/xarm_msgs/lib:${LD_LIBRARY_PATH} PYTHONPATH=/home/benongnuel/dev_ws/install/xarm_msgs/local/lib/python3.10/dist-packages:${PYTHONPATH} /usr/bin/cmake --install /home/benongnuel/dev_ws/build/xarm_controller
[63.362s] Level 1:colcon.colcon_core.environment:create_environment_scripts_only(xarm_controller)
[63.362s] DEBUG:colcon.colcon_core.event_handler.log_command:Invoked command in '/home/benongnuel/dev_ws/build/xarm_controller' returned '0': AMENT_PREFIX_PATH=/home/benongnuel/dev_ws/install/xarm_api:/home/benongnuel/dev_ws/install/xarm_sdk:/home/benongnuel/dev_ws/install/xarm_msgs:/home/benongnuel/dev_ws/install/xarm_description:${AMENT_PREFIX_PATH} CMAKE_PREFIX_PATH=/home/benongnuel/dev_ws/install/xarm_api:/home/benongnuel/dev_ws/install/xarm_sdk:/home/benongnuel/dev_ws/install/xarm_msgs:/home/benongnuel/dev_ws/install/xarm_description:/home/benongnuel/robo_ws/install/custom_3dof_arm:/opt/ros/humble LD_LIBRARY_PATH=/home/benongnuel/dev_ws/install/xarm_api/lib:/home/benongnuel/dev_ws/install/xarm_sdk/lib:/home/benongnuel/dev_ws/install/xarm_msgs/lib:${LD_LIBRARY_PATH} PYTHONPATH=/home/benongnuel/dev_ws/install/xarm_msgs/local/lib/python3.10/dist-packages:${PYTHONPATH} /usr/bin/cmake --install /home/benongnuel/dev_ws/build/xarm_controller
[63.363s] Level 1:colcon.colcon_core.environment:checking '/home/benongnuel/dev_ws/install/xarm_controller' for CMake module files
[63.363s] Level 1:colcon.colcon_core.environment:checking '/home/benongnuel/dev_ws/install/xarm_controller' for CMake config files
[63.364s] Level 1:colcon.colcon_core.shell:create_environment_hook('xarm_controller', 'cmake_prefix_path')
[63.364s] INFO:colcon.colcon_core.shell:Creating environment hook '/home/benongnuel/dev_ws/install/xarm_controller/share/xarm_controller/hook/cmake_prefix_path.ps1'
[63.365s] INFO:colcon.colcon_core.shell:Creating environment descriptor '/home/benongnuel/dev_ws/install/xarm_controller/share/xarm_controller/hook/cmake_prefix_path.dsv'
[63.365s] INFO:colcon.colcon_core.shell:Creating environment hook '/home/benongnuel/dev_ws/install/xarm_controller/share/xarm_controller/hook/cmake_prefix_path.sh'
[63.366s] Level 1:colcon.colcon_core.environment:checking '/home/benongnuel/dev_ws/install/xarm_controller/lib'
[63.366s] Level 1:colcon.colcon_core.shell:create_environment_hook('xarm_controller', 'ld_library_path_lib')
[63.366s] INFO:colcon.colcon_core.shell:Creating environment hook '/home/benongnuel/dev_ws/install/xarm_controller/share/xarm_controller/hook/ld_library_path_lib.ps1'
[63.367s] INFO:colcon.colcon_core.shell:Creating environment descriptor '/home/benongnuel/dev_ws/install/xarm_controller/share/xarm_controller/hook/ld_library_path_lib.dsv'
[63.367s] INFO:colcon.colcon_core.shell:Creating environment hook '/home/benongnuel/dev_ws/install/xarm_controller/share/xarm_controller/hook/ld_library_path_lib.sh'
[63.368s] Level 1:colcon.colcon_core.environment:checking '/home/benongnuel/dev_ws/install/xarm_controller/bin'
[63.368s] Level 1:colcon.colcon_core.environment:checking '/home/benongnuel/dev_ws/install/xarm_controller/lib/pkgconfig/xarm_controller.pc'
[63.368s] Level 1:colcon.colcon_core.environment:checking '/home/benongnuel/dev_ws/install/xarm_controller/lib/python3.10/site-packages'
[63.369s] Level 1:colcon.colcon_core.environment:checking '/home/benongnuel/dev_ws/install/xarm_controller/bin'
[63.369s] INFO:colcon.colcon_core.shell:Creating package script '/home/benongnuel/dev_ws/install/xarm_controller/share/xarm_controller/package.ps1'
[63.369s] INFO:colcon.colcon_core.shell:Creating package descriptor '/home/benongnuel/dev_ws/install/xarm_controller/share/xarm_controller/package.dsv'
[63.370s] INFO:colcon.colcon_core.shell:Creating package script '/home/benongnuel/dev_ws/install/xarm_controller/share/xarm_controller/package.sh'
[63.370s] INFO:colcon.colcon_core.shell:Creating package script '/home/benongnuel/dev_ws/install/xarm_controller/share/xarm_controller/package.bash'
[63.370s] INFO:colcon.colcon_core.shell:Creating package script '/home/benongnuel/dev_ws/install/xarm_controller/share/xarm_controller/package.zsh'
[63.370s] Level 1:colcon.colcon_core.environment:create_file_with_runtime_dependencies(/home/benongnuel/dev_ws/install/xarm_controller/share/colcon-core/packages/xarm_controller)
[63.371s] Level 1:colcon.colcon_core.environment:create_environment_scripts_only(xarm_controller)
[63.371s] Level 1:colcon.colcon_core.environment:checking '/home/benongnuel/dev_ws/install/xarm_controller' for CMake module files
[63.371s] Level 1:colcon.colcon_core.environment:checking '/home/benongnuel/dev_ws/install/xarm_controller' for CMake config files
[63.371s] Level 1:colcon.colcon_core.shell:create_environment_hook('xarm_controller', 'cmake_prefix_path')
[63.371s] INFO:colcon.colcon_core.shell:Creating environment hook '/home/benongnuel/dev_ws/install/xarm_controller/share/xarm_controller/hook/cmake_prefix_path.ps1'
[63.372s] INFO:colcon.colcon_core.shell:Creating environment descriptor '/home/benongnuel/dev_ws/install/xarm_controller/share/xarm_controller/hook/cmake_prefix_path.dsv'
[63.372s] INFO:colcon.colcon_core.shell:Creating environment hook '/home/benongnuel/dev_ws/install/xarm_controller/share/xarm_controller/hook/cmake_prefix_path.sh'
[63.372s] Level 1:colcon.colcon_core.environment:checking '/home/benongnuel/dev_ws/install/xarm_controller/lib'
[63.372s] Level 1:colcon.colcon_core.shell:create_environment_hook('xarm_controller', 'ld_library_path_lib')
[63.372s] INFO:colcon.colcon_core.shell:Creating environment hook '/home/benongnuel/dev_ws/install/xarm_controller/share/xarm_controller/hook/ld_library_path_lib.ps1'
[63.373s] INFO:colcon.colcon_core.shell:Creating environment descriptor '/home/benongnuel/dev_ws/install/xarm_controller/share/xarm_controller/hook/ld_library_path_lib.dsv'
[63.373s] INFO:colcon.colcon_core.shell:Creating environment hook '/home/benongnuel/dev_ws/install/xarm_controller/share/xarm_controller/hook/ld_library_path_lib.sh'
[63.373s] Level 1:colcon.colcon_core.environment:checking '/home/benongnuel/dev_ws/install/xarm_controller/bin'
[63.373s] Level 1:colcon.colcon_core.environment:checking '/home/benongnuel/dev_ws/install/xarm_controller/lib/pkgconfig/xarm_controller.pc'
[63.373s] Level 1:colcon.colcon_core.environment:checking '/home/benongnuel/dev_ws/install/xarm_controller/lib/python3.10/site-packages'
[63.373s] Level 1:colcon.colcon_core.environment:checking '/home/benongnuel/dev_ws/install/xarm_controller/bin'
[63.374s] INFO:colcon.colcon_core.shell:Creating package script '/home/benongnuel/dev_ws/install/xarm_controller/share/xarm_controller/package.ps1'
[63.374s] INFO:colcon.colcon_core.shell:Creating package descriptor '/home/benongnuel/dev_ws/install/xarm_controller/share/xarm_controller/package.dsv'
[63.374s] INFO:colcon.colcon_core.shell:Creating package script '/home/benongnuel/dev_ws/install/xarm_controller/share/xarm_controller/package.sh'
[63.375s] INFO:colcon.colcon_core.shell:Creating package script '/home/benongnuel/dev_ws/install/xarm_controller/share/xarm_controller/package.bash'
[63.375s] INFO:colcon.colcon_core.shell:Creating package script '/home/benongnuel/dev_ws/install/xarm_controller/share/xarm_controller/package.zsh'
[63.375s] Level 1:colcon.colcon_core.environment:create_file_with_runtime_dependencies(/home/benongnuel/dev_ws/install/xarm_controller/share/colcon-core/packages/xarm_controller)
[63.375s] INFO:colcon.colcon_ros.task.ament_cmake.build:Building ROS package in '/home/benongnuel/dev_ws/src/xarm_ros2/xarm_gazebo' with build type 'ament_cmake'
[63.375s] INFO:colcon.colcon_cmake.task.cmake.build:Building CMake package in '/home/benongnuel/dev_ws/src/xarm_ros2/xarm_gazebo'
[63.375s] INFO:colcon.colcon_core.shell:Skip shell extension 'powershell' for command environment: Not usable outside of PowerShell
[63.375s] DEBUG:colcon.colcon_core.shell:Skip shell extension 'dsv' for command environment
[63.392s] DEBUG:colcon.colcon_core.event_handler.log_command:Invoking command in '/home/benongnuel/dev_ws/build/xarm_gazebo': AMENT_PREFIX_PATH=/home/benongnuel/dev_ws/install/xarm_controller:/home/benongnuel/dev_ws/install/xarm_api:/home/benongnuel/dev_ws/install/xarm_sdk:/home/benongnuel/dev_ws/install/xarm_msgs:/home/benongnuel/dev_ws/install/xarm_description:/home/benongnuel/dev_ws/install/uf_ros_lib:${AMENT_PREFIX_PATH} CMAKE_PREFIX_PATH=/home/benongnuel/dev_ws/install/xarm_controller:/home/benongnuel/dev_ws/install/xarm_api:/home/benongnuel/dev_ws/install/xarm_sdk:/home/benongnuel/dev_ws/install/xarm_msgs:/home/benongnuel/dev_ws/install/xarm_description:/home/benongnuel/robo_ws/install/custom_3dof_arm:/opt/ros/humble LD_LIBRARY_PATH=/home/benongnuel/dev_ws/install/xarm_controller/lib:/home/benongnuel/dev_ws/install/xarm_api/lib:/home/benongnuel/dev_ws/install/xarm_sdk/lib:/home/benongnuel/dev_ws/install/xarm_msgs/lib:${LD_LIBRARY_PATH} PYTHONPATH=/home/benongnuel/dev_ws/install/xarm_msgs/local/lib/python3.10/dist-packages:/home/benongnuel/dev_ws/install/uf_ros_lib/lib/python3.10/site-packages:${PYTHONPATH} /usr/bin/cmake /home/benongnuel/dev_ws/src/xarm_ros2/xarm_gazebo -DCMAKE_INSTALL_PREFIX=/home/benongnuel/dev_ws/install/xarm_gazebo
[65.320s] DEBUG:colcon.colcon_core.event_handler.log_command:Invoked command in '/home/benongnuel/dev_ws/build/xarm_gazebo' returned '0': AMENT_PREFIX_PATH=/home/benongnuel/dev_ws/install/xarm_controller:/home/benongnuel/dev_ws/install/xarm_api:/home/benongnuel/dev_ws/install/xarm_sdk:/home/benongnuel/dev_ws/install/xarm_msgs:/home/benongnuel/dev_ws/install/xarm_description:/home/benongnuel/dev_ws/install/uf_ros_lib:${AMENT_PREFIX_PATH} CMAKE_PREFIX_PATH=/home/benongnuel/dev_ws/install/xarm_controller:/home/benongnuel/dev_ws/install/xarm_api:/home/benongnuel/dev_ws/install/xarm_sdk:/home/benongnuel/dev_ws/install/xarm_msgs:/home/benongnuel/dev_ws/install/xarm_description:/home/benongnuel/robo_ws/install/custom_3dof_arm:/opt/ros/humble LD_LIBRARY_PATH=/home/benongnuel/dev_ws/install/xarm_controller/lib:/home/benongnuel/dev_ws/install/xarm_api/lib:/home/benongnuel/dev_ws/install/xarm_sdk/lib:/home/benongnuel/dev_ws/install/xarm_msgs/lib:${LD_LIBRARY_PATH} PYTHONPATH=/home/benongnuel/dev_ws/install/xarm_msgs/local/lib/python3.10/dist-packages:/home/benongnuel/dev_ws/install/uf_ros_lib/lib/python3.10/site-packages:${PYTHONPATH} /usr/bin/cmake /home/benongnuel/dev_ws/src/xarm_ros2/xarm_gazebo -DCMAKE_INSTALL_PREFIX=/home/benongnuel/dev_ws/install/xarm_gazebo
[65.322s] DEBUG:colcon.colcon_core.event_handler.log_command:Invoking command in '/home/benongnuel/dev_ws/build/xarm_gazebo': AMENT_PREFIX_PATH=/home/benongnuel/dev_ws/install/xarm_controller:/home/benongnuel/dev_ws/install/xarm_api:/home/benongnuel/dev_ws/install/xarm_sdk:/home/benongnuel/dev_ws/install/xarm_msgs:/home/benongnuel/dev_ws/install/xarm_description:/home/benongnuel/dev_ws/install/uf_ros_lib:${AMENT_PREFIX_PATH} CMAKE_PREFIX_PATH=/home/benongnuel/dev_ws/install/xarm_controller:/home/benongnuel/dev_ws/install/xarm_api:/home/benongnuel/dev_ws/install/xarm_sdk:/home/benongnuel/dev_ws/install/xarm_msgs:/home/benongnuel/dev_ws/install/xarm_description:/home/benongnuel/robo_ws/install/custom_3dof_arm:/opt/ros/humble LD_LIBRARY_PATH=/home/benongnuel/dev_ws/install/xarm_controller/lib:/home/benongnuel/dev_ws/install/xarm_api/lib:/home/benongnuel/dev_ws/install/xarm_sdk/lib:/home/benongnuel/dev_ws/install/xarm_msgs/lib:${LD_LIBRARY_PATH} PYTHONPATH=/home/benongnuel/dev_ws/install/xarm_msgs/local/lib/python3.10/dist-packages:/home/benongnuel/dev_ws/install/uf_ros_lib/lib/python3.10/site-packages:${PYTHONPATH} /usr/bin/cmake --build /home/benongnuel/dev_ws/build/xarm_gazebo -- -j16 -l16
[72.973s] DEBUG:colcon.colcon_core.event_handler.log_command:Invoked command in '/home/benongnuel/dev_ws/build/xarm_gazebo' returned '0': AMENT_PREFIX_PATH=/home/benongnuel/dev_ws/install/xarm_controller:/home/benongnuel/dev_ws/install/xarm_api:/home/benongnuel/dev_ws/install/xarm_sdk:/home/benongnuel/dev_ws/install/xarm_msgs:/home/benongnuel/dev_ws/install/xarm_description:/home/benongnuel/dev_ws/install/uf_ros_lib:${AMENT_PREFIX_PATH} CMAKE_PREFIX_PATH=/home/benongnuel/dev_ws/install/xarm_controller:/home/benongnuel/dev_ws/install/xarm_api:/home/benongnuel/dev_ws/install/xarm_sdk:/home/benongnuel/dev_ws/install/xarm_msgs:/home/benongnuel/dev_ws/install/xarm_description:/home/benongnuel/robo_ws/install/custom_3dof_arm:/opt/ros/humble LD_LIBRARY_PATH=/home/benongnuel/dev_ws/install/xarm_controller/lib:/home/benongnuel/dev_ws/install/xarm_api/lib:/home/benongnuel/dev_ws/install/xarm_sdk/lib:/home/benongnuel/dev_ws/install/xarm_msgs/lib:${LD_LIBRARY_PATH} PYTHONPATH=/home/benongnuel/dev_ws/install/xarm_msgs/local/lib/python3.10/dist-packages:/home/benongnuel/dev_ws/install/uf_ros_lib/lib/python3.10/site-packages:${PYTHONPATH} /usr/bin/cmake --build /home/benongnuel/dev_ws/build/xarm_gazebo -- -j16 -l16
[72.975s] DEBUG:colcon.colcon_core.event_handler.log_command:Invoking command in '/home/benongnuel/dev_ws/build/xarm_gazebo': AMENT_PREFIX_PATH=/home/benongnuel/dev_ws/install/xarm_controller:/home/benongnuel/dev_ws/install/xarm_api:/home/benongnuel/dev_ws/install/xarm_sdk:/home/benongnuel/dev_ws/install/xarm_msgs:/home/benongnuel/dev_ws/install/xarm_description:/home/benongnuel/dev_ws/install/uf_ros_lib:${AMENT_PREFIX_PATH} CMAKE_PREFIX_PATH=/home/benongnuel/dev_ws/install/xarm_controller:/home/benongnuel/dev_ws/install/xarm_api:/home/benongnuel/dev_ws/install/xarm_sdk:/home/benongnuel/dev_ws/install/xarm_msgs:/home/benongnuel/dev_ws/install/xarm_description:/home/benongnuel/robo_ws/install/custom_3dof_arm:/opt/ros/humble LD_LIBRARY_PATH=/home/benongnuel/dev_ws/install/xarm_controller/lib:/home/benongnuel/dev_ws/install/xarm_api/lib:/home/benongnuel/dev_ws/install/xarm_sdk/lib:/home/benongnuel/dev_ws/install/xarm_msgs/lib:${LD_LIBRARY_PATH} PYTHONPATH=/home/benongnuel/dev_ws/install/xarm_msgs/local/lib/python3.10/dist-packages:/home/benongnuel/dev_ws/install/uf_ros_lib/lib/python3.10/site-packages:${PYTHONPATH} /usr/bin/cmake --install /home/benongnuel/dev_ws/build/xarm_gazebo
[72.986s] Level 1:colcon.colcon_core.environment:create_environment_scripts_only(xarm_gazebo)
[72.986s] Level 1:colcon.colcon_core.environment:checking '/home/benongnuel/dev_ws/install/xarm_gazebo' for CMake module files
[72.986s] DEBUG:colcon.colcon_core.event_handler.log_command:Invoked command in '/home/benongnuel/dev_ws/build/xarm_gazebo' returned '0': AMENT_PREFIX_PATH=/home/benongnuel/dev_ws/install/xarm_controller:/home/benongnuel/dev_ws/install/xarm_api:/home/benongnuel/dev_ws/install/xarm_sdk:/home/benongnuel/dev_ws/install/xarm_msgs:/home/benongnuel/dev_ws/install/xarm_description:/home/benongnuel/dev_ws/install/uf_ros_lib:${AMENT_PREFIX_PATH} CMAKE_PREFIX_PATH=/home/benongnuel/dev_ws/install/xarm_controller:/home/benongnuel/dev_ws/install/xarm_api:/home/benongnuel/dev_ws/install/xarm_sdk:/home/benongnuel/dev_ws/install/xarm_msgs:/home/benongnuel/dev_ws/install/xarm_description:/home/benongnuel/robo_ws/install/custom_3dof_arm:/opt/ros/humble LD_LIBRARY_PATH=/home/benongnuel/dev_ws/install/xarm_controller/lib:/home/benongnuel/dev_ws/install/xarm_api/lib:/home/benongnuel/dev_ws/install/xarm_sdk/lib:/home/benongnuel/dev_ws/install/xarm_msgs/lib:${LD_LIBRARY_PATH} PYTHONPATH=/home/benongnuel/dev_ws/install/xarm_msgs/local/lib/python3.10/dist-packages:/home/benongnuel/dev_ws/install/uf_ros_lib/lib/python3.10/site-packages:${PYTHONPATH} /usr/bin/cmake --install /home/benongnuel/dev_ws/build/xarm_gazebo
[72.987s] Level 1:colcon.colcon_core.environment:checking '/home/benongnuel/dev_ws/install/xarm_gazebo' for CMake config files
[72.987s] Level 1:colcon.colcon_core.shell:create_environment_hook('xarm_gazebo', 'cmake_prefix_path')
[72.987s] INFO:colcon.colcon_core.shell:Creating environment hook '/home/benongnuel/dev_ws/install/xarm_gazebo/share/xarm_gazebo/hook/cmake_prefix_path.ps1'
[72.988s] INFO:colcon.colcon_core.shell:Creating environment descriptor '/home/benongnuel/dev_ws/install/xarm_gazebo/share/xarm_gazebo/hook/cmake_prefix_path.dsv'
[72.988s] INFO:colcon.colcon_core.shell:Creating environment hook '/home/benongnuel/dev_ws/install/xarm_gazebo/share/xarm_gazebo/hook/cmake_prefix_path.sh'
[72.988s] Level 1:colcon.colcon_core.environment:checking '/home/benongnuel/dev_ws/install/xarm_gazebo/lib'
[72.988s] Level 1:colcon.colcon_core.shell:create_environment_hook('xarm_gazebo', 'ld_library_path_lib')
[72.989s] INFO:colcon.colcon_core.shell:Creating environment hook '/home/benongnuel/dev_ws/install/xarm_gazebo/share/xarm_gazebo/hook/ld_library_path_lib.ps1'
[72.989s] INFO:colcon.colcon_core.shell:Creating environment descriptor '/home/benongnuel/dev_ws/install/xarm_gazebo/share/xarm_gazebo/hook/ld_library_path_lib.dsv'
[72.989s] INFO:colcon.colcon_core.shell:Creating environment hook '/home/benongnuel/dev_ws/install/xarm_gazebo/share/xarm_gazebo/hook/ld_library_path_lib.sh'
[72.989s] Level 1:colcon.colcon_core.environment:checking '/home/benongnuel/dev_ws/install/xarm_gazebo/bin'
[72.989s] Level 1:colcon.colcon_core.environment:checking '/home/benongnuel/dev_ws/install/xarm_gazebo/lib/pkgconfig/xarm_gazebo.pc'
[72.989s] Level 1:colcon.colcon_core.environment:checking '/home/benongnuel/dev_ws/install/xarm_gazebo/lib/python3.10/site-packages'
[72.989s] Level 1:colcon.colcon_core.environment:checking '/home/benongnuel/dev_ws/install/xarm_gazebo/bin'
[72.990s] INFO:colcon.colcon_core.shell:Creating package script '/home/benongnuel/dev_ws/install/xarm_gazebo/share/xarm_gazebo/package.ps1'
[72.990s] INFO:colcon.colcon_core.shell:Creating package descriptor '/home/benongnuel/dev_ws/install/xarm_gazebo/share/xarm_gazebo/package.dsv'
[72.990s] INFO:colcon.colcon_core.shell:Creating package script '/home/benongnuel/dev_ws/install/xarm_gazebo/share/xarm_gazebo/package.sh'
[72.990s] INFO:colcon.colcon_core.shell:Creating package script '/home/benongnuel/dev_ws/install/xarm_gazebo/share/xarm_gazebo/package.bash'
[72.990s] INFO:colcon.colcon_core.shell:Creating package script '/home/benongnuel/dev_ws/install/xarm_gazebo/share/xarm_gazebo/package.zsh'
[72.991s] Level 1:colcon.colcon_core.environment:create_file_with_runtime_dependencies(/home/benongnuel/dev_ws/install/xarm_gazebo/share/colcon-core/packages/xarm_gazebo)
[72.991s] Level 1:colcon.colcon_core.environment:create_environment_scripts_only(xarm_gazebo)
[72.991s] Level 1:colcon.colcon_core.environment:checking '/home/benongnuel/dev_ws/install/xarm_gazebo' for CMake module files
[72.991s] Level 1:colcon.colcon_core.environment:checking '/home/benongnuel/dev_ws/install/xarm_gazebo' for CMake config files
[72.991s] Level 1:colcon.colcon_core.shell:create_environment_hook('xarm_gazebo', 'cmake_prefix_path')
[72.991s] INFO:colcon.colcon_core.shell:Creating environment hook '/home/benongnuel/dev_ws/install/xarm_gazebo/share/xarm_gazebo/hook/cmake_prefix_path.ps1'
[72.992s] INFO:colcon.colcon_core.shell:Creating environment descriptor '/home/benongnuel/dev_ws/install/xarm_gazebo/share/xarm_gazebo/hook/cmake_prefix_path.dsv'
[72.992s] INFO:colcon.colcon_core.shell:Creating environment hook '/home/benongnuel/dev_ws/install/xarm_gazebo/share/xarm_gazebo/hook/cmake_prefix_path.sh'
[72.992s] Level 1:colcon.colcon_core.environment:checking '/home/benongnuel/dev_ws/install/xarm_gazebo/lib'
[72.992s] Level 1:colcon.colcon_core.shell:create_environment_hook('xarm_gazebo', 'ld_library_path_lib')
[72.992s] INFO:colcon.colcon_core.shell:Creating environment hook '/home/benongnuel/dev_ws/install/xarm_gazebo/share/xarm_gazebo/hook/ld_library_path_lib.ps1'
[72.992s] INFO:colcon.colcon_core.shell:Creating environment descriptor '/home/benongnuel/dev_ws/install/xarm_gazebo/share/xarm_gazebo/hook/ld_library_path_lib.dsv'
[72.993s] INFO:colcon.colcon_core.shell:Creating environment hook '/home/benongnuel/dev_ws/install/xarm_gazebo/share/xarm_gazebo/hook/ld_library_path_lib.sh'
[72.993s] Level 1:colcon.colcon_core.environment:checking '/home/benongnuel/dev_ws/install/xarm_gazebo/bin'
[72.993s] Level 1:colcon.colcon_core.environment:checking '/home/benongnuel/dev_ws/install/xarm_gazebo/lib/pkgconfig/xarm_gazebo.pc'
[72.993s] Level 1:colcon.colcon_core.environment:checking '/home/benongnuel/dev_ws/install/xarm_gazebo/lib/python3.10/site-packages'
[72.993s] Level 1:colcon.colcon_core.environment:checking '/home/benongnuel/dev_ws/install/xarm_gazebo/bin'
[72.993s] INFO:colcon.colcon_core.shell:Creating package script '/home/benongnuel/dev_ws/install/xarm_gazebo/share/xarm_gazebo/package.ps1'
[72.993s] INFO:colcon.colcon_core.shell:Creating package descriptor '/home/benongnuel/dev_ws/install/xarm_gazebo/share/xarm_gazebo/package.dsv'
[72.994s] INFO:colcon.colcon_core.shell:Creating package script '/home/benongnuel/dev_ws/install/xarm_gazebo/share/xarm_gazebo/package.sh'
[72.994s] INFO:colcon.colcon_core.shell:Creating package script '/home/benongnuel/dev_ws/install/xarm_gazebo/share/xarm_gazebo/package.bash'
[72.994s] INFO:colcon.colcon_core.shell:Creating package script '/home/benongnuel/dev_ws/install/xarm_gazebo/share/xarm_gazebo/package.zsh'
[72.994s] Level 1:colcon.colcon_core.environment:create_file_with_runtime_dependencies(/home/benongnuel/dev_ws/install/xarm_gazebo/share/colcon-core/packages/xarm_gazebo)
[72.994s] INFO:colcon.colcon_ros.task.ament_cmake.build:Building ROS package in '/home/benongnuel/dev_ws/src/xarm_ros2/xarm_moveit_config' with build type 'ament_cmake'
[72.994s] INFO:colcon.colcon_cmake.task.cmake.build:Building CMake package in '/home/benongnuel/dev_ws/src/xarm_ros2/xarm_moveit_config'
[72.995s] INFO:colcon.colcon_core.shell:Skip shell extension 'powershell' for command environment: Not usable outside of PowerShell
[72.995s] DEBUG:colcon.colcon_core.shell:Skip shell extension 'dsv' for command environment
[73.009s] DEBUG:colcon.colcon_core.event_handler.log_command:Invoking command in '/home/benongnuel/dev_ws/build/xarm_moveit_config': AMENT_PREFIX_PATH=/home/benongnuel/dev_ws/install/xarm_gazebo:/home/benongnuel/dev_ws/install/xarm_controller:/home/benongnuel/dev_ws/install/xarm_api:/home/benongnuel/dev_ws/install/xarm_sdk:/home/benongnuel/dev_ws/install/xarm_msgs:/home/benongnuel/dev_ws/install/xarm_description:/home/benongnuel/dev_ws/install/uf_ros_lib:${AMENT_PREFIX_PATH} CMAKE_PREFIX_PATH=/home/benongnuel/dev_ws/install/xarm_gazebo:/home/benongnuel/dev_ws/install/xarm_controller:/home/benongnuel/dev_ws/install/xarm_api:/home/benongnuel/dev_ws/install/xarm_sdk:/home/benongnuel/dev_ws/install/xarm_msgs:/home/benongnuel/dev_ws/install/xarm_description:/home/benongnuel/robo_ws/install/custom_3dof_arm:/opt/ros/humble LD_LIBRARY_PATH=/home/benongnuel/dev_ws/install/xarm_gazebo/lib:/home/benongnuel/dev_ws/install/xarm_controller/lib:/home/benongnuel/dev_ws/install/xarm_api/lib:/home/benongnuel/dev_ws/install/xarm_sdk/lib:/home/benongnuel/dev_ws/install/xarm_msgs/lib:${LD_LIBRARY_PATH} PYTHONPATH=/home/benongnuel/dev_ws/install/xarm_msgs/local/lib/python3.10/dist-packages:/home/benongnuel/dev_ws/install/uf_ros_lib/lib/python3.10/site-packages:${PYTHONPATH} /usr/bin/cmake /home/benongnuel/dev_ws/src/xarm_ros2/xarm_moveit_config -DCMAKE_INSTALL_PREFIX=/home/benongnuel/dev_ws/install/xarm_moveit_config
[73.461s] DEBUG:colcon.colcon_core.event_handler.log_command:Invoked command in '/home/benongnuel/dev_ws/build/xarm_moveit_config' returned '0': AMENT_PREFIX_PATH=/home/benongnuel/dev_ws/install/xarm_gazebo:/home/benongnuel/dev_ws/install/xarm_controller:/home/benongnuel/dev_ws/install/xarm_api:/home/benongnuel/dev_ws/install/xarm_sdk:/home/benongnuel/dev_ws/install/xarm_msgs:/home/benongnuel/dev_ws/install/xarm_description:/home/benongnuel/dev_ws/install/uf_ros_lib:${AMENT_PREFIX_PATH} CMAKE_PREFIX_PATH=/home/benongnuel/dev_ws/install/xarm_gazebo:/home/benongnuel/dev_ws/install/xarm_controller:/home/benongnuel/dev_ws/install/xarm_api:/home/benongnuel/dev_ws/install/xarm_sdk:/home/benongnuel/dev_ws/install/xarm_msgs:/home/benongnuel/dev_ws/install/xarm_description:/home/benongnuel/robo_ws/install/custom_3dof_arm:/opt/ros/humble LD_LIBRARY_PATH=/home/benongnuel/dev_ws/install/xarm_gazebo/lib:/home/benongnuel/dev_ws/install/xarm_controller/lib:/home/benongnuel/dev_ws/install/xarm_api/lib:/home/benongnuel/dev_ws/install/xarm_sdk/lib:/home/benongnuel/dev_ws/install/xarm_msgs/lib:${LD_LIBRARY_PATH} PYTHONPATH=/home/benongnuel/dev_ws/install/xarm_msgs/local/lib/python3.10/dist-packages:/home/benongnuel/dev_ws/install/uf_ros_lib/lib/python3.10/site-packages:${PYTHONPATH} /usr/bin/cmake /home/benongnuel/dev_ws/src/xarm_ros2/xarm_moveit_config -DCMAKE_INSTALL_PREFIX=/home/benongnuel/dev_ws/install/xarm_moveit_config
[73.463s] DEBUG:colcon.colcon_core.event_handler.log_command:Invoking command in '/home/benongnuel/dev_ws/build/xarm_moveit_config': AMENT_PREFIX_PATH=/home/benongnuel/dev_ws/install/xarm_gazebo:/home/benongnuel/dev_ws/install/xarm_controller:/home/benongnuel/dev_ws/install/xarm_api:/home/benongnuel/dev_ws/install/xarm_sdk:/home/benongnuel/dev_ws/install/xarm_msgs:/home/benongnuel/dev_ws/install/xarm_description:/home/benongnuel/dev_ws/install/uf_ros_lib:${AMENT_PREFIX_PATH} CMAKE_PREFIX_PATH=/home/benongnuel/dev_ws/install/xarm_gazebo:/home/benongnuel/dev_ws/install/xarm_controller:/home/benongnuel/dev_ws/install/xarm_api:/home/benongnuel/dev_ws/install/xarm_sdk:/home/benongnuel/dev_ws/install/xarm_msgs:/home/benongnuel/dev_ws/install/xarm_description:/home/benongnuel/robo_ws/install/custom_3dof_arm:/opt/ros/humble LD_LIBRARY_PATH=/home/benongnuel/dev_ws/install/xarm_gazebo/lib:/home/benongnuel/dev_ws/install/xarm_controller/lib:/home/benongnuel/dev_ws/install/xarm_api/lib:/home/benongnuel/dev_ws/install/xarm_sdk/lib:/home/benongnuel/dev_ws/install/xarm_msgs/lib:${LD_LIBRARY_PATH} PYTHONPATH=/home/benongnuel/dev_ws/install/xarm_msgs/local/lib/python3.10/dist-packages:/home/benongnuel/dev_ws/install/uf_ros_lib/lib/python3.10/site-packages:${PYTHONPATH} /usr/bin/cmake --build /home/benongnuel/dev_ws/build/xarm_moveit_config -- -j16 -l16
[73.492s] DEBUG:colcon.colcon_core.event_handler.log_command:Invoked command in '/home/benongnuel/dev_ws/build/xarm_moveit_config' returned '0': AMENT_PREFIX_PATH=/home/benongnuel/dev_ws/install/xarm_gazebo:/home/benongnuel/dev_ws/install/xarm_controller:/home/benongnuel/dev_ws/install/xarm_api:/home/benongnuel/dev_ws/install/xarm_sdk:/home/benongnuel/dev_ws/install/xarm_msgs:/home/benongnuel/dev_ws/install/xarm_description:/home/benongnuel/dev_ws/install/uf_ros_lib:${AMENT_PREFIX_PATH} CMAKE_PREFIX_PATH=/home/benongnuel/dev_ws/install/xarm_gazebo:/home/benongnuel/dev_ws/install/xarm_controller:/home/benongnuel/dev_ws/install/xarm_api:/home/benongnuel/dev_ws/install/xarm_sdk:/home/benongnuel/dev_ws/install/xarm_msgs:/home/benongnuel/dev_ws/install/xarm_description:/home/benongnuel/robo_ws/install/custom_3dof_arm:/opt/ros/humble LD_LIBRARY_PATH=/home/benongnuel/dev_ws/install/xarm_gazebo/lib:/home/benongnuel/dev_ws/install/xarm_controller/lib:/home/benongnuel/dev_ws/install/xarm_api/lib:/home/benongnuel/dev_ws/install/xarm_sdk/lib:/home/benongnuel/dev_ws/install/xarm_msgs/lib:${LD_LIBRARY_PATH} PYTHONPATH=/home/benongnuel/dev_ws/install/xarm_msgs/local/lib/python3.10/dist-packages:/home/benongnuel/dev_ws/install/uf_ros_lib/lib/python3.10/site-packages:${PYTHONPATH} /usr/bin/cmake --build /home/benongnuel/dev_ws/build/xarm_moveit_config -- -j16 -l16
[73.493s] DEBUG:colcon.colcon_core.event_handler.log_command:Invoking command in '/home/benongnuel/dev_ws/build/xarm_moveit_config': AMENT_PREFIX_PATH=/home/benongnuel/dev_ws/install/xarm_gazebo:/home/benongnuel/dev_ws/install/xarm_controller:/home/benongnuel/dev_ws/install/xarm_api:/home/benongnuel/dev_ws/install/xarm_sdk:/home/benongnuel/dev_ws/install/xarm_msgs:/home/benongnuel/dev_ws/install/xarm_description:/home/benongnuel/dev_ws/install/uf_ros_lib:${AMENT_PREFIX_PATH} CMAKE_PREFIX_PATH=/home/benongnuel/dev_ws/install/xarm_gazebo:/home/benongnuel/dev_ws/install/xarm_controller:/home/benongnuel/dev_ws/install/xarm_api:/home/benongnuel/dev_ws/install/xarm_sdk:/home/benongnuel/dev_ws/install/xarm_msgs:/home/benongnuel/dev_ws/install/xarm_description:/home/benongnuel/robo_ws/install/custom_3dof_arm:/opt/ros/humble LD_LIBRARY_PATH=/home/benongnuel/dev_ws/install/xarm_gazebo/lib:/home/benongnuel/dev_ws/install/xarm_controller/lib:/home/benongnuel/dev_ws/install/xarm_api/lib:/home/benongnuel/dev_ws/install/xarm_sdk/lib:/home/benongnuel/dev_ws/install/xarm_msgs/lib:${LD_LIBRARY_PATH} PYTHONPATH=/home/benongnuel/dev_ws/install/xarm_msgs/local/lib/python3.10/dist-packages:/home/benongnuel/dev_ws/install/uf_ros_lib/lib/python3.10/site-packages:${PYTHONPATH} /usr/bin/cmake --install /home/benongnuel/dev_ws/build/xarm_moveit_config
[73.551s] Level 1:colcon.colcon_core.environment:create_environment_scripts_only(xarm_moveit_config)
[73.551s] Level 1:colcon.colcon_core.environment:checking '/home/benongnuel/dev_ws/install/xarm_moveit_config' for CMake module files
[73.552s] DEBUG:colcon.colcon_core.event_handler.log_command:Invoked command in '/home/benongnuel/dev_ws/build/xarm_moveit_config' returned '0': AMENT_PREFIX_PATH=/home/benongnuel/dev_ws/install/xarm_gazebo:/home/benongnuel/dev_ws/install/xarm_controller:/home/benongnuel/dev_ws/install/xarm_api:/home/benongnuel/dev_ws/install/xarm_sdk:/home/benongnuel/dev_ws/install/xarm_msgs:/home/benongnuel/dev_ws/install/xarm_description:/home/benongnuel/dev_ws/install/uf_ros_lib:${AMENT_PREFIX_PATH} CMAKE_PREFIX_PATH=/home/benongnuel/dev_ws/install/xarm_gazebo:/home/benongnuel/dev_ws/install/xarm_controller:/home/benongnuel/dev_ws/install/xarm_api:/home/benongnuel/dev_ws/install/xarm_sdk:/home/benongnuel/dev_ws/install/xarm_msgs:/home/benongnuel/dev_ws/install/xarm_description:/home/benongnuel/robo_ws/install/custom_3dof_arm:/opt/ros/humble LD_LIBRARY_PATH=/home/benongnuel/dev_ws/install/xarm_gazebo/lib:/home/benongnuel/dev_ws/install/xarm_controller/lib:/home/benongnuel/dev_ws/install/xarm_api/lib:/home/benongnuel/dev_ws/install/xarm_sdk/lib:/home/benongnuel/dev_ws/install/xarm_msgs/lib:${LD_LIBRARY_PATH} PYTHONPATH=/home/benongnuel/dev_ws/install/xarm_msgs/local/lib/python3.10/dist-packages:/home/benongnuel/dev_ws/install/uf_ros_lib/lib/python3.10/site-packages:${PYTHONPATH} /usr/bin/cmake --install /home/benongnuel/dev_ws/build/xarm_moveit_config
[73.552s] Level 1:colcon.colcon_core.environment:checking '/home/benongnuel/dev_ws/install/xarm_moveit_config' for CMake config files
[73.553s] Level 1:colcon.colcon_core.shell:create_environment_hook('xarm_moveit_config', 'cmake_prefix_path')
[73.553s] INFO:colcon.colcon_core.shell:Creating environment hook '/home/benongnuel/dev_ws/install/xarm_moveit_config/share/xarm_moveit_config/hook/cmake_prefix_path.ps1'
[73.554s] INFO:colcon.colcon_core.shell:Creating environment descriptor '/home/benongnuel/dev_ws/install/xarm_moveit_config/share/xarm_moveit_config/hook/cmake_prefix_path.dsv'
[73.554s] INFO:colcon.colcon_core.shell:Creating environment hook '/home/benongnuel/dev_ws/install/xarm_moveit_config/share/xarm_moveit_config/hook/cmake_prefix_path.sh'
[73.554s] Level 1:colcon.colcon_core.environment:checking '/home/benongnuel/dev_ws/install/xarm_moveit_config/bin'
[73.555s] Level 1:colcon.colcon_core.environment:checking '/home/benongnuel/dev_ws/install/xarm_moveit_config/lib/pkgconfig/xarm_moveit_config.pc'
[73.555s] Level 1:colcon.colcon_core.environment:checking '/home/benongnuel/dev_ws/install/xarm_moveit_config/lib/python3.10/site-packages'
[73.555s] Level 1:colcon.colcon_core.environment:checking '/home/benongnuel/dev_ws/install/xarm_moveit_config/bin'
[73.555s] INFO:colcon.colcon_core.shell:Creating package script '/home/benongnuel/dev_ws/install/xarm_moveit_config/share/xarm_moveit_config/package.ps1'
[73.555s] INFO:colcon.colcon_core.shell:Creating package descriptor '/home/benongnuel/dev_ws/install/xarm_moveit_config/share/xarm_moveit_config/package.dsv'
[73.555s] INFO:colcon.colcon_core.shell:Creating package script '/home/benongnuel/dev_ws/install/xarm_moveit_config/share/xarm_moveit_config/package.sh'
[73.556s] INFO:colcon.colcon_core.shell:Creating package script '/home/benongnuel/dev_ws/install/xarm_moveit_config/share/xarm_moveit_config/package.bash'
[73.556s] INFO:colcon.colcon_core.shell:Creating package script '/home/benongnuel/dev_ws/install/xarm_moveit_config/share/xarm_moveit_config/package.zsh'
[73.556s] Level 1:colcon.colcon_core.environment:create_file_with_runtime_dependencies(/home/benongnuel/dev_ws/install/xarm_moveit_config/share/colcon-core/packages/xarm_moveit_config)
[73.556s] Level 1:colcon.colcon_core.environment:create_environment_scripts_only(xarm_moveit_config)
[73.556s] Level 1:colcon.colcon_core.environment:checking '/home/benongnuel/dev_ws/install/xarm_moveit_config' for CMake module files
[73.557s] Level 1:colcon.colcon_core.environment:checking '/home/benongnuel/dev_ws/install/xarm_moveit_config' for CMake config files
[73.557s] Level 1:colcon.colcon_core.shell:create_environment_hook('xarm_moveit_config', 'cmake_prefix_path')
[73.557s] INFO:colcon.colcon_core.shell:Creating environment hook '/home/benongnuel/dev_ws/install/xarm_moveit_config/share/xarm_moveit_config/hook/cmake_prefix_path.ps1'
[73.557s] INFO:colcon.colcon_core.shell:Creating environment descriptor '/home/benongnuel/dev_ws/install/xarm_moveit_config/share/xarm_moveit_config/hook/cmake_prefix_path.dsv'
[73.557s] INFO:colcon.colcon_core.shell:Creating environment hook '/home/benongnuel/dev_ws/install/xarm_moveit_config/share/xarm_moveit_config/hook/cmake_prefix_path.sh'
[73.558s] Level 1:colcon.colcon_core.environment:checking '/home/benongnuel/dev_ws/install/xarm_moveit_config/bin'
[73.558s] Level 1:colcon.colcon_core.environment:checking '/home/benongnuel/dev_ws/install/xarm_moveit_config/lib/pkgconfig/xarm_moveit_config.pc'
[73.558s] Level 1:colcon.colcon_core.environment:checking '/home/benongnuel/dev_ws/install/xarm_moveit_config/lib/python3.10/site-packages'
[73.558s] Level 1:colcon.colcon_core.environment:checking '/home/benongnuel/dev_ws/install/xarm_moveit_config/bin'
[73.558s] INFO:colcon.colcon_core.shell:Creating package script '/home/benongnuel/dev_ws/install/xarm_moveit_config/share/xarm_moveit_config/package.ps1'
[73.559s] INFO:colcon.colcon_core.shell:Creating package descriptor '/home/benongnuel/dev_ws/install/xarm_moveit_config/share/xarm_moveit_config/package.dsv'
[73.559s] INFO:colcon.colcon_core.shell:Creating package script '/home/benongnuel/dev_ws/install/xarm_moveit_config/share/xarm_moveit_config/package.sh'
[73.559s] INFO:colcon.colcon_core.shell:Creating package script '/home/benongnuel/dev_ws/install/xarm_moveit_config/share/xarm_moveit_config/package.bash'
[73.560s] INFO:colcon.colcon_core.shell:Creating package script '/home/benongnuel/dev_ws/install/xarm_moveit_config/share/xarm_moveit_config/package.zsh'
[73.560s] Level 1:colcon.colcon_core.environment:create_file_with_runtime_dependencies(/home/benongnuel/dev_ws/install/xarm_moveit_config/share/colcon-core/packages/xarm_moveit_config)
[73.560s] INFO:colcon.colcon_ros.task.ament_cmake.build:Building ROS package in '/home/benongnuel/dev_ws/src/xarm_ros2/xarm_moveit_servo' with build type 'ament_cmake'
[73.560s] INFO:colcon.colcon_cmake.task.cmake.build:Building CMake package in '/home/benongnuel/dev_ws/src/xarm_ros2/xarm_moveit_servo'
[73.560s] INFO:colcon.colcon_core.shell:Skip shell extension 'powershell' for command environment: Not usable outside of PowerShell
[73.560s] DEBUG:colcon.colcon_core.shell:Skip shell extension 'dsv' for command environment
[73.563s] INFO:colcon.colcon_ros.task.ament_cmake.build:Building ROS package in '/home/benongnuel/dev_ws/src/xarm_ros2/xarm_planner' with build type 'ament_cmake'
[73.563s] INFO:colcon.colcon_cmake.task.cmake.build:Building CMake package in '/home/benongnuel/dev_ws/src/xarm_ros2/xarm_planner'
[73.563s] INFO:colcon.colcon_core.shell:Skip shell extension 'powershell' for command environment: Not usable outside of PowerShell
[73.563s] DEBUG:colcon.colcon_core.shell:Skip shell extension 'dsv' for command environment
[73.576s] DEBUG:colcon.colcon_core.event_handler.log_command:Invoking command in '/home/benongnuel/dev_ws/build/xarm_moveit_servo': AMENT_PREFIX_PATH=/home/benongnuel/dev_ws/install/xarm_moveit_config:/home/benongnuel/dev_ws/install/xarm_gazebo:/home/benongnuel/dev_ws/install/xarm_controller:/home/benongnuel/dev_ws/install/xarm_api:/home/benongnuel/dev_ws/install/xarm_sdk:/home/benongnuel/dev_ws/install/xarm_msgs:/home/benongnuel/dev_ws/install/xarm_description:/home/benongnuel/dev_ws/install/uf_ros_lib:${AMENT_PREFIX_PATH} CMAKE_PREFIX_PATH=/home/benongnuel/dev_ws/install/xarm_moveit_config:/home/benongnuel/dev_ws/install/xarm_gazebo:/home/benongnuel/dev_ws/install/xarm_controller:/home/benongnuel/dev_ws/install/xarm_api:/home/benongnuel/dev_ws/install/xarm_sdk:/home/benongnuel/dev_ws/install/xarm_msgs:/home/benongnuel/dev_ws/install/xarm_description:/home/benongnuel/robo_ws/install/custom_3dof_arm:/opt/ros/humble LD_LIBRARY_PATH=/home/benongnuel/dev_ws/install/xarm_gazebo/lib:/home/benongnuel/dev_ws/install/xarm_controller/lib:/home/benongnuel/dev_ws/install/xarm_api/lib:/home/benongnuel/dev_ws/install/xarm_sdk/lib:/home/benongnuel/dev_ws/install/xarm_msgs/lib:${LD_LIBRARY_PATH} PYTHONPATH=/home/benongnuel/dev_ws/install/xarm_msgs/local/lib/python3.10/dist-packages:/home/benongnuel/dev_ws/install/uf_ros_lib/lib/python3.10/site-packages:${PYTHONPATH} /usr/bin/cmake /home/benongnuel/dev_ws/src/xarm_ros2/xarm_moveit_servo -DCMAKE_INSTALL_PREFIX=/home/benongnuel/dev_ws/install/xarm_moveit_servo
[73.578s] DEBUG:colcon.colcon_core.event_handler.log_command:Invoking command in '/home/benongnuel/dev_ws/build/xarm_planner': AMENT_PREFIX_PATH=/home/benongnuel/dev_ws/install/xarm_moveit_config:/home/benongnuel/dev_ws/install/xarm_gazebo:/home/benongnuel/dev_ws/install/xarm_controller:/home/benongnuel/dev_ws/install/xarm_api:/home/benongnuel/dev_ws/install/xarm_sdk:/home/benongnuel/dev_ws/install/xarm_msgs:/home/benongnuel/dev_ws/install/xarm_description:/home/benongnuel/dev_ws/install/uf_ros_lib:${AMENT_PREFIX_PATH} CMAKE_PREFIX_PATH=/home/benongnuel/dev_ws/install/xarm_moveit_config:/home/benongnuel/dev_ws/install/xarm_gazebo:/home/benongnuel/dev_ws/install/xarm_controller:/home/benongnuel/dev_ws/install/xarm_api:/home/benongnuel/dev_ws/install/xarm_sdk:/home/benongnuel/dev_ws/install/xarm_msgs:/home/benongnuel/dev_ws/install/xarm_description:/home/benongnuel/robo_ws/install/custom_3dof_arm:/opt/ros/humble LD_LIBRARY_PATH=/home/benongnuel/dev_ws/install/xarm_gazebo/lib:/home/benongnuel/dev_ws/install/xarm_controller/lib:/home/benongnuel/dev_ws/install/xarm_api/lib:/home/benongnuel/dev_ws/install/xarm_sdk/lib:/home/benongnuel/dev_ws/install/xarm_msgs/lib:${LD_LIBRARY_PATH} PYTHONPATH=/home/benongnuel/dev_ws/install/xarm_msgs/local/lib/python3.10/dist-packages:/home/benongnuel/dev_ws/install/uf_ros_lib/lib/python3.10/site-packages:${PYTHONPATH} /usr/bin/cmake /home/benongnuel/dev_ws/src/xarm_ros2/xarm_planner -DCMAKE_INSTALL_PREFIX=/home/benongnuel/dev_ws/install/xarm_planner
[74.810s] DEBUG:colcon.colcon_core.event_handler.log_command:Invoked command in '/home/benongnuel/dev_ws/build/xarm_moveit_servo' returned '0': AMENT_PREFIX_PATH=/home/benongnuel/dev_ws/install/xarm_moveit_config:/home/benongnuel/dev_ws/install/xarm_gazebo:/home/benongnuel/dev_ws/install/xarm_controller:/home/benongnuel/dev_ws/install/xarm_api:/home/benongnuel/dev_ws/install/xarm_sdk:/home/benongnuel/dev_ws/install/xarm_msgs:/home/benongnuel/dev_ws/install/xarm_description:/home/benongnuel/dev_ws/install/uf_ros_lib:${AMENT_PREFIX_PATH} CMAKE_PREFIX_PATH=/home/benongnuel/dev_ws/install/xarm_moveit_config:/home/benongnuel/dev_ws/install/xarm_gazebo:/home/benongnuel/dev_ws/install/xarm_controller:/home/benongnuel/dev_ws/install/xarm_api:/home/benongnuel/dev_ws/install/xarm_sdk:/home/benongnuel/dev_ws/install/xarm_msgs:/home/benongnuel/dev_ws/install/xarm_description:/home/benongnuel/robo_ws/install/custom_3dof_arm:/opt/ros/humble LD_LIBRARY_PATH=/home/benongnuel/dev_ws/install/xarm_gazebo/lib:/home/benongnuel/dev_ws/install/xarm_controller/lib:/home/benongnuel/dev_ws/install/xarm_api/lib:/home/benongnuel/dev_ws/install/xarm_sdk/lib:/home/benongnuel/dev_ws/install/xarm_msgs/lib:${LD_LIBRARY_PATH} PYTHONPATH=/home/benongnuel/dev_ws/install/xarm_msgs/local/lib/python3.10/dist-packages:/home/benongnuel/dev_ws/install/uf_ros_lib/lib/python3.10/site-packages:${PYTHONPATH} /usr/bin/cmake /home/benongnuel/dev_ws/src/xarm_ros2/xarm_moveit_servo -DCMAKE_INSTALL_PREFIX=/home/benongnuel/dev_ws/install/xarm_moveit_servo
[74.811s] DEBUG:colcon.colcon_core.event_handler.log_command:Invoking command in '/home/benongnuel/dev_ws/build/xarm_moveit_servo': AMENT_PREFIX_PATH=/home/benongnuel/dev_ws/install/xarm_moveit_config:/home/benongnuel/dev_ws/install/xarm_gazebo:/home/benongnuel/dev_ws/install/xarm_controller:/home/benongnuel/dev_ws/install/xarm_api:/home/benongnuel/dev_ws/install/xarm_sdk:/home/benongnuel/dev_ws/install/xarm_msgs:/home/benongnuel/dev_ws/install/xarm_description:/home/benongnuel/dev_ws/install/uf_ros_lib:${AMENT_PREFIX_PATH} CMAKE_PREFIX_PATH=/home/benongnuel/dev_ws/install/xarm_moveit_config:/home/benongnuel/dev_ws/install/xarm_gazebo:/home/benongnuel/dev_ws/install/xarm_controller:/home/benongnuel/dev_ws/install/xarm_api:/home/benongnuel/dev_ws/install/xarm_sdk:/home/benongnuel/dev_ws/install/xarm_msgs:/home/benongnuel/dev_ws/install/xarm_description:/home/benongnuel/robo_ws/install/custom_3dof_arm:/opt/ros/humble LD_LIBRARY_PATH=/home/benongnuel/dev_ws/install/xarm_gazebo/lib:/home/benongnuel/dev_ws/install/xarm_controller/lib:/home/benongnuel/dev_ws/install/xarm_api/lib:/home/benongnuel/dev_ws/install/xarm_sdk/lib:/home/benongnuel/dev_ws/install/xarm_msgs/lib:${LD_LIBRARY_PATH} PYTHONPATH=/home/benongnuel/dev_ws/install/xarm_msgs/local/lib/python3.10/dist-packages:/home/benongnuel/dev_ws/install/uf_ros_lib/lib/python3.10/site-packages:${PYTHONPATH} /usr/bin/cmake --build /home/benongnuel/dev_ws/build/xarm_moveit_servo -- -j16 -l16
[74.939s] DEBUG:colcon.colcon_core.event_handler.log_command:Invoked command in '/home/benongnuel/dev_ws/build/xarm_planner' returned '0': AMENT_PREFIX_PATH=/home/benongnuel/dev_ws/install/xarm_moveit_config:/home/benongnuel/dev_ws/install/xarm_gazebo:/home/benongnuel/dev_ws/install/xarm_controller:/home/benongnuel/dev_ws/install/xarm_api:/home/benongnuel/dev_ws/install/xarm_sdk:/home/benongnuel/dev_ws/install/xarm_msgs:/home/benongnuel/dev_ws/install/xarm_description:/home/benongnuel/dev_ws/install/uf_ros_lib:${AMENT_PREFIX_PATH} CMAKE_PREFIX_PATH=/home/benongnuel/dev_ws/install/xarm_moveit_config:/home/benongnuel/dev_ws/install/xarm_gazebo:/home/benongnuel/dev_ws/install/xarm_controller:/home/benongnuel/dev_ws/install/xarm_api:/home/benongnuel/dev_ws/install/xarm_sdk:/home/benongnuel/dev_ws/install/xarm_msgs:/home/benongnuel/dev_ws/install/xarm_description:/home/benongnuel/robo_ws/install/custom_3dof_arm:/opt/ros/humble LD_LIBRARY_PATH=/home/benongnuel/dev_ws/install/xarm_gazebo/lib:/home/benongnuel/dev_ws/install/xarm_controller/lib:/home/benongnuel/dev_ws/install/xarm_api/lib:/home/benongnuel/dev_ws/install/xarm_sdk/lib:/home/benongnuel/dev_ws/install/xarm_msgs/lib:${LD_LIBRARY_PATH} PYTHONPATH=/home/benongnuel/dev_ws/install/xarm_msgs/local/lib/python3.10/dist-packages:/home/benongnuel/dev_ws/install/uf_ros_lib/lib/python3.10/site-packages:${PYTHONPATH} /usr/bin/cmake /home/benongnuel/dev_ws/src/xarm_ros2/xarm_planner -DCMAKE_INSTALL_PREFIX=/home/benongnuel/dev_ws/install/xarm_planner
[74.940s] DEBUG:colcon.colcon_core.event_handler.log_command:Invoking command in '/home/benongnuel/dev_ws/build/xarm_planner': AMENT_PREFIX_PATH=/home/benongnuel/dev_ws/install/xarm_moveit_config:/home/benongnuel/dev_ws/install/xarm_gazebo:/home/benongnuel/dev_ws/install/xarm_controller:/home/benongnuel/dev_ws/install/xarm_api:/home/benongnuel/dev_ws/install/xarm_sdk:/home/benongnuel/dev_ws/install/xarm_msgs:/home/benongnuel/dev_ws/install/xarm_description:/home/benongnuel/dev_ws/install/uf_ros_lib:${AMENT_PREFIX_PATH} CMAKE_PREFIX_PATH=/home/benongnuel/dev_ws/install/xarm_moveit_config:/home/benongnuel/dev_ws/install/xarm_gazebo:/home/benongnuel/dev_ws/install/xarm_controller:/home/benongnuel/dev_ws/install/xarm_api:/home/benongnuel/dev_ws/install/xarm_sdk:/home/benongnuel/dev_ws/install/xarm_msgs:/home/benongnuel/dev_ws/install/xarm_description:/home/benongnuel/robo_ws/install/custom_3dof_arm:/opt/ros/humble LD_LIBRARY_PATH=/home/benongnuel/dev_ws/install/xarm_gazebo/lib:/home/benongnuel/dev_ws/install/xarm_controller/lib:/home/benongnuel/dev_ws/install/xarm_api/lib:/home/benongnuel/dev_ws/install/xarm_sdk/lib:/home/benongnuel/dev_ws/install/xarm_msgs/lib:${LD_LIBRARY_PATH} PYTHONPATH=/home/benongnuel/dev_ws/install/xarm_msgs/local/lib/python3.10/dist-packages:/home/benongnuel/dev_ws/install/uf_ros_lib/lib/python3.10/site-packages:${PYTHONPATH} /usr/bin/cmake --build /home/benongnuel/dev_ws/build/xarm_planner -- -j16 -l16
[84.078s] DEBUG:colcon.colcon_core.event_handler.log_command:Invoked command in '/home/benongnuel/dev_ws/build/xarm_moveit_servo' returned '0': AMENT_PREFIX_PATH=/home/benongnuel/dev_ws/install/xarm_moveit_config:/home/benongnuel/dev_ws/install/xarm_gazebo:/home/benongnuel/dev_ws/install/xarm_controller:/home/benongnuel/dev_ws/install/xarm_api:/home/benongnuel/dev_ws/install/xarm_sdk:/home/benongnuel/dev_ws/install/xarm_msgs:/home/benongnuel/dev_ws/install/xarm_description:/home/benongnuel/dev_ws/install/uf_ros_lib:${AMENT_PREFIX_PATH} CMAKE_PREFIX_PATH=/home/benongnuel/dev_ws/install/xarm_moveit_config:/home/benongnuel/dev_ws/install/xarm_gazebo:/home/benongnuel/dev_ws/install/xarm_controller:/home/benongnuel/dev_ws/install/xarm_api:/home/benongnuel/dev_ws/install/xarm_sdk:/home/benongnuel/dev_ws/install/xarm_msgs:/home/benongnuel/dev_ws/install/xarm_description:/home/benongnuel/robo_ws/install/custom_3dof_arm:/opt/ros/humble LD_LIBRARY_PATH=/home/benongnuel/dev_ws/install/xarm_gazebo/lib:/home/benongnuel/dev_ws/install/xarm_controller/lib:/home/benongnuel/dev_ws/install/xarm_api/lib:/home/benongnuel/dev_ws/install/xarm_sdk/lib:/home/benongnuel/dev_ws/install/xarm_msgs/lib:${LD_LIBRARY_PATH} PYTHONPATH=/home/benongnuel/dev_ws/install/xarm_msgs/local/lib/python3.10/dist-packages:/home/benongnuel/dev_ws/install/uf_ros_lib/lib/python3.10/site-packages:${PYTHONPATH} /usr/bin/cmake --build /home/benongnuel/dev_ws/build/xarm_moveit_servo -- -j16 -l16
[84.080s] DEBUG:colcon.colcon_core.event_handler.log_command:Invoking command in '/home/benongnuel/dev_ws/build/xarm_moveit_servo': AMENT_PREFIX_PATH=/home/benongnuel/dev_ws/install/xarm_moveit_config:/home/benongnuel/dev_ws/install/xarm_gazebo:/home/benongnuel/dev_ws/install/xarm_controller:/home/benongnuel/dev_ws/install/xarm_api:/home/benongnuel/dev_ws/install/xarm_sdk:/home/benongnuel/dev_ws/install/xarm_msgs:/home/benongnuel/dev_ws/install/xarm_description:/home/benongnuel/dev_ws/install/uf_ros_lib:${AMENT_PREFIX_PATH} CMAKE_PREFIX_PATH=/home/benongnuel/dev_ws/install/xarm_moveit_config:/home/benongnuel/dev_ws/install/xarm_gazebo:/home/benongnuel/dev_ws/install/xarm_controller:/home/benongnuel/dev_ws/install/xarm_api:/home/benongnuel/dev_ws/install/xarm_sdk:/home/benongnuel/dev_ws/install/xarm_msgs:/home/benongnuel/dev_ws/install/xarm_description:/home/benongnuel/robo_ws/install/custom_3dof_arm:/opt/ros/humble LD_LIBRARY_PATH=/home/benongnuel/dev_ws/install/xarm_gazebo/lib:/home/benongnuel/dev_ws/install/xarm_controller/lib:/home/benongnuel/dev_ws/install/xarm_api/lib:/home/benongnuel/dev_ws/install/xarm_sdk/lib:/home/benongnuel/dev_ws/install/xarm_msgs/lib:${LD_LIBRARY_PATH} PYTHONPATH=/home/benongnuel/dev_ws/install/xarm_msgs/local/lib/python3.10/dist-packages:/home/benongnuel/dev_ws/install/uf_ros_lib/lib/python3.10/site-packages:${PYTHONPATH} /usr/bin/cmake --install /home/benongnuel/dev_ws/build/xarm_moveit_servo
[84.106s] Level 1:colcon.colcon_core.environment:create_environment_scripts_only(xarm_moveit_servo)
[84.107s] Level 1:colcon.colcon_core.environment:checking '/home/benongnuel/dev_ws/install/xarm_moveit_servo' for CMake module files
[84.107s] DEBUG:colcon.colcon_core.event_handler.log_command:Invoked command in '/home/benongnuel/dev_ws/build/xarm_moveit_servo' returned '0': AMENT_PREFIX_PATH=/home/benongnuel/dev_ws/install/xarm_moveit_config:/home/benongnuel/dev_ws/install/xarm_gazebo:/home/benongnuel/dev_ws/install/xarm_controller:/home/benongnuel/dev_ws/install/xarm_api:/home/benongnuel/dev_ws/install/xarm_sdk:/home/benongnuel/dev_ws/install/xarm_msgs:/home/benongnuel/dev_ws/install/xarm_description:/home/benongnuel/dev_ws/install/uf_ros_lib:${AMENT_PREFIX_PATH} CMAKE_PREFIX_PATH=/home/benongnuel/dev_ws/install/xarm_moveit_config:/home/benongnuel/dev_ws/install/xarm_gazebo:/home/benongnuel/dev_ws/install/xarm_controller:/home/benongnuel/dev_ws/install/xarm_api:/home/benongnuel/dev_ws/install/xarm_sdk:/home/benongnuel/dev_ws/install/xarm_msgs:/home/benongnuel/dev_ws/install/xarm_description:/home/benongnuel/robo_ws/install/custom_3dof_arm:/opt/ros/humble LD_LIBRARY_PATH=/home/benongnuel/dev_ws/install/xarm_gazebo/lib:/home/benongnuel/dev_ws/install/xarm_controller/lib:/home/benongnuel/dev_ws/install/xarm_api/lib:/home/benongnuel/dev_ws/install/xarm_sdk/lib:/home/benongnuel/dev_ws/install/xarm_msgs/lib:${LD_LIBRARY_PATH} PYTHONPATH=/home/benongnuel/dev_ws/install/xarm_msgs/local/lib/python3.10/dist-packages:/home/benongnuel/dev_ws/install/uf_ros_lib/lib/python3.10/site-packages:${PYTHONPATH} /usr/bin/cmake --install /home/benongnuel/dev_ws/build/xarm_moveit_servo
[84.108s] Level 1:colcon.colcon_core.environment:checking '/home/benongnuel/dev_ws/install/xarm_moveit_servo' for CMake config files
[84.108s] Level 1:colcon.colcon_core.shell:create_environment_hook('xarm_moveit_servo', 'cmake_prefix_path')
[84.109s] INFO:colcon.colcon_core.shell:Creating environment hook '/home/benongnuel/dev_ws/install/xarm_moveit_servo/share/xarm_moveit_servo/hook/cmake_prefix_path.ps1'
[84.110s] INFO:colcon.colcon_core.shell:Creating environment descriptor '/home/benongnuel/dev_ws/install/xarm_moveit_servo/share/xarm_moveit_servo/hook/cmake_prefix_path.dsv'
[84.110s] INFO:colcon.colcon_core.shell:Creating environment hook '/home/benongnuel/dev_ws/install/xarm_moveit_servo/share/xarm_moveit_servo/hook/cmake_prefix_path.sh'
[84.111s] Level 1:colcon.colcon_core.environment:checking '/home/benongnuel/dev_ws/install/xarm_moveit_servo/lib'
[84.111s] Level 1:colcon.colcon_core.shell:create_environment_hook('xarm_moveit_servo', 'ld_library_path_lib')
[84.111s] INFO:colcon.colcon_core.shell:Creating environment hook '/home/benongnuel/dev_ws/install/xarm_moveit_servo/share/xarm_moveit_servo/hook/ld_library_path_lib.ps1'
[84.112s] INFO:colcon.colcon_core.shell:Creating environment descriptor '/home/benongnuel/dev_ws/install/xarm_moveit_servo/share/xarm_moveit_servo/hook/ld_library_path_lib.dsv'
[84.112s] INFO:colcon.colcon_core.shell:Creating environment hook '/home/benongnuel/dev_ws/install/xarm_moveit_servo/share/xarm_moveit_servo/hook/ld_library_path_lib.sh'
[84.113s] Level 1:colcon.colcon_core.environment:checking '/home/benongnuel/dev_ws/install/xarm_moveit_servo/bin'
[84.113s] Level 1:colcon.colcon_core.environment:checking '/home/benongnuel/dev_ws/install/xarm_moveit_servo/lib/pkgconfig/xarm_moveit_servo.pc'
[84.113s] Level 1:colcon.colcon_core.environment:checking '/home/benongnuel/dev_ws/install/xarm_moveit_servo/lib/python3.10/site-packages'
[84.113s] Level 1:colcon.colcon_core.environment:checking '/home/benongnuel/dev_ws/install/xarm_moveit_servo/bin'
[84.114s] INFO:colcon.colcon_core.shell:Creating package script '/home/benongnuel/dev_ws/install/xarm_moveit_servo/share/xarm_moveit_servo/package.ps1'
[84.114s] INFO:colcon.colcon_core.shell:Creating package descriptor '/home/benongnuel/dev_ws/install/xarm_moveit_servo/share/xarm_moveit_servo/package.dsv'
[84.115s] INFO:colcon.colcon_core.shell:Creating package script '/home/benongnuel/dev_ws/install/xarm_moveit_servo/share/xarm_moveit_servo/package.sh'
[84.116s] INFO:colcon.colcon_core.shell:Creating package script '/home/benongnuel/dev_ws/install/xarm_moveit_servo/share/xarm_moveit_servo/package.bash'
[84.116s] INFO:colcon.colcon_core.shell:Creating package script '/home/benongnuel/dev_ws/install/xarm_moveit_servo/share/xarm_moveit_servo/package.zsh'
[84.116s] Level 1:colcon.colcon_core.environment:create_file_with_runtime_dependencies(/home/benongnuel/dev_ws/install/xarm_moveit_servo/share/colcon-core/packages/xarm_moveit_servo)
[84.117s] Level 1:colcon.colcon_core.environment:create_environment_scripts_only(xarm_moveit_servo)
[84.118s] Level 1:colcon.colcon_core.environment:checking '/home/benongnuel/dev_ws/install/xarm_moveit_servo' for CMake module files
[84.118s] Level 1:colcon.colcon_core.environment:checking '/home/benongnuel/dev_ws/install/xarm_moveit_servo' for CMake config files
[84.118s] Level 1:colcon.colcon_core.shell:create_environment_hook('xarm_moveit_servo', 'cmake_prefix_path')
[84.119s] INFO:colcon.colcon_core.shell:Creating environment hook '/home/benongnuel/dev_ws/install/xarm_moveit_servo/share/xarm_moveit_servo/hook/cmake_prefix_path.ps1'
[84.119s] INFO:colcon.colcon_core.shell:Creating environment descriptor '/home/benongnuel/dev_ws/install/xarm_moveit_servo/share/xarm_moveit_servo/hook/cmake_prefix_path.dsv'
[84.120s] INFO:colcon.colcon_core.shell:Creating environment hook '/home/benongnuel/dev_ws/install/xarm_moveit_servo/share/xarm_moveit_servo/hook/cmake_prefix_path.sh'
[84.120s] Level 1:colcon.colcon_core.environment:checking '/home/benongnuel/dev_ws/install/xarm_moveit_servo/lib'
[84.120s] Level 1:colcon.colcon_core.shell:create_environment_hook('xarm_moveit_servo', 'ld_library_path_lib')
[84.120s] INFO:colcon.colcon_core.shell:Creating environment hook '/home/benongnuel/dev_ws/install/xarm_moveit_servo/share/xarm_moveit_servo/hook/ld_library_path_lib.ps1'
[84.121s] INFO:colcon.colcon_core.shell:Creating environment descriptor '/home/benongnuel/dev_ws/install/xarm_moveit_servo/share/xarm_moveit_servo/hook/ld_library_path_lib.dsv'
[84.121s] INFO:colcon.colcon_core.shell:Creating environment hook '/home/benongnuel/dev_ws/install/xarm_moveit_servo/share/xarm_moveit_servo/hook/ld_library_path_lib.sh'
[84.121s] Level 1:colcon.colcon_core.environment:checking '/home/benongnuel/dev_ws/install/xarm_moveit_servo/bin'
[84.121s] Level 1:colcon.colcon_core.environment:checking '/home/benongnuel/dev_ws/install/xarm_moveit_servo/lib/pkgconfig/xarm_moveit_servo.pc'
[84.121s] Level 1:colcon.colcon_core.environment:checking '/home/benongnuel/dev_ws/install/xarm_moveit_servo/lib/python3.10/site-packages'
[84.122s] Level 1:colcon.colcon_core.environment:checking '/home/benongnuel/dev_ws/install/xarm_moveit_servo/bin'
[84.122s] INFO:colcon.colcon_core.shell:Creating package script '/home/benongnuel/dev_ws/install/xarm_moveit_servo/share/xarm_moveit_servo/package.ps1'
[84.122s] INFO:colcon.colcon_core.shell:Creating package descriptor '/home/benongnuel/dev_ws/install/xarm_moveit_servo/share/xarm_moveit_servo/package.dsv'
[84.123s] INFO:colcon.colcon_core.shell:Creating package script '/home/benongnuel/dev_ws/install/xarm_moveit_servo/share/xarm_moveit_servo/package.sh'
[84.123s] INFO:colcon.colcon_core.shell:Creating package script '/home/benongnuel/dev_ws/install/xarm_moveit_servo/share/xarm_moveit_servo/package.bash'
[84.124s] INFO:colcon.colcon_core.shell:Creating package script '/home/benongnuel/dev_ws/install/xarm_moveit_servo/share/xarm_moveit_servo/package.zsh'
[84.124s] Level 1:colcon.colcon_core.environment:create_file_with_runtime_dependencies(/home/benongnuel/dev_ws/install/xarm_moveit_servo/share/colcon-core/packages/xarm_moveit_servo)
[93.247s] DEBUG:colcon.colcon_core.event_handler.log_command:Invoked command in '/home/benongnuel/dev_ws/build/xarm_planner' returned '0': AMENT_PREFIX_PATH=/home/benongnuel/dev_ws/install/xarm_moveit_config:/home/benongnuel/dev_ws/install/xarm_gazebo:/home/benongnuel/dev_ws/install/xarm_controller:/home/benongnuel/dev_ws/install/xarm_api:/home/benongnuel/dev_ws/install/xarm_sdk:/home/benongnuel/dev_ws/install/xarm_msgs:/home/benongnuel/dev_ws/install/xarm_description:/home/benongnuel/dev_ws/install/uf_ros_lib:${AMENT_PREFIX_PATH} CMAKE_PREFIX_PATH=/home/benongnuel/dev_ws/install/xarm_moveit_config:/home/benongnuel/dev_ws/install/xarm_gazebo:/home/benongnuel/dev_ws/install/xarm_controller:/home/benongnuel/dev_ws/install/xarm_api:/home/benongnuel/dev_ws/install/xarm_sdk:/home/benongnuel/dev_ws/install/xarm_msgs:/home/benongnuel/dev_ws/install/xarm_description:/home/benongnuel/robo_ws/install/custom_3dof_arm:/opt/ros/humble LD_LIBRARY_PATH=/home/benongnuel/dev_ws/install/xarm_gazebo/lib:/home/benongnuel/dev_ws/install/xarm_controller/lib:/home/benongnuel/dev_ws/install/xarm_api/lib:/home/benongnuel/dev_ws/install/xarm_sdk/lib:/home/benongnuel/dev_ws/install/xarm_msgs/lib:${LD_LIBRARY_PATH} PYTHONPATH=/home/benongnuel/dev_ws/install/xarm_msgs/local/lib/python3.10/dist-packages:/home/benongnuel/dev_ws/install/uf_ros_lib/lib/python3.10/site-packages:${PYTHONPATH} /usr/bin/cmake --build /home/benongnuel/dev_ws/build/xarm_planner -- -j16 -l16
[93.249s] DEBUG:colcon.colcon_core.event_handler.log_command:Invoking command in '/home/benongnuel/dev_ws/build/xarm_planner': AMENT_PREFIX_PATH=/home/benongnuel/dev_ws/install/xarm_moveit_config:/home/benongnuel/dev_ws/install/xarm_gazebo:/home/benongnuel/dev_ws/install/xarm_controller:/home/benongnuel/dev_ws/install/xarm_api:/home/benongnuel/dev_ws/install/xarm_sdk:/home/benongnuel/dev_ws/install/xarm_msgs:/home/benongnuel/dev_ws/install/xarm_description:/home/benongnuel/dev_ws/install/uf_ros_lib:${AMENT_PREFIX_PATH} CMAKE_PREFIX_PATH=/home/benongnuel/dev_ws/install/xarm_moveit_config:/home/benongnuel/dev_ws/install/xarm_gazebo:/home/benongnuel/dev_ws/install/xarm_controller:/home/benongnuel/dev_ws/install/xarm_api:/home/benongnuel/dev_ws/install/xarm_sdk:/home/benongnuel/dev_ws/install/xarm_msgs:/home/benongnuel/dev_ws/install/xarm_description:/home/benongnuel/robo_ws/install/custom_3dof_arm:/opt/ros/humble LD_LIBRARY_PATH=/home/benongnuel/dev_ws/install/xarm_gazebo/lib:/home/benongnuel/dev_ws/install/xarm_controller/lib:/home/benongnuel/dev_ws/install/xarm_api/lib:/home/benongnuel/dev_ws/install/xarm_sdk/lib:/home/benongnuel/dev_ws/install/xarm_msgs/lib:${LD_LIBRARY_PATH} PYTHONPATH=/home/benongnuel/dev_ws/install/xarm_msgs/local/lib/python3.10/dist-packages:/home/benongnuel/dev_ws/install/uf_ros_lib/lib/python3.10/site-packages:${PYTHONPATH} /usr/bin/cmake --install /home/benongnuel/dev_ws/build/xarm_planner
[93.267s] Level 1:colcon.colcon_core.environment:create_environment_scripts_only(xarm_planner)
[93.267s] Level 1:colcon.colcon_core.environment:checking '/home/benongnuel/dev_ws/install/xarm_planner' for CMake module files
[93.267s] DEBUG:colcon.colcon_core.event_handler.log_command:Invoked command in '/home/benongnuel/dev_ws/build/xarm_planner' returned '0': AMENT_PREFIX_PATH=/home/benongnuel/dev_ws/install/xarm_moveit_config:/home/benongnuel/dev_ws/install/xarm_gazebo:/home/benongnuel/dev_ws/install/xarm_controller:/home/benongnuel/dev_ws/install/xarm_api:/home/benongnuel/dev_ws/install/xarm_sdk:/home/benongnuel/dev_ws/install/xarm_msgs:/home/benongnuel/dev_ws/install/xarm_description:/home/benongnuel/dev_ws/install/uf_ros_lib:${AMENT_PREFIX_PATH} CMAKE_PREFIX_PATH=/home/benongnuel/dev_ws/install/xarm_moveit_config:/home/benongnuel/dev_ws/install/xarm_gazebo:/home/benongnuel/dev_ws/install/xarm_controller:/home/benongnuel/dev_ws/install/xarm_api:/home/benongnuel/dev_ws/install/xarm_sdk:/home/benongnuel/dev_ws/install/xarm_msgs:/home/benongnuel/dev_ws/install/xarm_description:/home/benongnuel/robo_ws/install/custom_3dof_arm:/opt/ros/humble LD_LIBRARY_PATH=/home/benongnuel/dev_ws/install/xarm_gazebo/lib:/home/benongnuel/dev_ws/install/xarm_controller/lib:/home/benongnuel/dev_ws/install/xarm_api/lib:/home/benongnuel/dev_ws/install/xarm_sdk/lib:/home/benongnuel/dev_ws/install/xarm_msgs/lib:${LD_LIBRARY_PATH} PYTHONPATH=/home/benongnuel/dev_ws/install/xarm_msgs/local/lib/python3.10/dist-packages:/home/benongnuel/dev_ws/install/uf_ros_lib/lib/python3.10/site-packages:${PYTHONPATH} /usr/bin/cmake --install /home/benongnuel/dev_ws/build/xarm_planner
[93.268s] Level 1:colcon.colcon_core.environment:checking '/home/benongnuel/dev_ws/install/xarm_planner' for CMake config files
[93.268s] Level 1:colcon.colcon_core.shell:create_environment_hook('xarm_planner', 'cmake_prefix_path')
[93.268s] INFO:colcon.colcon_core.shell:Creating environment hook '/home/benongnuel/dev_ws/install/xarm_planner/share/xarm_planner/hook/cmake_prefix_path.ps1'
[93.268s] INFO:colcon.colcon_core.shell:Creating environment descriptor '/home/benongnuel/dev_ws/install/xarm_planner/share/xarm_planner/hook/cmake_prefix_path.dsv'
[93.268s] INFO:colcon.colcon_core.shell:Creating environment hook '/home/benongnuel/dev_ws/install/xarm_planner/share/xarm_planner/hook/cmake_prefix_path.sh'
[93.269s] Level 1:colcon.colcon_core.environment:checking '/home/benongnuel/dev_ws/install/xarm_planner/lib'
[93.269s] Level 1:colcon.colcon_core.shell:create_environment_hook('xarm_planner', 'ld_library_path_lib')
[93.269s] INFO:colcon.colcon_core.shell:Creating environment hook '/home/benongnuel/dev_ws/install/xarm_planner/share/xarm_planner/hook/ld_library_path_lib.ps1'
[93.269s] INFO:colcon.colcon_core.shell:Creating environment descriptor '/home/benongnuel/dev_ws/install/xarm_planner/share/xarm_planner/hook/ld_library_path_lib.dsv'
[93.269s] INFO:colcon.colcon_core.shell:Creating environment hook '/home/benongnuel/dev_ws/install/xarm_planner/share/xarm_planner/hook/ld_library_path_lib.sh'
[93.269s] Level 1:colcon.colcon_core.environment:checking '/home/benongnuel/dev_ws/install/xarm_planner/bin'
[93.269s] Level 1:colcon.colcon_core.environment:checking '/home/benongnuel/dev_ws/install/xarm_planner/lib/pkgconfig/xarm_planner.pc'
[93.269s] Level 1:colcon.colcon_core.environment:checking '/home/benongnuel/dev_ws/install/xarm_planner/lib/python3.10/site-packages'
[93.270s] Level 1:colcon.colcon_core.environment:checking '/home/benongnuel/dev_ws/install/xarm_planner/bin'
[93.270s] INFO:colcon.colcon_core.shell:Creating package script '/home/benongnuel/dev_ws/install/xarm_planner/share/xarm_planner/package.ps1'
[93.270s] INFO:colcon.colcon_core.shell:Creating package descriptor '/home/benongnuel/dev_ws/install/xarm_planner/share/xarm_planner/package.dsv'
[93.270s] INFO:colcon.colcon_core.shell:Creating package script '/home/benongnuel/dev_ws/install/xarm_planner/share/xarm_planner/package.sh'
[93.270s] INFO:colcon.colcon_core.shell:Creating package script '/home/benongnuel/dev_ws/install/xarm_planner/share/xarm_planner/package.bash'
[93.271s] INFO:colcon.colcon_core.shell:Creating package script '/home/benongnuel/dev_ws/install/xarm_planner/share/xarm_planner/package.zsh'
[93.271s] Level 1:colcon.colcon_core.environment:create_file_with_runtime_dependencies(/home/benongnuel/dev_ws/install/xarm_planner/share/colcon-core/packages/xarm_planner)
[93.271s] Level 1:colcon.colcon_core.environment:create_environment_scripts_only(xarm_planner)
[93.271s] Level 1:colcon.colcon_core.environment:checking '/home/benongnuel/dev_ws/install/xarm_planner' for CMake module files
[93.271s] Level 1:colcon.colcon_core.environment:checking '/home/benongnuel/dev_ws/install/xarm_planner' for CMake config files
[93.272s] Level 1:colcon.colcon_core.shell:create_environment_hook('xarm_planner', 'cmake_prefix_path')
[93.272s] INFO:colcon.colcon_core.shell:Creating environment hook '/home/benongnuel/dev_ws/install/xarm_planner/share/xarm_planner/hook/cmake_prefix_path.ps1'
[93.272s] INFO:colcon.colcon_core.shell:Creating environment descriptor '/home/benongnuel/dev_ws/install/xarm_planner/share/xarm_planner/hook/cmake_prefix_path.dsv'
[93.272s] INFO:colcon.colcon_core.shell:Creating environment hook '/home/benongnuel/dev_ws/install/xarm_planner/share/xarm_planner/hook/cmake_prefix_path.sh'
[93.272s] Level 1:colcon.colcon_core.environment:checking '/home/benongnuel/dev_ws/install/xarm_planner/lib'
[93.272s] Level 1:colcon.colcon_core.shell:create_environment_hook('xarm_planner', 'ld_library_path_lib')
[93.272s] INFO:colcon.colcon_core.shell:Creating environment hook '/home/benongnuel/dev_ws/install/xarm_planner/share/xarm_planner/hook/ld_library_path_lib.ps1'
[93.273s] INFO:colcon.colcon_core.shell:Creating environment descriptor '/home/benongnuel/dev_ws/install/xarm_planner/share/xarm_planner/hook/ld_library_path_lib.dsv'
[93.273s] INFO:colcon.colcon_core.shell:Creating environment hook '/home/benongnuel/dev_ws/install/xarm_planner/share/xarm_planner/hook/ld_library_path_lib.sh'
[93.273s] Level 1:colcon.colcon_core.environment:checking '/home/benongnuel/dev_ws/install/xarm_planner/bin'
[93.273s] Level 1:colcon.colcon_core.environment:checking '/home/benongnuel/dev_ws/install/xarm_planner/lib/pkgconfig/xarm_planner.pc'
[93.273s] Level 1:colcon.colcon_core.environment:checking '/home/benongnuel/dev_ws/install/xarm_planner/lib/python3.10/site-packages'
[93.273s] Level 1:colcon.colcon_core.environment:checking '/home/benongnuel/dev_ws/install/xarm_planner/bin'
[93.273s] INFO:colcon.colcon_core.shell:Creating package script '/home/benongnuel/dev_ws/install/xarm_planner/share/xarm_planner/package.ps1'
[93.274s] INFO:colcon.colcon_core.shell:Creating package descriptor '/home/benongnuel/dev_ws/install/xarm_planner/share/xarm_planner/package.dsv'
[93.274s] INFO:colcon.colcon_core.shell:Creating package script '/home/benongnuel/dev_ws/install/xarm_planner/share/xarm_planner/package.sh'
[93.274s] INFO:colcon.colcon_core.shell:Creating package script '/home/benongnuel/dev_ws/install/xarm_planner/share/xarm_planner/package.bash'
[93.274s] INFO:colcon.colcon_core.shell:Creating package script '/home/benongnuel/dev_ws/install/xarm_planner/share/xarm_planner/package.zsh'
[93.274s] Level 1:colcon.colcon_core.environment:create_file_with_runtime_dependencies(/home/benongnuel/dev_ws/install/xarm_planner/share/colcon-core/packages/xarm_planner)
[93.275s] DEBUG:colcon.colcon_parallel_executor.executor.parallel:closing loop
[93.275s] DEBUG:colcon.colcon_parallel_executor.executor.parallel:loop closed
[93.275s] DEBUG:colcon.colcon_parallel_executor.executor.parallel:run_until_complete finished with '0'
[93.275s] DEBUG:colcon.colcon_core.event_reactor:joining thread
[93.279s] INFO:colcon.colcon_core.plugin_system:Skipping extension 'colcon_notification.desktop_notification.terminal_notifier': Not used on non-Darwin systems
[93.279s] INFO:colcon.colcon_core.plugin_system:Skipping extension 'colcon_notification.desktop_notification.win32': Not used on non-Windows systems
[93.279s] INFO:colcon.colcon_notification.desktop_notification:Sending desktop notification using 'notify2'
[93.286s] DEBUG:colcon.colcon_core.event_reactor:joined thread
[93.286s] INFO:colcon.colcon_core.shell:Creating prefix script '/home/benongnuel/dev_ws/install/local_setup.ps1'
[93.287s] INFO:colcon.colcon_core.shell:Creating prefix util module '/home/benongnuel/dev_ws/install/_local_setup_util_ps1.py'
[93.287s] INFO:colcon.colcon_core.shell:Creating prefix chain script '/home/benongnuel/dev_ws/install/setup.ps1'
[93.288s] INFO:colcon.colcon_core.shell:Creating prefix script '/home/benongnuel/dev_ws/install/local_setup.sh'
[93.288s] INFO:colcon.colcon_core.shell:Creating prefix util module '/home/benongnuel/dev_ws/install/_local_setup_util_sh.py'
[93.289s] INFO:colcon.colcon_core.shell:Creating prefix chain script '/home/benongnuel/dev_ws/install/setup.sh'
[93.289s] INFO:colcon.colcon_core.shell:Creating prefix script '/home/benongnuel/dev_ws/install/local_setup.bash'
[93.289s] INFO:colcon.colcon_core.shell:Creating prefix chain script '/home/benongnuel/dev_ws/install/setup.bash'
[93.290s] INFO:colcon.colcon_core.shell:Creating prefix script '/home/benongnuel/dev_ws/install/local_setup.zsh'
[93.290s] INFO:colcon.colcon_core.shell:Creating prefix chain script '/home/benongnuel/dev_ws/install/setup.zsh'
