[0.019s] Invoking command in '/home/benongnuel/dev_ws/build/xarm_msgs': CMAKE_PREFIX_PATH=${CMAKE_PREFIX_PATH}:/opt/ros/humble /usr/bin/cmake /home/benongnuel/dev_ws/src/xarm_ros2/xarm_msgs -DCMAKE_INSTALL_PREFIX=/home/benongnuel/dev_ws/install/xarm_msgs
[0.338s] -- The C compiler identification is GNU 11.4.0
[0.338s] -- The CXX compiler identification is GNU 11.4.0
[0.338s] -- Detecting C compiler ABI info
[0.338s] -- Detecting C compiler ABI info - done
[0.338s] -- Check for working C compiler: /usr/bin/cc - skipped
[0.338s] -- Detecting C compile features
[0.338s] -- Detecting C compile features - done
[0.339s] -- Detecting CXX compiler ABI info
[0.354s] -- Detecting CXX compiler ABI info - done
[0.363s] -- Check for working CXX compiler: /usr/bin/c++ - skipped
[0.363s] -- Detecting CXX compile features
[0.364s] -- Detecting CXX compile features - done
[0.366s] -- Found ament_cmake: 1.3.11 (/opt/ros/humble/share/ament_cmake/cmake)
[0.484s] -- Found Python3: /usr/bin/python3 (found version "3.10.12") found components: Interpreter 
[0.565s] -- Found ament_lint_auto: 0.12.12 (/opt/ros/humble/share/ament_lint_auto/cmake)
[0.651s] -- Found std_msgs: 4.8.0 (/opt/ros/humble/share/std_msgs/cmake)
[0.674s] -- Found rosidl_generator_c: 3.1.6 (/opt/ros/humble/share/rosidl_generator_c/cmake)
[0.678s] -- Found rosidl_adapter: 3.1.6 (/opt/ros/humble/share/rosidl_adapter/cmake)
[0.683s] -- Found rosidl_generator_cpp: 3.1.6 (/opt/ros/humble/share/rosidl_generator_cpp/cmake)
[0.690s] -- Using all available rosidl_typesupport_c: rosidl_typesupport_fastrtps_c;rosidl_typesupport_introspection_c
[0.702s] -- Using all available rosidl_typesupport_cpp: rosidl_typesupport_fastrtps_cpp;rosidl_typesupport_introspection_cpp
[0.727s] -- Found geometry_msgs: 4.8.0 (/opt/ros/humble/share/geometry_msgs/cmake)
[0.744s] -- Found rosidl_default_generators: 1.2.0 (/opt/ros/humble/share/rosidl_default_generators/cmake)
[2.315s] -- Found ament_cmake_ros: 0.10.0 (/opt/ros/humble/share/ament_cmake_ros/cmake)
[2.920s] -- Using all available rosidl_typesupport_c: rosidl_typesupport_fastrtps_c;rosidl_typesupport_introspection_c
[3.071s] -- Using all available rosidl_typesupport_cpp: rosidl_typesupport_fastrtps_cpp;rosidl_typesupport_introspection_cpp
[3.084s] -- Found PythonInterp: /usr/bin/python3 (found suitable version "3.10.12", minimum required is "3.6") 
[3.086s] -- Found python_cmake_module: 0.10.0 (/opt/ros/humble/share/python_cmake_module/cmake)
[3.106s] -- Found PythonLibs: /usr/lib/x86_64-linux-gnu/libpython3.10.so (found suitable version "3.10.12", minimum required is "3.5") 
[3.106s] -- Using PYTHON_EXECUTABLE: /usr/bin/python3
[3.106s] -- Using PYTHON_INCLUDE_DIRS: /usr/include/python3.10
[3.106s] -- Using PYTHON_LIBRARIES: /usr/lib/x86_64-linux-gnu/libpython3.10.so
[3.123s] -- Found PythonExtra: .so  
[3.185s] -- Added test 'copyright' to check source files copyright and LICENSE
[3.190s] -- Added test 'lint_cmake' to check CMake code style
[3.192s] -- Added test 'xmllint' to check XML markup files
[3.196s] -- Configuring done
[3.281s] -- Generating done
[3.300s] -- Build files have been written to: /home/benongnuel/dev_ws/build/xarm_msgs
[3.309s] Invoked command in '/home/benongnuel/dev_ws/build/xarm_msgs' returned '0': CMAKE_PREFIX_PATH=${CMAKE_PREFIX_PATH}:/opt/ros/humble /usr/bin/cmake /home/benongnuel/dev_ws/src/xarm_ros2/xarm_msgs -DCMAKE_INSTALL_PREFIX=/home/benongnuel/dev_ws/install/xarm_msgs
[3.311s] Invoking command in '/home/benongnuel/dev_ws/build/xarm_msgs': CMAKE_PREFIX_PATH=${CMAKE_PREFIX_PATH}:/opt/ros/humble /usr/bin/cmake --build /home/benongnuel/dev_ws/build/xarm_msgs -- -j16 -l16
[3.380s] [  0%] [34m[1mGenerating C code for ROS interfaces[0m
[3.393s] [  0%] [34m[1mGenerating C++ code for ROS interfaces[0m
[3.395s] [  0%] Built target ament_cmake_python_copy_xarm_msgs
[3.575s] running egg_info
[3.576s] creating xarm_msgs.egg-info
[3.576s] writing xarm_msgs.egg-info/PKG-INFO
[3.576s] writing dependency_links to xarm_msgs.egg-info/dependency_links.txt
[3.576s] writing top-level names to xarm_msgs.egg-info/top_level.txt
[3.577s] writing manifest file 'xarm_msgs.egg-info/SOURCES.txt'
[3.580s] reading manifest file 'xarm_msgs.egg-info/SOURCES.txt'
[3.583s] writing manifest file 'xarm_msgs.egg-info/SOURCES.txt'
[3.631s] [  0%] Built target ament_cmake_python_build_xarm_msgs_egg
[7.121s] [  0%] Built target xarm_msgs__cpp
[7.136s] [  0%] [34m[1mGenerating C++ type support dispatch for ROS interfaces[0m
[7.136s] [  0%] [34m[1mGenerating C++ type support for eProsima Fast-RTPS[0m
[7.137s] [  0%] [34m[1mGenerating C++ introspection for ROS interfaces[0m
[7.262s] [  1%] [32mBuilding C object CMakeFiles/xarm_msgs__rosidl_generator_c.dir/rosidl_generator_c/xarm_msgs/srv/detail/bio_gripper_ctrl__functions.c.o[0m
[7.263s] [  1%] [32mBuilding C object CMakeFiles/xarm_msgs__rosidl_generator_c.dir/rosidl_generator_c/xarm_msgs/msg/detail/robot_msg__functions.c.o[0m
[7.263s] [  1%] [32mBuilding C object CMakeFiles/xarm_msgs__rosidl_generator_c.dir/rosidl_generator_c/xarm_msgs/srv/detail/get_digital_io__functions.c.o[0m
[7.263s] [  1%] [32mBuilding C object CMakeFiles/xarm_msgs__rosidl_generator_c.dir/rosidl_generator_c/xarm_msgs/srv/detail/bio_gripper_enable__functions.c.o[0m
[7.263s] [  1%] [32mBuilding C object CMakeFiles/xarm_msgs__rosidl_generator_c.dir/rosidl_generator_c/xarm_msgs/srv/detail/get_analog_io__functions.c.o[0m
[7.263s] [  1%] [32mBuilding C object CMakeFiles/xarm_msgs__rosidl_generator_c.dir/rosidl_generator_c/xarm_msgs/msg/detail/cio_state__functions.c.o[0m
[7.263s] [  1%] [32mBuilding C object CMakeFiles/xarm_msgs__rosidl_generator_c.dir/rosidl_generator_c/xarm_msgs/srv/detail/call__functions.c.o[0m
[7.263s] [  1%] [32mBuilding C object CMakeFiles/xarm_msgs__rosidl_generator_c.dir/rosidl_generator_c/xarm_msgs/srv/detail/get_int16__functions.c.o[0m
[7.263s] [  1%] [32mBuilding C object CMakeFiles/xarm_msgs__rosidl_generator_c.dir/rosidl_generator_c/xarm_msgs/msg/detail/move_velocity__functions.c.o[0m
[7.264s] [  1%] [32mBuilding C object CMakeFiles/xarm_msgs__rosidl_generator_c.dir/rosidl_generator_c/xarm_msgs/srv/detail/get_float32_list__functions.c.o[0m
[7.266s] [  2%] [32mBuilding C object CMakeFiles/xarm_msgs__rosidl_generator_c.dir/rosidl_generator_c/xarm_msgs/msg/detail/io_state__functions.c.o[0m
[7.266s] [  3%] [32mBuilding C object CMakeFiles/xarm_msgs__rosidl_generator_c.dir/rosidl_generator_c/xarm_msgs/srv/detail/get_float32__functions.c.o[0m
[7.268s] [  3%] [32mBuilding C object CMakeFiles/xarm_msgs__rosidl_generator_c.dir/rosidl_generator_c/xarm_msgs/srv/detail/get_int16_list__functions.c.o[0m
[7.334s] [  4%] [32mBuilding C object CMakeFiles/xarm_msgs__rosidl_generator_c.dir/rosidl_generator_c/xarm_msgs/srv/detail/move_cartesian__functions.c.o[0m
[7.334s] [  4%] [32mBuilding C object CMakeFiles/xarm_msgs__rosidl_generator_c.dir/rosidl_generator_c/xarm_msgs/srv/detail/get_set_modbus_data__functions.c.o[0m
[7.334s] [  4%] [32mBuilding C object CMakeFiles/xarm_msgs__rosidl_generator_c.dir/rosidl_generator_c/xarm_msgs/srv/detail/get_int32_by_type__functions.c.o[0m
[7.334s] [  4%] [32mBuilding C object CMakeFiles/xarm_msgs__rosidl_generator_c.dir/rosidl_generator_c/xarm_msgs/srv/detail/gripper_move__functions.c.o[0m
[7.336s] [  4%] [32mBuilding C object CMakeFiles/xarm_msgs__rosidl_generator_c.dir/rosidl_generator_c/xarm_msgs/srv/detail/get_int32__functions.c.o[0m
[7.338s] [  5%] [32mBuilding C object CMakeFiles/xarm_msgs__rosidl_generator_c.dir/rosidl_generator_c/xarm_msgs/srv/detail/move_circle__functions.c.o[0m
[7.342s] [  5%] [32mBuilding C object CMakeFiles/xarm_msgs__rosidl_generator_c.dir/rosidl_generator_c/xarm_msgs/srv/detail/move_joint__functions.c.o[0m
[7.342s] [  5%] [32mBuilding C object CMakeFiles/xarm_msgs__rosidl_generator_c.dir/rosidl_generator_c/xarm_msgs/srv/detail/move_home__functions.c.o[0m
[7.342s] [  5%] [32mBuilding C object CMakeFiles/xarm_msgs__rosidl_generator_c.dir/rosidl_generator_c/xarm_msgs/srv/detail/move_velocity__functions.c.o[0m
[7.351s] [  6%] [32mBuilding C object CMakeFiles/xarm_msgs__rosidl_generator_c.dir/rosidl_generator_c/xarm_msgs/srv/detail/robotiq_get_status__functions.c.o[0m
[7.351s] [  6%] [32mBuilding C object CMakeFiles/xarm_msgs__rosidl_generator_c.dir/rosidl_generator_c/xarm_msgs/srv/detail/robotiq_activate__functions.c.o[0m
[7.356s] [  6%] [32mBuilding C object CMakeFiles/xarm_msgs__rosidl_generator_c.dir/rosidl_generator_c/xarm_msgs/srv/detail/robotiq_move__functions.c.o[0m
[7.367s] [  6%] [32mBuilding C object CMakeFiles/xarm_msgs__rosidl_generator_c.dir/rosidl_generator_c/xarm_msgs/srv/detail/robotiq_reset__functions.c.o[0m
[7.405s] [  6%] [32mBuilding C object CMakeFiles/xarm_msgs__rosidl_generator_c.dir/rosidl_generator_c/xarm_msgs/srv/detail/set_analog_io__functions.c.o[0m
[7.410s] [  7%] [32mBuilding C object CMakeFiles/xarm_msgs__rosidl_generator_c.dir/rosidl_generator_c/xarm_msgs/srv/detail/set_digital_io__functions.c.o[0m
[7.413s] [  7%] [32mBuilding C object CMakeFiles/xarm_msgs__rosidl_generator_c.dir/rosidl_generator_c/xarm_msgs/srv/detail/set_float32_list__functions.c.o[0m
[7.414s] [  7%] [32mBuilding C object CMakeFiles/xarm_msgs__rosidl_generator_c.dir/rosidl_generator_c/xarm_msgs/srv/detail/set_float32__functions.c.o[0m
[7.419s] [  7%] [32mBuilding C object CMakeFiles/xarm_msgs__rosidl_generator_c.dir/rosidl_generator_c/xarm_msgs/srv/detail/set_int16__functions.c.o[0m
[7.420s] [  8%] [32mBuilding C object CMakeFiles/xarm_msgs__rosidl_generator_c.dir/rosidl_generator_c/xarm_msgs/srv/detail/set_int16_list__functions.c.o[0m
[7.420s] [  8%] [32mBuilding C object CMakeFiles/xarm_msgs__rosidl_generator_c.dir/rosidl_generator_c/xarm_msgs/srv/detail/set_int16_by_id__functions.c.o[0m
[7.427s] [  8%] [32mBuilding C object CMakeFiles/xarm_msgs__rosidl_generator_c.dir/rosidl_generator_c/xarm_msgs/srv/detail/set_int32__functions.c.o[0m
[7.431s] [  8%] [32mBuilding C object CMakeFiles/xarm_msgs__rosidl_generator_c.dir/rosidl_generator_c/xarm_msgs/srv/detail/set_int32_by_type__functions.c.o[0m
[7.438s] [  9%] [32mBuilding C object CMakeFiles/xarm_msgs__rosidl_generator_c.dir/rosidl_generator_c/xarm_msgs/srv/detail/traj_ctrl__functions.c.o[0m
[7.448s] [  9%] [32mBuilding C object CMakeFiles/xarm_msgs__rosidl_generator_c.dir/rosidl_generator_c/xarm_msgs/srv/detail/traj_play__functions.c.o[0m
[7.453s] [  9%] [32mBuilding C object CMakeFiles/xarm_msgs__rosidl_generator_c.dir/rosidl_generator_c/xarm_msgs/srv/detail/vacuum_gripper_ctrl__functions.c.o[0m
[7.464s] [  9%] [32mBuilding C object CMakeFiles/xarm_msgs__rosidl_generator_c.dir/rosidl_generator_c/xarm_msgs/srv/detail/set_tcp_load__functions.c.o[0m
[7.476s] [  9%] [32mBuilding C object CMakeFiles/xarm_msgs__rosidl_generator_c.dir/rosidl_generator_c/xarm_msgs/srv/detail/set_modbus_timeout__functions.c.o[0m
[7.482s] [  9%] [32mBuilding C object CMakeFiles/xarm_msgs__rosidl_generator_c.dir/rosidl_generator_c/xarm_msgs/srv/detail/ft_cali_load__functions.c.o[0m
[7.489s] [ 10%] [32mBuilding C object CMakeFiles/xarm_msgs__rosidl_generator_c.dir/rosidl_generator_c/xarm_msgs/srv/detail/iden_load__functions.c.o[0m
[7.489s] [ 10%] [32mBuilding C object CMakeFiles/xarm_msgs__rosidl_generator_c.dir/rosidl_generator_c/xarm_msgs/srv/detail/ft_force_config__functions.c.o[0m
[7.500s] [ 11%] [32mBuilding C object CMakeFiles/xarm_msgs__rosidl_generator_c.dir/rosidl_generator_c/xarm_msgs/srv/detail/ft_force_pid__functions.c.o[0m
[7.501s] [ 11%] [32mBuilding C object CMakeFiles/xarm_msgs__rosidl_generator_c.dir/rosidl_generator_c/xarm_msgs/srv/detail/ft_impedance__functions.c.o[0m
[7.503s] [ 11%] [32mBuilding C object CMakeFiles/xarm_msgs__rosidl_generator_c.dir/rosidl_generator_c/xarm_msgs/srv/detail/linear_track_back_origin__functions.c.o[0m
[7.514s] [ 12%] [32mBuilding C object CMakeFiles/xarm_msgs__rosidl_generator_c.dir/rosidl_generator_c/xarm_msgs/srv/detail/plan_joint__functions.c.o[0m
[7.520s] [ 12%] [32mBuilding C object CMakeFiles/xarm_msgs__rosidl_generator_c.dir/rosidl_generator_c/xarm_msgs/srv/detail/linear_track_set_pos__functions.c.o[0m
[7.524s] [ 12%] [32mBuilding C object CMakeFiles/xarm_msgs__rosidl_generator_c.dir/rosidl_generator_c/xarm_msgs/srv/detail/plan_exec__functions.c.o[0m
[7.527s] [ 12%] [32mBuilding C object CMakeFiles/xarm_msgs__rosidl_generator_c.dir/rosidl_generator_c/xarm_msgs/srv/detail/plan_pose__functions.c.o[0m
[7.553s] [ 12%] [32mBuilding C object CMakeFiles/xarm_msgs__rosidl_generator_c.dir/rosidl_generator_c/xarm_msgs/srv/detail/plan_single_straight__functions.c.o[0m
[7.611s] [ 12%] [32m[1mLinking C shared library libxarm_msgs__rosidl_generator_c.so[0m
[7.654s] [ 12%] Built target xarm_msgs__rosidl_generator_c
[7.663s] [ 13%] [34m[1mGenerating C type support dispatch for ROS interfaces[0m
[7.666s] [ 15%] [34m[1mGenerating C introspection for ROS interfaces[0m
[7.666s] [ 15%] [34m[1mGenerating C type support for eProsima Fast-RTPS[0m
[9.955s] [ 15%] [32mBuilding CXX object CMakeFiles/xarm_msgs__rosidl_typesupport_c.dir/rosidl_typesupport_c/xarm_msgs/msg/robot_msg__type_support.cpp.o[0m
[9.955s] [ 15%] [32mBuilding CXX object CMakeFiles/xarm_msgs__rosidl_typesupport_c.dir/rosidl_typesupport_c/xarm_msgs/msg/move_velocity__type_support.cpp.o[0m
[9.955s] [ 15%] [32mBuilding CXX object CMakeFiles/xarm_msgs__rosidl_typesupport_c.dir/rosidl_typesupport_c/xarm_msgs/msg/cio_state__type_support.cpp.o[0m
[9.956s] [ 15%] [32mBuilding CXX object CMakeFiles/xarm_msgs__rosidl_typesupport_c.dir/rosidl_typesupport_c/xarm_msgs/msg/io_state__type_support.cpp.o[0m
[9.958s] [ 15%] [32mBuilding CXX object CMakeFiles/xarm_msgs__rosidl_typesupport_c.dir/rosidl_typesupport_c/xarm_msgs/srv/bio_gripper_enable__type_support.cpp.o[0m
[9.966s] [ 15%] [32mBuilding CXX object CMakeFiles/xarm_msgs__rosidl_typesupport_c.dir/rosidl_typesupport_c/xarm_msgs/srv/call__type_support.cpp.o[0m
[9.969s] [ 16%] [32mBuilding CXX object CMakeFiles/xarm_msgs__rosidl_typesupport_c.dir/rosidl_typesupport_c/xarm_msgs/srv/bio_gripper_ctrl__type_support.cpp.o[0m
[9.971s] [ 16%] [32mBuilding CXX object CMakeFiles/xarm_msgs__rosidl_typesupport_c.dir/rosidl_typesupport_c/xarm_msgs/srv/get_analog_io__type_support.cpp.o[0m
[9.986s] [ 17%] [32mBuilding CXX object CMakeFiles/xarm_msgs__rosidl_typesupport_c.dir/rosidl_typesupport_c/xarm_msgs/srv/get_digital_io__type_support.cpp.o[0m
[9.986s] [ 17%] [32mBuilding CXX object CMakeFiles/xarm_msgs__rosidl_typesupport_c.dir/rosidl_typesupport_c/xarm_msgs/srv/get_float32__type_support.cpp.o[0m
[9.986s] [ 17%] [32mBuilding CXX object CMakeFiles/xarm_msgs__rosidl_typesupport_c.dir/rosidl_typesupport_c/xarm_msgs/srv/get_float32_list__type_support.cpp.o[0m
[10.008s] [ 17%] [32mBuilding CXX object CMakeFiles/xarm_msgs__rosidl_typesupport_c.dir/rosidl_typesupport_c/xarm_msgs/srv/get_int16__type_support.cpp.o[0m
[10.009s] [ 18%] [32mBuilding CXX object CMakeFiles/xarm_msgs__rosidl_typesupport_c.dir/rosidl_typesupport_c/xarm_msgs/srv/get_int32__type_support.cpp.o[0m
[10.009s] [ 18%] [32mBuilding CXX object CMakeFiles/xarm_msgs__rosidl_typesupport_c.dir/rosidl_typesupport_c/xarm_msgs/srv/get_int16_list__type_support.cpp.o[0m
[10.017s] [ 18%] [32mBuilding CXX object CMakeFiles/xarm_msgs__rosidl_typesupport_c.dir/rosidl_typesupport_c/xarm_msgs/srv/get_int32_by_type__type_support.cpp.o[0m
[10.019s] [ 19%] [32mBuilding CXX object CMakeFiles/xarm_msgs__rosidl_typesupport_c.dir/rosidl_typesupport_c/xarm_msgs/srv/gripper_move__type_support.cpp.o[0m
[10.025s] [ 19%] [32mBuilding CXX object CMakeFiles/xarm_msgs__rosidl_typesupport_c.dir/rosidl_typesupport_c/xarm_msgs/srv/get_set_modbus_data__type_support.cpp.o[0m
[10.026s] [ 19%] [32mBuilding CXX object CMakeFiles/xarm_msgs__rosidl_typesupport_c.dir/rosidl_typesupport_c/xarm_msgs/srv/move_cartesian__type_support.cpp.o[0m
[10.029s] [ 19%] [32mBuilding CXX object CMakeFiles/xarm_msgs__rosidl_typesupport_c.dir/rosidl_typesupport_c/xarm_msgs/srv/move_home__type_support.cpp.o[0m
[10.029s] [ 19%] [32mBuilding CXX object CMakeFiles/xarm_msgs__rosidl_typesupport_c.dir/rosidl_typesupport_c/xarm_msgs/srv/move_circle__type_support.cpp.o[0m
[10.055s] [ 19%] [32mBuilding CXX object CMakeFiles/xarm_msgs__rosidl_typesupport_c.dir/rosidl_typesupport_c/xarm_msgs/srv/move_joint__type_support.cpp.o[0m
[10.064s] [ 20%] [32mBuilding CXX object CMakeFiles/xarm_msgs__rosidl_typesupport_c.dir/rosidl_typesupport_c/xarm_msgs/srv/move_velocity__type_support.cpp.o[0m
[10.066s] [ 20%] [32mBuilding CXX object CMakeFiles/xarm_msgs__rosidl_typesupport_c.dir/rosidl_typesupport_c/xarm_msgs/srv/robotiq_get_status__type_support.cpp.o[0m
[10.069s] [ 20%] [32mBuilding CXX object CMakeFiles/xarm_msgs__rosidl_typesupport_c.dir/rosidl_typesupport_c/xarm_msgs/srv/robotiq_activate__type_support.cpp.o[0m
[10.069s] [ 20%] [32mBuilding CXX object CMakeFiles/xarm_msgs__rosidl_typesupport_c.dir/rosidl_typesupport_c/xarm_msgs/srv/set_analog_io__type_support.cpp.o[0m
[10.070s] [ 21%] [32mBuilding CXX object CMakeFiles/xarm_msgs__rosidl_typesupport_c.dir/rosidl_typesupport_c/xarm_msgs/srv/robotiq_reset__type_support.cpp.o[0m
[10.081s] [ 21%] [32mBuilding CXX object CMakeFiles/xarm_msgs__rosidl_typesupport_c.dir/rosidl_typesupport_c/xarm_msgs/srv/robotiq_move__type_support.cpp.o[0m
[10.112s] [ 21%] [32mBuilding CXX object CMakeFiles/xarm_msgs__rosidl_typesupport_c.dir/rosidl_typesupport_c/xarm_msgs/srv/set_digital_io__type_support.cpp.o[0m
[10.117s] [ 22%] [32mBuilding CXX object CMakeFiles/xarm_msgs__rosidl_typesupport_c.dir/rosidl_typesupport_c/xarm_msgs/srv/set_float32_list__type_support.cpp.o[0m
[10.117s] [ 22%] [32mBuilding CXX object CMakeFiles/xarm_msgs__rosidl_typesupport_c.dir/rosidl_typesupport_c/xarm_msgs/srv/set_float32__type_support.cpp.o[0m
[10.134s] [ 22%] [32mBuilding CXX object CMakeFiles/xarm_msgs__rosidl_typesupport_c.dir/rosidl_typesupport_c/xarm_msgs/srv/set_int16__type_support.cpp.o[0m
[10.134s] [ 22%] [32mBuilding CXX object CMakeFiles/xarm_msgs__rosidl_typesupport_c.dir/rosidl_typesupport_c/xarm_msgs/srv/set_int16_by_id__type_support.cpp.o[0m
[10.143s] [ 22%] [32mBuilding CXX object CMakeFiles/xarm_msgs__rosidl_typesupport_c.dir/rosidl_typesupport_c/xarm_msgs/srv/set_int16_list__type_support.cpp.o[0m
[10.151s] [ 22%] [32mBuilding CXX object CMakeFiles/xarm_msgs__rosidl_typesupport_c.dir/rosidl_typesupport_c/xarm_msgs/srv/set_int32__type_support.cpp.o[0m
[10.157s] [ 23%] [32mBuilding CXX object CMakeFiles/xarm_msgs__rosidl_typesupport_c.dir/rosidl_typesupport_c/xarm_msgs/srv/set_int32_by_type__type_support.cpp.o[0m
[10.162s] [ 23%] [32mBuilding CXX object CMakeFiles/xarm_msgs__rosidl_typesupport_c.dir/rosidl_typesupport_c/xarm_msgs/srv/traj_ctrl__type_support.cpp.o[0m
[10.163s] [ 23%] [32mBuilding CXX object CMakeFiles/xarm_msgs__rosidl_typesupport_c.dir/rosidl_typesupport_c/xarm_msgs/srv/traj_play__type_support.cpp.o[0m
[10.171s] [ 23%] [32mBuilding CXX object CMakeFiles/xarm_msgs__rosidl_typesupport_c.dir/rosidl_typesupport_c/xarm_msgs/srv/vacuum_gripper_ctrl__type_support.cpp.o[0m
[10.182s] [ 24%] [32mBuilding CXX object CMakeFiles/xarm_msgs__rosidl_typesupport_c.dir/rosidl_typesupport_c/xarm_msgs/srv/set_tcp_load__type_support.cpp.o[0m
[10.191s] [ 24%] [32mBuilding CXX object CMakeFiles/xarm_msgs__rosidl_typesupport_c.dir/rosidl_typesupport_c/xarm_msgs/srv/set_modbus_timeout__type_support.cpp.o[0m
[10.192s] [ 24%] [32mBuilding CXX object CMakeFiles/xarm_msgs__rosidl_typesupport_c.dir/rosidl_typesupport_c/xarm_msgs/srv/ft_cali_load__type_support.cpp.o[0m
[10.192s] [ 24%] [32mBuilding CXX object CMakeFiles/xarm_msgs__rosidl_typesupport_c.dir/rosidl_typesupport_c/xarm_msgs/srv/iden_load__type_support.cpp.o[0m
[10.199s] [ 25%] [32mBuilding CXX object CMakeFiles/xarm_msgs__rosidl_typesupport_c.dir/rosidl_typesupport_c/xarm_msgs/srv/ft_force_config__type_support.cpp.o[0m
[10.206s] [ 25%] [32mBuilding CXX object CMakeFiles/xarm_msgs__rosidl_typesupport_c.dir/rosidl_typesupport_c/xarm_msgs/srv/ft_force_pid__type_support.cpp.o[0m
[10.211s] [ 25%] [32mBuilding CXX object CMakeFiles/xarm_msgs__rosidl_typesupport_c.dir/rosidl_typesupport_c/xarm_msgs/srv/ft_impedance__type_support.cpp.o[0m
[10.241s] [ 25%] [32mBuilding CXX object CMakeFiles/xarm_msgs__rosidl_typesupport_c.dir/rosidl_typesupport_c/xarm_msgs/srv/linear_track_set_pos__type_support.cpp.o[0m
[10.245s] [ 25%] [32mBuilding CXX object CMakeFiles/xarm_msgs__rosidl_typesupport_c.dir/rosidl_typesupport_c/xarm_msgs/srv/linear_track_back_origin__type_support.cpp.o[0m
[10.248s] [ 26%] [32mBuilding CXX object CMakeFiles/xarm_msgs__rosidl_typesupport_c.dir/rosidl_typesupport_c/xarm_msgs/srv/plan_exec__type_support.cpp.o[0m
[10.249s] [ 26%] [32mBuilding CXX object CMakeFiles/xarm_msgs__rosidl_typesupport_c.dir/rosidl_typesupport_c/xarm_msgs/srv/plan_joint__type_support.cpp.o[0m
[10.250s] [ 26%] [32mBuilding CXX object CMakeFiles/xarm_msgs__rosidl_typesupport_c.dir/rosidl_typesupport_c/xarm_msgs/srv/plan_pose__type_support.cpp.o[0m
[10.254s] [ 26%] [32mBuilding CXX object CMakeFiles/xarm_msgs__rosidl_typesupport_c.dir/rosidl_typesupport_c/xarm_msgs/srv/plan_single_straight__type_support.cpp.o[0m
[10.273s] [ 27%] [32mBuilding CXX object CMakeFiles/xarm_msgs__rosidl_typesupport_introspection_cpp.dir/rosidl_typesupport_introspection_cpp/xarm_msgs/msg/detail/robot_msg__type_support.cpp.o[0m
[10.277s] [ 27%] [32mBuilding CXX object CMakeFiles/xarm_msgs__rosidl_typesupport_introspection_cpp.dir/rosidl_typesupport_introspection_cpp/xarm_msgs/msg/detail/move_velocity__type_support.cpp.o[0m
[10.279s] [ 27%] [32mBuilding CXX object CMakeFiles/xarm_msgs__rosidl_typesupport_introspection_cpp.dir/rosidl_typesupport_introspection_cpp/xarm_msgs/msg/detail/cio_state__type_support.cpp.o[0m
[10.284s] [ 27%] [32mBuilding CXX object CMakeFiles/xarm_msgs__rosidl_typesupport_introspection_cpp.dir/rosidl_typesupport_introspection_cpp/xarm_msgs/msg/detail/io_state__type_support.cpp.o[0m
[10.290s] [ 28%] [32mBuilding CXX object CMakeFiles/xarm_msgs__rosidl_typesupport_introspection_cpp.dir/rosidl_typesupport_introspection_cpp/xarm_msgs/srv/detail/bio_gripper_ctrl__type_support.cpp.o[0m
[10.302s] [ 28%] [32mBuilding CXX object CMakeFiles/xarm_msgs__rosidl_typesupport_introspection_cpp.dir/rosidl_typesupport_introspection_cpp/xarm_msgs/srv/detail/bio_gripper_enable__type_support.cpp.o[0m
[10.304s] [ 28%] [32mBuilding CXX object CMakeFiles/xarm_msgs__rosidl_typesupport_introspection_cpp.dir/rosidl_typesupport_introspection_cpp/xarm_msgs/srv/detail/get_analog_io__type_support.cpp.o[0m
[10.304s] [ 28%] [32mBuilding CXX object CMakeFiles/xarm_msgs__rosidl_typesupport_introspection_cpp.dir/rosidl_typesupport_introspection_cpp/xarm_msgs/srv/detail/call__type_support.cpp.o[0m
[10.319s] [ 28%] [32mBuilding CXX object CMakeFiles/xarm_msgs__rosidl_typesupport_introspection_cpp.dir/rosidl_typesupport_introspection_cpp/xarm_msgs/srv/detail/get_float32__type_support.cpp.o[0m
[10.324s] [ 29%] [32mBuilding CXX object CMakeFiles/xarm_msgs__rosidl_typesupport_introspection_cpp.dir/rosidl_typesupport_introspection_cpp/xarm_msgs/srv/detail/get_digital_io__type_support.cpp.o[0m
[10.326s] [ 30%] [32m[1mLinking CXX shared library libxarm_msgs__rosidl_typesupport_c.so[0m
[10.334s] [ 30%] [32mBuilding CXX object CMakeFiles/xarm_msgs__rosidl_typesupport_introspection_cpp.dir/rosidl_typesupport_introspection_cpp/xarm_msgs/srv/detail/get_float32_list__type_support.cpp.o[0m
[10.409s] [ 30%] Built target xarm_msgs__rosidl_typesupport_c
[10.459s] [ 30%] [32mBuilding CXX object CMakeFiles/xarm_msgs__rosidl_typesupport_introspection_cpp.dir/rosidl_typesupport_introspection_cpp/xarm_msgs/srv/detail/get_int16__type_support.cpp.o[0m
[10.691s] [ 31%] [32mBuilding CXX object CMakeFiles/xarm_msgs__rosidl_typesupport_cpp.dir/rosidl_typesupport_cpp/xarm_msgs/msg/robot_msg__type_support.cpp.o[0m
[10.837s] [ 31%] [32mBuilding CXX object CMakeFiles/xarm_msgs__rosidl_typesupport_cpp.dir/rosidl_typesupport_cpp/xarm_msgs/msg/io_state__type_support.cpp.o[0m
[10.866s] [ 31%] [32mBuilding CXX object CMakeFiles/xarm_msgs__rosidl_typesupport_introspection_cpp.dir/rosidl_typesupport_introspection_cpp/xarm_msgs/srv/detail/get_int16_list__type_support.cpp.o[0m
[10.902s] [ 31%] [32mBuilding CXX object CMakeFiles/xarm_msgs__rosidl_typesupport_cpp.dir/rosidl_typesupport_cpp/xarm_msgs/msg/cio_state__type_support.cpp.o[0m
[10.907s] [ 32%] [32mBuilding CXX object CMakeFiles/xarm_msgs__rosidl_typesupport_introspection_cpp.dir/rosidl_typesupport_introspection_cpp/xarm_msgs/srv/detail/get_int32__type_support.cpp.o[0m
[10.921s] [ 32%] [32mBuilding CXX object CMakeFiles/xarm_msgs__rosidl_typesupport_introspection_cpp.dir/rosidl_typesupport_introspection_cpp/xarm_msgs/srv/detail/get_int32_by_type__type_support.cpp.o[0m
[10.945s] [ 32%] [32mBuilding CXX object CMakeFiles/xarm_msgs__rosidl_typesupport_cpp.dir/rosidl_typesupport_cpp/xarm_msgs/msg/move_velocity__type_support.cpp.o[0m
[10.946s] [ 32%] [32mBuilding CXX object CMakeFiles/xarm_msgs__rosidl_typesupport_introspection_cpp.dir/rosidl_typesupport_introspection_cpp/xarm_msgs/srv/detail/get_set_modbus_data__type_support.cpp.o[0m
[10.950s] [ 32%] [32mBuilding CXX object CMakeFiles/xarm_msgs__rosidl_typesupport_cpp.dir/rosidl_typesupport_cpp/xarm_msgs/srv/bio_gripper_ctrl__type_support.cpp.o[0m
[10.965s] [ 32%] [32mBuilding CXX object CMakeFiles/xarm_msgs__rosidl_typesupport_introspection_cpp.dir/rosidl_typesupport_introspection_cpp/xarm_msgs/srv/detail/gripper_move__type_support.cpp.o[0m
[11.064s] [ 33%] [32mBuilding CXX object CMakeFiles/xarm_msgs__rosidl_typesupport_cpp.dir/rosidl_typesupport_cpp/xarm_msgs/srv/bio_gripper_enable__type_support.cpp.o[0m
[11.065s] [ 34%] [32mBuilding CXX object CMakeFiles/xarm_msgs__rosidl_typesupport_introspection_cpp.dir/rosidl_typesupport_introspection_cpp/xarm_msgs/srv/detail/move_cartesian__type_support.cpp.o[0m
[11.083s] [ 34%] [32mBuilding CXX object CMakeFiles/xarm_msgs__rosidl_typesupport_introspection_cpp.dir/rosidl_typesupport_introspection_cpp/xarm_msgs/srv/detail/move_circle__type_support.cpp.o[0m
[11.215s] [ 34%] [32mBuilding CXX object CMakeFiles/xarm_msgs__rosidl_typesupport_cpp.dir/rosidl_typesupport_cpp/xarm_msgs/srv/call__type_support.cpp.o[0m
[11.251s] [ 34%] [32mBuilding CXX object CMakeFiles/xarm_msgs__rosidl_typesupport_introspection_cpp.dir/rosidl_typesupport_introspection_cpp/xarm_msgs/srv/detail/move_home__type_support.cpp.o[0m
[11.359s] [ 34%] [32mBuilding CXX object CMakeFiles/xarm_msgs__rosidl_typesupport_introspection_cpp.dir/rosidl_typesupport_introspection_cpp/xarm_msgs/srv/detail/move_joint__type_support.cpp.o[0m
[11.460s] [ 35%] [32mBuilding CXX object CMakeFiles/xarm_msgs__rosidl_typesupport_introspection_cpp.dir/rosidl_typesupport_introspection_cpp/xarm_msgs/srv/detail/move_velocity__type_support.cpp.o[0m
[11.487s] [ 35%] [32mBuilding CXX object CMakeFiles/xarm_msgs__rosidl_typesupport_cpp.dir/rosidl_typesupport_cpp/xarm_msgs/srv/get_analog_io__type_support.cpp.o[0m
[11.507s] [ 35%] [32mBuilding CXX object CMakeFiles/xarm_msgs__rosidl_typesupport_introspection_cpp.dir/rosidl_typesupport_introspection_cpp/xarm_msgs/srv/detail/robotiq_activate__type_support.cpp.o[0m
[11.510s] [ 35%] [32mBuilding CXX object CMakeFiles/xarm_msgs__rosidl_typesupport_introspection_cpp.dir/rosidl_typesupport_introspection_cpp/xarm_msgs/srv/detail/robotiq_get_status__type_support.cpp.o[0m
[11.525s] [ 35%] [32mBuilding CXX object CMakeFiles/xarm_msgs__rosidl_typesupport_introspection_cpp.dir/rosidl_typesupport_introspection_cpp/xarm_msgs/srv/detail/robotiq_move__type_support.cpp.o[0m
[11.551s] [ 35%] [32mBuilding CXX object CMakeFiles/xarm_msgs__rosidl_typesupport_cpp.dir/rosidl_typesupport_cpp/xarm_msgs/srv/get_digital_io__type_support.cpp.o[0m
[11.568s] [ 36%] [32mBuilding CXX object CMakeFiles/xarm_msgs__rosidl_typesupport_cpp.dir/rosidl_typesupport_cpp/xarm_msgs/srv/get_float32__type_support.cpp.o[0m
[11.641s] [ 36%] [32mBuilding CXX object CMakeFiles/xarm_msgs__rosidl_typesupport_cpp.dir/rosidl_typesupport_cpp/xarm_msgs/srv/get_float32_list__type_support.cpp.o[0m
[11.708s] [ 36%] [32mBuilding CXX object CMakeFiles/xarm_msgs__rosidl_typesupport_introspection_cpp.dir/rosidl_typesupport_introspection_cpp/xarm_msgs/srv/detail/robotiq_reset__type_support.cpp.o[0m
[11.729s] [ 37%] [32mBuilding CXX object CMakeFiles/xarm_msgs__rosidl_typesupport_introspection_cpp.dir/rosidl_typesupport_introspection_cpp/xarm_msgs/srv/detail/set_analog_io__type_support.cpp.o[0m
[11.790s] [ 37%] [32mBuilding CXX object CMakeFiles/xarm_msgs__rosidl_typesupport_cpp.dir/rosidl_typesupport_cpp/xarm_msgs/srv/get_int16__type_support.cpp.o[0m
[11.796s] [ 37%] [32mBuilding CXX object CMakeFiles/xarm_msgs__rosidl_typesupport_introspection_cpp.dir/rosidl_typesupport_introspection_cpp/xarm_msgs/srv/detail/set_digital_io__type_support.cpp.o[0m
[11.916s] [ 37%] [32mBuilding CXX object CMakeFiles/xarm_msgs__rosidl_typesupport_cpp.dir/rosidl_typesupport_cpp/xarm_msgs/srv/get_int16_list__type_support.cpp.o[0m
[11.921s] [ 37%] [32mBuilding CXX object CMakeFiles/xarm_msgs__rosidl_typesupport_introspection_cpp.dir/rosidl_typesupport_introspection_cpp/xarm_msgs/srv/detail/set_float32__type_support.cpp.o[0m
[12.082s] [ 37%] [32mBuilding CXX object CMakeFiles/xarm_msgs__rosidl_typesupport_introspection_cpp.dir/rosidl_typesupport_introspection_cpp/xarm_msgs/srv/detail/set_float32_list__type_support.cpp.o[0m
[12.105s] [ 38%] [32mBuilding CXX object CMakeFiles/xarm_msgs__rosidl_typesupport_cpp.dir/rosidl_typesupport_cpp/xarm_msgs/srv/get_int32__type_support.cpp.o[0m
[12.124s] [ 39%] [32mBuilding CXX object CMakeFiles/xarm_msgs__rosidl_typesupport_introspection_cpp.dir/rosidl_typesupport_introspection_cpp/xarm_msgs/srv/detail/set_int16__type_support.cpp.o[0m
[12.139s] [ 39%] [32mBuilding CXX object CMakeFiles/xarm_msgs__rosidl_typesupport_cpp.dir/rosidl_typesupport_cpp/xarm_msgs/srv/get_int32_by_type__type_support.cpp.o[0m
[12.152s] [ 39%] [32mBuilding CXX object CMakeFiles/xarm_msgs__rosidl_typesupport_cpp.dir/rosidl_typesupport_cpp/xarm_msgs/srv/get_set_modbus_data__type_support.cpp.o[0m
[12.177s] [ 39%] [32mBuilding CXX object CMakeFiles/xarm_msgs__rosidl_typesupport_cpp.dir/rosidl_typesupport_cpp/xarm_msgs/srv/gripper_move__type_support.cpp.o[0m
[12.244s] [ 39%] [32mBuilding CXX object CMakeFiles/xarm_msgs__rosidl_typesupport_cpp.dir/rosidl_typesupport_cpp/xarm_msgs/srv/move_cartesian__type_support.cpp.o[0m
[12.272s] [ 39%] [32mBuilding CXX object CMakeFiles/xarm_msgs__rosidl_typesupport_introspection_cpp.dir/rosidl_typesupport_introspection_cpp/xarm_msgs/srv/detail/set_int16_by_id__type_support.cpp.o[0m
[12.299s] [ 39%] [32mBuilding CXX object CMakeFiles/xarm_msgs__rosidl_typesupport_introspection_cpp.dir/rosidl_typesupport_introspection_cpp/xarm_msgs/srv/detail/set_int16_list__type_support.cpp.o[0m
[12.316s] [ 40%] [32mBuilding CXX object CMakeFiles/xarm_msgs__rosidl_typesupport_fastrtps_cpp.dir/rosidl_typesupport_fastrtps_cpp/xarm_msgs/msg/detail/dds_fastrtps/robot_msg__type_support.cpp.o[0m
[12.344s] [ 40%] [32mBuilding CXX object CMakeFiles/xarm_msgs__rosidl_typesupport_introspection_cpp.dir/rosidl_typesupport_introspection_cpp/xarm_msgs/srv/detail/set_int32__type_support.cpp.o[0m
[12.373s] [ 40%] [32mBuilding CXX object CMakeFiles/xarm_msgs__rosidl_typesupport_fastrtps_cpp.dir/rosidl_typesupport_fastrtps_cpp/xarm_msgs/msg/detail/dds_fastrtps/io_state__type_support.cpp.o[0m
[12.397s] [ 41%] [32mBuilding CXX object CMakeFiles/xarm_msgs__rosidl_typesupport_cpp.dir/rosidl_typesupport_cpp/xarm_msgs/srv/move_circle__type_support.cpp.o[0m
[12.504s] [ 41%] [32mBuilding CXX object CMakeFiles/xarm_msgs__rosidl_typesupport_fastrtps_cpp.dir/rosidl_typesupport_fastrtps_cpp/xarm_msgs/msg/detail/dds_fastrtps/cio_state__type_support.cpp.o[0m
[12.522s] [ 42%] [32mBuilding CXX object CMakeFiles/xarm_msgs__rosidl_typesupport_introspection_cpp.dir/rosidl_typesupport_introspection_cpp/xarm_msgs/srv/detail/set_int32_by_type__type_support.cpp.o[0m
[12.540s] [ 42%] [32mBuilding CXX object CMakeFiles/xarm_msgs__rosidl_typesupport_cpp.dir/rosidl_typesupport_cpp/xarm_msgs/srv/move_home__type_support.cpp.o[0m
[12.548s] [ 42%] [32mBuilding CXX object CMakeFiles/xarm_msgs__rosidl_typesupport_fastrtps_cpp.dir/rosidl_typesupport_fastrtps_cpp/xarm_msgs/msg/detail/dds_fastrtps/move_velocity__type_support.cpp.o[0m
[12.580s] [ 42%] [32mBuilding CXX object CMakeFiles/xarm_msgs__rosidl_typesupport_introspection_cpp.dir/rosidl_typesupport_introspection_cpp/xarm_msgs/srv/detail/traj_ctrl__type_support.cpp.o[0m
[12.591s] [ 43%] [32mBuilding CXX object CMakeFiles/xarm_msgs__rosidl_typesupport_fastrtps_cpp.dir/rosidl_typesupport_fastrtps_cpp/xarm_msgs/srv/detail/dds_fastrtps/bio_gripper_ctrl__type_support.cpp.o[0m
[12.691s] [ 43%] [32mBuilding CXX object CMakeFiles/xarm_msgs__rosidl_typesupport_introspection_cpp.dir/rosidl_typesupport_introspection_cpp/xarm_msgs/srv/detail/traj_play__type_support.cpp.o[0m
[12.691s] [ 43%] [32mBuilding CXX object CMakeFiles/xarm_msgs__rosidl_typesupport_fastrtps_cpp.dir/rosidl_typesupport_fastrtps_cpp/xarm_msgs/srv/detail/dds_fastrtps/bio_gripper_enable__type_support.cpp.o[0m
[12.785s] [ 43%] [32mBuilding CXX object CMakeFiles/xarm_msgs__rosidl_typesupport_cpp.dir/rosidl_typesupport_cpp/xarm_msgs/srv/move_joint__type_support.cpp.o[0m
[12.840s] [ 43%] [32mBuilding CXX object CMakeFiles/xarm_msgs__rosidl_typesupport_fastrtps_cpp.dir/rosidl_typesupport_fastrtps_cpp/xarm_msgs/srv/detail/dds_fastrtps/call__type_support.cpp.o[0m
[12.948s] [ 43%] [32mBuilding CXX object CMakeFiles/xarm_msgs__rosidl_typesupport_fastrtps_cpp.dir/rosidl_typesupport_fastrtps_cpp/xarm_msgs/srv/detail/dds_fastrtps/get_analog_io__type_support.cpp.o[0m
[12.970s] [ 43%] [32mBuilding CXX object CMakeFiles/xarm_msgs__rosidl_typesupport_fastrtps_cpp.dir/rosidl_typesupport_fastrtps_cpp/xarm_msgs/srv/detail/dds_fastrtps/get_digital_io__type_support.cpp.o[0m
[13.000s] [ 43%] [32mBuilding CXX object CMakeFiles/xarm_msgs__rosidl_typesupport_cpp.dir/rosidl_typesupport_cpp/xarm_msgs/srv/move_velocity__type_support.cpp.o[0m
[13.026s] [ 44%] [32mBuilding CXX object CMakeFiles/xarm_msgs__rosidl_typesupport_cpp.dir/rosidl_typesupport_cpp/xarm_msgs/srv/robotiq_activate__type_support.cpp.o[0m
[13.038s] [ 45%] [32mBuilding CXX object CMakeFiles/xarm_msgs__rosidl_typesupport_fastrtps_cpp.dir/rosidl_typesupport_fastrtps_cpp/xarm_msgs/srv/detail/dds_fastrtps/get_float32__type_support.cpp.o[0m
[13.131s] [ 45%] [32mBuilding CXX object CMakeFiles/xarm_msgs__rosidl_typesupport_introspection_cpp.dir/rosidl_typesupport_introspection_cpp/xarm_msgs/srv/detail/vacuum_gripper_ctrl__type_support.cpp.o[0m
[13.191s] [ 45%] [32mBuilding CXX object CMakeFiles/xarm_msgs__rosidl_typesupport_introspection_cpp.dir/rosidl_typesupport_introspection_cpp/xarm_msgs/srv/detail/set_tcp_load__type_support.cpp.o[0m
[13.228s] [ 45%] [32mBuilding CXX object CMakeFiles/xarm_msgs__rosidl_typesupport_fastrtps_cpp.dir/rosidl_typesupport_fastrtps_cpp/xarm_msgs/srv/detail/dds_fastrtps/get_float32_list__type_support.cpp.o[0m
[13.232s] [ 45%] [32mBuilding CXX object CMakeFiles/xarm_msgs__rosidl_typesupport_cpp.dir/rosidl_typesupport_cpp/xarm_msgs/srv/robotiq_get_status__type_support.cpp.o[0m
[13.237s] [ 45%] [32mBuilding C object CMakeFiles/xarm_msgs__rosidl_typesupport_introspection_c.dir/rosidl_typesupport_introspection_c/xarm_msgs/msg/detail/robot_msg__type_support.c.o[0m
[13.273s] [ 45%] [32mBuilding CXX object CMakeFiles/xarm_msgs__rosidl_typesupport_cpp.dir/rosidl_typesupport_cpp/xarm_msgs/srv/robotiq_move__type_support.cpp.o[0m
[13.353s] [ 45%] [32mBuilding C object CMakeFiles/xarm_msgs__rosidl_typesupport_introspection_c.dir/rosidl_typesupport_introspection_c/xarm_msgs/msg/detail/io_state__type_support.c.o[0m
[13.364s] [ 45%] [32mBuilding CXX object CMakeFiles/xarm_msgs__rosidl_typesupport_fastrtps_cpp.dir/rosidl_typesupport_fastrtps_cpp/xarm_msgs/srv/detail/dds_fastrtps/get_int16__type_support.cpp.o[0m
[13.415s] [ 45%] [32mBuilding C object CMakeFiles/xarm_msgs__rosidl_typesupport_introspection_c.dir/rosidl_typesupport_introspection_c/xarm_msgs/msg/detail/cio_state__type_support.c.o[0m
[13.460s] [ 45%] [32mBuilding CXX object CMakeFiles/xarm_msgs__rosidl_typesupport_fastrtps_cpp.dir/rosidl_typesupport_fastrtps_cpp/xarm_msgs/srv/detail/dds_fastrtps/get_int16_list__type_support.cpp.o[0m
[13.476s] [ 45%] [32mBuilding CXX object CMakeFiles/xarm_msgs__rosidl_typesupport_cpp.dir/rosidl_typesupport_cpp/xarm_msgs/srv/robotiq_reset__type_support.cpp.o[0m
[13.521s] [ 46%] [32mBuilding CXX object CMakeFiles/xarm_msgs__rosidl_typesupport_fastrtps_cpp.dir/rosidl_typesupport_fastrtps_cpp/xarm_msgs/srv/detail/dds_fastrtps/get_int32__type_support.cpp.o[0m
[13.522s] [ 47%] [32mBuilding C object CMakeFiles/xarm_msgs__rosidl_typesupport_introspection_c.dir/rosidl_typesupport_introspection_c/xarm_msgs/msg/detail/move_velocity__type_support.c.o[0m
[13.557s] [ 47%] [32mBuilding CXX object CMakeFiles/xarm_msgs__rosidl_typesupport_fastrtps_cpp.dir/rosidl_typesupport_fastrtps_cpp/xarm_msgs/srv/detail/dds_fastrtps/get_int32_by_type__type_support.cpp.o[0m
[13.600s] [ 47%] [32mBuilding C object CMakeFiles/xarm_msgs__rosidl_typesupport_introspection_c.dir/rosidl_typesupport_introspection_c/xarm_msgs/srv/detail/bio_gripper_ctrl__type_support.c.o[0m
[13.674s] [ 48%] [32mBuilding CXX object CMakeFiles/xarm_msgs__rosidl_typesupport_introspection_cpp.dir/rosidl_typesupport_introspection_cpp/xarm_msgs/srv/detail/set_modbus_timeout__type_support.cpp.o[0m
[13.683s] [ 48%] [32mBuilding CXX object CMakeFiles/xarm_msgs__rosidl_typesupport_fastrtps_cpp.dir/rosidl_typesupport_fastrtps_cpp/xarm_msgs/srv/detail/dds_fastrtps/get_set_modbus_data__type_support.cpp.o[0m
[13.683s] [ 48%] [32mBuilding C object CMakeFiles/xarm_msgs__rosidl_typesupport_introspection_c.dir/rosidl_typesupport_introspection_c/xarm_msgs/srv/detail/bio_gripper_enable__type_support.c.o[0m
[13.699s] [ 49%] [32mBuilding CXX object CMakeFiles/xarm_msgs__rosidl_typesupport_cpp.dir/rosidl_typesupport_cpp/xarm_msgs/srv/set_analog_io__type_support.cpp.o[0m
[13.741s] [ 49%] [32mBuilding CXX object CMakeFiles/xarm_msgs__rosidl_typesupport_introspection_cpp.dir/rosidl_typesupport_introspection_cpp/xarm_msgs/srv/detail/iden_load__type_support.cpp.o[0m
[13.748s] [ 49%] [32mBuilding C object CMakeFiles/xarm_msgs__rosidl_typesupport_introspection_c.dir/rosidl_typesupport_introspection_c/xarm_msgs/srv/detail/call__type_support.c.o[0m
[13.760s] [ 49%] [32mBuilding CXX object CMakeFiles/xarm_msgs__rosidl_typesupport_cpp.dir/rosidl_typesupport_cpp/xarm_msgs/srv/set_digital_io__type_support.cpp.o[0m
[13.782s] [ 49%] [32mBuilding CXX object CMakeFiles/xarm_msgs__rosidl_typesupport_fastrtps_cpp.dir/rosidl_typesupport_fastrtps_cpp/xarm_msgs/srv/detail/dds_fastrtps/gripper_move__type_support.cpp.o[0m
[13.795s] [ 50%] [32mBuilding CXX object CMakeFiles/xarm_msgs__rosidl_typesupport_fastrtps_cpp.dir/rosidl_typesupport_fastrtps_cpp/xarm_msgs/srv/detail/dds_fastrtps/move_cartesian__type_support.cpp.o[0m
[13.801s] [ 51%] [32mBuilding C object CMakeFiles/xarm_msgs__rosidl_typesupport_introspection_c.dir/rosidl_typesupport_introspection_c/xarm_msgs/srv/detail/get_analog_io__type_support.c.o[0m
[13.855s] [ 51%] [32mBuilding CXX object CMakeFiles/xarm_msgs__rosidl_typesupport_fastrtps_cpp.dir/rosidl_typesupport_fastrtps_cpp/xarm_msgs/srv/detail/dds_fastrtps/move_circle__type_support.cpp.o[0m
[13.862s] [ 51%] [32mBuilding C object CMakeFiles/xarm_msgs__rosidl_typesupport_introspection_c.dir/rosidl_typesupport_introspection_c/xarm_msgs/srv/detail/get_digital_io__type_support.c.o[0m
[13.885s] [ 51%] [32mBuilding CXX object CMakeFiles/xarm_msgs__rosidl_typesupport_cpp.dir/rosidl_typesupport_cpp/xarm_msgs/srv/set_float32__type_support.cpp.o[0m
[13.962s] [ 51%] [32mBuilding CXX object CMakeFiles/xarm_msgs__rosidl_typesupport_cpp.dir/rosidl_typesupport_cpp/xarm_msgs/srv/set_float32_list__type_support.cpp.o[0m
[13.993s] [ 51%] [32mBuilding C object CMakeFiles/xarm_msgs__rosidl_typesupport_introspection_c.dir/rosidl_typesupport_introspection_c/xarm_msgs/srv/detail/get_float32__type_support.c.o[0m
[14.030s] [ 52%] [32mBuilding CXX object CMakeFiles/xarm_msgs__rosidl_typesupport_cpp.dir/rosidl_typesupport_cpp/xarm_msgs/srv/set_int16__type_support.cpp.o[0m
[14.106s] [ 52%] [32mBuilding C object CMakeFiles/xarm_msgs__rosidl_typesupport_introspection_c.dir/rosidl_typesupport_introspection_c/xarm_msgs/srv/detail/get_float32_list__type_support.c.o[0m
[14.176s] [ 52%] [32mBuilding C object CMakeFiles/xarm_msgs__rosidl_typesupport_introspection_c.dir/rosidl_typesupport_introspection_c/xarm_msgs/srv/detail/get_int16__type_support.c.o[0m
[14.200s] [ 52%] [32mBuilding CXX object CMakeFiles/xarm_msgs__rosidl_typesupport_fastrtps_cpp.dir/rosidl_typesupport_fastrtps_cpp/xarm_msgs/srv/detail/dds_fastrtps/move_home__type_support.cpp.o[0m
[14.238s] [ 52%] [32mBuilding CXX object CMakeFiles/xarm_msgs__rosidl_typesupport_introspection_cpp.dir/rosidl_typesupport_introspection_cpp/xarm_msgs/srv/detail/ft_cali_load__type_support.cpp.o[0m
[14.239s] [ 52%] [32mBuilding CXX object CMakeFiles/xarm_msgs__rosidl_typesupport_cpp.dir/rosidl_typesupport_cpp/xarm_msgs/srv/set_int16_by_id__type_support.cpp.o[0m
[14.259s] [ 52%] [32mBuilding CXX object CMakeFiles/xarm_msgs__rosidl_typesupport_introspection_cpp.dir/rosidl_typesupport_introspection_cpp/xarm_msgs/srv/detail/ft_force_config__type_support.cpp.o[0m
[14.276s] [ 53%] [32mBuilding C object CMakeFiles/xarm_msgs__rosidl_typesupport_introspection_c.dir/rosidl_typesupport_introspection_c/xarm_msgs/srv/detail/get_int16_list__type_support.c.o[0m
[14.362s] [ 54%] [32mBuilding CXX object CMakeFiles/xarm_msgs__rosidl_typesupport_introspection_cpp.dir/rosidl_typesupport_introspection_cpp/xarm_msgs/srv/detail/ft_force_pid__type_support.cpp.o[0m
[14.398s] [ 54%] [32mBuilding CXX object CMakeFiles/xarm_msgs__rosidl_typesupport_cpp.dir/rosidl_typesupport_cpp/xarm_msgs/srv/set_int16_list__type_support.cpp.o[0m
[14.408s] [ 54%] [32mBuilding CXX object CMakeFiles/xarm_msgs__rosidl_typesupport_introspection_cpp.dir/rosidl_typesupport_introspection_cpp/xarm_msgs/srv/detail/ft_impedance__type_support.cpp.o[0m
[14.409s] [ 54%] [32mBuilding C object CMakeFiles/xarm_msgs__rosidl_typesupport_introspection_c.dir/rosidl_typesupport_introspection_c/xarm_msgs/srv/detail/get_int32_by_type__type_support.c.o[0m
[14.410s] [ 54%] [32mBuilding C object CMakeFiles/xarm_msgs__rosidl_typesupport_introspection_c.dir/rosidl_typesupport_introspection_c/xarm_msgs/srv/detail/get_int32__type_support.c.o[0m
[14.426s] [ 54%] [32mBuilding CXX object CMakeFiles/xarm_msgs__rosidl_typesupport_introspection_cpp.dir/rosidl_typesupport_introspection_cpp/xarm_msgs/srv/detail/linear_track_back_origin__type_support.cpp.o[0m
[14.473s] [ 54%] [32mBuilding C object CMakeFiles/xarm_msgs__rosidl_typesupport_introspection_c.dir/rosidl_typesupport_introspection_c/xarm_msgs/srv/detail/get_set_modbus_data__type_support.c.o[0m
[14.495s] [ 55%] [32mBuilding C object CMakeFiles/xarm_msgs__rosidl_typesupport_introspection_c.dir/rosidl_typesupport_introspection_c/xarm_msgs/srv/detail/gripper_move__type_support.c.o[0m
[14.518s] [ 55%] [32mBuilding CXX object CMakeFiles/xarm_msgs__rosidl_typesupport_fastrtps_cpp.dir/rosidl_typesupport_fastrtps_cpp/xarm_msgs/srv/detail/dds_fastrtps/move_joint__type_support.cpp.o[0m
[14.566s] [ 55%] [32mBuilding CXX object CMakeFiles/xarm_msgs__rosidl_typesupport_introspection_cpp.dir/rosidl_typesupport_introspection_cpp/xarm_msgs/srv/detail/linear_track_set_pos__type_support.cpp.o[0m
[14.597s] [ 55%] [32mBuilding CXX object CMakeFiles/xarm_msgs__rosidl_typesupport_cpp.dir/rosidl_typesupport_cpp/xarm_msgs/srv/set_int32__type_support.cpp.o[0m
[14.598s] [ 55%] [32mBuilding C object CMakeFiles/xarm_msgs__rosidl_typesupport_introspection_c.dir/rosidl_typesupport_introspection_c/xarm_msgs/srv/detail/move_cartesian__type_support.c.o[0m
[14.600s] [ 55%] [32mBuilding CXX object CMakeFiles/xarm_msgs__rosidl_typesupport_fastrtps_cpp.dir/rosidl_typesupport_fastrtps_cpp/xarm_msgs/srv/detail/dds_fastrtps/move_velocity__type_support.cpp.o[0m
[14.624s] [ 56%] [32mBuilding CXX object CMakeFiles/xarm_msgs__rosidl_typesupport_introspection_cpp.dir/rosidl_typesupport_introspection_cpp/xarm_msgs/srv/detail/plan_exec__type_support.cpp.o[0m
[14.688s] [ 56%] [32mBuilding C object CMakeFiles/xarm_msgs__rosidl_typesupport_introspection_c.dir/rosidl_typesupport_introspection_c/xarm_msgs/srv/detail/move_circle__type_support.c.o[0m
[14.693s] [ 56%] [32mBuilding CXX object CMakeFiles/xarm_msgs__rosidl_typesupport_introspection_cpp.dir/rosidl_typesupport_introspection_cpp/xarm_msgs/srv/detail/plan_joint__type_support.cpp.o[0m
[14.791s] [ 56%] [32mBuilding CXX object CMakeFiles/xarm_msgs__rosidl_typesupport_introspection_cpp.dir/rosidl_typesupport_introspection_cpp/xarm_msgs/srv/detail/plan_pose__type_support.cpp.o[0m
[14.833s] [ 56%] [32mBuilding C object CMakeFiles/xarm_msgs__rosidl_typesupport_introspection_c.dir/rosidl_typesupport_introspection_c/xarm_msgs/srv/detail/move_home__type_support.c.o[0m
[14.890s] [ 57%] [32mBuilding CXX object CMakeFiles/xarm_msgs__rosidl_typesupport_fastrtps_cpp.dir/rosidl_typesupport_fastrtps_cpp/xarm_msgs/srv/detail/dds_fastrtps/robotiq_activate__type_support.cpp.o[0m
[14.905s] [ 58%] [32mBuilding C object CMakeFiles/xarm_msgs__rosidl_typesupport_introspection_c.dir/rosidl_typesupport_introspection_c/xarm_msgs/srv/detail/move_joint__type_support.c.o[0m
[14.934s] [ 58%] [32mBuilding CXX object CMakeFiles/xarm_msgs__rosidl_typesupport_introspection_cpp.dir/rosidl_typesupport_introspection_cpp/xarm_msgs/srv/detail/plan_single_straight__type_support.cpp.o[0m
[14.934s] [ 58%] [32mBuilding CXX object CMakeFiles/xarm_msgs__rosidl_typesupport_fastrtps_cpp.dir/rosidl_typesupport_fastrtps_cpp/xarm_msgs/srv/detail/dds_fastrtps/robotiq_get_status__type_support.cpp.o[0m
[14.990s] [ 58%] [32mBuilding C object CMakeFiles/xarm_msgs__rosidl_typesupport_introspection_c.dir/rosidl_typesupport_introspection_c/xarm_msgs/srv/detail/move_velocity__type_support.c.o[0m
[15.004s] [ 58%] [32mBuilding CXX object CMakeFiles/xarm_msgs__rosidl_typesupport_cpp.dir/rosidl_typesupport_cpp/xarm_msgs/srv/set_int32_by_type__type_support.cpp.o[0m
[15.017s] [ 58%] [32mBuilding CXX object CMakeFiles/xarm_msgs__rosidl_typesupport_fastrtps_cpp.dir/rosidl_typesupport_fastrtps_cpp/xarm_msgs/srv/detail/dds_fastrtps/robotiq_move__type_support.cpp.o[0m
[15.023s] [ 58%] [32mBuilding C object CMakeFiles/xarm_msgs__rosidl_typesupport_introspection_c.dir/rosidl_typesupport_introspection_c/xarm_msgs/srv/detail/robotiq_activate__type_support.c.o[0m
[15.085s] [ 58%] [32mBuilding C object CMakeFiles/xarm_msgs__rosidl_typesupport_introspection_c.dir/rosidl_typesupport_introspection_c/xarm_msgs/srv/detail/robotiq_get_status__type_support.c.o[0m
[15.093s] [ 59%] [32mBuilding CXX object CMakeFiles/xarm_msgs__rosidl_typesupport_cpp.dir/rosidl_typesupport_cpp/xarm_msgs/srv/traj_ctrl__type_support.cpp.o[0m
[15.163s] [ 59%] [32mBuilding CXX object CMakeFiles/xarm_msgs__rosidl_typesupport_cpp.dir/rosidl_typesupport_cpp/xarm_msgs/srv/traj_play__type_support.cpp.o[0m
[15.163s] [ 59%] [32mBuilding C object CMakeFiles/xarm_msgs__rosidl_typesupport_introspection_c.dir/rosidl_typesupport_introspection_c/xarm_msgs/srv/detail/robotiq_move__type_support.c.o[0m
[15.173s] [ 59%] [32mBuilding CXX object CMakeFiles/xarm_msgs__rosidl_typesupport_fastrtps_cpp.dir/rosidl_typesupport_fastrtps_cpp/xarm_msgs/srv/detail/dds_fastrtps/robotiq_reset__type_support.cpp.o[0m
[15.221s] [ 60%] [32mBuilding C object CMakeFiles/xarm_msgs__rosidl_typesupport_introspection_c.dir/rosidl_typesupport_introspection_c/xarm_msgs/srv/detail/robotiq_reset__type_support.c.o[0m
[15.241s] [ 60%] [32mBuilding CXX object CMakeFiles/xarm_msgs__rosidl_typesupport_cpp.dir/rosidl_typesupport_cpp/xarm_msgs/srv/vacuum_gripper_ctrl__type_support.cpp.o[0m
[15.255s] [ 60%] [32mBuilding CXX object CMakeFiles/xarm_msgs__rosidl_typesupport_cpp.dir/rosidl_typesupport_cpp/xarm_msgs/srv/set_tcp_load__type_support.cpp.o[0m
[15.255s] [ 60%] [32mBuilding C object CMakeFiles/xarm_msgs__rosidl_typesupport_introspection_c.dir/rosidl_typesupport_introspection_c/xarm_msgs/srv/detail/set_analog_io__type_support.c.o[0m
[15.317s] [ 61%] [32mBuilding CXX object CMakeFiles/xarm_msgs__rosidl_typesupport_cpp.dir/rosidl_typesupport_cpp/xarm_msgs/srv/set_modbus_timeout__type_support.cpp.o[0m
[15.324s] [ 61%] [32mBuilding C object CMakeFiles/xarm_msgs__rosidl_typesupport_introspection_c.dir/rosidl_typesupport_introspection_c/xarm_msgs/srv/detail/set_digital_io__type_support.c.o[0m
[15.350s] [ 61%] [32mBuilding CXX object CMakeFiles/xarm_msgs__rosidl_typesupport_cpp.dir/rosidl_typesupport_cpp/xarm_msgs/srv/iden_load__type_support.cpp.o[0m
[15.404s] [ 61%] [32mBuilding C object CMakeFiles/xarm_msgs__rosidl_typesupport_introspection_c.dir/rosidl_typesupport_introspection_c/xarm_msgs/srv/detail/set_float32__type_support.c.o[0m
[15.404s] [ 61%] [32mBuilding CXX object CMakeFiles/xarm_msgs__rosidl_typesupport_cpp.dir/rosidl_typesupport_cpp/xarm_msgs/srv/ft_cali_load__type_support.cpp.o[0m
[15.421s] [ 62%] [32mBuilding C object CMakeFiles/xarm_msgs__rosidl_typesupport_introspection_c.dir/rosidl_typesupport_introspection_c/xarm_msgs/srv/detail/set_float32_list__type_support.c.o[0m
[15.430s] [ 63%] [32mBuilding CXX object CMakeFiles/xarm_msgs__rosidl_typesupport_fastrtps_cpp.dir/rosidl_typesupport_fastrtps_cpp/xarm_msgs/srv/detail/dds_fastrtps/set_analog_io__type_support.cpp.o[0m
[15.498s] [ 63%] [32mBuilding C object CMakeFiles/xarm_msgs__rosidl_typesupport_introspection_c.dir/rosidl_typesupport_introspection_c/xarm_msgs/srv/detail/set_int16__type_support.c.o[0m
[15.507s] [ 63%] [32mBuilding CXX object CMakeFiles/xarm_msgs__rosidl_typesupport_fastrtps_cpp.dir/rosidl_typesupport_fastrtps_cpp/xarm_msgs/srv/detail/dds_fastrtps/set_digital_io__type_support.cpp.o[0m
[15.515s] [ 63%] [32mBuilding C object CMakeFiles/xarm_msgs__rosidl_typesupport_introspection_c.dir/rosidl_typesupport_introspection_c/xarm_msgs/srv/detail/set_int16_by_id__type_support.c.o[0m
[15.538s] [ 64%] [32m[1mLinking CXX shared library libxarm_msgs__rosidl_typesupport_introspection_cpp.so[0m
[15.553s] [ 64%] [32mBuilding CXX object CMakeFiles/xarm_msgs__rosidl_typesupport_cpp.dir/rosidl_typesupport_cpp/xarm_msgs/srv/ft_force_config__type_support.cpp.o[0m
[15.562s] [ 64%] [32mBuilding CXX object CMakeFiles/xarm_msgs__rosidl_typesupport_fastrtps_cpp.dir/rosidl_typesupport_fastrtps_cpp/xarm_msgs/srv/detail/dds_fastrtps/set_float32__type_support.cpp.o[0m
[15.595s] [ 64%] [32mBuilding C object CMakeFiles/xarm_msgs__rosidl_typesupport_introspection_c.dir/rosidl_typesupport_introspection_c/xarm_msgs/srv/detail/set_int16_list__type_support.c.o[0m
[15.630s] [ 65%] [32mBuilding C object CMakeFiles/xarm_msgs__rosidl_typesupport_introspection_c.dir/rosidl_typesupport_introspection_c/xarm_msgs/srv/detail/set_int32__type_support.c.o[0m
[15.650s] [ 65%] [32mBuilding CXX object CMakeFiles/xarm_msgs__rosidl_typesupport_fastrtps_cpp.dir/rosidl_typesupport_fastrtps_cpp/xarm_msgs/srv/detail/dds_fastrtps/set_float32_list__type_support.cpp.o[0m
[15.656s] [ 65%] [32mBuilding C object CMakeFiles/xarm_msgs__rosidl_typesupport_introspection_c.dir/rosidl_typesupport_introspection_c/xarm_msgs/srv/detail/set_int32_by_type__type_support.c.o[0m
[15.681s] [ 66%] [32mBuilding CXX object CMakeFiles/xarm_msgs__rosidl_typesupport_fastrtps_cpp.dir/rosidl_typesupport_fastrtps_cpp/xarm_msgs/srv/detail/dds_fastrtps/set_int16__type_support.cpp.o[0m
[15.682s] [ 67%] [32mBuilding CXX object CMakeFiles/xarm_msgs__rosidl_typesupport_cpp.dir/rosidl_typesupport_cpp/xarm_msgs/srv/ft_force_pid__type_support.cpp.o[0m
[15.700s] [ 67%] [32mBuilding CXX object CMakeFiles/xarm_msgs__rosidl_typesupport_fastrtps_c.dir/rosidl_typesupport_fastrtps_c/xarm_msgs/msg/detail/robot_msg__type_support_c.cpp.o[0m
[15.708s] [ 67%] [32mBuilding CXX object CMakeFiles/xarm_msgs__rosidl_typesupport_fastrtps_cpp.dir/rosidl_typesupport_fastrtps_cpp/xarm_msgs/srv/detail/dds_fastrtps/set_int16_by_id__type_support.cpp.o[0m
[15.728s] [ 67%] [32mBuilding C object CMakeFiles/xarm_msgs__rosidl_typesupport_introspection_c.dir/rosidl_typesupport_introspection_c/xarm_msgs/srv/detail/traj_ctrl__type_support.c.o[0m
[15.752s] [ 67%] [32mBuilding CXX object CMakeFiles/xarm_msgs__rosidl_typesupport_fastrtps_cpp.dir/rosidl_typesupport_fastrtps_cpp/xarm_msgs/srv/detail/dds_fastrtps/set_int16_list__type_support.cpp.o[0m
[15.755s] [ 67%] [32mBuilding C object CMakeFiles/xarm_msgs__rosidl_typesupport_introspection_c.dir/rosidl_typesupport_introspection_c/xarm_msgs/srv/detail/traj_play__type_support.c.o[0m
[15.784s] [ 67%] Built target xarm_msgs__rosidl_typesupport_introspection_cpp
[15.798s] [ 67%] [32mBuilding CXX object CMakeFiles/xarm_msgs__rosidl_typesupport_cpp.dir/rosidl_typesupport_cpp/xarm_msgs/srv/ft_impedance__type_support.cpp.o[0m
[15.814s] [ 67%] [32mBuilding C object CMakeFiles/xarm_msgs__rosidl_typesupport_introspection_c.dir/rosidl_typesupport_introspection_c/xarm_msgs/srv/detail/vacuum_gripper_ctrl__type_support.c.o[0m
[15.827s] [ 67%] [32mBuilding CXX object CMakeFiles/xarm_msgs__rosidl_typesupport_fastrtps_c.dir/rosidl_typesupport_fastrtps_c/xarm_msgs/msg/detail/io_state__type_support_c.cpp.o[0m
[15.846s] [ 67%] [32mBuilding CXX object CMakeFiles/xarm_msgs__rosidl_typesupport_fastrtps_c.dir/rosidl_typesupport_fastrtps_c/xarm_msgs/msg/detail/cio_state__type_support_c.cpp.o[0m
[15.874s] [ 68%] [32mBuilding C object CMakeFiles/xarm_msgs__rosidl_typesupport_introspection_c.dir/rosidl_typesupport_introspection_c/xarm_msgs/srv/detail/set_tcp_load__type_support.c.o[0m
[15.889s] [ 68%] [32mBuilding CXX object CMakeFiles/xarm_msgs__rosidl_typesupport_fastrtps_cpp.dir/rosidl_typesupport_fastrtps_cpp/xarm_msgs/srv/detail/dds_fastrtps/set_int32__type_support.cpp.o[0m
[15.929s] [ 68%] [32mBuilding CXX object CMakeFiles/xarm_msgs__rosidl_typesupport_fastrtps_cpp.dir/rosidl_typesupport_fastrtps_cpp/xarm_msgs/srv/detail/dds_fastrtps/set_int32_by_type__type_support.cpp.o[0m
[15.965s] [ 68%] [32mBuilding C object CMakeFiles/xarm_msgs__rosidl_typesupport_introspection_c.dir/rosidl_typesupport_introspection_c/xarm_msgs/srv/detail/set_modbus_timeout__type_support.c.o[0m
[16.011s] [ 68%] [32mBuilding C object CMakeFiles/xarm_msgs__rosidl_typesupport_introspection_c.dir/rosidl_typesupport_introspection_c/xarm_msgs/srv/detail/iden_load__type_support.c.o[0m
[16.072s] [ 69%] [32mBuilding CXX object CMakeFiles/xarm_msgs__rosidl_typesupport_fastrtps_c.dir/rosidl_typesupport_fastrtps_c/xarm_msgs/msg/detail/move_velocity__type_support_c.cpp.o[0m
[16.083s] [ 69%] [32mBuilding C object CMakeFiles/xarm_msgs__rosidl_typesupport_introspection_c.dir/rosidl_typesupport_introspection_c/xarm_msgs/srv/detail/ft_cali_load__type_support.c.o[0m
[16.091s] [ 69%] [32mBuilding CXX object CMakeFiles/xarm_msgs__rosidl_typesupport_fastrtps_c.dir/rosidl_typesupport_fastrtps_c/xarm_msgs/srv/detail/bio_gripper_ctrl__type_support_c.cpp.o[0m
[16.138s] [ 69%] [32mBuilding CXX object CMakeFiles/xarm_msgs__rosidl_typesupport_fastrtps_c.dir/rosidl_typesupport_fastrtps_c/xarm_msgs/srv/detail/bio_gripper_enable__type_support_c.cpp.o[0m
[16.152s] [ 70%] [32mBuilding C object CMakeFiles/xarm_msgs__rosidl_typesupport_introspection_c.dir/rosidl_typesupport_introspection_c/xarm_msgs/srv/detail/ft_force_config__type_support.c.o[0m
[16.171s] [ 70%] [32mBuilding CXX object CMakeFiles/xarm_msgs__rosidl_typesupport_cpp.dir/rosidl_typesupport_cpp/xarm_msgs/srv/linear_track_back_origin__type_support.cpp.o[0m
[16.208s] [ 71%] [32mBuilding CXX object CMakeFiles/xarm_msgs__rosidl_typesupport_fastrtps_cpp.dir/rosidl_typesupport_fastrtps_cpp/xarm_msgs/srv/detail/dds_fastrtps/traj_ctrl__type_support.cpp.o[0m
[16.213s] [ 71%] [32mBuilding CXX object CMakeFiles/xarm_msgs__rosidl_typesupport_cpp.dir/rosidl_typesupport_cpp/xarm_msgs/srv/linear_track_set_pos__type_support.cpp.o[0m
[16.214s] [ 71%] [32mBuilding CXX object CMakeFiles/xarm_msgs__rosidl_typesupport_fastrtps_c.dir/rosidl_typesupport_fastrtps_c/xarm_msgs/srv/detail/call__type_support_c.cpp.o[0m
[16.238s] [ 71%] [32mBuilding C object CMakeFiles/xarm_msgs__rosidl_typesupport_introspection_c.dir/rosidl_typesupport_introspection_c/xarm_msgs/srv/detail/ft_force_pid__type_support.c.o[0m
[16.277s] [ 71%] [32mBuilding CXX object CMakeFiles/xarm_msgs__rosidl_typesupport_fastrtps_c.dir/rosidl_typesupport_fastrtps_c/xarm_msgs/srv/detail/get_analog_io__type_support_c.cpp.o[0m
[16.291s] [ 72%] [32mBuilding CXX object CMakeFiles/xarm_msgs__rosidl_typesupport_fastrtps_c.dir/rosidl_typesupport_fastrtps_c/xarm_msgs/srv/detail/get_digital_io__type_support_c.cpp.o[0m
[16.330s] [ 72%] [32mBuilding C object CMakeFiles/xarm_msgs__rosidl_typesupport_introspection_c.dir/rosidl_typesupport_introspection_c/xarm_msgs/srv/detail/ft_impedance__type_support.c.o[0m
[16.356s] [ 72%] [32mBuilding CXX object CMakeFiles/xarm_msgs__rosidl_typesupport_fastrtps_c.dir/rosidl_typesupport_fastrtps_c/xarm_msgs/srv/detail/get_float32__type_support_c.cpp.o[0m
[16.368s] [ 72%] [32mBuilding CXX object CMakeFiles/xarm_msgs__rosidl_typesupport_cpp.dir/rosidl_typesupport_cpp/xarm_msgs/srv/plan_exec__type_support.cpp.o[0m
[16.463s] [ 72%] [32mBuilding C object CMakeFiles/xarm_msgs__rosidl_typesupport_introspection_c.dir/rosidl_typesupport_introspection_c/xarm_msgs/srv/detail/linear_track_back_origin__type_support.c.o[0m
[16.500s] [ 73%] [32mBuilding C object CMakeFiles/xarm_msgs__rosidl_typesupport_introspection_c.dir/rosidl_typesupport_introspection_c/xarm_msgs/srv/detail/linear_track_set_pos__type_support.c.o[0m
[16.500s] [ 74%] [32mBuilding CXX object CMakeFiles/xarm_msgs__rosidl_typesupport_cpp.dir/rosidl_typesupport_cpp/xarm_msgs/srv/plan_joint__type_support.cpp.o[0m
[16.507s] [ 74%] [32mBuilding C object CMakeFiles/xarm_msgs__rosidl_typesupport_introspection_c.dir/rosidl_typesupport_introspection_c/xarm_msgs/srv/detail/plan_exec__type_support.c.o[0m
[16.530s] [ 74%] [32mBuilding CXX object CMakeFiles/xarm_msgs__rosidl_typesupport_cpp.dir/rosidl_typesupport_cpp/xarm_msgs/srv/plan_pose__type_support.cpp.o[0m
[16.534s] [ 74%] [32mBuilding C object CMakeFiles/xarm_msgs__rosidl_typesupport_introspection_c.dir/rosidl_typesupport_introspection_c/xarm_msgs/srv/detail/plan_joint__type_support.c.o[0m
[16.551s] [ 74%] [32mBuilding C object CMakeFiles/xarm_msgs__rosidl_typesupport_introspection_c.dir/rosidl_typesupport_introspection_c/xarm_msgs/srv/detail/plan_pose__type_support.c.o[0m
[16.584s] [ 75%] [32mBuilding C object CMakeFiles/xarm_msgs__rosidl_typesupport_introspection_c.dir/rosidl_typesupport_introspection_c/xarm_msgs/srv/detail/plan_single_straight__type_support.c.o[0m
[16.589s] [ 75%] [32mBuilding CXX object CMakeFiles/xarm_msgs__rosidl_typesupport_cpp.dir/rosidl_typesupport_cpp/xarm_msgs/srv/plan_single_straight__type_support.cpp.o[0m
[16.589s] [ 75%] [32mBuilding CXX object CMakeFiles/xarm_msgs__rosidl_typesupport_fastrtps_c.dir/rosidl_typesupport_fastrtps_c/xarm_msgs/srv/detail/get_float32_list__type_support_c.cpp.o[0m
[16.601s] [ 75%] [32mBuilding CXX object CMakeFiles/xarm_msgs__rosidl_typesupport_fastrtps_cpp.dir/rosidl_typesupport_fastrtps_cpp/xarm_msgs/srv/detail/dds_fastrtps/traj_play__type_support.cpp.o[0m
[16.606s] [ 75%] [32mBuilding CXX object CMakeFiles/xarm_msgs__rosidl_typesupport_fastrtps_c.dir/rosidl_typesupport_fastrtps_c/xarm_msgs/srv/detail/get_int16__type_support_c.cpp.o[0m
[16.630s] [ 75%] [32mBuilding CXX object CMakeFiles/xarm_msgs__rosidl_typesupport_fastrtps_cpp.dir/rosidl_typesupport_fastrtps_cpp/xarm_msgs/srv/detail/dds_fastrtps/vacuum_gripper_ctrl__type_support.cpp.o[0m
[16.641s] [ 75%] [32m[1mLinking C shared library libxarm_msgs__rosidl_typesupport_introspection_c.so[0m
[16.646s] [ 75%] [32mBuilding CXX object CMakeFiles/xarm_msgs__rosidl_typesupport_fastrtps_cpp.dir/rosidl_typesupport_fastrtps_cpp/xarm_msgs/srv/detail/dds_fastrtps/set_tcp_load__type_support.cpp.o[0m
[16.659s] [ 76%] [32mBuilding CXX object CMakeFiles/xarm_msgs__rosidl_typesupport_fastrtps_c.dir/rosidl_typesupport_fastrtps_c/xarm_msgs/srv/detail/get_int16_list__type_support_c.cpp.o[0m
[16.717s] [ 76%] Built target xarm_msgs__rosidl_typesupport_introspection_c
[16.749s] [ 76%] [32mBuilding CXX object CMakeFiles/xarm_msgs__rosidl_typesupport_fastrtps_c.dir/rosidl_typesupport_fastrtps_c/xarm_msgs/srv/detail/get_int32__type_support_c.cpp.o[0m
[16.810s] [ 77%] [32mBuilding CXX object CMakeFiles/xarm_msgs__rosidl_typesupport_fastrtps_cpp.dir/rosidl_typesupport_fastrtps_cpp/xarm_msgs/srv/detail/dds_fastrtps/set_modbus_timeout__type_support.cpp.o[0m
[16.810s] [ 77%] [32mBuilding CXX object CMakeFiles/xarm_msgs__rosidl_typesupport_fastrtps_c.dir/rosidl_typesupport_fastrtps_c/xarm_msgs/srv/detail/get_int32_by_type__type_support_c.cpp.o[0m
[16.848s] [ 77%] [32mBuilding CXX object CMakeFiles/xarm_msgs__rosidl_typesupport_fastrtps_c.dir/rosidl_typesupport_fastrtps_c/xarm_msgs/srv/detail/get_set_modbus_data__type_support_c.cpp.o[0m
[16.850s] [ 77%] [32mBuilding CXX object CMakeFiles/xarm_msgs__rosidl_typesupport_fastrtps_cpp.dir/rosidl_typesupport_fastrtps_cpp/xarm_msgs/srv/detail/dds_fastrtps/iden_load__type_support.cpp.o[0m
[16.878s] [ 77%] [32mBuilding CXX object CMakeFiles/xarm_msgs__rosidl_typesupport_fastrtps_cpp.dir/rosidl_typesupport_fastrtps_cpp/xarm_msgs/srv/detail/dds_fastrtps/ft_cali_load__type_support.cpp.o[0m
[16.891s] [ 78%] [32mBuilding CXX object CMakeFiles/xarm_msgs__rosidl_typesupport_fastrtps_c.dir/rosidl_typesupport_fastrtps_c/xarm_msgs/srv/detail/gripper_move__type_support_c.cpp.o[0m
[16.896s] [ 78%] [32mBuilding CXX object CMakeFiles/xarm_msgs__rosidl_typesupport_fastrtps_c.dir/rosidl_typesupport_fastrtps_c/xarm_msgs/srv/detail/move_cartesian__type_support_c.cpp.o[0m
[16.925s] [ 78%] [32mBuilding CXX object CMakeFiles/xarm_msgs__rosidl_typesupport_fastrtps_cpp.dir/rosidl_typesupport_fastrtps_cpp/xarm_msgs/srv/detail/dds_fastrtps/ft_force_config__type_support.cpp.o[0m
[17.076s] [ 79%] [32mBuilding CXX object CMakeFiles/xarm_msgs__rosidl_typesupport_fastrtps_cpp.dir/rosidl_typesupport_fastrtps_cpp/xarm_msgs/srv/detail/dds_fastrtps/ft_force_pid__type_support.cpp.o[0m
[17.092s] [ 79%] [32m[1mLinking CXX shared library libxarm_msgs__rosidl_typesupport_cpp.so[0m
[17.116s] [ 79%] [32mBuilding CXX object CMakeFiles/xarm_msgs__rosidl_typesupport_fastrtps_cpp.dir/rosidl_typesupport_fastrtps_cpp/xarm_msgs/srv/detail/dds_fastrtps/ft_impedance__type_support.cpp.o[0m
[17.205s] [ 79%] [32mBuilding CXX object CMakeFiles/xarm_msgs__rosidl_typesupport_fastrtps_cpp.dir/rosidl_typesupport_fastrtps_cpp/xarm_msgs/srv/detail/dds_fastrtps/linear_track_back_origin__type_support.cpp.o[0m
[17.258s] [ 79%] Built target xarm_msgs__rosidl_typesupport_cpp
[17.282s] [ 79%] [32mBuilding CXX object CMakeFiles/xarm_msgs__rosidl_typesupport_fastrtps_cpp.dir/rosidl_typesupport_fastrtps_cpp/xarm_msgs/srv/detail/dds_fastrtps/linear_track_set_pos__type_support.cpp.o[0m
[17.313s] [ 79%] [32mBuilding CXX object CMakeFiles/xarm_msgs__rosidl_typesupport_fastrtps_c.dir/rosidl_typesupport_fastrtps_c/xarm_msgs/srv/detail/move_circle__type_support_c.cpp.o[0m
[17.325s] [ 79%] [32mBuilding CXX object CMakeFiles/xarm_msgs__rosidl_typesupport_fastrtps_c.dir/rosidl_typesupport_fastrtps_c/xarm_msgs/srv/detail/move_home__type_support_c.cpp.o[0m
[17.330s] [ 80%] [32mBuilding CXX object CMakeFiles/xarm_msgs__rosidl_typesupport_fastrtps_cpp.dir/rosidl_typesupport_fastrtps_cpp/xarm_msgs/srv/detail/dds_fastrtps/plan_exec__type_support.cpp.o[0m
[17.360s] [ 80%] [32mBuilding CXX object CMakeFiles/xarm_msgs__rosidl_typesupport_fastrtps_c.dir/rosidl_typesupport_fastrtps_c/xarm_msgs/srv/detail/move_joint__type_support_c.cpp.o[0m
[17.395s] [ 81%] [32mBuilding CXX object CMakeFiles/xarm_msgs__rosidl_typesupport_fastrtps_c.dir/rosidl_typesupport_fastrtps_c/xarm_msgs/srv/detail/move_velocity__type_support_c.cpp.o[0m
[17.408s] [ 81%] [32mBuilding CXX object CMakeFiles/xarm_msgs__rosidl_typesupport_fastrtps_cpp.dir/rosidl_typesupport_fastrtps_cpp/xarm_msgs/srv/detail/dds_fastrtps/plan_joint__type_support.cpp.o[0m
[17.463s] [ 81%] [32mBuilding CXX object CMakeFiles/xarm_msgs__rosidl_typesupport_fastrtps_cpp.dir/rosidl_typesupport_fastrtps_cpp/xarm_msgs/srv/detail/dds_fastrtps/plan_pose__type_support.cpp.o[0m
[17.481s] [ 81%] [32mBuilding CXX object CMakeFiles/xarm_msgs__rosidl_typesupport_fastrtps_c.dir/rosidl_typesupport_fastrtps_c/xarm_msgs/srv/detail/robotiq_get_status__type_support_c.cpp.o[0m
[17.481s] [ 81%] [32mBuilding CXX object CMakeFiles/xarm_msgs__rosidl_typesupport_fastrtps_c.dir/rosidl_typesupport_fastrtps_c/xarm_msgs/srv/detail/robotiq_activate__type_support_c.cpp.o[0m
[17.643s] [ 81%] [32mBuilding CXX object CMakeFiles/xarm_msgs__rosidl_typesupport_fastrtps_c.dir/rosidl_typesupport_fastrtps_c/xarm_msgs/srv/detail/robotiq_move__type_support_c.cpp.o[0m
[17.758s] [ 82%] [32mBuilding CXX object CMakeFiles/xarm_msgs__rosidl_typesupport_fastrtps_c.dir/rosidl_typesupport_fastrtps_c/xarm_msgs/srv/detail/robotiq_reset__type_support_c.cpp.o[0m
[17.769s] [ 82%] [32mBuilding CXX object CMakeFiles/xarm_msgs__rosidl_typesupport_fastrtps_cpp.dir/rosidl_typesupport_fastrtps_cpp/xarm_msgs/srv/detail/dds_fastrtps/plan_single_straight__type_support.cpp.o[0m
[17.784s] [ 82%] [32mBuilding CXX object CMakeFiles/xarm_msgs__rosidl_typesupport_fastrtps_c.dir/rosidl_typesupport_fastrtps_c/xarm_msgs/srv/detail/set_analog_io__type_support_c.cpp.o[0m
[17.806s] [ 82%] [32mBuilding CXX object CMakeFiles/xarm_msgs__rosidl_typesupport_fastrtps_c.dir/rosidl_typesupport_fastrtps_c/xarm_msgs/srv/detail/set_digital_io__type_support_c.cpp.o[0m
[17.821s] [ 82%] [32mBuilding CXX object CMakeFiles/xarm_msgs__rosidl_typesupport_fastrtps_c.dir/rosidl_typesupport_fastrtps_c/xarm_msgs/srv/detail/set_float32__type_support_c.cpp.o[0m
[17.825s] [ 83%] [32mBuilding CXX object CMakeFiles/xarm_msgs__rosidl_typesupport_fastrtps_c.dir/rosidl_typesupport_fastrtps_c/xarm_msgs/srv/detail/set_float32_list__type_support_c.cpp.o[0m
[17.870s] [ 83%] [32mBuilding CXX object CMakeFiles/xarm_msgs__rosidl_typesupport_fastrtps_c.dir/rosidl_typesupport_fastrtps_c/xarm_msgs/srv/detail/set_int16__type_support_c.cpp.o[0m
[17.922s] [ 83%] [32mBuilding CXX object CMakeFiles/xarm_msgs__rosidl_typesupport_fastrtps_c.dir/rosidl_typesupport_fastrtps_c/xarm_msgs/srv/detail/set_int16_by_id__type_support_c.cpp.o[0m
[18.009s] [ 83%] [32mBuilding CXX object CMakeFiles/xarm_msgs__rosidl_typesupport_fastrtps_c.dir/rosidl_typesupport_fastrtps_c/xarm_msgs/srv/detail/set_int16_list__type_support_c.cpp.o[0m
[18.027s] [ 84%] [32mBuilding CXX object CMakeFiles/xarm_msgs__rosidl_typesupport_fastrtps_c.dir/rosidl_typesupport_fastrtps_c/xarm_msgs/srv/detail/set_int32__type_support_c.cpp.o[0m
[18.057s] [ 84%] [32mBuilding CXX object CMakeFiles/xarm_msgs__rosidl_typesupport_fastrtps_c.dir/rosidl_typesupport_fastrtps_c/xarm_msgs/srv/detail/set_int32_by_type__type_support_c.cpp.o[0m
[18.071s] [ 84%] [32mBuilding CXX object CMakeFiles/xarm_msgs__rosidl_typesupport_fastrtps_c.dir/rosidl_typesupport_fastrtps_c/xarm_msgs/srv/detail/traj_play__type_support_c.cpp.o[0m
[18.072s] [ 84%] [32mBuilding CXX object CMakeFiles/xarm_msgs__rosidl_typesupport_fastrtps_c.dir/rosidl_typesupport_fastrtps_c/xarm_msgs/srv/detail/traj_ctrl__type_support_c.cpp.o[0m
[18.118s] [ 84%] [32mBuilding CXX object CMakeFiles/xarm_msgs__rosidl_typesupport_fastrtps_c.dir/rosidl_typesupport_fastrtps_c/xarm_msgs/srv/detail/vacuum_gripper_ctrl__type_support_c.cpp.o[0m
[18.232s] [ 85%] [32mBuilding CXX object CMakeFiles/xarm_msgs__rosidl_typesupport_fastrtps_c.dir/rosidl_typesupport_fastrtps_c/xarm_msgs/srv/detail/set_tcp_load__type_support_c.cpp.o[0m
[18.245s] [ 85%] [32mBuilding CXX object CMakeFiles/xarm_msgs__rosidl_typesupport_fastrtps_c.dir/rosidl_typesupport_fastrtps_c/xarm_msgs/srv/detail/set_modbus_timeout__type_support_c.cpp.o[0m
[18.284s] [ 85%] [32mBuilding CXX object CMakeFiles/xarm_msgs__rosidl_typesupport_fastrtps_c.dir/rosidl_typesupport_fastrtps_c/xarm_msgs/srv/detail/iden_load__type_support_c.cpp.o[0m
[18.334s] [ 85%] [32mBuilding CXX object CMakeFiles/xarm_msgs__rosidl_typesupport_fastrtps_c.dir/rosidl_typesupport_fastrtps_c/xarm_msgs/srv/detail/ft_cali_load__type_support_c.cpp.o[0m
[18.341s] [ 85%] [32m[1mLinking CXX shared library libxarm_msgs__rosidl_typesupport_fastrtps_cpp.so[0m
[18.345s] [ 86%] [32mBuilding CXX object CMakeFiles/xarm_msgs__rosidl_typesupport_fastrtps_c.dir/rosidl_typesupport_fastrtps_c/xarm_msgs/srv/detail/ft_force_config__type_support_c.cpp.o[0m
[18.364s] [ 86%] [32mBuilding CXX object CMakeFiles/xarm_msgs__rosidl_typesupport_fastrtps_c.dir/rosidl_typesupport_fastrtps_c/xarm_msgs/srv/detail/ft_force_pid__type_support_c.cpp.o[0m
[18.383s] [ 86%] [32mBuilding CXX object CMakeFiles/xarm_msgs__rosidl_typesupport_fastrtps_c.dir/rosidl_typesupport_fastrtps_c/xarm_msgs/srv/detail/ft_impedance__type_support_c.cpp.o[0m
[18.430s] [ 86%] [32mBuilding CXX object CMakeFiles/xarm_msgs__rosidl_typesupport_fastrtps_c.dir/rosidl_typesupport_fastrtps_c/xarm_msgs/srv/detail/linear_track_back_origin__type_support_c.cpp.o[0m
[18.562s] [ 87%] [32mBuilding CXX object CMakeFiles/xarm_msgs__rosidl_typesupport_fastrtps_c.dir/rosidl_typesupport_fastrtps_c/xarm_msgs/srv/detail/linear_track_set_pos__type_support_c.cpp.o[0m
[18.571s] [ 87%] [32mBuilding CXX object CMakeFiles/xarm_msgs__rosidl_typesupport_fastrtps_c.dir/rosidl_typesupport_fastrtps_c/xarm_msgs/srv/detail/plan_exec__type_support_c.cpp.o[0m
[18.577s] [ 87%] [32mBuilding CXX object CMakeFiles/xarm_msgs__rosidl_typesupport_fastrtps_c.dir/rosidl_typesupport_fastrtps_c/xarm_msgs/srv/detail/plan_pose__type_support_c.cpp.o[0m
[18.579s] [ 87%] [32mBuilding CXX object CMakeFiles/xarm_msgs__rosidl_typesupport_fastrtps_c.dir/rosidl_typesupport_fastrtps_c/xarm_msgs/srv/detail/plan_joint__type_support_c.cpp.o[0m
[18.677s] [ 87%] Built target xarm_msgs__rosidl_typesupport_fastrtps_cpp
[18.681s] [ 87%] [32mBuilding CXX object CMakeFiles/xarm_msgs__rosidl_typesupport_fastrtps_c.dir/rosidl_typesupport_fastrtps_c/xarm_msgs/srv/detail/plan_single_straight__type_support_c.cpp.o[0m
[19.025s] [ 88%] [32m[1mLinking CXX shared library libxarm_msgs__rosidl_typesupport_fastrtps_c.so[0m
[19.092s] [ 88%] Built target xarm_msgs__rosidl_typesupport_fastrtps_c
[19.107s] [ 88%] Built target xarm_msgs
[19.126s] [ 88%] [34m[1mGenerating Python code for ROS interfaces[0m
[25.158s] [ 88%] Built target xarm_msgs__py
[25.179s] [ 89%] [32mBuilding C object CMakeFiles/xarm_msgs__rosidl_generator_py.dir/rosidl_generator_py/xarm_msgs/msg/_io_state_s.c.o[0m
[25.179s] [ 89%] [32mBuilding C object CMakeFiles/xarm_msgs__rosidl_generator_py.dir/rosidl_generator_py/xarm_msgs/msg/_robot_msg_s.c.o[0m
[25.179s] [ 89%] [32mBuilding C object CMakeFiles/xarm_msgs__rosidl_generator_py.dir/rosidl_generator_py/xarm_msgs/msg/_move_velocity_s.c.o[0m
[25.179s] [ 89%] [32mBuilding C object CMakeFiles/xarm_msgs__rosidl_generator_py.dir/rosidl_generator_py/xarm_msgs/srv/_call_s.c.o[0m
[25.179s] [ 89%] [32mBuilding C object CMakeFiles/xarm_msgs__rosidl_generator_py.dir/rosidl_generator_py/xarm_msgs/msg/_cio_state_s.c.o[0m
[25.179s] [ 91%] [32mBuilding C object CMakeFiles/xarm_msgs__rosidl_generator_py.dir/rosidl_generator_py/xarm_msgs/srv/_bio_gripper_ctrl_s.c.o[0m
[25.179s] [ 91%] [32mBuilding C object CMakeFiles/xarm_msgs__rosidl_generator_py.dir/rosidl_generator_py/xarm_msgs/srv/_get_float32_s.c.o[0m
[25.179s] [ 91%] [32mBuilding C object CMakeFiles/xarm_msgs__rosidl_generator_py.dir/rosidl_generator_py/xarm_msgs/srv/_bio_gripper_enable_s.c.o[0m
[25.179s] [ 91%] [32mBuilding C object CMakeFiles/xarm_msgs__rosidl_generator_py.dir/rosidl_generator_py/xarm_msgs/srv/_get_int16_s.c.o[0m
[25.179s] [ 91%] [32mBuilding C object CMakeFiles/xarm_msgs__rosidl_generator_py.dir/rosidl_generator_py/xarm_msgs/srv/_get_int16_list_s.c.o[0m
[25.179s] [ 91%] [32mBuilding C object CMakeFiles/xarm_msgs__rosidl_generator_py.dir/rosidl_generator_py/xarm_msgs/srv/_get_digital_io_s.c.o[0m
[25.179s] [ 91%] [32mBuilding C object CMakeFiles/xarm_msgs__rosidl_generator_py.dir/rosidl_generator_py/xarm_msgs/srv/_get_int32_by_type_s.c.o[0m
[25.179s] [ 91%] [32mBuilding C object CMakeFiles/xarm_msgs__rosidl_generator_py.dir/rosidl_generator_py/xarm_msgs/srv/_get_analog_io_s.c.o[0m
[25.180s] [ 91%] [32mBuilding C object CMakeFiles/xarm_msgs__rosidl_generator_py.dir/rosidl_generator_py/xarm_msgs/srv/_get_float32_list_s.c.o[0m
[25.183s] [ 92%] [32mBuilding C object CMakeFiles/xarm_msgs__rosidl_generator_py.dir/rosidl_generator_py/xarm_msgs/srv/_get_int32_s.c.o[0m
[25.187s] [ 92%] [32mBuilding C object CMakeFiles/xarm_msgs__rosidl_generator_py.dir/rosidl_generator_py/xarm_msgs/srv/_get_set_modbus_data_s.c.o[0m
[25.341s] [ 92%] [32mBuilding C object CMakeFiles/xarm_msgs__rosidl_generator_py.dir/rosidl_generator_py/xarm_msgs/srv/_gripper_move_s.c.o[0m
[25.344s] [ 92%] [32mBuilding C object CMakeFiles/xarm_msgs__rosidl_generator_py.dir/rosidl_generator_py/xarm_msgs/srv/_move_cartesian_s.c.o[0m
[25.344s] [ 92%] [32mBuilding C object CMakeFiles/xarm_msgs__rosidl_generator_py.dir/rosidl_generator_py/xarm_msgs/srv/_move_joint_s.c.o[0m
[25.344s] [ 92%] [32mBuilding C object CMakeFiles/xarm_msgs__rosidl_generator_py.dir/rosidl_generator_py/xarm_msgs/srv/_move_home_s.c.o[0m
[25.344s] [ 94%] [32mBuilding C object CMakeFiles/xarm_msgs__rosidl_generator_py.dir/rosidl_generator_py/xarm_msgs/srv/_robotiq_activate_s.c.o[0m
[25.344s] [ 94%] [32mBuilding C object CMakeFiles/xarm_msgs__rosidl_generator_py.dir/rosidl_generator_py/xarm_msgs/srv/_move_circle_s.c.o[0m
[25.344s] [ 94%] [32mBuilding C object CMakeFiles/xarm_msgs__rosidl_generator_py.dir/rosidl_generator_py/xarm_msgs/srv/_move_velocity_s.c.o[0m
[25.345s] [ 94%] [32mBuilding C object CMakeFiles/xarm_msgs__rosidl_generator_py.dir/rosidl_generator_py/xarm_msgs/srv/_robotiq_get_status_s.c.o[0m
[25.346s] [ 94%] [32mBuilding C object CMakeFiles/xarm_msgs__rosidl_generator_py.dir/rosidl_generator_py/xarm_msgs/srv/_robotiq_move_s.c.o[0m
[25.347s] [ 95%] [32mBuilding C object CMakeFiles/xarm_msgs__rosidl_generator_py.dir/rosidl_generator_py/xarm_msgs/srv/_robotiq_reset_s.c.o[0m
[25.347s] [ 95%] [32mBuilding C object CMakeFiles/xarm_msgs__rosidl_generator_py.dir/rosidl_generator_py/xarm_msgs/srv/_set_analog_io_s.c.o[0m
[25.351s] [ 95%] [32mBuilding C object CMakeFiles/xarm_msgs__rosidl_generator_py.dir/rosidl_generator_py/xarm_msgs/srv/_set_digital_io_s.c.o[0m
[25.351s] [ 95%] [32mBuilding C object CMakeFiles/xarm_msgs__rosidl_generator_py.dir/rosidl_generator_py/xarm_msgs/srv/_set_float32_s.c.o[0m
[25.363s] [ 95%] [32mBuilding C object CMakeFiles/xarm_msgs__rosidl_generator_py.dir/rosidl_generator_py/xarm_msgs/srv/_set_int16_s.c.o[0m
[25.372s] [ 95%] [32mBuilding C object CMakeFiles/xarm_msgs__rosidl_generator_py.dir/rosidl_generator_py/xarm_msgs/srv/_set_float32_list_s.c.o[0m
[25.384s] [ 96%] [32mBuilding C object CMakeFiles/xarm_msgs__rosidl_generator_py.dir/rosidl_generator_py/xarm_msgs/srv/_set_int16_by_id_s.c.o[0m
[25.480s] [ 96%] [32mBuilding C object CMakeFiles/xarm_msgs__rosidl_generator_py.dir/rosidl_generator_py/xarm_msgs/srv/_set_int16_list_s.c.o[0m
[25.484s] [ 96%] [32mBuilding C object CMakeFiles/xarm_msgs__rosidl_generator_py.dir/rosidl_generator_py/xarm_msgs/srv/_set_int32_by_type_s.c.o[0m
[25.484s] [ 97%] [32mBuilding C object CMakeFiles/xarm_msgs__rosidl_generator_py.dir/rosidl_generator_py/xarm_msgs/srv/_traj_ctrl_s.c.o[0m
[25.484s] [ 97%] [32mBuilding C object CMakeFiles/xarm_msgs__rosidl_generator_py.dir/rosidl_generator_py/xarm_msgs/srv/_set_int32_s.c.o[0m
[25.484s] [ 97%] [32mBuilding C object CMakeFiles/xarm_msgs__rosidl_generator_py.dir/rosidl_generator_py/xarm_msgs/srv/_vacuum_gripper_ctrl_s.c.o[0m
[25.484s] [ 97%] [32mBuilding C object CMakeFiles/xarm_msgs__rosidl_generator_py.dir/rosidl_generator_py/xarm_msgs/srv/_traj_play_s.c.o[0m
[25.485s] [ 97%] [32mBuilding C object CMakeFiles/xarm_msgs__rosidl_generator_py.dir/rosidl_generator_py/xarm_msgs/srv/_set_tcp_load_s.c.o[0m
[25.486s] [ 97%] [32mBuilding C object CMakeFiles/xarm_msgs__rosidl_generator_py.dir/rosidl_generator_py/xarm_msgs/srv/_ft_cali_load_s.c.o[0m
[25.490s] [ 98%] [32mBuilding C object CMakeFiles/xarm_msgs__rosidl_generator_py.dir/rosidl_generator_py/xarm_msgs/srv/_set_modbus_timeout_s.c.o[0m
[25.491s] [ 98%] [32mBuilding C object CMakeFiles/xarm_msgs__rosidl_generator_py.dir/rosidl_generator_py/xarm_msgs/srv/_iden_load_s.c.o[0m
[25.498s] [ 98%] [32mBuilding C object CMakeFiles/xarm_msgs__rosidl_generator_py.dir/rosidl_generator_py/xarm_msgs/srv/_ft_force_config_s.c.o[0m
[25.508s] [ 99%] [32mBuilding C object CMakeFiles/xarm_msgs__rosidl_generator_py.dir/rosidl_generator_py/xarm_msgs/srv/_ft_impedance_s.c.o[0m
[25.513s] [ 99%] [32mBuilding C object CMakeFiles/xarm_msgs__rosidl_generator_py.dir/rosidl_generator_py/xarm_msgs/srv/_ft_force_pid_s.c.o[0m
[25.535s] [ 99%] [32mBuilding C object CMakeFiles/xarm_msgs__rosidl_generator_py.dir/rosidl_generator_py/xarm_msgs/srv/_linear_track_back_origin_s.c.o[0m
[25.535s] [ 99%] [32mBuilding C object CMakeFiles/xarm_msgs__rosidl_generator_py.dir/rosidl_generator_py/xarm_msgs/srv/_linear_track_set_pos_s.c.o[0m
[25.577s] [ 99%] [32mBuilding C object CMakeFiles/xarm_msgs__rosidl_generator_py.dir/rosidl_generator_py/xarm_msgs/srv/_plan_exec_s.c.o[0m
[25.609s] [ 99%] [32mBuilding C object CMakeFiles/xarm_msgs__rosidl_generator_py.dir/rosidl_generator_py/xarm_msgs/srv/_plan_single_straight_s.c.o[0m
[25.610s] [100%] [32mBuilding C object CMakeFiles/xarm_msgs__rosidl_generator_py.dir/rosidl_generator_py/xarm_msgs/srv/_plan_joint_s.c.o[0m
[25.610s] [100%] [32mBuilding C object CMakeFiles/xarm_msgs__rosidl_generator_py.dir/rosidl_generator_py/xarm_msgs/srv/_plan_pose_s.c.o[0m
[25.713s] [100%] [32m[1mLinking C shared library rosidl_generator_py/xarm_msgs/libxarm_msgs__rosidl_generator_py.so[0m
[25.750s] [100%] Built target xarm_msgs__rosidl_generator_py
[25.767s] [100%] [32mBuilding C object CMakeFiles/xarm_msgs__rosidl_typesupport_introspection_c__pyext.dir/rosidl_generator_py/xarm_msgs/_xarm_msgs_s.ep.rosidl_typesupport_introspection_c.c.o[0m
[25.768s] [100%] [32mBuilding C object CMakeFiles/xarm_msgs__rosidl_typesupport_c__pyext.dir/rosidl_generator_py/xarm_msgs/_xarm_msgs_s.ep.rosidl_typesupport_c.c.o[0m
[25.768s] [100%] [32mBuilding C object CMakeFiles/xarm_msgs__rosidl_typesupport_fastrtps_c__pyext.dir/rosidl_generator_py/xarm_msgs/_xarm_msgs_s.ep.rosidl_typesupport_fastrtps_c.c.o[0m
[26.008s] [100%] [32m[1mLinking C shared library rosidl_generator_py/xarm_msgs/xarm_msgs_s__rosidl_typesupport_introspection_c.cpython-310-x86_64-linux-gnu.so[0m
[26.012s] [100%] [32m[1mLinking C shared library rosidl_generator_py/xarm_msgs/xarm_msgs_s__rosidl_typesupport_fastrtps_c.cpython-310-x86_64-linux-gnu.so[0m
[26.015s] [100%] [32m[1mLinking C shared library rosidl_generator_py/xarm_msgs/xarm_msgs_s__rosidl_typesupport_c.cpython-310-x86_64-linux-gnu.so[0m
[26.049s] [100%] Built target xarm_msgs__rosidl_typesupport_c__pyext
[26.049s] [100%] Built target xarm_msgs__rosidl_typesupport_introspection_c__pyext
[26.052s] [100%] Built target xarm_msgs__rosidl_typesupport_fastrtps_c__pyext
[26.062s] Invoked command in '/home/benongnuel/dev_ws/build/xarm_msgs' returned '0': CMAKE_PREFIX_PATH=${CMAKE_PREFIX_PATH}:/opt/ros/humble /usr/bin/cmake --build /home/benongnuel/dev_ws/build/xarm_msgs -- -j16 -l16
[26.063s] Invoking command in '/home/benongnuel/dev_ws/build/xarm_msgs': CMAKE_PREFIX_PATH=${CMAKE_PREFIX_PATH}:/opt/ros/humble /usr/bin/cmake --install /home/benongnuel/dev_ws/build/xarm_msgs
[26.069s] -- Install configuration: ""
[26.070s] -- Installing: /home/benongnuel/dev_ws/install/xarm_msgs/share/ament_index/resource_index/rosidl_interfaces/xarm_msgs
[26.070s] -- Installing: /home/benongnuel/dev_ws/install/xarm_msgs/include/xarm_msgs/xarm_msgs
[26.070s] -- Installing: /home/benongnuel/dev_ws/install/xarm_msgs/include/xarm_msgs/xarm_msgs/srv
[26.070s] -- Installing: /home/benongnuel/dev_ws/install/xarm_msgs/include/xarm_msgs/xarm_msgs/srv/bio_gripper_enable.h
[26.070s] -- Installing: /home/benongnuel/dev_ws/install/xarm_msgs/include/xarm_msgs/xarm_msgs/srv/set_float32.h
[26.070s] -- Installing: /home/benongnuel/dev_ws/install/xarm_msgs/include/xarm_msgs/xarm_msgs/srv/linear_track_set_pos.h
[26.070s] -- Installing: /home/benongnuel/dev_ws/install/xarm_msgs/include/xarm_msgs/xarm_msgs/srv/iden_load.h
[26.070s] -- Installing: /home/benongnuel/dev_ws/install/xarm_msgs/include/xarm_msgs/xarm_msgs/srv/move_joint.h
[26.070s] -- Installing: /home/benongnuel/dev_ws/install/xarm_msgs/include/xarm_msgs/xarm_msgs/srv/set_int16.h
[26.070s] -- Installing: /home/benongnuel/dev_ws/install/xarm_msgs/include/xarm_msgs/xarm_msgs/srv/set_tcp_load.h
[26.070s] -- Installing: /home/benongnuel/dev_ws/install/xarm_msgs/include/xarm_msgs/xarm_msgs/srv/traj_ctrl.h
[26.070s] -- Installing: /home/benongnuel/dev_ws/install/xarm_msgs/include/xarm_msgs/xarm_msgs/srv/set_int32.h
[26.070s] -- Installing: /home/benongnuel/dev_ws/install/xarm_msgs/include/xarm_msgs/xarm_msgs/srv/plan_pose.h
[26.070s] -- Installing: /home/benongnuel/dev_ws/install/xarm_msgs/include/xarm_msgs/xarm_msgs/srv/robotiq_activate.h
[26.071s] -- Installing: /home/benongnuel/dev_ws/install/xarm_msgs/include/xarm_msgs/xarm_msgs/srv/robotiq_get_status.h
[26.071s] -- Installing: /home/benongnuel/dev_ws/install/xarm_msgs/include/xarm_msgs/xarm_msgs/srv/set_modbus_timeout.h
[26.071s] -- Installing: /home/benongnuel/dev_ws/install/xarm_msgs/include/xarm_msgs/xarm_msgs/srv/gripper_move.h
[26.071s] -- Installing: /home/benongnuel/dev_ws/install/xarm_msgs/include/xarm_msgs/xarm_msgs/srv/plan_exec.h
[26.071s] -- Installing: /home/benongnuel/dev_ws/install/xarm_msgs/include/xarm_msgs/xarm_msgs/srv/detail
[26.071s] -- Installing: /home/benongnuel/dev_ws/install/xarm_msgs/include/xarm_msgs/xarm_msgs/srv/detail/robotiq_get_status__functions.h
[26.071s] -- Installing: /home/benongnuel/dev_ws/install/xarm_msgs/include/xarm_msgs/xarm_msgs/srv/detail/plan_pose__struct.h
[26.071s] -- Installing: /home/benongnuel/dev_ws/install/xarm_msgs/include/xarm_msgs/xarm_msgs/srv/detail/gripper_move__type_support.h
[26.071s] -- Installing: /home/benongnuel/dev_ws/install/xarm_msgs/include/xarm_msgs/xarm_msgs/srv/detail/set_int16__struct.h
[26.071s] -- Installing: /home/benongnuel/dev_ws/install/xarm_msgs/include/xarm_msgs/xarm_msgs/srv/detail/ft_cali_load__type_support.h
[26.071s] -- Installing: /home/benongnuel/dev_ws/install/xarm_msgs/include/xarm_msgs/xarm_msgs/srv/detail/gripper_move__functions.h
[26.071s] -- Installing: /home/benongnuel/dev_ws/install/xarm_msgs/include/xarm_msgs/xarm_msgs/srv/detail/set_digital_io__functions.h
[26.071s] -- Installing: /home/benongnuel/dev_ws/install/xarm_msgs/include/xarm_msgs/xarm_msgs/srv/detail/set_analog_io__type_support.h
[26.071s] -- Installing: /home/benongnuel/dev_ws/install/xarm_msgs/include/xarm_msgs/xarm_msgs/srv/detail/get_float32__functions.h
[26.071s] -- Installing: /home/benongnuel/dev_ws/install/xarm_msgs/include/xarm_msgs/xarm_msgs/srv/detail/ft_impedance__functions.h
[26.071s] -- Installing: /home/benongnuel/dev_ws/install/xarm_msgs/include/xarm_msgs/xarm_msgs/srv/detail/ft_force_pid__functions.c
[26.072s] -- Installing: /home/benongnuel/dev_ws/install/xarm_msgs/include/xarm_msgs/xarm_msgs/srv/detail/bio_gripper_enable__struct.h
[26.072s] -- Installing: /home/benongnuel/dev_ws/install/xarm_msgs/include/xarm_msgs/xarm_msgs/srv/detail/set_digital_io__functions.c
[26.072s] -- Installing: /home/benongnuel/dev_ws/install/xarm_msgs/include/xarm_msgs/xarm_msgs/srv/detail/traj_play__struct.h
[26.072s] -- Installing: /home/benongnuel/dev_ws/install/xarm_msgs/include/xarm_msgs/xarm_msgs/srv/detail/robotiq_reset__functions.c
[26.072s] -- Installing: /home/benongnuel/dev_ws/install/xarm_msgs/include/xarm_msgs/xarm_msgs/srv/detail/linear_track_back_origin__functions.h
[26.072s] -- Installing: /home/benongnuel/dev_ws/install/xarm_msgs/include/xarm_msgs/xarm_msgs/srv/detail/get_int16__type_support.h
[26.072s] -- Installing: /home/benongnuel/dev_ws/install/xarm_msgs/include/xarm_msgs/xarm_msgs/srv/detail/set_int32_by_type__functions.c
[26.072s] -- Installing: /home/benongnuel/dev_ws/install/xarm_msgs/include/xarm_msgs/xarm_msgs/srv/detail/set_int32__functions.c
[26.072s] -- Installing: /home/benongnuel/dev_ws/install/xarm_msgs/include/xarm_msgs/xarm_msgs/srv/detail/ft_force_config__functions.c
[26.072s] -- Installing: /home/benongnuel/dev_ws/install/xarm_msgs/include/xarm_msgs/xarm_msgs/srv/detail/set_int16__type_support.h
[26.072s] -- Installing: /home/benongnuel/dev_ws/install/xarm_msgs/include/xarm_msgs/xarm_msgs/srv/detail/robotiq_activate__functions.c
[26.072s] -- Installing: /home/benongnuel/dev_ws/install/xarm_msgs/include/xarm_msgs/xarm_msgs/srv/detail/iden_load__struct.h
[26.072s] -- Installing: /home/benongnuel/dev_ws/install/xarm_msgs/include/xarm_msgs/xarm_msgs/srv/detail/plan_exec__functions.c
[26.072s] -- Installing: /home/benongnuel/dev_ws/install/xarm_msgs/include/xarm_msgs/xarm_msgs/srv/detail/get_set_modbus_data__functions.h
[26.072s] -- Installing: /home/benongnuel/dev_ws/install/xarm_msgs/include/xarm_msgs/xarm_msgs/srv/detail/linear_track_set_pos__type_support.h
[26.073s] -- Installing: /home/benongnuel/dev_ws/install/xarm_msgs/include/xarm_msgs/xarm_msgs/srv/detail/get_analog_io__functions.c
[26.073s] -- Installing: /home/benongnuel/dev_ws/install/xarm_msgs/include/xarm_msgs/xarm_msgs/srv/detail/get_set_modbus_data__functions.c
[26.073s] -- Installing: /home/benongnuel/dev_ws/install/xarm_msgs/include/xarm_msgs/xarm_msgs/srv/detail/set_int32_by_type__struct.h
[26.073s] -- Installing: /home/benongnuel/dev_ws/install/xarm_msgs/include/xarm_msgs/xarm_msgs/srv/detail/get_digital_io__type_support.h
[26.073s] -- Installing: /home/benongnuel/dev_ws/install/xarm_msgs/include/xarm_msgs/xarm_msgs/srv/detail/call__functions.c
[26.073s] -- Installing: /home/benongnuel/dev_ws/install/xarm_msgs/include/xarm_msgs/xarm_msgs/srv/detail/get_float32_list__functions.c
[26.073s] -- Installing: /home/benongnuel/dev_ws/install/xarm_msgs/include/xarm_msgs/xarm_msgs/srv/detail/set_tcp_load__functions.h
[26.073s] -- Installing: /home/benongnuel/dev_ws/install/xarm_msgs/include/xarm_msgs/xarm_msgs/srv/detail/get_float32_list__type_support.h
[26.073s] -- Installing: /home/benongnuel/dev_ws/install/xarm_msgs/include/xarm_msgs/xarm_msgs/srv/detail/set_modbus_timeout__functions.h
[26.073s] -- Installing: /home/benongnuel/dev_ws/install/xarm_msgs/include/xarm_msgs/xarm_msgs/srv/detail/set_int16_by_id__type_support.h
[26.073s] -- Installing: /home/benongnuel/dev_ws/install/xarm_msgs/include/xarm_msgs/xarm_msgs/srv/detail/plan_exec__type_support.h
[26.073s] -- Installing: /home/benongnuel/dev_ws/install/xarm_msgs/include/xarm_msgs/xarm_msgs/srv/detail/set_analog_io__struct.h
[26.073s] -- Installing: /home/benongnuel/dev_ws/install/xarm_msgs/include/xarm_msgs/xarm_msgs/srv/detail/move_home__functions.c
[26.073s] -- Installing: /home/benongnuel/dev_ws/install/xarm_msgs/include/xarm_msgs/xarm_msgs/srv/detail/call__type_support.h
[26.073s] -- Installing: /home/benongnuel/dev_ws/install/xarm_msgs/include/xarm_msgs/xarm_msgs/srv/detail/plan_joint__functions.h
[26.073s] -- Installing: /home/benongnuel/dev_ws/install/xarm_msgs/include/xarm_msgs/xarm_msgs/srv/detail/plan_joint__type_support.h
[26.074s] -- Installing: /home/benongnuel/dev_ws/install/xarm_msgs/include/xarm_msgs/xarm_msgs/srv/detail/plan_exec__struct.h
[26.074s] -- Installing: /home/benongnuel/dev_ws/install/xarm_msgs/include/xarm_msgs/xarm_msgs/srv/detail/get_int16__functions.c
[26.074s] -- Installing: /home/benongnuel/dev_ws/install/xarm_msgs/include/xarm_msgs/xarm_msgs/srv/detail/traj_play__type_support.h
[26.074s] -- Installing: /home/benongnuel/dev_ws/install/xarm_msgs/include/xarm_msgs/xarm_msgs/srv/detail/traj_ctrl__type_support.h
[26.074s] -- Installing: /home/benongnuel/dev_ws/install/xarm_msgs/include/xarm_msgs/xarm_msgs/srv/detail/get_set_modbus_data__struct.h
[26.074s] -- Installing: /home/benongnuel/dev_ws/install/xarm_msgs/include/xarm_msgs/xarm_msgs/srv/detail/move_cartesian__struct.h
[26.074s] -- Installing: /home/benongnuel/dev_ws/install/xarm_msgs/include/xarm_msgs/xarm_msgs/srv/detail/traj_play__functions.c
[26.074s] -- Installing: /home/benongnuel/dev_ws/install/xarm_msgs/include/xarm_msgs/xarm_msgs/srv/detail/traj_play__functions.h
[26.074s] -- Installing: /home/benongnuel/dev_ws/install/xarm_msgs/include/xarm_msgs/xarm_msgs/srv/detail/call__struct.h
[26.074s] -- Installing: /home/benongnuel/dev_ws/install/xarm_msgs/include/xarm_msgs/xarm_msgs/srv/detail/iden_load__functions.c
[26.074s] -- Installing: /home/benongnuel/dev_ws/install/xarm_msgs/include/xarm_msgs/xarm_msgs/srv/detail/call__functions.h
[26.074s] -- Installing: /home/benongnuel/dev_ws/install/xarm_msgs/include/xarm_msgs/xarm_msgs/srv/detail/move_circle__functions.h
[26.074s] -- Installing: /home/benongnuel/dev_ws/install/xarm_msgs/include/xarm_msgs/xarm_msgs/srv/detail/get_int32_by_type__type_support.h
[26.074s] -- Installing: /home/benongnuel/dev_ws/install/xarm_msgs/include/xarm_msgs/xarm_msgs/srv/detail/move_joint__type_support.h
[26.074s] -- Installing: /home/benongnuel/dev_ws/install/xarm_msgs/include/xarm_msgs/xarm_msgs/srv/detail/get_analog_io__type_support.h
[26.075s] -- Installing: /home/benongnuel/dev_ws/install/xarm_msgs/include/xarm_msgs/xarm_msgs/srv/detail/set_int32__struct.h
[26.075s] -- Installing: /home/benongnuel/dev_ws/install/xarm_msgs/include/xarm_msgs/xarm_msgs/srv/detail/bio_gripper_ctrl__struct.h
[26.075s] -- Installing: /home/benongnuel/dev_ws/install/xarm_msgs/include/xarm_msgs/xarm_msgs/srv/detail/move_velocity__struct.h
[26.075s] -- Installing: /home/benongnuel/dev_ws/install/xarm_msgs/include/xarm_msgs/xarm_msgs/srv/detail/set_float32_list__struct.h
[26.075s] -- Installing: /home/benongnuel/dev_ws/install/xarm_msgs/include/xarm_msgs/xarm_msgs/srv/detail/set_digital_io__struct.h
[26.075s] -- Installing: /home/benongnuel/dev_ws/install/xarm_msgs/include/xarm_msgs/xarm_msgs/srv/detail/plan_pose__functions.c
[26.075s] -- Installing: /home/benongnuel/dev_ws/install/xarm_msgs/include/xarm_msgs/xarm_msgs/srv/detail/ft_impedance__functions.c
[26.075s] -- Installing: /home/benongnuel/dev_ws/install/xarm_msgs/include/xarm_msgs/xarm_msgs/srv/detail/linear_track_back_origin__type_support.h
[26.075s] -- Installing: /home/benongnuel/dev_ws/install/xarm_msgs/include/xarm_msgs/xarm_msgs/srv/detail/set_analog_io__functions.c
[26.075s] -- Installing: /home/benongnuel/dev_ws/install/xarm_msgs/include/xarm_msgs/xarm_msgs/srv/detail/set_analog_io__functions.h
[26.075s] -- Installing: /home/benongnuel/dev_ws/install/xarm_msgs/include/xarm_msgs/xarm_msgs/srv/detail/plan_single_straight__functions.c
[26.075s] -- Installing: /home/benongnuel/dev_ws/install/xarm_msgs/include/xarm_msgs/xarm_msgs/srv/detail/set_float32__struct.h
[26.075s] -- Installing: /home/benongnuel/dev_ws/install/xarm_msgs/include/xarm_msgs/xarm_msgs/srv/detail/robotiq_activate__type_support.h
[26.075s] -- Installing: /home/benongnuel/dev_ws/install/xarm_msgs/include/xarm_msgs/xarm_msgs/srv/detail/set_int16_by_id__functions.c
[26.075s] -- Installing: /home/benongnuel/dev_ws/install/xarm_msgs/include/xarm_msgs/xarm_msgs/srv/detail/iden_load__type_support.h
[26.076s] -- Installing: /home/benongnuel/dev_ws/install/xarm_msgs/include/xarm_msgs/xarm_msgs/srv/detail/get_int32_by_type__functions.c
[26.076s] -- Installing: /home/benongnuel/dev_ws/install/xarm_msgs/include/xarm_msgs/xarm_msgs/srv/detail/set_modbus_timeout__struct.h
[26.076s] -- Installing: /home/benongnuel/dev_ws/install/xarm_msgs/include/xarm_msgs/xarm_msgs/srv/detail/traj_ctrl__functions.c
[26.076s] -- Installing: /home/benongnuel/dev_ws/install/xarm_msgs/include/xarm_msgs/xarm_msgs/srv/detail/set_int32__type_support.h
[26.076s] -- Installing: /home/benongnuel/dev_ws/install/xarm_msgs/include/xarm_msgs/xarm_msgs/srv/detail/ft_force_config__type_support.h
[26.076s] -- Installing: /home/benongnuel/dev_ws/install/xarm_msgs/include/xarm_msgs/xarm_msgs/srv/detail/linear_track_set_pos__functions.h
[26.076s] -- Installing: /home/benongnuel/dev_ws/install/xarm_msgs/include/xarm_msgs/xarm_msgs/srv/detail/robotiq_get_status__functions.c
[26.076s] -- Installing: /home/benongnuel/dev_ws/install/xarm_msgs/include/xarm_msgs/xarm_msgs/srv/detail/set_float32_list__functions.c
[26.076s] -- Installing: /home/benongnuel/dev_ws/install/xarm_msgs/include/xarm_msgs/xarm_msgs/srv/detail/move_velocity__functions.h
[26.076s] -- Installing: /home/benongnuel/dev_ws/install/xarm_msgs/include/xarm_msgs/xarm_msgs/srv/detail/get_int16_list__functions.h
[26.076s] -- Installing: /home/benongnuel/dev_ws/install/xarm_msgs/include/xarm_msgs/xarm_msgs/srv/detail/get_float32_list__struct.h
[26.076s] -- Installing: /home/benongnuel/dev_ws/install/xarm_msgs/include/xarm_msgs/xarm_msgs/srv/detail/robotiq_get_status__struct.h
[26.076s] -- Installing: /home/benongnuel/dev_ws/install/xarm_msgs/include/xarm_msgs/xarm_msgs/srv/detail/get_int16__functions.h
[26.076s] -- Installing: /home/benongnuel/dev_ws/install/xarm_msgs/include/xarm_msgs/xarm_msgs/srv/detail/linear_track_back_origin__functions.c
[26.076s] -- Installing: /home/benongnuel/dev_ws/install/xarm_msgs/include/xarm_msgs/xarm_msgs/srv/detail/move_circle__struct.h
[26.077s] -- Installing: /home/benongnuel/dev_ws/install/xarm_msgs/include/xarm_msgs/xarm_msgs/srv/detail/iden_load__functions.h
[26.077s] -- Installing: /home/benongnuel/dev_ws/install/xarm_msgs/include/xarm_msgs/xarm_msgs/srv/detail/vacuum_gripper_ctrl__struct.h
[26.077s] -- Installing: /home/benongnuel/dev_ws/install/xarm_msgs/include/xarm_msgs/xarm_msgs/srv/detail/set_int16_list__type_support.h
[26.077s] -- Installing: /home/benongnuel/dev_ws/install/xarm_msgs/include/xarm_msgs/xarm_msgs/srv/detail/move_cartesian__functions.c
[26.077s] -- Installing: /home/benongnuel/dev_ws/install/xarm_msgs/include/xarm_msgs/xarm_msgs/srv/detail/set_float32__functions.c
[26.077s] -- Installing: /home/benongnuel/dev_ws/install/xarm_msgs/include/xarm_msgs/xarm_msgs/srv/detail/gripper_move__struct.h
[26.077s] -- Installing: /home/benongnuel/dev_ws/install/xarm_msgs/include/xarm_msgs/xarm_msgs/srv/detail/ft_impedance__type_support.h
[26.077s] -- Installing: /home/benongnuel/dev_ws/install/xarm_msgs/include/xarm_msgs/xarm_msgs/srv/detail/vacuum_gripper_ctrl__functions.h
[26.077s] -- Installing: /home/benongnuel/dev_ws/install/xarm_msgs/include/xarm_msgs/xarm_msgs/srv/detail/get_float32__type_support.h
[26.077s] -- Installing: /home/benongnuel/dev_ws/install/xarm_msgs/include/xarm_msgs/xarm_msgs/srv/detail/move_cartesian__type_support.h
[26.077s] -- Installing: /home/benongnuel/dev_ws/install/xarm_msgs/include/xarm_msgs/xarm_msgs/srv/detail/set_int16_by_id__functions.h
[26.077s] -- Installing: /home/benongnuel/dev_ws/install/xarm_msgs/include/xarm_msgs/xarm_msgs/srv/detail/set_int16_list__struct.h
[26.077s] -- Installing: /home/benongnuel/dev_ws/install/xarm_msgs/include/xarm_msgs/xarm_msgs/srv/detail/set_tcp_load__functions.c
[26.077s] -- Installing: /home/benongnuel/dev_ws/install/xarm_msgs/include/xarm_msgs/xarm_msgs/srv/detail/ft_force_config__functions.h
[26.077s] -- Installing: /home/benongnuel/dev_ws/install/xarm_msgs/include/xarm_msgs/xarm_msgs/srv/detail/get_analog_io__struct.h
[26.078s] -- Installing: /home/benongnuel/dev_ws/install/xarm_msgs/include/xarm_msgs/xarm_msgs/srv/detail/set_digital_io__type_support.h
[26.078s] -- Installing: /home/benongnuel/dev_ws/install/xarm_msgs/include/xarm_msgs/xarm_msgs/srv/detail/vacuum_gripper_ctrl__type_support.h
[26.078s] -- Installing: /home/benongnuel/dev_ws/install/xarm_msgs/include/xarm_msgs/xarm_msgs/srv/detail/move_joint__functions.h
[26.078s] -- Installing: /home/benongnuel/dev_ws/install/xarm_msgs/include/xarm_msgs/xarm_msgs/srv/detail/get_int16_list__functions.c
[26.078s] -- Installing: /home/benongnuel/dev_ws/install/xarm_msgs/include/xarm_msgs/xarm_msgs/srv/detail/plan_joint__functions.c
[26.078s] -- Installing: /home/benongnuel/dev_ws/install/xarm_msgs/include/xarm_msgs/xarm_msgs/srv/detail/ft_cali_load__functions.h
[26.078s] -- Installing: /home/benongnuel/dev_ws/install/xarm_msgs/include/xarm_msgs/xarm_msgs/srv/detail/ft_cali_load__functions.c
[26.078s] -- Installing: /home/benongnuel/dev_ws/install/xarm_msgs/include/xarm_msgs/xarm_msgs/srv/detail/bio_gripper_ctrl__functions.c
[26.078s] -- Installing: /home/benongnuel/dev_ws/install/xarm_msgs/include/xarm_msgs/xarm_msgs/srv/detail/vacuum_gripper_ctrl__functions.c
[26.078s] -- Installing: /home/benongnuel/dev_ws/install/xarm_msgs/include/xarm_msgs/xarm_msgs/srv/detail/set_int16_by_id__struct.h
[26.078s] -- Installing: /home/benongnuel/dev_ws/install/xarm_msgs/include/xarm_msgs/xarm_msgs/srv/detail/get_int32__struct.h
[26.078s] -- Installing: /home/benongnuel/dev_ws/install/xarm_msgs/include/xarm_msgs/xarm_msgs/srv/detail/set_float32_list__functions.h
[26.078s] -- Installing: /home/benongnuel/dev_ws/install/xarm_msgs/include/xarm_msgs/xarm_msgs/srv/detail/get_set_modbus_data__type_support.h
[26.078s] -- Installing: /home/benongnuel/dev_ws/install/xarm_msgs/include/xarm_msgs/xarm_msgs/srv/detail/bio_gripper_enable__functions.c
[26.078s] -- Installing: /home/benongnuel/dev_ws/install/xarm_msgs/include/xarm_msgs/xarm_msgs/srv/detail/set_int32_by_type__type_support.h
[26.079s] -- Installing: /home/benongnuel/dev_ws/install/xarm_msgs/include/xarm_msgs/xarm_msgs/srv/detail/ft_impedance__struct.h
[26.079s] -- Installing: /home/benongnuel/dev_ws/install/xarm_msgs/include/xarm_msgs/xarm_msgs/srv/detail/bio_gripper_ctrl__functions.h
[26.079s] -- Installing: /home/benongnuel/dev_ws/install/xarm_msgs/include/xarm_msgs/xarm_msgs/srv/detail/linear_track_set_pos__functions.c
[26.079s] -- Installing: /home/benongnuel/dev_ws/install/xarm_msgs/include/xarm_msgs/xarm_msgs/srv/detail/get_digital_io__functions.h
[26.079s] -- Installing: /home/benongnuel/dev_ws/install/xarm_msgs/include/xarm_msgs/xarm_msgs/srv/detail/robotiq_move__type_support.h
[26.079s] -- Installing: /home/benongnuel/dev_ws/install/xarm_msgs/include/xarm_msgs/xarm_msgs/srv/detail/get_int32__functions.h
[26.079s] -- Installing: /home/benongnuel/dev_ws/install/xarm_msgs/include/xarm_msgs/xarm_msgs/srv/detail/get_digital_io__functions.c
[26.079s] -- Installing: /home/benongnuel/dev_ws/install/xarm_msgs/include/xarm_msgs/xarm_msgs/srv/detail/robotiq_move__functions.c
[26.079s] -- Installing: /home/benongnuel/dev_ws/install/xarm_msgs/include/xarm_msgs/xarm_msgs/srv/detail/move_velocity__functions.c
[26.079s] -- Installing: /home/benongnuel/dev_ws/install/xarm_msgs/include/xarm_msgs/xarm_msgs/srv/detail/get_int16_list__struct.h
[26.079s] -- Installing: /home/benongnuel/dev_ws/install/xarm_msgs/include/xarm_msgs/xarm_msgs/srv/detail/move_circle__type_support.h
[26.079s] -- Installing: /home/benongnuel/dev_ws/install/xarm_msgs/include/xarm_msgs/xarm_msgs/srv/detail/plan_joint__struct.h
[26.079s] -- Installing: /home/benongnuel/dev_ws/install/xarm_msgs/include/xarm_msgs/xarm_msgs/srv/detail/robotiq_reset__struct.h
[26.079s] -- Installing: /home/benongnuel/dev_ws/install/xarm_msgs/include/xarm_msgs/xarm_msgs/srv/detail/plan_single_straight__struct.h
[26.079s] -- Installing: /home/benongnuel/dev_ws/install/xarm_msgs/include/xarm_msgs/xarm_msgs/srv/detail/set_int32__functions.h
[26.079s] -- Installing: /home/benongnuel/dev_ws/install/xarm_msgs/include/xarm_msgs/xarm_msgs/srv/detail/linear_track_set_pos__struct.h
[26.080s] -- Installing: /home/benongnuel/dev_ws/install/xarm_msgs/include/xarm_msgs/xarm_msgs/srv/detail/traj_ctrl__functions.h
[26.080s] -- Installing: /home/benongnuel/dev_ws/install/xarm_msgs/include/xarm_msgs/xarm_msgs/srv/detail/ft_force_pid__type_support.h
[26.080s] -- Installing: /home/benongnuel/dev_ws/install/xarm_msgs/include/xarm_msgs/xarm_msgs/srv/detail/get_int32_by_type__functions.h
[26.080s] -- Installing: /home/benongnuel/dev_ws/install/xarm_msgs/include/xarm_msgs/xarm_msgs/srv/detail/get_float32__functions.c
[26.080s] -- Installing: /home/benongnuel/dev_ws/install/xarm_msgs/include/xarm_msgs/xarm_msgs/srv/detail/robotiq_move__struct.h
[26.080s] -- Installing: /home/benongnuel/dev_ws/install/xarm_msgs/include/xarm_msgs/xarm_msgs/srv/detail/set_int16_list__functions.h
[26.080s] -- Installing: /home/benongnuel/dev_ws/install/xarm_msgs/include/xarm_msgs/xarm_msgs/srv/detail/move_joint__struct.h
[26.080s] -- Installing: /home/benongnuel/dev_ws/install/xarm_msgs/include/xarm_msgs/xarm_msgs/srv/detail/robotiq_move__functions.h
[26.080s] -- Installing: /home/benongnuel/dev_ws/install/xarm_msgs/include/xarm_msgs/xarm_msgs/srv/detail/ft_force_pid__struct.h
[26.080s] -- Installing: /home/benongnuel/dev_ws/install/xarm_msgs/include/xarm_msgs/xarm_msgs/srv/detail/traj_ctrl__struct.h
[26.080s] -- Installing: /home/benongnuel/dev_ws/install/xarm_msgs/include/xarm_msgs/xarm_msgs/srv/detail/set_float32__functions.h
[26.080s] -- Installing: /home/benongnuel/dev_ws/install/xarm_msgs/include/xarm_msgs/xarm_msgs/srv/detail/plan_single_straight__functions.h
[26.080s] -- Installing: /home/benongnuel/dev_ws/install/xarm_msgs/include/xarm_msgs/xarm_msgs/srv/detail/move_home__type_support.h
[26.080s] -- Installing: /home/benongnuel/dev_ws/install/xarm_msgs/include/xarm_msgs/xarm_msgs/srv/detail/robotiq_reset__type_support.h
[26.080s] -- Installing: /home/benongnuel/dev_ws/install/xarm_msgs/include/xarm_msgs/xarm_msgs/srv/detail/move_home__struct.h
[26.081s] -- Installing: /home/benongnuel/dev_ws/install/xarm_msgs/include/xarm_msgs/xarm_msgs/srv/detail/get_float32__struct.h
[26.081s] -- Installing: /home/benongnuel/dev_ws/install/xarm_msgs/include/xarm_msgs/xarm_msgs/srv/detail/ft_cali_load__struct.h
[26.081s] -- Installing: /home/benongnuel/dev_ws/install/xarm_msgs/include/xarm_msgs/xarm_msgs/srv/detail/robotiq_activate__struct.h
[26.081s] -- Installing: /home/benongnuel/dev_ws/install/xarm_msgs/include/xarm_msgs/xarm_msgs/srv/detail/ft_force_config__struct.h
[26.081s] -- Installing: /home/benongnuel/dev_ws/install/xarm_msgs/include/xarm_msgs/xarm_msgs/srv/detail/set_float32__type_support.h
[26.081s] -- Installing: /home/benongnuel/dev_ws/install/xarm_msgs/include/xarm_msgs/xarm_msgs/srv/detail/move_home__functions.h
[26.081s] -- Installing: /home/benongnuel/dev_ws/install/xarm_msgs/include/xarm_msgs/xarm_msgs/srv/detail/get_int32__type_support.h
[26.081s] -- Installing: /home/benongnuel/dev_ws/install/xarm_msgs/include/xarm_msgs/xarm_msgs/srv/detail/set_tcp_load__struct.h
[26.081s] -- Installing: /home/benongnuel/dev_ws/install/xarm_msgs/include/xarm_msgs/xarm_msgs/srv/detail/set_modbus_timeout__functions.c
[26.081s] -- Installing: /home/benongnuel/dev_ws/install/xarm_msgs/include/xarm_msgs/xarm_msgs/srv/detail/set_int32_by_type__functions.h
[26.081s] -- Installing: /home/benongnuel/dev_ws/install/xarm_msgs/include/xarm_msgs/xarm_msgs/srv/detail/linear_track_back_origin__struct.h
[26.081s] -- Installing: /home/benongnuel/dev_ws/install/xarm_msgs/include/xarm_msgs/xarm_msgs/srv/detail/robotiq_get_status__type_support.h
[26.081s] -- Installing: /home/benongnuel/dev_ws/install/xarm_msgs/include/xarm_msgs/xarm_msgs/srv/detail/move_joint__functions.c
[26.081s] -- Installing: /home/benongnuel/dev_ws/install/xarm_msgs/include/xarm_msgs/xarm_msgs/srv/detail/move_velocity__type_support.h
[26.081s] -- Installing: /home/benongnuel/dev_ws/install/xarm_msgs/include/xarm_msgs/xarm_msgs/srv/detail/bio_gripper_ctrl__type_support.h
[26.081s] -- Installing: /home/benongnuel/dev_ws/install/xarm_msgs/include/xarm_msgs/xarm_msgs/srv/detail/get_int32_by_type__struct.h
[26.082s] -- Installing: /home/benongnuel/dev_ws/install/xarm_msgs/include/xarm_msgs/xarm_msgs/srv/detail/set_int16__functions.h
[26.082s] -- Installing: /home/benongnuel/dev_ws/install/xarm_msgs/include/xarm_msgs/xarm_msgs/srv/detail/plan_pose__functions.h
[26.082s] -- Installing: /home/benongnuel/dev_ws/install/xarm_msgs/include/xarm_msgs/xarm_msgs/srv/detail/set_tcp_load__type_support.h
[26.082s] -- Installing: /home/benongnuel/dev_ws/install/xarm_msgs/include/xarm_msgs/xarm_msgs/srv/detail/robotiq_activate__functions.h
[26.082s] -- Installing: /home/benongnuel/dev_ws/install/xarm_msgs/include/xarm_msgs/xarm_msgs/srv/detail/ft_force_pid__functions.h
[26.082s] -- Installing: /home/benongnuel/dev_ws/install/xarm_msgs/include/xarm_msgs/xarm_msgs/srv/detail/set_modbus_timeout__type_support.h
[26.082s] -- Installing: /home/benongnuel/dev_ws/install/xarm_msgs/include/xarm_msgs/xarm_msgs/srv/detail/set_int16_list__functions.c
[26.082s] -- Installing: /home/benongnuel/dev_ws/install/xarm_msgs/include/xarm_msgs/xarm_msgs/srv/detail/move_cartesian__functions.h
[26.082s] -- Installing: /home/benongnuel/dev_ws/install/xarm_msgs/include/xarm_msgs/xarm_msgs/srv/detail/set_float32_list__type_support.h
[26.082s] -- Installing: /home/benongnuel/dev_ws/install/xarm_msgs/include/xarm_msgs/xarm_msgs/srv/detail/bio_gripper_enable__functions.h
[26.082s] -- Installing: /home/benongnuel/dev_ws/install/xarm_msgs/include/xarm_msgs/xarm_msgs/srv/detail/get_float32_list__functions.h
[26.082s] -- Installing: /home/benongnuel/dev_ws/install/xarm_msgs/include/xarm_msgs/xarm_msgs/srv/detail/get_int16__struct.h
[26.082s] -- Installing: /home/benongnuel/dev_ws/install/xarm_msgs/include/xarm_msgs/xarm_msgs/srv/detail/plan_single_straight__type_support.h
[26.082s] -- Installing: /home/benongnuel/dev_ws/install/xarm_msgs/include/xarm_msgs/xarm_msgs/srv/detail/get_analog_io__functions.h
[26.082s] -- Installing: /home/benongnuel/dev_ws/install/xarm_msgs/include/xarm_msgs/xarm_msgs/srv/detail/gripper_move__functions.c
[26.083s] -- Installing: /home/benongnuel/dev_ws/install/xarm_msgs/include/xarm_msgs/xarm_msgs/srv/detail/get_digital_io__struct.h
[26.083s] -- Installing: /home/benongnuel/dev_ws/install/xarm_msgs/include/xarm_msgs/xarm_msgs/srv/detail/get_int16_list__type_support.h
[26.083s] -- Installing: /home/benongnuel/dev_ws/install/xarm_msgs/include/xarm_msgs/xarm_msgs/srv/detail/robotiq_reset__functions.h
[26.083s] -- Installing: /home/benongnuel/dev_ws/install/xarm_msgs/include/xarm_msgs/xarm_msgs/srv/detail/plan_exec__functions.h
[26.083s] -- Installing: /home/benongnuel/dev_ws/install/xarm_msgs/include/xarm_msgs/xarm_msgs/srv/detail/get_int32__functions.c
[26.083s] -- Installing: /home/benongnuel/dev_ws/install/xarm_msgs/include/xarm_msgs/xarm_msgs/srv/detail/plan_pose__type_support.h
[26.083s] -- Installing: /home/benongnuel/dev_ws/install/xarm_msgs/include/xarm_msgs/xarm_msgs/srv/detail/bio_gripper_enable__type_support.h
[26.083s] -- Installing: /home/benongnuel/dev_ws/install/xarm_msgs/include/xarm_msgs/xarm_msgs/srv/detail/move_circle__functions.c
[26.083s] -- Installing: /home/benongnuel/dev_ws/install/xarm_msgs/include/xarm_msgs/xarm_msgs/srv/detail/set_int16__functions.c
[26.083s] -- Installing: /home/benongnuel/dev_ws/install/xarm_msgs/include/xarm_msgs/xarm_msgs/srv/ft_force_config.h
[26.083s] -- Installing: /home/benongnuel/dev_ws/install/xarm_msgs/include/xarm_msgs/xarm_msgs/srv/get_analog_io.h
[26.083s] -- Installing: /home/benongnuel/dev_ws/install/xarm_msgs/include/xarm_msgs/xarm_msgs/srv/set_int16_list.h
[26.083s] -- Installing: /home/benongnuel/dev_ws/install/xarm_msgs/include/xarm_msgs/xarm_msgs/srv/move_home.h
[26.083s] -- Installing: /home/benongnuel/dev_ws/install/xarm_msgs/include/xarm_msgs/xarm_msgs/srv/get_int16_list.h
[26.083s] -- Installing: /home/benongnuel/dev_ws/install/xarm_msgs/include/xarm_msgs/xarm_msgs/srv/set_int16_by_id.h
[26.083s] -- Installing: /home/benongnuel/dev_ws/install/xarm_msgs/include/xarm_msgs/xarm_msgs/srv/robotiq_move.h
[26.084s] -- Installing: /home/benongnuel/dev_ws/install/xarm_msgs/include/xarm_msgs/xarm_msgs/srv/get_int32.h
[26.084s] -- Installing: /home/benongnuel/dev_ws/install/xarm_msgs/include/xarm_msgs/xarm_msgs/srv/plan_single_straight.h
[26.084s] -- Installing: /home/benongnuel/dev_ws/install/xarm_msgs/include/xarm_msgs/xarm_msgs/srv/robotiq_reset.h
[26.084s] -- Installing: /home/benongnuel/dev_ws/install/xarm_msgs/include/xarm_msgs/xarm_msgs/srv/bio_gripper_ctrl.h
[26.084s] -- Installing: /home/benongnuel/dev_ws/install/xarm_msgs/include/xarm_msgs/xarm_msgs/srv/call.h
[26.084s] -- Installing: /home/benongnuel/dev_ws/install/xarm_msgs/include/xarm_msgs/xarm_msgs/srv/set_digital_io.h
[26.084s] -- Installing: /home/benongnuel/dev_ws/install/xarm_msgs/include/xarm_msgs/xarm_msgs/srv/set_analog_io.h
[26.084s] -- Installing: /home/benongnuel/dev_ws/install/xarm_msgs/include/xarm_msgs/xarm_msgs/srv/move_cartesian.h
[26.084s] -- Installing: /home/benongnuel/dev_ws/install/xarm_msgs/include/xarm_msgs/xarm_msgs/srv/move_velocity.h
[26.084s] -- Installing: /home/benongnuel/dev_ws/install/xarm_msgs/include/xarm_msgs/xarm_msgs/srv/ft_impedance.h
[26.084s] -- Installing: /home/benongnuel/dev_ws/install/xarm_msgs/include/xarm_msgs/xarm_msgs/srv/get_digital_io.h
[26.084s] -- Installing: /home/benongnuel/dev_ws/install/xarm_msgs/include/xarm_msgs/xarm_msgs/srv/get_float32.h
[26.084s] -- Installing: /home/benongnuel/dev_ws/install/xarm_msgs/include/xarm_msgs/xarm_msgs/srv/traj_play.h
[26.084s] -- Installing: /home/benongnuel/dev_ws/install/xarm_msgs/include/xarm_msgs/xarm_msgs/srv/vacuum_gripper_ctrl.h
[26.084s] -- Installing: /home/benongnuel/dev_ws/install/xarm_msgs/include/xarm_msgs/xarm_msgs/srv/ft_cali_load.h
[26.084s] -- Installing: /home/benongnuel/dev_ws/install/xarm_msgs/include/xarm_msgs/xarm_msgs/srv/linear_track_back_origin.h
[26.084s] -- Installing: /home/benongnuel/dev_ws/install/xarm_msgs/include/xarm_msgs/xarm_msgs/srv/get_int32_by_type.h
[26.085s] -- Installing: /home/benongnuel/dev_ws/install/xarm_msgs/include/xarm_msgs/xarm_msgs/srv/get_float32_list.h
[26.085s] -- Installing: /home/benongnuel/dev_ws/install/xarm_msgs/include/xarm_msgs/xarm_msgs/srv/ft_force_pid.h
[26.085s] -- Installing: /home/benongnuel/dev_ws/install/xarm_msgs/include/xarm_msgs/xarm_msgs/srv/get_int16.h
[26.085s] -- Installing: /home/benongnuel/dev_ws/install/xarm_msgs/include/xarm_msgs/xarm_msgs/srv/move_circle.h
[26.085s] -- Installing: /home/benongnuel/dev_ws/install/xarm_msgs/include/xarm_msgs/xarm_msgs/srv/get_set_modbus_data.h
[26.085s] -- Installing: /home/benongnuel/dev_ws/install/xarm_msgs/include/xarm_msgs/xarm_msgs/srv/set_float32_list.h
[26.085s] -- Installing: /home/benongnuel/dev_ws/install/xarm_msgs/include/xarm_msgs/xarm_msgs/srv/set_int32_by_type.h
[26.085s] -- Installing: /home/benongnuel/dev_ws/install/xarm_msgs/include/xarm_msgs/xarm_msgs/srv/plan_joint.h
[26.085s] -- Installing: /home/benongnuel/dev_ws/install/xarm_msgs/include/xarm_msgs/xarm_msgs/msg
[26.085s] -- Installing: /home/benongnuel/dev_ws/install/xarm_msgs/include/xarm_msgs/xarm_msgs/msg/cio_state.h
[26.085s] -- Installing: /home/benongnuel/dev_ws/install/xarm_msgs/include/xarm_msgs/xarm_msgs/msg/robot_msg.h
[26.085s] -- Installing: /home/benongnuel/dev_ws/install/xarm_msgs/include/xarm_msgs/xarm_msgs/msg/detail
[26.085s] -- Installing: /home/benongnuel/dev_ws/install/xarm_msgs/include/xarm_msgs/xarm_msgs/msg/detail/robot_msg__struct.h
[26.085s] -- Installing: /home/benongnuel/dev_ws/install/xarm_msgs/include/xarm_msgs/xarm_msgs/msg/detail/robot_msg__functions.c
[26.085s] -- Installing: /home/benongnuel/dev_ws/install/xarm_msgs/include/xarm_msgs/xarm_msgs/msg/detail/io_state__struct.h
[26.086s] -- Installing: /home/benongnuel/dev_ws/install/xarm_msgs/include/xarm_msgs/xarm_msgs/msg/detail/robot_msg__type_support.h
[26.086s] -- Installing: /home/benongnuel/dev_ws/install/xarm_msgs/include/xarm_msgs/xarm_msgs/msg/detail/cio_state__functions.h
[26.086s] -- Installing: /home/benongnuel/dev_ws/install/xarm_msgs/include/xarm_msgs/xarm_msgs/msg/detail/move_velocity__struct.h
[26.086s] -- Installing: /home/benongnuel/dev_ws/install/xarm_msgs/include/xarm_msgs/xarm_msgs/msg/detail/move_velocity__functions.h
[26.086s] -- Installing: /home/benongnuel/dev_ws/install/xarm_msgs/include/xarm_msgs/xarm_msgs/msg/detail/io_state__functions.h
[26.086s] -- Installing: /home/benongnuel/dev_ws/install/xarm_msgs/include/xarm_msgs/xarm_msgs/msg/detail/cio_state__functions.c
[26.086s] -- Installing: /home/benongnuel/dev_ws/install/xarm_msgs/include/xarm_msgs/xarm_msgs/msg/detail/robot_msg__functions.h
[26.086s] -- Installing: /home/benongnuel/dev_ws/install/xarm_msgs/include/xarm_msgs/xarm_msgs/msg/detail/cio_state__struct.h
[26.086s] -- Installing: /home/benongnuel/dev_ws/install/xarm_msgs/include/xarm_msgs/xarm_msgs/msg/detail/move_velocity__functions.c
[26.086s] -- Installing: /home/benongnuel/dev_ws/install/xarm_msgs/include/xarm_msgs/xarm_msgs/msg/detail/cio_state__type_support.h
[26.086s] -- Installing: /home/benongnuel/dev_ws/install/xarm_msgs/include/xarm_msgs/xarm_msgs/msg/detail/move_velocity__type_support.h
[26.086s] -- Installing: /home/benongnuel/dev_ws/install/xarm_msgs/include/xarm_msgs/xarm_msgs/msg/detail/io_state__type_support.h
[26.086s] -- Installing: /home/benongnuel/dev_ws/install/xarm_msgs/include/xarm_msgs/xarm_msgs/msg/detail/io_state__functions.c
[26.087s] -- Installing: /home/benongnuel/dev_ws/install/xarm_msgs/include/xarm_msgs/xarm_msgs/msg/rosidl_generator_c__visibility_control.h
[26.087s] -- Installing: /home/benongnuel/dev_ws/install/xarm_msgs/include/xarm_msgs/xarm_msgs/msg/move_velocity.h
[26.087s] -- Installing: /home/benongnuel/dev_ws/install/xarm_msgs/include/xarm_msgs/xarm_msgs/msg/io_state.h
[26.087s] -- Installing: /home/benongnuel/dev_ws/install/xarm_msgs/share/xarm_msgs/environment/library_path.sh
[26.087s] -- Installing: /home/benongnuel/dev_ws/install/xarm_msgs/share/xarm_msgs/environment/library_path.dsv
[26.087s] -- Installing: /home/benongnuel/dev_ws/install/xarm_msgs/lib/libxarm_msgs__rosidl_generator_c.so
[26.087s] -- Set runtime path of "/home/benongnuel/dev_ws/install/xarm_msgs/lib/libxarm_msgs__rosidl_generator_c.so" to ""
[26.087s] -- Up-to-date: /home/benongnuel/dev_ws/install/xarm_msgs/include/xarm_msgs/xarm_msgs
[26.087s] -- Up-to-date: /home/benongnuel/dev_ws/install/xarm_msgs/include/xarm_msgs/xarm_msgs/srv
[26.087s] -- Up-to-date: /home/benongnuel/dev_ws/install/xarm_msgs/include/xarm_msgs/xarm_msgs/srv/detail
[26.087s] -- Installing: /home/benongnuel/dev_ws/install/xarm_msgs/include/xarm_msgs/xarm_msgs/srv/detail/set_int16_by_id__rosidl_typesupport_fastrtps_c.h
[26.087s] -- Installing: /home/benongnuel/dev_ws/install/xarm_msgs/include/xarm_msgs/xarm_msgs/srv/detail/traj_play__rosidl_typesupport_fastrtps_c.h
[26.087s] -- Installing: /home/benongnuel/dev_ws/install/xarm_msgs/include/xarm_msgs/xarm_msgs/srv/detail/robotiq_activate__rosidl_typesupport_fastrtps_c.h
[26.087s] -- Installing: /home/benongnuel/dev_ws/install/xarm_msgs/include/xarm_msgs/xarm_msgs/srv/detail/get_analog_io__rosidl_typesupport_fastrtps_c.h
[26.088s] -- Installing: /home/benongnuel/dev_ws/install/xarm_msgs/include/xarm_msgs/xarm_msgs/srv/detail/ft_force_config__rosidl_typesupport_fastrtps_c.h
[26.088s] -- Installing: /home/benongnuel/dev_ws/install/xarm_msgs/include/xarm_msgs/xarm_msgs/srv/detail/set_analog_io__rosidl_typesupport_fastrtps_c.h
[26.088s] -- Installing: /home/benongnuel/dev_ws/install/xarm_msgs/include/xarm_msgs/xarm_msgs/srv/detail/move_home__rosidl_typesupport_fastrtps_c.h
[26.088s] -- Installing: /home/benongnuel/dev_ws/install/xarm_msgs/include/xarm_msgs/xarm_msgs/srv/detail/ft_force_pid__rosidl_typesupport_fastrtps_c.h
[26.088s] -- Installing: /home/benongnuel/dev_ws/install/xarm_msgs/include/xarm_msgs/xarm_msgs/srv/detail/get_float32__rosidl_typesupport_fastrtps_c.h
[26.088s] -- Installing: /home/benongnuel/dev_ws/install/xarm_msgs/include/xarm_msgs/xarm_msgs/srv/detail/get_float32_list__rosidl_typesupport_fastrtps_c.h
[26.088s] -- Installing: /home/benongnuel/dev_ws/install/xarm_msgs/include/xarm_msgs/xarm_msgs/srv/detail/move_circle__rosidl_typesupport_fastrtps_c.h
[26.088s] -- Installing: /home/benongnuel/dev_ws/install/xarm_msgs/include/xarm_msgs/xarm_msgs/srv/detail/set_float32_list__rosidl_typesupport_fastrtps_c.h
[26.088s] -- Installing: /home/benongnuel/dev_ws/install/xarm_msgs/include/xarm_msgs/xarm_msgs/srv/detail/get_int32__rosidl_typesupport_fastrtps_c.h
[26.088s] -- Installing: /home/benongnuel/dev_ws/install/xarm_msgs/include/xarm_msgs/xarm_msgs/srv/detail/set_float32__rosidl_typesupport_fastrtps_c.h
[26.088s] -- Installing: /home/benongnuel/dev_ws/install/xarm_msgs/include/xarm_msgs/xarm_msgs/srv/detail/vacuum_gripper_ctrl__rosidl_typesupport_fastrtps_c.h
[26.088s] -- Installing: /home/benongnuel/dev_ws/install/xarm_msgs/include/xarm_msgs/xarm_msgs/srv/detail/call__rosidl_typesupport_fastrtps_c.h
[26.088s] -- Installing: /home/benongnuel/dev_ws/install/xarm_msgs/include/xarm_msgs/xarm_msgs/srv/detail/robotiq_move__rosidl_typesupport_fastrtps_c.h
[26.088s] -- Installing: /home/benongnuel/dev_ws/install/xarm_msgs/include/xarm_msgs/xarm_msgs/srv/detail/robotiq_reset__rosidl_typesupport_fastrtps_c.h
[26.088s] -- Installing: /home/benongnuel/dev_ws/install/xarm_msgs/include/xarm_msgs/xarm_msgs/srv/detail/set_int32__rosidl_typesupport_fastrtps_c.h
[26.089s] -- Installing: /home/benongnuel/dev_ws/install/xarm_msgs/include/xarm_msgs/xarm_msgs/srv/detail/move_velocity__rosidl_typesupport_fastrtps_c.h
[26.089s] -- Installing: /home/benongnuel/dev_ws/install/xarm_msgs/include/xarm_msgs/xarm_msgs/srv/detail/set_modbus_timeout__rosidl_typesupport_fastrtps_c.h
[26.089s] -- Installing: /home/benongnuel/dev_ws/install/xarm_msgs/include/xarm_msgs/xarm_msgs/srv/detail/move_cartesian__rosidl_typesupport_fastrtps_c.h
[26.089s] -- Installing: /home/benongnuel/dev_ws/install/xarm_msgs/include/xarm_msgs/xarm_msgs/srv/detail/get_digital_io__rosidl_typesupport_fastrtps_c.h
[26.089s] -- Installing: /home/benongnuel/dev_ws/install/xarm_msgs/include/xarm_msgs/xarm_msgs/srv/detail/linear_track_set_pos__rosidl_typesupport_fastrtps_c.h
[26.089s] -- Installing: /home/benongnuel/dev_ws/install/xarm_msgs/include/xarm_msgs/xarm_msgs/srv/detail/plan_pose__rosidl_typesupport_fastrtps_c.h
[26.089s] -- Installing: /home/benongnuel/dev_ws/install/xarm_msgs/include/xarm_msgs/xarm_msgs/srv/detail/plan_single_straight__rosidl_typesupport_fastrtps_c.h
[26.089s] -- Installing: /home/benongnuel/dev_ws/install/xarm_msgs/include/xarm_msgs/xarm_msgs/srv/detail/get_int16_list__rosidl_typesupport_fastrtps_c.h
[26.089s] -- Installing: /home/benongnuel/dev_ws/install/xarm_msgs/include/xarm_msgs/xarm_msgs/srv/detail/bio_gripper_ctrl__rosidl_typesupport_fastrtps_c.h
[26.089s] -- Installing: /home/benongnuel/dev_ws/install/xarm_msgs/include/xarm_msgs/xarm_msgs/srv/detail/robotiq_get_status__rosidl_typesupport_fastrtps_c.h
[26.089s] -- Installing: /home/benongnuel/dev_ws/install/xarm_msgs/include/xarm_msgs/xarm_msgs/srv/detail/set_int16_list__rosidl_typesupport_fastrtps_c.h
[26.089s] -- Installing: /home/benongnuel/dev_ws/install/xarm_msgs/include/xarm_msgs/xarm_msgs/srv/detail/set_int32_by_type__rosidl_typesupport_fastrtps_c.h
[26.089s] -- Installing: /home/benongnuel/dev_ws/install/xarm_msgs/include/xarm_msgs/xarm_msgs/srv/detail/gripper_move__rosidl_typesupport_fastrtps_c.h
[26.089s] -- Installing: /home/benongnuel/dev_ws/install/xarm_msgs/include/xarm_msgs/xarm_msgs/srv/detail/get_set_modbus_data__rosidl_typesupport_fastrtps_c.h
[26.090s] -- Installing: /home/benongnuel/dev_ws/install/xarm_msgs/include/xarm_msgs/xarm_msgs/srv/detail/set_int16__rosidl_typesupport_fastrtps_c.h
[26.090s] -- Installing: /home/benongnuel/dev_ws/install/xarm_msgs/include/xarm_msgs/xarm_msgs/srv/detail/plan_exec__rosidl_typesupport_fastrtps_c.h
[26.090s] -- Installing: /home/benongnuel/dev_ws/install/xarm_msgs/include/xarm_msgs/xarm_msgs/srv/detail/get_int16__rosidl_typesupport_fastrtps_c.h
[26.090s] -- Installing: /home/benongnuel/dev_ws/install/xarm_msgs/include/xarm_msgs/xarm_msgs/srv/detail/traj_ctrl__rosidl_typesupport_fastrtps_c.h
[26.090s] -- Installing: /home/benongnuel/dev_ws/install/xarm_msgs/include/xarm_msgs/xarm_msgs/srv/detail/set_tcp_load__rosidl_typesupport_fastrtps_c.h
[26.090s] -- Installing: /home/benongnuel/dev_ws/install/xarm_msgs/include/xarm_msgs/xarm_msgs/srv/detail/ft_impedance__rosidl_typesupport_fastrtps_c.h
[26.090s] -- Installing: /home/benongnuel/dev_ws/install/xarm_msgs/include/xarm_msgs/xarm_msgs/srv/detail/linear_track_back_origin__rosidl_typesupport_fastrtps_c.h
[26.090s] -- Installing: /home/benongnuel/dev_ws/install/xarm_msgs/include/xarm_msgs/xarm_msgs/srv/detail/get_int32_by_type__rosidl_typesupport_fastrtps_c.h
[26.090s] -- Installing: /home/benongnuel/dev_ws/install/xarm_msgs/include/xarm_msgs/xarm_msgs/srv/detail/ft_cali_load__rosidl_typesupport_fastrtps_c.h
[26.090s] -- Installing: /home/benongnuel/dev_ws/install/xarm_msgs/include/xarm_msgs/xarm_msgs/srv/detail/set_digital_io__rosidl_typesupport_fastrtps_c.h
[26.090s] -- Installing: /home/benongnuel/dev_ws/install/xarm_msgs/include/xarm_msgs/xarm_msgs/srv/detail/iden_load__rosidl_typesupport_fastrtps_c.h
[26.090s] -- Installing: /home/benongnuel/dev_ws/install/xarm_msgs/include/xarm_msgs/xarm_msgs/srv/detail/plan_joint__rosidl_typesupport_fastrtps_c.h
[26.090s] -- Installing: /home/benongnuel/dev_ws/install/xarm_msgs/include/xarm_msgs/xarm_msgs/srv/detail/bio_gripper_enable__rosidl_typesupport_fastrtps_c.h
[26.090s] -- Installing: /home/benongnuel/dev_ws/install/xarm_msgs/include/xarm_msgs/xarm_msgs/srv/detail/move_joint__rosidl_typesupport_fastrtps_c.h
[26.090s] -- Up-to-date: /home/benongnuel/dev_ws/install/xarm_msgs/include/xarm_msgs/xarm_msgs/msg
[26.090s] -- Up-to-date: /home/benongnuel/dev_ws/install/xarm_msgs/include/xarm_msgs/xarm_msgs/msg/detail
[26.090s] -- Installing: /home/benongnuel/dev_ws/install/xarm_msgs/include/xarm_msgs/xarm_msgs/msg/detail/move_velocity__rosidl_typesupport_fastrtps_c.h
[26.090s] -- Installing: /home/benongnuel/dev_ws/install/xarm_msgs/include/xarm_msgs/xarm_msgs/msg/detail/cio_state__rosidl_typesupport_fastrtps_c.h
[26.090s] -- Installing: /home/benongnuel/dev_ws/install/xarm_msgs/include/xarm_msgs/xarm_msgs/msg/detail/io_state__rosidl_typesupport_fastrtps_c.h
[26.090s] -- Installing: /home/benongnuel/dev_ws/install/xarm_msgs/include/xarm_msgs/xarm_msgs/msg/detail/robot_msg__rosidl_typesupport_fastrtps_c.h
[26.090s] -- Installing: /home/benongnuel/dev_ws/install/xarm_msgs/include/xarm_msgs/xarm_msgs/msg/rosidl_typesupport_fastrtps_c__visibility_control.h
[26.090s] -- Installing: /home/benongnuel/dev_ws/install/xarm_msgs/lib/libxarm_msgs__rosidl_typesupport_fastrtps_c.so
[26.090s] -- Set runtime path of "/home/benongnuel/dev_ws/install/xarm_msgs/lib/libxarm_msgs__rosidl_typesupport_fastrtps_c.so" to ""
[26.090s] -- Up-to-date: /home/benongnuel/dev_ws/install/xarm_msgs/include/xarm_msgs/xarm_msgs
[26.091s] -- Up-to-date: /home/benongnuel/dev_ws/install/xarm_msgs/include/xarm_msgs/xarm_msgs/srv
[26.091s] -- Installing: /home/benongnuel/dev_ws/install/xarm_msgs/include/xarm_msgs/xarm_msgs/srv/linear_track_back_origin.hpp
[26.091s] -- Installing: /home/benongnuel/dev_ws/install/xarm_msgs/include/xarm_msgs/xarm_msgs/srv/robotiq_reset.hpp
[26.091s] -- Installing: /home/benongnuel/dev_ws/install/xarm_msgs/include/xarm_msgs/xarm_msgs/srv/ft_force_pid.hpp
[26.091s] -- Installing: /home/benongnuel/dev_ws/install/xarm_msgs/include/xarm_msgs/xarm_msgs/srv/plan_exec.hpp
[26.091s] -- Installing: /home/benongnuel/dev_ws/install/xarm_msgs/include/xarm_msgs/xarm_msgs/srv/linear_track_set_pos.hpp
[26.091s] -- Installing: /home/benongnuel/dev_ws/install/xarm_msgs/include/xarm_msgs/xarm_msgs/srv/set_int16_list.hpp
[26.091s] -- Installing: /home/benongnuel/dev_ws/install/xarm_msgs/include/xarm_msgs/xarm_msgs/srv/robotiq_move.hpp
[26.091s] -- Installing: /home/benongnuel/dev_ws/install/xarm_msgs/include/xarm_msgs/xarm_msgs/srv/plan_pose.hpp
[26.091s] -- Installing: /home/benongnuel/dev_ws/install/xarm_msgs/include/xarm_msgs/xarm_msgs/srv/plan_joint.hpp
[26.091s] -- Installing: /home/benongnuel/dev_ws/install/xarm_msgs/include/xarm_msgs/xarm_msgs/srv/get_set_modbus_data.hpp
[26.091s] -- Installing: /home/benongnuel/dev_ws/install/xarm_msgs/include/xarm_msgs/xarm_msgs/srv/set_float32_list.hpp
[26.091s] -- Installing: /home/benongnuel/dev_ws/install/xarm_msgs/include/xarm_msgs/xarm_msgs/srv/gripper_move.hpp
[26.091s] -- Installing: /home/benongnuel/dev_ws/install/xarm_msgs/include/xarm_msgs/xarm_msgs/srv/bio_gripper_ctrl.hpp
[26.091s] -- Installing: /home/benongnuel/dev_ws/install/xarm_msgs/include/xarm_msgs/xarm_msgs/srv/get_int16_list.hpp
[26.091s] -- Installing: /home/benongnuel/dev_ws/install/xarm_msgs/include/xarm_msgs/xarm_msgs/srv/set_int16.hpp
[26.091s] -- Installing: /home/benongnuel/dev_ws/install/xarm_msgs/include/xarm_msgs/xarm_msgs/srv/get_float32.hpp
[26.091s] -- Up-to-date: /home/benongnuel/dev_ws/install/xarm_msgs/include/xarm_msgs/xarm_msgs/srv/detail
[26.091s] -- Installing: /home/benongnuel/dev_ws/install/xarm_msgs/include/xarm_msgs/xarm_msgs/srv/detail/get_analog_io__traits.hpp
[26.091s] -- Installing: /home/benongnuel/dev_ws/install/xarm_msgs/include/xarm_msgs/xarm_msgs/srv/detail/vacuum_gripper_ctrl__traits.hpp
[26.091s] -- Installing: /home/benongnuel/dev_ws/install/xarm_msgs/include/xarm_msgs/xarm_msgs/srv/detail/bio_gripper_ctrl__type_support.hpp
[26.091s] -- Installing: /home/benongnuel/dev_ws/install/xarm_msgs/include/xarm_msgs/xarm_msgs/srv/detail/linear_track_back_origin__traits.hpp
[26.091s] -- Installing: /home/benongnuel/dev_ws/install/xarm_msgs/include/xarm_msgs/xarm_msgs/srv/detail/linear_track_set_pos__type_support.hpp
[26.091s] -- Installing: /home/benongnuel/dev_ws/install/xarm_msgs/include/xarm_msgs/xarm_msgs/srv/detail/set_int32__type_support.hpp
[26.091s] -- Installing: /home/benongnuel/dev_ws/install/xarm_msgs/include/xarm_msgs/xarm_msgs/srv/detail/call__builder.hpp
[26.091s] -- Installing: /home/benongnuel/dev_ws/install/xarm_msgs/include/xarm_msgs/xarm_msgs/srv/detail/move_circle__struct.hpp
[26.091s] -- Installing: /home/benongnuel/dev_ws/install/xarm_msgs/include/xarm_msgs/xarm_msgs/srv/detail/robotiq_move__traits.hpp
[26.091s] -- Installing: /home/benongnuel/dev_ws/install/xarm_msgs/include/xarm_msgs/xarm_msgs/srv/detail/move_velocity__builder.hpp
[26.091s] -- Installing: /home/benongnuel/dev_ws/install/xarm_msgs/include/xarm_msgs/xarm_msgs/srv/detail/robotiq_move__struct.hpp
[26.091s] -- Installing: /home/benongnuel/dev_ws/install/xarm_msgs/include/xarm_msgs/xarm_msgs/srv/detail/move_joint__struct.hpp
[26.091s] -- Installing: /home/benongnuel/dev_ws/install/xarm_msgs/include/xarm_msgs/xarm_msgs/srv/detail/gripper_move__type_support.hpp
[26.091s] -- Installing: /home/benongnuel/dev_ws/install/xarm_msgs/include/xarm_msgs/xarm_msgs/srv/detail/robotiq_reset__traits.hpp
[26.091s] -- Installing: /home/benongnuel/dev_ws/install/xarm_msgs/include/xarm_msgs/xarm_msgs/srv/detail/set_int16_list__builder.hpp
[26.091s] -- Installing: /home/benongnuel/dev_ws/install/xarm_msgs/include/xarm_msgs/xarm_msgs/srv/detail/get_int16_list__traits.hpp
[26.091s] -- Installing: /home/benongnuel/dev_ws/install/xarm_msgs/include/xarm_msgs/xarm_msgs/srv/detail/ft_force_pid__type_support.hpp
[26.091s] -- Installing: /home/benongnuel/dev_ws/install/xarm_msgs/include/xarm_msgs/xarm_msgs/srv/detail/set_float32__traits.hpp
[26.091s] -- Installing: /home/benongnuel/dev_ws/install/xarm_msgs/include/xarm_msgs/xarm_msgs/srv/detail/move_circle__type_support.hpp
[26.091s] -- Installing: /home/benongnuel/dev_ws/install/xarm_msgs/include/xarm_msgs/xarm_msgs/srv/detail/get_digital_io__struct.hpp
[26.092s] -- Installing: /home/benongnuel/dev_ws/install/xarm_msgs/include/xarm_msgs/xarm_msgs/srv/detail/linear_track_back_origin__type_support.hpp
[26.092s] -- Installing: /home/benongnuel/dev_ws/install/xarm_msgs/include/xarm_msgs/xarm_msgs/srv/detail/robotiq_reset__type_support.hpp
[26.092s] -- Installing: /home/benongnuel/dev_ws/install/xarm_msgs/include/xarm_msgs/xarm_msgs/srv/detail/get_int32_by_type__builder.hpp
[26.092s] -- Installing: /home/benongnuel/dev_ws/install/xarm_msgs/include/xarm_msgs/xarm_msgs/srv/detail/set_int32_by_type__struct.hpp
[26.092s] -- Installing: /home/benongnuel/dev_ws/install/xarm_msgs/include/xarm_msgs/xarm_msgs/srv/detail/set_float32_list__traits.hpp
[26.092s] -- Installing: /home/benongnuel/dev_ws/install/xarm_msgs/include/xarm_msgs/xarm_msgs/srv/detail/get_digital_io__traits.hpp
[26.092s] -- Installing: /home/benongnuel/dev_ws/install/xarm_msgs/include/xarm_msgs/xarm_msgs/srv/detail/set_int16_by_id__builder.hpp
[26.092s] -- Installing: /home/benongnuel/dev_ws/install/xarm_msgs/include/xarm_msgs/xarm_msgs/srv/detail/plan_single_straight__traits.hpp
[26.092s] -- Installing: /home/benongnuel/dev_ws/install/xarm_msgs/include/xarm_msgs/xarm_msgs/srv/detail/call__struct.hpp
[26.092s] -- Installing: /home/benongnuel/dev_ws/install/xarm_msgs/include/xarm_msgs/xarm_msgs/srv/detail/ft_force_config__struct.hpp
[26.092s] -- Installing: /home/benongnuel/dev_ws/install/xarm_msgs/include/xarm_msgs/xarm_msgs/srv/detail/move_joint__traits.hpp
[26.092s] -- Installing: /home/benongnuel/dev_ws/install/xarm_msgs/include/xarm_msgs/xarm_msgs/srv/detail/iden_load__type_support.hpp
[26.092s] -- Installing: /home/benongnuel/dev_ws/install/xarm_msgs/include/xarm_msgs/xarm_msgs/srv/detail/get_float32__builder.hpp
[26.092s] -- Installing: /home/benongnuel/dev_ws/install/xarm_msgs/include/xarm_msgs/xarm_msgs/srv/detail/vacuum_gripper_ctrl__struct.hpp
[26.092s] -- Installing: /home/benongnuel/dev_ws/install/xarm_msgs/include/xarm_msgs/xarm_msgs/srv/detail/move_home__traits.hpp
[26.092s] -- Installing: /home/benongnuel/dev_ws/install/xarm_msgs/include/xarm_msgs/xarm_msgs/srv/detail/get_int16_list__struct.hpp
[26.092s] -- Installing: /home/benongnuel/dev_ws/install/xarm_msgs/include/xarm_msgs/xarm_msgs/srv/detail/robotiq_activate__builder.hpp
[26.092s] -- Installing: /home/benongnuel/dev_ws/install/xarm_msgs/include/xarm_msgs/xarm_msgs/srv/detail/get_int32__struct.hpp
[26.092s] -- Installing: /home/benongnuel/dev_ws/install/xarm_msgs/include/xarm_msgs/xarm_msgs/srv/detail/set_modbus_timeout__builder.hpp
[26.092s] -- Installing: /home/benongnuel/dev_ws/install/xarm_msgs/include/xarm_msgs/xarm_msgs/srv/detail/bio_gripper_ctrl__struct.hpp
[26.092s] -- Installing: /home/benongnuel/dev_ws/install/xarm_msgs/include/xarm_msgs/xarm_msgs/srv/detail/plan_exec__traits.hpp
[26.092s] -- Installing: /home/benongnuel/dev_ws/install/xarm_msgs/include/xarm_msgs/xarm_msgs/srv/detail/plan_single_straight__type_support.hpp
[26.092s] -- Installing: /home/benongnuel/dev_ws/install/xarm_msgs/include/xarm_msgs/xarm_msgs/srv/detail/set_analog_io__traits.hpp
[26.092s] -- Installing: /home/benongnuel/dev_ws/install/xarm_msgs/include/xarm_msgs/xarm_msgs/srv/detail/set_int32__traits.hpp
[26.092s] -- Installing: /home/benongnuel/dev_ws/install/xarm_msgs/include/xarm_msgs/xarm_msgs/srv/detail/get_analog_io__struct.hpp
[26.092s] -- Installing: /home/benongnuel/dev_ws/install/xarm_msgs/include/xarm_msgs/xarm_msgs/srv/detail/ft_force_config__type_support.hpp
[26.092s] -- Installing: /home/benongnuel/dev_ws/install/xarm_msgs/include/xarm_msgs/xarm_msgs/srv/detail/get_analog_io__type_support.hpp
[26.092s] -- Installing: /home/benongnuel/dev_ws/install/xarm_msgs/include/xarm_msgs/xarm_msgs/srv/detail/set_float32__type_support.hpp
[26.092s] -- Installing: /home/benongnuel/dev_ws/install/xarm_msgs/include/xarm_msgs/xarm_msgs/srv/detail/get_int32_by_type__traits.hpp
[26.092s] -- Installing: /home/benongnuel/dev_ws/install/xarm_msgs/include/xarm_msgs/xarm_msgs/srv/detail/get_float32_list__type_support.hpp
[26.092s] -- Installing: /home/benongnuel/dev_ws/install/xarm_msgs/include/xarm_msgs/xarm_msgs/srv/detail/set_analog_io__struct.hpp
[26.092s] -- Installing: /home/benongnuel/dev_ws/install/xarm_msgs/include/xarm_msgs/xarm_msgs/srv/detail/linear_track_back_origin__builder.hpp
[26.092s] -- Installing: /home/benongnuel/dev_ws/install/xarm_msgs/include/xarm_msgs/xarm_msgs/srv/detail/ft_impedance__type_support.hpp
[26.092s] -- Installing: /home/benongnuel/dev_ws/install/xarm_msgs/include/xarm_msgs/xarm_msgs/srv/detail/set_float32__struct.hpp
[26.092s] -- Installing: /home/benongnuel/dev_ws/install/xarm_msgs/include/xarm_msgs/xarm_msgs/srv/detail/set_modbus_timeout__type_support.hpp
[26.092s] -- Installing: /home/benongnuel/dev_ws/install/xarm_msgs/include/xarm_msgs/xarm_msgs/srv/detail/traj_ctrl__traits.hpp
[26.093s] -- Installing: /home/benongnuel/dev_ws/install/xarm_msgs/include/xarm_msgs/xarm_msgs/srv/detail/set_modbus_timeout__traits.hpp
[26.093s] -- Installing: /home/benongnuel/dev_ws/install/xarm_msgs/include/xarm_msgs/xarm_msgs/srv/detail/plan_pose__traits.hpp
[26.093s] -- Installing: /home/benongnuel/dev_ws/install/xarm_msgs/include/xarm_msgs/xarm_msgs/srv/detail/set_float32_list__struct.hpp
[26.093s] -- Installing: /home/benongnuel/dev_ws/install/xarm_msgs/include/xarm_msgs/xarm_msgs/srv/detail/traj_ctrl__type_support.hpp
[26.093s] -- Installing: /home/benongnuel/dev_ws/install/xarm_msgs/include/xarm_msgs/xarm_msgs/srv/detail/move_velocity__type_support.hpp
[26.093s] -- Installing: /home/benongnuel/dev_ws/install/xarm_msgs/include/xarm_msgs/xarm_msgs/srv/detail/traj_play__type_support.hpp
[26.093s] -- Installing: /home/benongnuel/dev_ws/install/xarm_msgs/include/xarm_msgs/xarm_msgs/srv/detail/set_int16_by_id__type_support.hpp
[26.093s] -- Installing: /home/benongnuel/dev_ws/install/xarm_msgs/include/xarm_msgs/xarm_msgs/srv/detail/traj_ctrl__builder.hpp
[26.093s] -- Installing: /home/benongnuel/dev_ws/install/xarm_msgs/include/xarm_msgs/xarm_msgs/srv/detail/set_float32__builder.hpp
[26.093s] -- Installing: /home/benongnuel/dev_ws/install/xarm_msgs/include/xarm_msgs/xarm_msgs/srv/detail/get_analog_io__builder.hpp
[26.093s] -- Installing: /home/benongnuel/dev_ws/install/xarm_msgs/include/xarm_msgs/xarm_msgs/srv/detail/move_home__type_support.hpp
[26.093s] -- Installing: /home/benongnuel/dev_ws/install/xarm_msgs/include/xarm_msgs/xarm_msgs/srv/detail/robotiq_get_status__struct.hpp
[26.093s] -- Installing: /home/benongnuel/dev_ws/install/xarm_msgs/include/xarm_msgs/xarm_msgs/srv/detail/set_int16_by_id__struct.hpp
[26.093s] -- Installing: /home/benongnuel/dev_ws/install/xarm_msgs/include/xarm_msgs/xarm_msgs/srv/detail/get_set_modbus_data__type_support.hpp
[26.093s] -- Installing: /home/benongnuel/dev_ws/install/xarm_msgs/include/xarm_msgs/xarm_msgs/srv/detail/ft_force_pid__builder.hpp
[26.093s] -- Installing: /home/benongnuel/dev_ws/install/xarm_msgs/include/xarm_msgs/xarm_msgs/srv/detail/traj_play__builder.hpp
[26.093s] -- Installing: /home/benongnuel/dev_ws/install/xarm_msgs/include/xarm_msgs/xarm_msgs/srv/detail/traj_ctrl__struct.hpp
[26.093s] -- Installing: /home/benongnuel/dev_ws/install/xarm_msgs/include/xarm_msgs/xarm_msgs/srv/detail/set_digital_io__traits.hpp
[26.093s] -- Installing: /home/benongnuel/dev_ws/install/xarm_msgs/include/xarm_msgs/xarm_msgs/srv/detail/get_int16__struct.hpp
[26.093s] -- Installing: /home/benongnuel/dev_ws/install/xarm_msgs/include/xarm_msgs/xarm_msgs/srv/detail/move_circle__traits.hpp
[26.093s] -- Installing: /home/benongnuel/dev_ws/install/xarm_msgs/include/xarm_msgs/xarm_msgs/srv/detail/get_int16_list__type_support.hpp
[26.093s] -- Installing: /home/benongnuel/dev_ws/install/xarm_msgs/include/xarm_msgs/xarm_msgs/srv/detail/get_int16__type_support.hpp
[26.093s] -- Installing: /home/benongnuel/dev_ws/install/xarm_msgs/include/xarm_msgs/xarm_msgs/srv/detail/set_analog_io__builder.hpp
[26.093s] -- Installing: /home/benongnuel/dev_ws/install/xarm_msgs/include/xarm_msgs/xarm_msgs/srv/detail/move_cartesian__type_support.hpp
[26.093s] -- Installing: /home/benongnuel/dev_ws/install/xarm_msgs/include/xarm_msgs/xarm_msgs/srv/detail/ft_force_config__builder.hpp
[26.093s] -- Installing: /home/benongnuel/dev_ws/install/xarm_msgs/include/xarm_msgs/xarm_msgs/srv/detail/iden_load__struct.hpp
[26.093s] -- Installing: /home/benongnuel/dev_ws/install/xarm_msgs/include/xarm_msgs/xarm_msgs/srv/detail/set_int16_by_id__traits.hpp
[26.093s] -- Installing: /home/benongnuel/dev_ws/install/xarm_msgs/include/xarm_msgs/xarm_msgs/srv/detail/plan_joint__traits.hpp
[26.093s] -- Installing: /home/benongnuel/dev_ws/install/xarm_msgs/include/xarm_msgs/xarm_msgs/srv/detail/set_tcp_load__type_support.hpp
[26.093s] -- Installing: /home/benongnuel/dev_ws/install/xarm_msgs/include/xarm_msgs/xarm_msgs/srv/detail/robotiq_reset__builder.hpp
[26.093s] -- Installing: /home/benongnuel/dev_ws/install/xarm_msgs/include/xarm_msgs/xarm_msgs/srv/detail/plan_pose__builder.hpp
[26.093s] -- Installing: /home/benongnuel/dev_ws/install/xarm_msgs/include/xarm_msgs/xarm_msgs/srv/detail/move_joint__builder.hpp
[26.093s] -- Installing: /home/benongnuel/dev_ws/install/xarm_msgs/include/xarm_msgs/xarm_msgs/srv/detail/set_int16__builder.hpp
[26.093s] -- Installing: /home/benongnuel/dev_ws/install/xarm_msgs/include/xarm_msgs/xarm_msgs/srv/detail/bio_gripper_ctrl__builder.hpp
[26.093s] -- Installing: /home/benongnuel/dev_ws/install/xarm_msgs/include/xarm_msgs/xarm_msgs/srv/detail/bio_gripper_enable__traits.hpp
[26.093s] -- Installing: /home/benongnuel/dev_ws/install/xarm_msgs/include/xarm_msgs/xarm_msgs/srv/detail/robotiq_activate__type_support.hpp
[26.093s] -- Installing: /home/benongnuel/dev_ws/install/xarm_msgs/include/xarm_msgs/xarm_msgs/srv/detail/traj_play__traits.hpp
[26.094s] -- Installing: /home/benongnuel/dev_ws/install/xarm_msgs/include/xarm_msgs/xarm_msgs/srv/detail/set_digital_io__struct.hpp
[26.094s] -- Installing: /home/benongnuel/dev_ws/install/xarm_msgs/include/xarm_msgs/xarm_msgs/srv/detail/get_int16__builder.hpp
[26.094s] -- Installing: /home/benongnuel/dev_ws/install/xarm_msgs/include/xarm_msgs/xarm_msgs/srv/detail/bio_gripper_enable__builder.hpp
[26.094s] -- Installing: /home/benongnuel/dev_ws/install/xarm_msgs/include/xarm_msgs/xarm_msgs/srv/detail/get_set_modbus_data__traits.hpp
[26.094s] -- Installing: /home/benongnuel/dev_ws/install/xarm_msgs/include/xarm_msgs/xarm_msgs/srv/detail/get_int32__traits.hpp
[26.094s] -- Installing: /home/benongnuel/dev_ws/install/xarm_msgs/include/xarm_msgs/xarm_msgs/srv/detail/ft_cali_load__builder.hpp
[26.094s] -- Installing: /home/benongnuel/dev_ws/install/xarm_msgs/include/xarm_msgs/xarm_msgs/srv/detail/set_digital_io__builder.hpp
[26.094s] -- Installing: /home/benongnuel/dev_ws/install/xarm_msgs/include/xarm_msgs/xarm_msgs/srv/detail/ft_cali_load__traits.hpp
[26.094s] -- Installing: /home/benongnuel/dev_ws/install/xarm_msgs/include/xarm_msgs/xarm_msgs/srv/detail/call__type_support.hpp
[26.094s] -- Installing: /home/benongnuel/dev_ws/install/xarm_msgs/include/xarm_msgs/xarm_msgs/srv/detail/robotiq_get_status__builder.hpp
[26.094s] -- Installing: /home/benongnuel/dev_ws/install/xarm_msgs/include/xarm_msgs/xarm_msgs/srv/detail/set_float32_list__builder.hpp
[26.094s] -- Installing: /home/benongnuel/dev_ws/install/xarm_msgs/include/xarm_msgs/xarm_msgs/srv/detail/move_home__builder.hpp
[26.094s] -- Installing: /home/benongnuel/dev_ws/install/xarm_msgs/include/xarm_msgs/xarm_msgs/srv/detail/get_float32_list__builder.hpp
[26.094s] -- Installing: /home/benongnuel/dev_ws/install/xarm_msgs/include/xarm_msgs/xarm_msgs/srv/detail/set_int16__traits.hpp
[26.094s] -- Installing: /home/benongnuel/dev_ws/install/xarm_msgs/include/xarm_msgs/xarm_msgs/srv/detail/set_int32_by_type__type_support.hpp
[26.094s] -- Installing: /home/benongnuel/dev_ws/install/xarm_msgs/include/xarm_msgs/xarm_msgs/srv/detail/get_float32_list__traits.hpp
[26.094s] -- Installing: /home/benongnuel/dev_ws/install/xarm_msgs/include/xarm_msgs/xarm_msgs/srv/detail/move_cartesian__builder.hpp
[26.094s] -- Installing: /home/benongnuel/dev_ws/install/xarm_msgs/include/xarm_msgs/xarm_msgs/srv/detail/plan_exec__type_support.hpp
[26.094s] -- Installing: /home/benongnuel/dev_ws/install/xarm_msgs/include/xarm_msgs/xarm_msgs/srv/detail/vacuum_gripper_ctrl__type_support.hpp
[26.094s] -- Installing: /home/benongnuel/dev_ws/install/xarm_msgs/include/xarm_msgs/xarm_msgs/srv/detail/set_float32_list__type_support.hpp
[26.094s] -- Installing: /home/benongnuel/dev_ws/install/xarm_msgs/include/xarm_msgs/xarm_msgs/srv/detail/bio_gripper_enable__type_support.hpp
[26.094s] -- Installing: /home/benongnuel/dev_ws/install/xarm_msgs/include/xarm_msgs/xarm_msgs/srv/detail/get_int16__traits.hpp
[26.094s] -- Installing: /home/benongnuel/dev_ws/install/xarm_msgs/include/xarm_msgs/xarm_msgs/srv/detail/linear_track_set_pos__builder.hpp
[26.094s] -- Installing: /home/benongnuel/dev_ws/install/xarm_msgs/include/xarm_msgs/xarm_msgs/srv/detail/gripper_move__traits.hpp
[26.094s] -- Installing: /home/benongnuel/dev_ws/install/xarm_msgs/include/xarm_msgs/xarm_msgs/srv/detail/bio_gripper_enable__struct.hpp
[26.094s] -- Installing: /home/benongnuel/dev_ws/install/xarm_msgs/include/xarm_msgs/xarm_msgs/srv/detail/robotiq_move__type_support.hpp
[26.094s] -- Installing: /home/benongnuel/dev_ws/install/xarm_msgs/include/xarm_msgs/xarm_msgs/srv/detail/get_float32__struct.hpp
[26.094s] -- Installing: /home/benongnuel/dev_ws/install/xarm_msgs/include/xarm_msgs/xarm_msgs/srv/detail/move_circle__builder.hpp
[26.094s] -- Installing: /home/benongnuel/dev_ws/install/xarm_msgs/include/xarm_msgs/xarm_msgs/srv/detail/set_int16__struct.hpp
[26.094s] -- Installing: /home/benongnuel/dev_ws/install/xarm_msgs/include/xarm_msgs/xarm_msgs/srv/detail/ft_cali_load__struct.hpp
[26.094s] -- Installing: /home/benongnuel/dev_ws/install/xarm_msgs/include/xarm_msgs/xarm_msgs/srv/detail/gripper_move__builder.hpp
[26.094s] -- Installing: /home/benongnuel/dev_ws/install/xarm_msgs/include/xarm_msgs/xarm_msgs/srv/detail/set_int32_by_type__traits.hpp
[26.094s] -- Installing: /home/benongnuel/dev_ws/install/xarm_msgs/include/xarm_msgs/xarm_msgs/srv/detail/get_int32_by_type__struct.hpp
[26.094s] -- Installing: /home/benongnuel/dev_ws/install/xarm_msgs/include/xarm_msgs/xarm_msgs/srv/detail/set_int16_list__type_support.hpp
[26.094s] -- Installing: /home/benongnuel/dev_ws/install/xarm_msgs/include/xarm_msgs/xarm_msgs/srv/detail/plan_joint__builder.hpp
[26.094s] -- Installing: /home/benongnuel/dev_ws/install/xarm_msgs/include/xarm_msgs/xarm_msgs/srv/detail/set_int16_list__traits.hpp
[26.095s] -- Installing: /home/benongnuel/dev_ws/install/xarm_msgs/include/xarm_msgs/xarm_msgs/srv/detail/iden_load__traits.hpp
[26.095s] -- Installing: /home/benongnuel/dev_ws/install/xarm_msgs/include/xarm_msgs/xarm_msgs/srv/detail/plan_pose__type_support.hpp
[26.095s] -- Installing: /home/benongnuel/dev_ws/install/xarm_msgs/include/xarm_msgs/xarm_msgs/srv/detail/get_set_modbus_data__struct.hpp
[26.095s] -- Installing: /home/benongnuel/dev_ws/install/xarm_msgs/include/xarm_msgs/xarm_msgs/srv/detail/vacuum_gripper_ctrl__builder.hpp
[26.095s] -- Installing: /home/benongnuel/dev_ws/install/xarm_msgs/include/xarm_msgs/xarm_msgs/srv/detail/move_home__struct.hpp
[26.095s] -- Installing: /home/benongnuel/dev_ws/install/xarm_msgs/include/xarm_msgs/xarm_msgs/srv/detail/ft_force_config__traits.hpp
[26.095s] -- Installing: /home/benongnuel/dev_ws/install/xarm_msgs/include/xarm_msgs/xarm_msgs/srv/detail/set_int32__struct.hpp
[26.095s] -- Installing: /home/benongnuel/dev_ws/install/xarm_msgs/include/xarm_msgs/xarm_msgs/srv/detail/move_cartesian__struct.hpp
[26.095s] -- Installing: /home/benongnuel/dev_ws/install/xarm_msgs/include/xarm_msgs/xarm_msgs/srv/detail/robotiq_activate__traits.hpp
[26.095s] -- Installing: /home/benongnuel/dev_ws/install/xarm_msgs/include/xarm_msgs/xarm_msgs/srv/detail/get_int16_list__builder.hpp
[26.095s] -- Installing: /home/benongnuel/dev_ws/install/xarm_msgs/include/xarm_msgs/xarm_msgs/srv/detail/get_digital_io__builder.hpp
[26.095s] -- Installing: /home/benongnuel/dev_ws/install/xarm_msgs/include/xarm_msgs/xarm_msgs/srv/detail/traj_play__struct.hpp
[26.095s] -- Installing: /home/benongnuel/dev_ws/install/xarm_msgs/include/xarm_msgs/xarm_msgs/srv/detail/move_velocity__traits.hpp
[26.095s] -- Installing: /home/benongnuel/dev_ws/install/xarm_msgs/include/xarm_msgs/xarm_msgs/srv/detail/set_digital_io__type_support.hpp
[26.095s] -- Installing: /home/benongnuel/dev_ws/install/xarm_msgs/include/xarm_msgs/xarm_msgs/srv/detail/linear_track_set_pos__traits.hpp
[26.095s] -- Installing: /home/benongnuel/dev_ws/install/xarm_msgs/include/xarm_msgs/xarm_msgs/srv/detail/ft_cali_load__type_support.hpp
[26.095s] -- Installing: /home/benongnuel/dev_ws/install/xarm_msgs/include/xarm_msgs/xarm_msgs/srv/detail/ft_force_pid__traits.hpp
[26.095s] -- Installing: /home/benongnuel/dev_ws/install/xarm_msgs/include/xarm_msgs/xarm_msgs/srv/detail/get_float32__traits.hpp
[26.095s] -- Installing: /home/benongnuel/dev_ws/install/xarm_msgs/include/xarm_msgs/xarm_msgs/srv/detail/robotiq_activate__struct.hpp
[26.095s] -- Installing: /home/benongnuel/dev_ws/install/xarm_msgs/include/xarm_msgs/xarm_msgs/srv/detail/ft_impedance__builder.hpp
[26.095s] -- Installing: /home/benongnuel/dev_ws/install/xarm_msgs/include/xarm_msgs/xarm_msgs/srv/detail/set_analog_io__type_support.hpp
[26.095s] -- Installing: /home/benongnuel/dev_ws/install/xarm_msgs/include/xarm_msgs/xarm_msgs/srv/detail/set_int32_by_type__builder.hpp
[26.095s] -- Installing: /home/benongnuel/dev_ws/install/xarm_msgs/include/xarm_msgs/xarm_msgs/srv/detail/robotiq_get_status__traits.hpp
[26.095s] -- Installing: /home/benongnuel/dev_ws/install/xarm_msgs/include/xarm_msgs/xarm_msgs/srv/detail/set_int32__builder.hpp
[26.095s] -- Installing: /home/benongnuel/dev_ws/install/xarm_msgs/include/xarm_msgs/xarm_msgs/srv/detail/get_float32__type_support.hpp
[26.095s] -- Installing: /home/benongnuel/dev_ws/install/xarm_msgs/include/xarm_msgs/xarm_msgs/srv/detail/iden_load__builder.hpp
[26.095s] -- Installing: /home/benongnuel/dev_ws/install/xarm_msgs/include/xarm_msgs/xarm_msgs/srv/detail/gripper_move__struct.hpp
[26.095s] -- Installing: /home/benongnuel/dev_ws/install/xarm_msgs/include/xarm_msgs/xarm_msgs/srv/detail/set_int16_list__struct.hpp
[26.095s] -- Installing: /home/benongnuel/dev_ws/install/xarm_msgs/include/xarm_msgs/xarm_msgs/srv/detail/move_velocity__struct.hpp
[26.095s] -- Installing: /home/benongnuel/dev_ws/install/xarm_msgs/include/xarm_msgs/xarm_msgs/srv/detail/plan_joint__struct.hpp
[26.095s] -- Installing: /home/benongnuel/dev_ws/install/xarm_msgs/include/xarm_msgs/xarm_msgs/srv/detail/linear_track_set_pos__struct.hpp
[26.095s] -- Installing: /home/benongnuel/dev_ws/install/xarm_msgs/include/xarm_msgs/xarm_msgs/srv/detail/ft_force_pid__struct.hpp
[26.095s] -- Installing: /home/benongnuel/dev_ws/install/xarm_msgs/include/xarm_msgs/xarm_msgs/srv/detail/set_tcp_load__builder.hpp
[26.095s] -- Installing: /home/benongnuel/dev_ws/install/xarm_msgs/include/xarm_msgs/xarm_msgs/srv/detail/ft_impedance__traits.hpp
[26.095s] -- Installing: /home/benongnuel/dev_ws/install/xarm_msgs/include/xarm_msgs/xarm_msgs/srv/detail/plan_pose__struct.hpp
[26.095s] -- Installing: /home/benongnuel/dev_ws/install/xarm_msgs/include/xarm_msgs/xarm_msgs/srv/detail/plan_single_straight__struct.hpp
[26.095s] -- Installing: /home/benongnuel/dev_ws/install/xarm_msgs/include/xarm_msgs/xarm_msgs/srv/detail/get_int32__builder.hpp
[26.095s] -- Installing: /home/benongnuel/dev_ws/install/xarm_msgs/include/xarm_msgs/xarm_msgs/srv/detail/move_cartesian__traits.hpp
[26.095s] -- Installing: /home/benongnuel/dev_ws/install/xarm_msgs/include/xarm_msgs/xarm_msgs/srv/detail/move_joint__type_support.hpp
[26.096s] -- Installing: /home/benongnuel/dev_ws/install/xarm_msgs/include/xarm_msgs/xarm_msgs/srv/detail/ft_impedance__struct.hpp
[26.096s] -- Installing: /home/benongnuel/dev_ws/install/xarm_msgs/include/xarm_msgs/xarm_msgs/srv/detail/bio_gripper_ctrl__traits.hpp
[26.096s] -- Installing: /home/benongnuel/dev_ws/install/xarm_msgs/include/xarm_msgs/xarm_msgs/srv/detail/robotiq_reset__struct.hpp
[26.096s] -- Installing: /home/benongnuel/dev_ws/install/xarm_msgs/include/xarm_msgs/xarm_msgs/srv/detail/get_digital_io__type_support.hpp
[26.096s] -- Installing: /home/benongnuel/dev_ws/install/xarm_msgs/include/xarm_msgs/xarm_msgs/srv/detail/get_float32_list__struct.hpp
[26.096s] -- Installing: /home/benongnuel/dev_ws/install/xarm_msgs/include/xarm_msgs/xarm_msgs/srv/detail/plan_joint__type_support.hpp
[26.096s] -- Installing: /home/benongnuel/dev_ws/install/xarm_msgs/include/xarm_msgs/xarm_msgs/srv/detail/set_tcp_load__struct.hpp
[26.096s] -- Installing: /home/benongnuel/dev_ws/install/xarm_msgs/include/xarm_msgs/xarm_msgs/srv/detail/set_int16__type_support.hpp
[26.096s] -- Installing: /home/benongnuel/dev_ws/install/xarm_msgs/include/xarm_msgs/xarm_msgs/srv/detail/linear_track_back_origin__struct.hpp
[26.096s] -- Installing: /home/benongnuel/dev_ws/install/xarm_msgs/include/xarm_msgs/xarm_msgs/srv/detail/robotiq_get_status__type_support.hpp
[26.096s] -- Installing: /home/benongnuel/dev_ws/install/xarm_msgs/include/xarm_msgs/xarm_msgs/srv/detail/call__traits.hpp
[26.096s] -- Installing: /home/benongnuel/dev_ws/install/xarm_msgs/include/xarm_msgs/xarm_msgs/srv/detail/get_int32__type_support.hpp
[26.096s] -- Installing: /home/benongnuel/dev_ws/install/xarm_msgs/include/xarm_msgs/xarm_msgs/srv/detail/get_set_modbus_data__builder.hpp
[26.096s] -- Installing: /home/benongnuel/dev_ws/install/xarm_msgs/include/xarm_msgs/xarm_msgs/srv/detail/get_int32_by_type__type_support.hpp
[26.096s] -- Installing: /home/benongnuel/dev_ws/install/xarm_msgs/include/xarm_msgs/xarm_msgs/srv/detail/set_modbus_timeout__struct.hpp
[26.096s] -- Installing: /home/benongnuel/dev_ws/install/xarm_msgs/include/xarm_msgs/xarm_msgs/srv/detail/set_tcp_load__traits.hpp
[26.096s] -- Installing: /home/benongnuel/dev_ws/install/xarm_msgs/include/xarm_msgs/xarm_msgs/srv/detail/plan_single_straight__builder.hpp
[26.096s] -- Installing: /home/benongnuel/dev_ws/install/xarm_msgs/include/xarm_msgs/xarm_msgs/srv/detail/plan_exec__builder.hpp
[26.096s] -- Installing: /home/benongnuel/dev_ws/install/xarm_msgs/include/xarm_msgs/xarm_msgs/srv/detail/robotiq_move__builder.hpp
[26.096s] -- Installing: /home/benongnuel/dev_ws/install/xarm_msgs/include/xarm_msgs/xarm_msgs/srv/detail/plan_exec__struct.hpp
[26.096s] -- Installing: /home/benongnuel/dev_ws/install/xarm_msgs/include/xarm_msgs/xarm_msgs/srv/set_int32.hpp
[26.096s] -- Installing: /home/benongnuel/dev_ws/install/xarm_msgs/include/xarm_msgs/xarm_msgs/srv/call.hpp
[26.096s] -- Installing: /home/benongnuel/dev_ws/install/xarm_msgs/include/xarm_msgs/xarm_msgs/srv/traj_ctrl.hpp
[26.096s] -- Installing: /home/benongnuel/dev_ws/install/xarm_msgs/include/xarm_msgs/xarm_msgs/srv/ft_force_config.hpp
[26.096s] -- Installing: /home/benongnuel/dev_ws/install/xarm_msgs/include/xarm_msgs/xarm_msgs/srv/plan_single_straight.hpp
[26.096s] -- Installing: /home/benongnuel/dev_ws/install/xarm_msgs/include/xarm_msgs/xarm_msgs/srv/set_tcp_load.hpp
[26.096s] -- Installing: /home/benongnuel/dev_ws/install/xarm_msgs/include/xarm_msgs/xarm_msgs/srv/set_digital_io.hpp
[26.096s] -- Installing: /home/benongnuel/dev_ws/install/xarm_msgs/include/xarm_msgs/xarm_msgs/srv/vacuum_gripper_ctrl.hpp
[26.096s] -- Installing: /home/benongnuel/dev_ws/install/xarm_msgs/include/xarm_msgs/xarm_msgs/srv/get_float32_list.hpp
[26.096s] -- Installing: /home/benongnuel/dev_ws/install/xarm_msgs/include/xarm_msgs/xarm_msgs/srv/get_analog_io.hpp
[26.096s] -- Installing: /home/benongnuel/dev_ws/install/xarm_msgs/include/xarm_msgs/xarm_msgs/srv/set_analog_io.hpp
[26.096s] -- Installing: /home/benongnuel/dev_ws/install/xarm_msgs/include/xarm_msgs/xarm_msgs/srv/set_modbus_timeout.hpp
[26.096s] -- Installing: /home/benongnuel/dev_ws/install/xarm_msgs/include/xarm_msgs/xarm_msgs/srv/robotiq_activate.hpp
[26.096s] -- Installing: /home/benongnuel/dev_ws/install/xarm_msgs/include/xarm_msgs/xarm_msgs/srv/ft_impedance.hpp
[26.096s] -- Installing: /home/benongnuel/dev_ws/install/xarm_msgs/include/xarm_msgs/xarm_msgs/srv/move_joint.hpp
[26.096s] -- Installing: /home/benongnuel/dev_ws/install/xarm_msgs/include/xarm_msgs/xarm_msgs/srv/bio_gripper_enable.hpp
[26.096s] -- Installing: /home/benongnuel/dev_ws/install/xarm_msgs/include/xarm_msgs/xarm_msgs/srv/ft_cali_load.hpp
[26.097s] -- Installing: /home/benongnuel/dev_ws/install/xarm_msgs/include/xarm_msgs/xarm_msgs/srv/set_int32_by_type.hpp
[26.097s] -- Installing: /home/benongnuel/dev_ws/install/xarm_msgs/include/xarm_msgs/xarm_msgs/srv/move_home.hpp
[26.097s] -- Installing: /home/benongnuel/dev_ws/install/xarm_msgs/include/xarm_msgs/xarm_msgs/srv/move_velocity.hpp
[26.097s] -- Installing: /home/benongnuel/dev_ws/install/xarm_msgs/include/xarm_msgs/xarm_msgs/srv/get_int16.hpp
[26.097s] -- Installing: /home/benongnuel/dev_ws/install/xarm_msgs/include/xarm_msgs/xarm_msgs/srv/set_int16_by_id.hpp
[26.097s] -- Installing: /home/benongnuel/dev_ws/install/xarm_msgs/include/xarm_msgs/xarm_msgs/srv/get_int32_by_type.hpp
[26.097s] -- Installing: /home/benongnuel/dev_ws/install/xarm_msgs/include/xarm_msgs/xarm_msgs/srv/move_cartesian.hpp
[26.097s] -- Installing: /home/benongnuel/dev_ws/install/xarm_msgs/include/xarm_msgs/xarm_msgs/srv/set_float32.hpp
[26.097s] -- Installing: /home/benongnuel/dev_ws/install/xarm_msgs/include/xarm_msgs/xarm_msgs/srv/get_int32.hpp
[26.097s] -- Installing: /home/benongnuel/dev_ws/install/xarm_msgs/include/xarm_msgs/xarm_msgs/srv/get_digital_io.hpp
[26.097s] -- Installing: /home/benongnuel/dev_ws/install/xarm_msgs/include/xarm_msgs/xarm_msgs/srv/robotiq_get_status.hpp
[26.097s] -- Installing: /home/benongnuel/dev_ws/install/xarm_msgs/include/xarm_msgs/xarm_msgs/srv/move_circle.hpp
[26.097s] -- Installing: /home/benongnuel/dev_ws/install/xarm_msgs/include/xarm_msgs/xarm_msgs/srv/iden_load.hpp
[26.097s] -- Installing: /home/benongnuel/dev_ws/install/xarm_msgs/include/xarm_msgs/xarm_msgs/srv/traj_play.hpp
[26.097s] -- Up-to-date: /home/benongnuel/dev_ws/install/xarm_msgs/include/xarm_msgs/xarm_msgs/msg
[26.097s] -- Installing: /home/benongnuel/dev_ws/install/xarm_msgs/include/xarm_msgs/xarm_msgs/msg/cio_state.hpp
[26.097s] -- Installing: /home/benongnuel/dev_ws/install/xarm_msgs/include/xarm_msgs/xarm_msgs/msg/robot_msg.hpp
[26.097s] -- Up-to-date: /home/benongnuel/dev_ws/install/xarm_msgs/include/xarm_msgs/xarm_msgs/msg/detail
[26.097s] -- Installing: /home/benongnuel/dev_ws/install/xarm_msgs/include/xarm_msgs/xarm_msgs/msg/detail/move_velocity__builder.hpp
[26.097s] -- Installing: /home/benongnuel/dev_ws/install/xarm_msgs/include/xarm_msgs/xarm_msgs/msg/detail/move_velocity__type_support.hpp
[26.097s] -- Installing: /home/benongnuel/dev_ws/install/xarm_msgs/include/xarm_msgs/xarm_msgs/msg/detail/io_state__builder.hpp
[26.097s] -- Installing: /home/benongnuel/dev_ws/install/xarm_msgs/include/xarm_msgs/xarm_msgs/msg/detail/io_state__type_support.hpp
[26.097s] -- Installing: /home/benongnuel/dev_ws/install/xarm_msgs/include/xarm_msgs/xarm_msgs/msg/detail/robot_msg__builder.hpp
[26.097s] -- Installing: /home/benongnuel/dev_ws/install/xarm_msgs/include/xarm_msgs/xarm_msgs/msg/detail/io_state__traits.hpp
[26.097s] -- Installing: /home/benongnuel/dev_ws/install/xarm_msgs/include/xarm_msgs/xarm_msgs/msg/detail/cio_state__struct.hpp
[26.097s] -- Installing: /home/benongnuel/dev_ws/install/xarm_msgs/include/xarm_msgs/xarm_msgs/msg/detail/robot_msg__struct.hpp
[26.097s] -- Installing: /home/benongnuel/dev_ws/install/xarm_msgs/include/xarm_msgs/xarm_msgs/msg/detail/move_velocity__traits.hpp
[26.097s] -- Installing: /home/benongnuel/dev_ws/install/xarm_msgs/include/xarm_msgs/xarm_msgs/msg/detail/cio_state__type_support.hpp
[26.097s] -- Installing: /home/benongnuel/dev_ws/install/xarm_msgs/include/xarm_msgs/xarm_msgs/msg/detail/io_state__struct.hpp
[26.097s] -- Installing: /home/benongnuel/dev_ws/install/xarm_msgs/include/xarm_msgs/xarm_msgs/msg/detail/cio_state__traits.hpp
[26.097s] -- Installing: /home/benongnuel/dev_ws/install/xarm_msgs/include/xarm_msgs/xarm_msgs/msg/detail/move_velocity__struct.hpp
[26.097s] -- Installing: /home/benongnuel/dev_ws/install/xarm_msgs/include/xarm_msgs/xarm_msgs/msg/detail/robot_msg__traits.hpp
[26.097s] -- Installing: /home/benongnuel/dev_ws/install/xarm_msgs/include/xarm_msgs/xarm_msgs/msg/detail/cio_state__builder.hpp
[26.097s] -- Installing: /home/benongnuel/dev_ws/install/xarm_msgs/include/xarm_msgs/xarm_msgs/msg/detail/robot_msg__type_support.hpp
[26.097s] -- Installing: /home/benongnuel/dev_ws/install/xarm_msgs/include/xarm_msgs/xarm_msgs/msg/rosidl_generator_cpp__visibility_control.hpp
[26.098s] -- Installing: /home/benongnuel/dev_ws/install/xarm_msgs/include/xarm_msgs/xarm_msgs/msg/io_state.hpp
[26.098s] -- Installing: /home/benongnuel/dev_ws/install/xarm_msgs/include/xarm_msgs/xarm_msgs/msg/move_velocity.hpp
[26.098s] -- Up-to-date: /home/benongnuel/dev_ws/install/xarm_msgs/include/xarm_msgs/xarm_msgs
[26.098s] -- Up-to-date: /home/benongnuel/dev_ws/install/xarm_msgs/include/xarm_msgs/xarm_msgs/srv
[26.098s] -- Up-to-date: /home/benongnuel/dev_ws/install/xarm_msgs/include/xarm_msgs/xarm_msgs/srv/detail
[26.098s] -- Installing: /home/benongnuel/dev_ws/install/xarm_msgs/include/xarm_msgs/xarm_msgs/srv/detail/plan_single_straight__rosidl_typesupport_fastrtps_cpp.hpp
[26.098s] -- Installing: /home/benongnuel/dev_ws/install/xarm_msgs/include/xarm_msgs/xarm_msgs/srv/detail/get_int32__rosidl_typesupport_fastrtps_cpp.hpp
[26.098s] -- Installing: /home/benongnuel/dev_ws/install/xarm_msgs/include/xarm_msgs/xarm_msgs/srv/detail/call__rosidl_typesupport_fastrtps_cpp.hpp
[26.098s] -- Installing: /home/benongnuel/dev_ws/install/xarm_msgs/include/xarm_msgs/xarm_msgs/srv/detail/ft_force_config__rosidl_typesupport_fastrtps_cpp.hpp
[26.098s] -- Installing: /home/benongnuel/dev_ws/install/xarm_msgs/include/xarm_msgs/xarm_msgs/srv/detail/plan_exec__rosidl_typesupport_fastrtps_cpp.hpp
[26.098s] -- Installing: /home/benongnuel/dev_ws/install/xarm_msgs/include/xarm_msgs/xarm_msgs/srv/detail/bio_gripper_enable__rosidl_typesupport_fastrtps_cpp.hpp
[26.098s] -- Installing: /home/benongnuel/dev_ws/install/xarm_msgs/include/xarm_msgs/xarm_msgs/srv/detail/robotiq_get_status__rosidl_typesupport_fastrtps_cpp.hpp
[26.098s] -- Installing: /home/benongnuel/dev_ws/install/xarm_msgs/include/xarm_msgs/xarm_msgs/srv/detail/ft_cali_load__rosidl_typesupport_fastrtps_cpp.hpp
[26.098s] -- Installing: /home/benongnuel/dev_ws/install/xarm_msgs/include/xarm_msgs/xarm_msgs/srv/detail/bio_gripper_ctrl__rosidl_typesupport_fastrtps_cpp.hpp
[26.099s] -- Installing: /home/benongnuel/dev_ws/install/xarm_msgs/include/xarm_msgs/xarm_msgs/srv/detail/linear_track_set_pos__rosidl_typesupport_fastrtps_cpp.hpp
[26.099s] -- Installing: /home/benongnuel/dev_ws/install/xarm_msgs/include/xarm_msgs/xarm_msgs/srv/detail/ft_force_pid__rosidl_typesupport_fastrtps_cpp.hpp
[26.099s] -- Installing: /home/benongnuel/dev_ws/install/xarm_msgs/include/xarm_msgs/xarm_msgs/srv/detail/ft_impedance__rosidl_typesupport_fastrtps_cpp.hpp
[26.099s] -- Installing: /home/benongnuel/dev_ws/install/xarm_msgs/include/xarm_msgs/xarm_msgs/srv/detail/set_int32_by_type__rosidl_typesupport_fastrtps_cpp.hpp
[26.099s] -- Installing: /home/benongnuel/dev_ws/install/xarm_msgs/include/xarm_msgs/xarm_msgs/srv/detail/set_float32_list__rosidl_typesupport_fastrtps_cpp.hpp
[26.099s] -- Installing: /home/benongnuel/dev_ws/install/xarm_msgs/include/xarm_msgs/xarm_msgs/srv/detail/iden_load__rosidl_typesupport_fastrtps_cpp.hpp
[26.099s] -- Installing: /home/benongnuel/dev_ws/install/xarm_msgs/include/xarm_msgs/xarm_msgs/srv/detail/move_home__rosidl_typesupport_fastrtps_cpp.hpp
[26.099s] -- Installing: /home/benongnuel/dev_ws/install/xarm_msgs/include/xarm_msgs/xarm_msgs/srv/detail/plan_joint__rosidl_typesupport_fastrtps_cpp.hpp
[26.099s] -- Installing: /home/benongnuel/dev_ws/install/xarm_msgs/include/xarm_msgs/xarm_msgs/srv/detail/gripper_move__rosidl_typesupport_fastrtps_cpp.hpp
[26.099s] -- Installing: /home/benongnuel/dev_ws/install/xarm_msgs/include/xarm_msgs/xarm_msgs/srv/detail/move_cartesian__rosidl_typesupport_fastrtps_cpp.hpp
[26.099s] -- Installing: /home/benongnuel/dev_ws/install/xarm_msgs/include/xarm_msgs/xarm_msgs/srv/detail/get_float32_list__rosidl_typesupport_fastrtps_cpp.hpp
[26.099s] -- Installing: /home/benongnuel/dev_ws/install/xarm_msgs/include/xarm_msgs/xarm_msgs/srv/detail/set_float32__rosidl_typesupport_fastrtps_cpp.hpp
[26.099s] -- Installing: /home/benongnuel/dev_ws/install/xarm_msgs/include/xarm_msgs/xarm_msgs/srv/detail/robotiq_activate__rosidl_typesupport_fastrtps_cpp.hpp
[26.100s] -- Installing: /home/benongnuel/dev_ws/install/xarm_msgs/include/xarm_msgs/xarm_msgs/srv/detail/linear_track_back_origin__rosidl_typesupport_fastrtps_cpp.hpp
[26.100s] -- Installing: /home/benongnuel/dev_ws/install/xarm_msgs/include/xarm_msgs/xarm_msgs/srv/detail/set_tcp_load__rosidl_typesupport_fastrtps_cpp.hpp
[26.100s] -- Installing: /home/benongnuel/dev_ws/install/xarm_msgs/include/xarm_msgs/xarm_msgs/srv/detail/robotiq_reset__rosidl_typesupport_fastrtps_cpp.hpp
[26.100s] -- Installing: /home/benongnuel/dev_ws/install/xarm_msgs/include/xarm_msgs/xarm_msgs/srv/detail/move_velocity__rosidl_typesupport_fastrtps_cpp.hpp
[26.100s] -- Installing: /home/benongnuel/dev_ws/install/xarm_msgs/include/xarm_msgs/xarm_msgs/srv/detail/get_float32__rosidl_typesupport_fastrtps_cpp.hpp
[26.100s] -- Installing: /home/benongnuel/dev_ws/install/xarm_msgs/include/xarm_msgs/xarm_msgs/srv/detail/traj_ctrl__rosidl_typesupport_fastrtps_cpp.hpp
[26.100s] -- Installing: /home/benongnuel/dev_ws/install/xarm_msgs/include/xarm_msgs/xarm_msgs/srv/detail/get_set_modbus_data__rosidl_typesupport_fastrtps_cpp.hpp
[26.100s] -- Installing: /home/benongnuel/dev_ws/install/xarm_msgs/include/xarm_msgs/xarm_msgs/srv/detail/vacuum_gripper_ctrl__rosidl_typesupport_fastrtps_cpp.hpp
[26.100s] -- Installing: /home/benongnuel/dev_ws/install/xarm_msgs/include/xarm_msgs/xarm_msgs/srv/detail/get_int16__rosidl_typesupport_fastrtps_cpp.hpp
[26.100s] -- Installing: /home/benongnuel/dev_ws/install/xarm_msgs/include/xarm_msgs/xarm_msgs/srv/detail/set_int16_by_id__rosidl_typesupport_fastrtps_cpp.hpp
[26.100s] -- Installing: /home/benongnuel/dev_ws/install/xarm_msgs/include/xarm_msgs/xarm_msgs/srv/detail/set_int16__rosidl_typesupport_fastrtps_cpp.hpp
[26.100s] -- Installing: /home/benongnuel/dev_ws/install/xarm_msgs/include/xarm_msgs/xarm_msgs/srv/detail/set_int16_list__rosidl_typesupport_fastrtps_cpp.hpp
[26.100s] -- Installing: /home/benongnuel/dev_ws/install/xarm_msgs/include/xarm_msgs/xarm_msgs/srv/detail/set_int32__rosidl_typesupport_fastrtps_cpp.hpp
[26.100s] -- Installing: /home/benongnuel/dev_ws/install/xarm_msgs/include/xarm_msgs/xarm_msgs/srv/detail/get_digital_io__rosidl_typesupport_fastrtps_cpp.hpp
[26.100s] -- Installing: /home/benongnuel/dev_ws/install/xarm_msgs/include/xarm_msgs/xarm_msgs/srv/detail/plan_pose__rosidl_typesupport_fastrtps_cpp.hpp
[26.101s] -- Installing: /home/benongnuel/dev_ws/install/xarm_msgs/include/xarm_msgs/xarm_msgs/srv/detail/move_circle__rosidl_typesupport_fastrtps_cpp.hpp
[26.101s] -- Installing: /home/benongnuel/dev_ws/install/xarm_msgs/include/xarm_msgs/xarm_msgs/srv/detail/set_analog_io__rosidl_typesupport_fastrtps_cpp.hpp
[26.101s] -- Installing: /home/benongnuel/dev_ws/install/xarm_msgs/include/xarm_msgs/xarm_msgs/srv/detail/set_digital_io__rosidl_typesupport_fastrtps_cpp.hpp
[26.101s] -- Installing: /home/benongnuel/dev_ws/install/xarm_msgs/include/xarm_msgs/xarm_msgs/srv/detail/move_joint__rosidl_typesupport_fastrtps_cpp.hpp
[26.101s] -- Installing: /home/benongnuel/dev_ws/install/xarm_msgs/include/xarm_msgs/xarm_msgs/srv/detail/get_analog_io__rosidl_typesupport_fastrtps_cpp.hpp
[26.101s] -- Installing: /home/benongnuel/dev_ws/install/xarm_msgs/include/xarm_msgs/xarm_msgs/srv/detail/traj_play__rosidl_typesupport_fastrtps_cpp.hpp
[26.101s] -- Installing: /home/benongnuel/dev_ws/install/xarm_msgs/include/xarm_msgs/xarm_msgs/srv/detail/set_modbus_timeout__rosidl_typesupport_fastrtps_cpp.hpp
[26.101s] -- Installing: /home/benongnuel/dev_ws/install/xarm_msgs/include/xarm_msgs/xarm_msgs/srv/detail/robotiq_move__rosidl_typesupport_fastrtps_cpp.hpp
[26.101s] -- Installing: /home/benongnuel/dev_ws/install/xarm_msgs/include/xarm_msgs/xarm_msgs/srv/detail/get_int32_by_type__rosidl_typesupport_fastrtps_cpp.hpp
[26.101s] -- Installing: /home/benongnuel/dev_ws/install/xarm_msgs/include/xarm_msgs/xarm_msgs/srv/detail/get_int16_list__rosidl_typesupport_fastrtps_cpp.hpp
[26.101s] -- Installing: /home/benongnuel/dev_ws/install/xarm_msgs/include/xarm_msgs/xarm_msgs/srv/detail/dds_fastrtps
[26.101s] -- Up-to-date: /home/benongnuel/dev_ws/install/xarm_msgs/include/xarm_msgs/xarm_msgs/msg
[26.101s] -- Up-to-date: /home/benongnuel/dev_ws/install/xarm_msgs/include/xarm_msgs/xarm_msgs/msg/detail
[26.101s] -- Installing: /home/benongnuel/dev_ws/install/xarm_msgs/include/xarm_msgs/xarm_msgs/msg/detail/cio_state__rosidl_typesupport_fastrtps_cpp.hpp
[26.102s] -- Installing: /home/benongnuel/dev_ws/install/xarm_msgs/include/xarm_msgs/xarm_msgs/msg/detail/robot_msg__rosidl_typesupport_fastrtps_cpp.hpp
[26.102s] -- Installing: /home/benongnuel/dev_ws/install/xarm_msgs/include/xarm_msgs/xarm_msgs/msg/detail/io_state__rosidl_typesupport_fastrtps_cpp.hpp
[26.102s] -- Installing: /home/benongnuel/dev_ws/install/xarm_msgs/include/xarm_msgs/xarm_msgs/msg/detail/move_velocity__rosidl_typesupport_fastrtps_cpp.hpp
[26.102s] -- Installing: /home/benongnuel/dev_ws/install/xarm_msgs/include/xarm_msgs/xarm_msgs/msg/detail/dds_fastrtps
[26.102s] -- Installing: /home/benongnuel/dev_ws/install/xarm_msgs/include/xarm_msgs/xarm_msgs/msg/rosidl_typesupport_fastrtps_cpp__visibility_control.h
[26.102s] -- Installing: /home/benongnuel/dev_ws/install/xarm_msgs/lib/libxarm_msgs__rosidl_typesupport_fastrtps_cpp.so
[26.102s] -- Set runtime path of "/home/benongnuel/dev_ws/install/xarm_msgs/lib/libxarm_msgs__rosidl_typesupport_fastrtps_cpp.so" to ""
[26.102s] -- Up-to-date: /home/benongnuel/dev_ws/install/xarm_msgs/include/xarm_msgs/xarm_msgs
[26.102s] -- Up-to-date: /home/benongnuel/dev_ws/install/xarm_msgs/include/xarm_msgs/xarm_msgs/srv
[26.102s] -- Up-to-date: /home/benongnuel/dev_ws/install/xarm_msgs/include/xarm_msgs/xarm_msgs/srv/detail
[26.102s] -- Installing: /home/benongnuel/dev_ws/install/xarm_msgs/include/xarm_msgs/xarm_msgs/srv/detail/plan_pose__type_support.c
[26.102s] -- Installing: /home/benongnuel/dev_ws/install/xarm_msgs/include/xarm_msgs/xarm_msgs/srv/detail/robotiq_reset__type_support.c
[26.102s] -- Installing: /home/benongnuel/dev_ws/install/xarm_msgs/include/xarm_msgs/xarm_msgs/srv/detail/set_tcp_load__type_support.c
[26.102s] -- Installing: /home/benongnuel/dev_ws/install/xarm_msgs/include/xarm_msgs/xarm_msgs/srv/detail/set_int32_by_type__type_support.c
[26.102s] -- Installing: /home/benongnuel/dev_ws/install/xarm_msgs/include/xarm_msgs/xarm_msgs/srv/detail/linear_track_back_origin__type_support.c
[26.103s] -- Installing: /home/benongnuel/dev_ws/install/xarm_msgs/include/xarm_msgs/xarm_msgs/srv/detail/plan_single_straight__type_support.c
[26.103s] -- Installing: /home/benongnuel/dev_ws/install/xarm_msgs/include/xarm_msgs/xarm_msgs/srv/detail/set_analog_io__rosidl_typesupport_introspection_c.h
[26.103s] -- Installing: /home/benongnuel/dev_ws/install/xarm_msgs/include/xarm_msgs/xarm_msgs/srv/detail/set_digital_io__type_support.c
[26.103s] -- Installing: /home/benongnuel/dev_ws/install/xarm_msgs/include/xarm_msgs/xarm_msgs/srv/detail/move_joint__rosidl_typesupport_introspection_c.h
[26.103s] -- Installing: /home/benongnuel/dev_ws/install/xarm_msgs/include/xarm_msgs/xarm_msgs/srv/detail/move_cartesian__type_support.c
[26.103s] -- Installing: /home/benongnuel/dev_ws/install/xarm_msgs/include/xarm_msgs/xarm_msgs/srv/detail/ft_cali_load__type_support.c
[26.103s] -- Installing: /home/benongnuel/dev_ws/install/xarm_msgs/include/xarm_msgs/xarm_msgs/srv/detail/vacuum_gripper_ctrl__type_support.c
[26.103s] -- Installing: /home/benongnuel/dev_ws/install/xarm_msgs/include/xarm_msgs/xarm_msgs/srv/detail/set_modbus_timeout__type_support.c
[26.103s] -- Installing: /home/benongnuel/dev_ws/install/xarm_msgs/include/xarm_msgs/xarm_msgs/srv/detail/plan_pose__rosidl_typesupport_introspection_c.h
[26.103s] -- Installing: /home/benongnuel/dev_ws/install/xarm_msgs/include/xarm_msgs/xarm_msgs/srv/detail/set_float32__rosidl_typesupport_introspection_c.h
[26.103s] -- Installing: /home/benongnuel/dev_ws/install/xarm_msgs/include/xarm_msgs/xarm_msgs/srv/detail/ft_cali_load__rosidl_typesupport_introspection_c.h
[26.103s] -- Installing: /home/benongnuel/dev_ws/install/xarm_msgs/include/xarm_msgs/xarm_msgs/srv/detail/iden_load__rosidl_typesupport_introspection_c.h
[26.103s] -- Installing: /home/benongnuel/dev_ws/install/xarm_msgs/include/xarm_msgs/xarm_msgs/srv/detail/plan_exec__rosidl_typesupport_introspection_c.h
[26.104s] -- Installing: /home/benongnuel/dev_ws/install/xarm_msgs/include/xarm_msgs/xarm_msgs/srv/detail/get_analog_io__rosidl_typesupport_introspection_c.h
[26.104s] -- Installing: /home/benongnuel/dev_ws/install/xarm_msgs/include/xarm_msgs/xarm_msgs/srv/detail/bio_gripper_ctrl__rosidl_typesupport_introspection_c.h
[26.104s] -- Installing: /home/benongnuel/dev_ws/install/xarm_msgs/include/xarm_msgs/xarm_msgs/srv/detail/set_tcp_load__rosidl_typesupport_introspection_c.h
[26.104s] -- Installing: /home/benongnuel/dev_ws/install/xarm_msgs/include/xarm_msgs/xarm_msgs/srv/detail/set_digital_io__rosidl_typesupport_introspection_c.h
[26.104s] -- Installing: /home/benongnuel/dev_ws/install/xarm_msgs/include/xarm_msgs/xarm_msgs/srv/detail/robotiq_get_status__rosidl_typesupport_introspection_c.h
[26.104s] -- Installing: /home/benongnuel/dev_ws/install/xarm_msgs/include/xarm_msgs/xarm_msgs/srv/detail/bio_gripper_ctrl__type_support.c
[26.104s] -- Installing: /home/benongnuel/dev_ws/install/xarm_msgs/include/xarm_msgs/xarm_msgs/srv/detail/plan_joint__type_support.c
[26.104s] -- Installing: /home/benongnuel/dev_ws/install/xarm_msgs/include/xarm_msgs/xarm_msgs/srv/detail/plan_single_straight__rosidl_typesupport_introspection_c.h
[26.104s] -- Installing: /home/benongnuel/dev_ws/install/xarm_msgs/include/xarm_msgs/xarm_msgs/srv/detail/traj_ctrl__rosidl_typesupport_introspection_c.h
[26.104s] -- Installing: /home/benongnuel/dev_ws/install/xarm_msgs/include/xarm_msgs/xarm_msgs/srv/detail/iden_load__type_support.c
[26.104s] -- Installing: /home/benongnuel/dev_ws/install/xarm_msgs/include/xarm_msgs/xarm_msgs/srv/detail/gripper_move__type_support.c
[26.104s] -- Installing: /home/benongnuel/dev_ws/install/xarm_msgs/include/xarm_msgs/xarm_msgs/srv/detail/linear_track_set_pos__rosidl_typesupport_introspection_c.h
[26.104s] -- Installing: /home/benongnuel/dev_ws/install/xarm_msgs/include/xarm_msgs/xarm_msgs/srv/detail/move_velocity__type_support.c
[26.104s] -- Installing: /home/benongnuel/dev_ws/install/xarm_msgs/include/xarm_msgs/xarm_msgs/srv/detail/ft_impedance__rosidl_typesupport_introspection_c.h
[26.104s] -- Installing: /home/benongnuel/dev_ws/install/xarm_msgs/include/xarm_msgs/xarm_msgs/srv/detail/set_analog_io__type_support.c
[26.105s] -- Installing: /home/benongnuel/dev_ws/install/xarm_msgs/include/xarm_msgs/xarm_msgs/srv/detail/set_int16_by_id__type_support.c
[26.105s] -- Installing: /home/benongnuel/dev_ws/install/xarm_msgs/include/xarm_msgs/xarm_msgs/srv/detail/call__type_support.c
[26.105s] -- Installing: /home/benongnuel/dev_ws/install/xarm_msgs/include/xarm_msgs/xarm_msgs/srv/detail/get_int16__type_support.c
[26.105s] -- Installing: /home/benongnuel/dev_ws/install/xarm_msgs/include/xarm_msgs/xarm_msgs/srv/detail/robotiq_activate__rosidl_typesupport_introspection_c.h
[26.105s] -- Installing: /home/benongnuel/dev_ws/install/xarm_msgs/include/xarm_msgs/xarm_msgs/srv/detail/set_int16_list__type_support.c
[26.105s] -- Installing: /home/benongnuel/dev_ws/install/xarm_msgs/include/xarm_msgs/xarm_msgs/srv/detail/get_int32__rosidl_typesupport_introspection_c.h
[26.105s] -- Installing: /home/benongnuel/dev_ws/install/xarm_msgs/include/xarm_msgs/xarm_msgs/srv/detail/ft_force_config__type_support.c
[26.105s] -- Installing: /home/benongnuel/dev_ws/install/xarm_msgs/include/xarm_msgs/xarm_msgs/srv/detail/gripper_move__rosidl_typesupport_introspection_c.h
[26.105s] -- Installing: /home/benongnuel/dev_ws/install/xarm_msgs/include/xarm_msgs/xarm_msgs/srv/detail/set_int16__rosidl_typesupport_introspection_c.h
[26.106s] -- Installing: /home/benongnuel/dev_ws/install/xarm_msgs/include/xarm_msgs/xarm_msgs/srv/detail/get_digital_io__type_support.c
[26.106s] -- Installing: /home/benongnuel/dev_ws/install/xarm_msgs/include/xarm_msgs/xarm_msgs/srv/detail/move_velocity__rosidl_typesupport_introspection_c.h
[26.106s] -- Installing: /home/benongnuel/dev_ws/install/xarm_msgs/include/xarm_msgs/xarm_msgs/srv/detail/move_cartesian__rosidl_typesupport_introspection_c.h
[26.106s] -- Installing: /home/benongnuel/dev_ws/install/xarm_msgs/include/xarm_msgs/xarm_msgs/srv/detail/set_modbus_timeout__rosidl_typesupport_introspection_c.h
[26.106s] -- Installing: /home/benongnuel/dev_ws/install/xarm_msgs/include/xarm_msgs/xarm_msgs/srv/detail/bio_gripper_enable__type_support.c
[26.106s] -- Installing: /home/benongnuel/dev_ws/install/xarm_msgs/include/xarm_msgs/xarm_msgs/srv/detail/move_home__type_support.c
[26.106s] -- Installing: /home/benongnuel/dev_ws/install/xarm_msgs/include/xarm_msgs/xarm_msgs/srv/detail/linear_track_back_origin__rosidl_typesupport_introspection_c.h
[26.106s] -- Installing: /home/benongnuel/dev_ws/install/xarm_msgs/include/xarm_msgs/xarm_msgs/srv/detail/robotiq_get_status__type_support.c
[26.106s] -- Installing: /home/benongnuel/dev_ws/install/xarm_msgs/include/xarm_msgs/xarm_msgs/srv/detail/get_analog_io__type_support.c
[26.106s] -- Installing: /home/benongnuel/dev_ws/install/xarm_msgs/include/xarm_msgs/xarm_msgs/srv/detail/robotiq_move__rosidl_typesupport_introspection_c.h
[26.106s] -- Installing: /home/benongnuel/dev_ws/install/xarm_msgs/include/xarm_msgs/xarm_msgs/srv/detail/get_float32__rosidl_typesupport_introspection_c.h
[26.106s] -- Installing: /home/benongnuel/dev_ws/install/xarm_msgs/include/xarm_msgs/xarm_msgs/srv/detail/plan_exec__type_support.c
[26.106s] -- Installing: /home/benongnuel/dev_ws/install/xarm_msgs/include/xarm_msgs/xarm_msgs/srv/detail/get_digital_io__rosidl_typesupport_introspection_c.h
[26.106s] -- Installing: /home/benongnuel/dev_ws/install/xarm_msgs/include/xarm_msgs/xarm_msgs/srv/detail/vacuum_gripper_ctrl__rosidl_typesupport_introspection_c.h
[26.106s] -- Installing: /home/benongnuel/dev_ws/install/xarm_msgs/include/xarm_msgs/xarm_msgs/srv/detail/robotiq_move__type_support.c
[26.106s] -- Installing: /home/benongnuel/dev_ws/install/xarm_msgs/include/xarm_msgs/xarm_msgs/srv/detail/set_int32__type_support.c
[26.106s] -- Installing: /home/benongnuel/dev_ws/install/xarm_msgs/include/xarm_msgs/xarm_msgs/srv/detail/robotiq_reset__rosidl_typesupport_introspection_c.h
[26.106s] -- Installing: /home/benongnuel/dev_ws/install/xarm_msgs/include/xarm_msgs/xarm_msgs/srv/detail/get_float32__type_support.c
[26.106s] -- Installing: /home/benongnuel/dev_ws/install/xarm_msgs/include/xarm_msgs/xarm_msgs/srv/detail/linear_track_set_pos__type_support.c
[26.106s] -- Installing: /home/benongnuel/dev_ws/install/xarm_msgs/include/xarm_msgs/xarm_msgs/srv/detail/get_int32_by_type__rosidl_typesupport_introspection_c.h
[26.106s] -- Installing: /home/benongnuel/dev_ws/install/xarm_msgs/include/xarm_msgs/xarm_msgs/srv/detail/move_joint__type_support.c
[26.106s] -- Installing: /home/benongnuel/dev_ws/install/xarm_msgs/include/xarm_msgs/xarm_msgs/srv/detail/get_float32_list__type_support.c
[26.106s] -- Installing: /home/benongnuel/dev_ws/install/xarm_msgs/include/xarm_msgs/xarm_msgs/srv/detail/set_int16_by_id__rosidl_typesupport_introspection_c.h
[26.106s] -- Installing: /home/benongnuel/dev_ws/install/xarm_msgs/include/xarm_msgs/xarm_msgs/srv/detail/bio_gripper_enable__rosidl_typesupport_introspection_c.h
[26.106s] -- Installing: /home/benongnuel/dev_ws/install/xarm_msgs/include/xarm_msgs/xarm_msgs/srv/detail/get_int16_list__type_support.c
[26.107s] -- Installing: /home/benongnuel/dev_ws/install/xarm_msgs/include/xarm_msgs/xarm_msgs/srv/detail/move_home__rosidl_typesupport_introspection_c.h
[26.107s] -- Installing: /home/benongnuel/dev_ws/install/xarm_msgs/include/xarm_msgs/xarm_msgs/srv/detail/ft_force_pid__rosidl_typesupport_introspection_c.h
[26.107s] -- Installing: /home/benongnuel/dev_ws/install/xarm_msgs/include/xarm_msgs/xarm_msgs/srv/detail/set_int16__type_support.c
[26.107s] -- Installing: /home/benongnuel/dev_ws/install/xarm_msgs/include/xarm_msgs/xarm_msgs/srv/detail/set_int32__rosidl_typesupport_introspection_c.h
[26.107s] -- Installing: /home/benongnuel/dev_ws/install/xarm_msgs/include/xarm_msgs/xarm_msgs/srv/detail/move_circle__rosidl_typesupport_introspection_c.h
[26.107s] -- Installing: /home/benongnuel/dev_ws/install/xarm_msgs/include/xarm_msgs/xarm_msgs/srv/detail/traj_play__type_support.c
[26.107s] -- Installing: /home/benongnuel/dev_ws/install/xarm_msgs/include/xarm_msgs/xarm_msgs/srv/detail/plan_joint__rosidl_typesupport_introspection_c.h
[26.107s] -- Installing: /home/benongnuel/dev_ws/install/xarm_msgs/include/xarm_msgs/xarm_msgs/srv/detail/get_int16_list__rosidl_typesupport_introspection_c.h
[26.107s] -- Installing: /home/benongnuel/dev_ws/install/xarm_msgs/include/xarm_msgs/xarm_msgs/srv/detail/get_set_modbus_data__rosidl_typesupport_introspection_c.h
[26.107s] -- Installing: /home/benongnuel/dev_ws/install/xarm_msgs/include/xarm_msgs/xarm_msgs/srv/detail/traj_ctrl__type_support.c
[26.107s] -- Installing: /home/benongnuel/dev_ws/install/xarm_msgs/include/xarm_msgs/xarm_msgs/srv/detail/get_set_modbus_data__type_support.c
[26.107s] -- Installing: /home/benongnuel/dev_ws/install/xarm_msgs/include/xarm_msgs/xarm_msgs/srv/detail/set_int32_by_type__rosidl_typesupport_introspection_c.h
[26.107s] -- Installing: /home/benongnuel/dev_ws/install/xarm_msgs/include/xarm_msgs/xarm_msgs/srv/detail/ft_impedance__type_support.c
[26.107s] -- Installing: /home/benongnuel/dev_ws/install/xarm_msgs/include/xarm_msgs/xarm_msgs/srv/detail/move_circle__type_support.c
[26.107s] -- Installing: /home/benongnuel/dev_ws/install/xarm_msgs/include/xarm_msgs/xarm_msgs/srv/detail/ft_force_config__rosidl_typesupport_introspection_c.h
[26.107s] -- Installing: /home/benongnuel/dev_ws/install/xarm_msgs/include/xarm_msgs/xarm_msgs/srv/detail/robotiq_activate__type_support.c
[26.107s] -- Installing: /home/benongnuel/dev_ws/install/xarm_msgs/include/xarm_msgs/xarm_msgs/srv/detail/get_int16__rosidl_typesupport_introspection_c.h
[26.107s] -- Installing: /home/benongnuel/dev_ws/install/xarm_msgs/include/xarm_msgs/xarm_msgs/srv/detail/set_int16_list__rosidl_typesupport_introspection_c.h
[26.107s] -- Installing: /home/benongnuel/dev_ws/install/xarm_msgs/include/xarm_msgs/xarm_msgs/srv/detail/set_float32_list__type_support.c
[26.107s] -- Installing: /home/benongnuel/dev_ws/install/xarm_msgs/include/xarm_msgs/xarm_msgs/srv/detail/set_float32_list__rosidl_typesupport_introspection_c.h
[26.107s] -- Installing: /home/benongnuel/dev_ws/install/xarm_msgs/include/xarm_msgs/xarm_msgs/srv/detail/get_float32_list__rosidl_typesupport_introspection_c.h
[26.107s] -- Installing: /home/benongnuel/dev_ws/install/xarm_msgs/include/xarm_msgs/xarm_msgs/srv/detail/ft_force_pid__type_support.c
[26.107s] -- Installing: /home/benongnuel/dev_ws/install/xarm_msgs/include/xarm_msgs/xarm_msgs/srv/detail/get_int32_by_type__type_support.c
[26.107s] -- Installing: /home/benongnuel/dev_ws/install/xarm_msgs/include/xarm_msgs/xarm_msgs/srv/detail/set_float32__type_support.c
[26.107s] -- Installing: /home/benongnuel/dev_ws/install/xarm_msgs/include/xarm_msgs/xarm_msgs/srv/detail/call__rosidl_typesupport_introspection_c.h
[26.107s] -- Installing: /home/benongnuel/dev_ws/install/xarm_msgs/include/xarm_msgs/xarm_msgs/srv/detail/get_int32__type_support.c
[26.107s] -- Installing: /home/benongnuel/dev_ws/install/xarm_msgs/include/xarm_msgs/xarm_msgs/srv/detail/traj_play__rosidl_typesupport_introspection_c.h
[26.107s] -- Up-to-date: /home/benongnuel/dev_ws/install/xarm_msgs/include/xarm_msgs/xarm_msgs/msg
[26.107s] -- Up-to-date: /home/benongnuel/dev_ws/install/xarm_msgs/include/xarm_msgs/xarm_msgs/msg/detail
[26.107s] -- Installing: /home/benongnuel/dev_ws/install/xarm_msgs/include/xarm_msgs/xarm_msgs/msg/detail/move_velocity__type_support.c
[26.107s] -- Installing: /home/benongnuel/dev_ws/install/xarm_msgs/include/xarm_msgs/xarm_msgs/msg/detail/cio_state__rosidl_typesupport_introspection_c.h
[26.107s] -- Installing: /home/benongnuel/dev_ws/install/xarm_msgs/include/xarm_msgs/xarm_msgs/msg/detail/move_velocity__rosidl_typesupport_introspection_c.h
[26.107s] -- Installing: /home/benongnuel/dev_ws/install/xarm_msgs/include/xarm_msgs/xarm_msgs/msg/detail/io_state__type_support.c
[26.107s] -- Installing: /home/benongnuel/dev_ws/install/xarm_msgs/include/xarm_msgs/xarm_msgs/msg/detail/cio_state__type_support.c
[26.107s] -- Installing: /home/benongnuel/dev_ws/install/xarm_msgs/include/xarm_msgs/xarm_msgs/msg/detail/robot_msg__type_support.c
[26.107s] -- Installing: /home/benongnuel/dev_ws/install/xarm_msgs/include/xarm_msgs/xarm_msgs/msg/detail/io_state__rosidl_typesupport_introspection_c.h
[26.107s] -- Installing: /home/benongnuel/dev_ws/install/xarm_msgs/include/xarm_msgs/xarm_msgs/msg/detail/robot_msg__rosidl_typesupport_introspection_c.h
[26.107s] -- Installing: /home/benongnuel/dev_ws/install/xarm_msgs/include/xarm_msgs/xarm_msgs/msg/rosidl_typesupport_introspection_c__visibility_control.h
[26.107s] -- Installing: /home/benongnuel/dev_ws/install/xarm_msgs/lib/libxarm_msgs__rosidl_typesupport_introspection_c.so
[26.107s] -- Set runtime path of "/home/benongnuel/dev_ws/install/xarm_msgs/lib/libxarm_msgs__rosidl_typesupport_introspection_c.so" to ""
[26.107s] -- Installing: /home/benongnuel/dev_ws/install/xarm_msgs/lib/libxarm_msgs__rosidl_typesupport_c.so
[26.108s] -- Set runtime path of "/home/benongnuel/dev_ws/install/xarm_msgs/lib/libxarm_msgs__rosidl_typesupport_c.so" to ""
[26.108s] -- Up-to-date: /home/benongnuel/dev_ws/install/xarm_msgs/include/xarm_msgs/xarm_msgs
[26.108s] -- Up-to-date: /home/benongnuel/dev_ws/install/xarm_msgs/include/xarm_msgs/xarm_msgs/srv
[26.108s] -- Up-to-date: /home/benongnuel/dev_ws/install/xarm_msgs/include/xarm_msgs/xarm_msgs/srv/detail
[26.108s] -- Installing: /home/benongnuel/dev_ws/install/xarm_msgs/include/xarm_msgs/xarm_msgs/srv/detail/robotiq_move__rosidl_typesupport_introspection_cpp.hpp
[26.108s] -- Installing: /home/benongnuel/dev_ws/install/xarm_msgs/include/xarm_msgs/xarm_msgs/srv/detail/move_velocity__rosidl_typesupport_introspection_cpp.hpp
[26.108s] -- Installing: /home/benongnuel/dev_ws/install/xarm_msgs/include/xarm_msgs/xarm_msgs/srv/detail/robotiq_reset__type_support.cpp
[26.108s] -- Installing: /home/benongnuel/dev_ws/install/xarm_msgs/include/xarm_msgs/xarm_msgs/srv/detail/linear_track_set_pos__rosidl_typesupport_introspection_cpp.hpp
[26.108s] -- Installing: /home/benongnuel/dev_ws/install/xarm_msgs/include/xarm_msgs/xarm_msgs/srv/detail/set_int16__rosidl_typesupport_introspection_cpp.hpp
[26.108s] -- Installing: /home/benongnuel/dev_ws/install/xarm_msgs/include/xarm_msgs/xarm_msgs/srv/detail/set_int16_by_id__type_support.cpp
[26.108s] -- Installing: /home/benongnuel/dev_ws/install/xarm_msgs/include/xarm_msgs/xarm_msgs/srv/detail/ft_impedance__rosidl_typesupport_introspection_cpp.hpp
[26.108s] -- Installing: /home/benongnuel/dev_ws/install/xarm_msgs/include/xarm_msgs/xarm_msgs/srv/detail/plan_exec__rosidl_typesupport_introspection_cpp.hpp
[26.108s] -- Installing: /home/benongnuel/dev_ws/install/xarm_msgs/include/xarm_msgs/xarm_msgs/srv/detail/bio_gripper_enable__type_support.cpp
[26.108s] -- Installing: /home/benongnuel/dev_ws/install/xarm_msgs/include/xarm_msgs/xarm_msgs/srv/detail/move_circle__type_support.cpp
[26.108s] -- Installing: /home/benongnuel/dev_ws/install/xarm_msgs/include/xarm_msgs/xarm_msgs/srv/detail/set_modbus_timeout__rosidl_typesupport_introspection_cpp.hpp
[26.108s] -- Installing: /home/benongnuel/dev_ws/install/xarm_msgs/include/xarm_msgs/xarm_msgs/srv/detail/traj_play__rosidl_typesupport_introspection_cpp.hpp
[26.108s] -- Installing: /home/benongnuel/dev_ws/install/xarm_msgs/include/xarm_msgs/xarm_msgs/srv/detail/get_set_modbus_data__rosidl_typesupport_introspection_cpp.hpp
[26.108s] -- Installing: /home/benongnuel/dev_ws/install/xarm_msgs/include/xarm_msgs/xarm_msgs/srv/detail/robotiq_reset__rosidl_typesupport_introspection_cpp.hpp
[26.108s] -- Installing: /home/benongnuel/dev_ws/install/xarm_msgs/include/xarm_msgs/xarm_msgs/srv/detail/set_digital_io__rosidl_typesupport_introspection_cpp.hpp
[26.108s] -- Installing: /home/benongnuel/dev_ws/install/xarm_msgs/include/xarm_msgs/xarm_msgs/srv/detail/move_cartesian__rosidl_typesupport_introspection_cpp.hpp
[26.108s] -- Installing: /home/benongnuel/dev_ws/install/xarm_msgs/include/xarm_msgs/xarm_msgs/srv/detail/set_float32__type_support.cpp
[26.108s] -- Installing: /home/benongnuel/dev_ws/install/xarm_msgs/include/xarm_msgs/xarm_msgs/srv/detail/set_digital_io__type_support.cpp
[26.108s] -- Installing: /home/benongnuel/dev_ws/install/xarm_msgs/include/xarm_msgs/xarm_msgs/srv/detail/move_joint__type_support.cpp
[26.108s] -- Installing: /home/benongnuel/dev_ws/install/xarm_msgs/include/xarm_msgs/xarm_msgs/srv/detail/move_home__type_support.cpp
[26.108s] -- Installing: /home/benongnuel/dev_ws/install/xarm_msgs/include/xarm_msgs/xarm_msgs/srv/detail/ft_force_config__rosidl_typesupport_introspection_cpp.hpp
[26.108s] -- Installing: /home/benongnuel/dev_ws/install/xarm_msgs/include/xarm_msgs/xarm_msgs/srv/detail/plan_joint__type_support.cpp
[26.108s] -- Installing: /home/benongnuel/dev_ws/install/xarm_msgs/include/xarm_msgs/xarm_msgs/srv/detail/robotiq_get_status__type_support.cpp
[26.108s] -- Installing: /home/benongnuel/dev_ws/install/xarm_msgs/include/xarm_msgs/xarm_msgs/srv/detail/set_float32_list__rosidl_typesupport_introspection_cpp.hpp
[26.108s] -- Installing: /home/benongnuel/dev_ws/install/xarm_msgs/include/xarm_msgs/xarm_msgs/srv/detail/plan_joint__rosidl_typesupport_introspection_cpp.hpp
[26.108s] -- Installing: /home/benongnuel/dev_ws/install/xarm_msgs/include/xarm_msgs/xarm_msgs/srv/detail/move_joint__rosidl_typesupport_introspection_cpp.hpp
[26.108s] -- Installing: /home/benongnuel/dev_ws/install/xarm_msgs/include/xarm_msgs/xarm_msgs/srv/detail/ft_cali_load__type_support.cpp
[26.108s] -- Installing: /home/benongnuel/dev_ws/install/xarm_msgs/include/xarm_msgs/xarm_msgs/srv/detail/plan_pose__type_support.cpp
[26.108s] -- Installing: /home/benongnuel/dev_ws/install/xarm_msgs/include/xarm_msgs/xarm_msgs/srv/detail/set_analog_io__type_support.cpp
[26.108s] -- Installing: /home/benongnuel/dev_ws/install/xarm_msgs/include/xarm_msgs/xarm_msgs/srv/detail/get_int16__type_support.cpp
[26.108s] -- Installing: /home/benongnuel/dev_ws/install/xarm_msgs/include/xarm_msgs/xarm_msgs/srv/detail/call__type_support.cpp
[26.108s] -- Installing: /home/benongnuel/dev_ws/install/xarm_msgs/include/xarm_msgs/xarm_msgs/srv/detail/get_int32__rosidl_typesupport_introspection_cpp.hpp
[26.108s] -- Installing: /home/benongnuel/dev_ws/install/xarm_msgs/include/xarm_msgs/xarm_msgs/srv/detail/traj_ctrl__type_support.cpp
[26.108s] -- Installing: /home/benongnuel/dev_ws/install/xarm_msgs/include/xarm_msgs/xarm_msgs/srv/detail/linear_track_back_origin__rosidl_typesupport_introspection_cpp.hpp
[26.108s] -- Installing: /home/benongnuel/dev_ws/install/xarm_msgs/include/xarm_msgs/xarm_msgs/srv/detail/get_int32_by_type__type_support.cpp
[26.108s] -- Installing: /home/benongnuel/dev_ws/install/xarm_msgs/include/xarm_msgs/xarm_msgs/srv/detail/vacuum_gripper_ctrl__rosidl_typesupport_introspection_cpp.hpp
[26.109s] -- Installing: /home/benongnuel/dev_ws/install/xarm_msgs/include/xarm_msgs/xarm_msgs/srv/detail/get_int32__type_support.cpp
[26.109s] -- Installing: /home/benongnuel/dev_ws/install/xarm_msgs/include/xarm_msgs/xarm_msgs/srv/detail/set_int16_list__type_support.cpp
[26.109s] -- Installing: /home/benongnuel/dev_ws/install/xarm_msgs/include/xarm_msgs/xarm_msgs/srv/detail/get_digital_io__rosidl_typesupport_introspection_cpp.hpp
[26.109s] -- Installing: /home/benongnuel/dev_ws/install/xarm_msgs/include/xarm_msgs/xarm_msgs/srv/detail/set_int16_list__rosidl_typesupport_introspection_cpp.hpp
[26.109s] -- Installing: /home/benongnuel/dev_ws/install/xarm_msgs/include/xarm_msgs/xarm_msgs/srv/detail/ft_force_pid__type_support.cpp
[26.109s] -- Installing: /home/benongnuel/dev_ws/install/xarm_msgs/include/xarm_msgs/xarm_msgs/srv/detail/move_velocity__type_support.cpp
[26.109s] -- Installing: /home/benongnuel/dev_ws/install/xarm_msgs/include/xarm_msgs/xarm_msgs/srv/detail/plan_exec__type_support.cpp
[26.109s] -- Installing: /home/benongnuel/dev_ws/install/xarm_msgs/include/xarm_msgs/xarm_msgs/srv/detail/get_int16_list__type_support.cpp
[26.109s] -- Installing: /home/benongnuel/dev_ws/install/xarm_msgs/include/xarm_msgs/xarm_msgs/srv/detail/set_int32__type_support.cpp
[26.109s] -- Installing: /home/benongnuel/dev_ws/install/xarm_msgs/include/xarm_msgs/xarm_msgs/srv/detail/traj_play__type_support.cpp
[26.109s] -- Installing: /home/benongnuel/dev_ws/install/xarm_msgs/include/xarm_msgs/xarm_msgs/srv/detail/linear_track_back_origin__type_support.cpp
[26.109s] -- Installing: /home/benongnuel/dev_ws/install/xarm_msgs/include/xarm_msgs/xarm_msgs/srv/detail/set_float32__rosidl_typesupport_introspection_cpp.hpp
[26.109s] -- Installing: /home/benongnuel/dev_ws/install/xarm_msgs/include/xarm_msgs/xarm_msgs/srv/detail/get_int16__rosidl_typesupport_introspection_cpp.hpp
[26.109s] -- Installing: /home/benongnuel/dev_ws/install/xarm_msgs/include/xarm_msgs/xarm_msgs/srv/detail/robotiq_activate__type_support.cpp
[26.109s] -- Installing: /home/benongnuel/dev_ws/install/xarm_msgs/include/xarm_msgs/xarm_msgs/srv/detail/get_set_modbus_data__type_support.cpp
[26.109s] -- Installing: /home/benongnuel/dev_ws/install/xarm_msgs/include/xarm_msgs/xarm_msgs/srv/detail/ft_force_pid__rosidl_typesupport_introspection_cpp.hpp
[26.109s] -- Installing: /home/benongnuel/dev_ws/install/xarm_msgs/include/xarm_msgs/xarm_msgs/srv/detail/gripper_move__rosidl_typesupport_introspection_cpp.hpp
[26.109s] -- Installing: /home/benongnuel/dev_ws/install/xarm_msgs/include/xarm_msgs/xarm_msgs/srv/detail/bio_gripper_ctrl__type_support.cpp
[26.109s] -- Installing: /home/benongnuel/dev_ws/install/xarm_msgs/include/xarm_msgs/xarm_msgs/srv/detail/set_int32__rosidl_typesupport_introspection_cpp.hpp
[26.109s] -- Installing: /home/benongnuel/dev_ws/install/xarm_msgs/include/xarm_msgs/xarm_msgs/srv/detail/set_float32_list__type_support.cpp
[26.109s] -- Installing: /home/benongnuel/dev_ws/install/xarm_msgs/include/xarm_msgs/xarm_msgs/srv/detail/call__rosidl_typesupport_introspection_cpp.hpp
[26.109s] -- Installing: /home/benongnuel/dev_ws/install/xarm_msgs/include/xarm_msgs/xarm_msgs/srv/detail/vacuum_gripper_ctrl__type_support.cpp
[26.109s] -- Installing: /home/benongnuel/dev_ws/install/xarm_msgs/include/xarm_msgs/xarm_msgs/srv/detail/move_circle__rosidl_typesupport_introspection_cpp.hpp
[26.109s] -- Installing: /home/benongnuel/dev_ws/install/xarm_msgs/include/xarm_msgs/xarm_msgs/srv/detail/robotiq_move__type_support.cpp
[26.109s] -- Installing: /home/benongnuel/dev_ws/install/xarm_msgs/include/xarm_msgs/xarm_msgs/srv/detail/bio_gripper_enable__rosidl_typesupport_introspection_cpp.hpp
[26.109s] -- Installing: /home/benongnuel/dev_ws/install/xarm_msgs/include/xarm_msgs/xarm_msgs/srv/detail/plan_pose__rosidl_typesupport_introspection_cpp.hpp
[26.109s] -- Installing: /home/benongnuel/dev_ws/install/xarm_msgs/include/xarm_msgs/xarm_msgs/srv/detail/get_analog_io__type_support.cpp
[26.109s] -- Installing: /home/benongnuel/dev_ws/install/xarm_msgs/include/xarm_msgs/xarm_msgs/srv/detail/robotiq_get_status__rosidl_typesupport_introspection_cpp.hpp
[26.109s] -- Installing: /home/benongnuel/dev_ws/install/xarm_msgs/include/xarm_msgs/xarm_msgs/srv/detail/gripper_move__type_support.cpp
[26.109s] -- Installing: /home/benongnuel/dev_ws/install/xarm_msgs/include/xarm_msgs/xarm_msgs/srv/detail/set_int16_by_id__rosidl_typesupport_introspection_cpp.hpp
[26.109s] -- Installing: /home/benongnuel/dev_ws/install/xarm_msgs/include/xarm_msgs/xarm_msgs/srv/detail/move_cartesian__type_support.cpp
[26.109s] -- Installing: /home/benongnuel/dev_ws/install/xarm_msgs/include/xarm_msgs/xarm_msgs/srv/detail/iden_load__type_support.cpp
[26.109s] -- Installing: /home/benongnuel/dev_ws/install/xarm_msgs/include/xarm_msgs/xarm_msgs/srv/detail/traj_ctrl__rosidl_typesupport_introspection_cpp.hpp
[26.109s] -- Installing: /home/benongnuel/dev_ws/install/xarm_msgs/include/xarm_msgs/xarm_msgs/srv/detail/ft_force_config__type_support.cpp
[26.109s] -- Installing: /home/benongnuel/dev_ws/install/xarm_msgs/include/xarm_msgs/xarm_msgs/srv/detail/set_int16__type_support.cpp
[26.109s] -- Installing: /home/benongnuel/dev_ws/install/xarm_msgs/include/xarm_msgs/xarm_msgs/srv/detail/robotiq_activate__rosidl_typesupport_introspection_cpp.hpp
[26.109s] -- Installing: /home/benongnuel/dev_ws/install/xarm_msgs/include/xarm_msgs/xarm_msgs/srv/detail/get_float32__type_support.cpp
[26.109s] -- Installing: /home/benongnuel/dev_ws/install/xarm_msgs/include/xarm_msgs/xarm_msgs/srv/detail/get_int32_by_type__rosidl_typesupport_introspection_cpp.hpp
[26.109s] -- Installing: /home/benongnuel/dev_ws/install/xarm_msgs/include/xarm_msgs/xarm_msgs/srv/detail/plan_single_straight__rosidl_typesupport_introspection_cpp.hpp
[26.109s] -- Installing: /home/benongnuel/dev_ws/install/xarm_msgs/include/xarm_msgs/xarm_msgs/srv/detail/set_tcp_load__type_support.cpp
[26.110s] -- Installing: /home/benongnuel/dev_ws/install/xarm_msgs/include/xarm_msgs/xarm_msgs/srv/detail/plan_single_straight__type_support.cpp
[26.110s] -- Installing: /home/benongnuel/dev_ws/install/xarm_msgs/include/xarm_msgs/xarm_msgs/srv/detail/ft_cali_load__rosidl_typesupport_introspection_cpp.hpp
[26.110s] -- Installing: /home/benongnuel/dev_ws/install/xarm_msgs/include/xarm_msgs/xarm_msgs/srv/detail/set_tcp_load__rosidl_typesupport_introspection_cpp.hpp
[26.110s] -- Installing: /home/benongnuel/dev_ws/install/xarm_msgs/include/xarm_msgs/xarm_msgs/srv/detail/get_float32_list__type_support.cpp
[26.110s] -- Installing: /home/benongnuel/dev_ws/install/xarm_msgs/include/xarm_msgs/xarm_msgs/srv/detail/iden_load__rosidl_typesupport_introspection_cpp.hpp
[26.110s] -- Installing: /home/benongnuel/dev_ws/install/xarm_msgs/include/xarm_msgs/xarm_msgs/srv/detail/set_modbus_timeout__type_support.cpp
[26.110s] -- Installing: /home/benongnuel/dev_ws/install/xarm_msgs/include/xarm_msgs/xarm_msgs/srv/detail/set_int32_by_type__rosidl_typesupport_introspection_cpp.hpp
[26.110s] -- Installing: /home/benongnuel/dev_ws/install/xarm_msgs/include/xarm_msgs/xarm_msgs/srv/detail/set_int32_by_type__type_support.cpp
[26.110s] -- Installing: /home/benongnuel/dev_ws/install/xarm_msgs/include/xarm_msgs/xarm_msgs/srv/detail/set_analog_io__rosidl_typesupport_introspection_cpp.hpp
[26.110s] -- Installing: /home/benongnuel/dev_ws/install/xarm_msgs/include/xarm_msgs/xarm_msgs/srv/detail/get_float32_list__rosidl_typesupport_introspection_cpp.hpp
[26.110s] -- Installing: /home/benongnuel/dev_ws/install/xarm_msgs/include/xarm_msgs/xarm_msgs/srv/detail/get_int16_list__rosidl_typesupport_introspection_cpp.hpp
[26.110s] -- Installing: /home/benongnuel/dev_ws/install/xarm_msgs/include/xarm_msgs/xarm_msgs/srv/detail/linear_track_set_pos__type_support.cpp
[26.110s] -- Installing: /home/benongnuel/dev_ws/install/xarm_msgs/include/xarm_msgs/xarm_msgs/srv/detail/get_float32__rosidl_typesupport_introspection_cpp.hpp
[26.110s] -- Installing: /home/benongnuel/dev_ws/install/xarm_msgs/include/xarm_msgs/xarm_msgs/srv/detail/bio_gripper_ctrl__rosidl_typesupport_introspection_cpp.hpp
[26.110s] -- Installing: /home/benongnuel/dev_ws/install/xarm_msgs/include/xarm_msgs/xarm_msgs/srv/detail/ft_impedance__type_support.cpp
[26.110s] -- Installing: /home/benongnuel/dev_ws/install/xarm_msgs/include/xarm_msgs/xarm_msgs/srv/detail/get_digital_io__type_support.cpp
[26.110s] -- Installing: /home/benongnuel/dev_ws/install/xarm_msgs/include/xarm_msgs/xarm_msgs/srv/detail/get_analog_io__rosidl_typesupport_introspection_cpp.hpp
[26.110s] -- Installing: /home/benongnuel/dev_ws/install/xarm_msgs/include/xarm_msgs/xarm_msgs/srv/detail/move_home__rosidl_typesupport_introspection_cpp.hpp
[26.110s] -- Up-to-date: /home/benongnuel/dev_ws/install/xarm_msgs/include/xarm_msgs/xarm_msgs/msg
[26.110s] -- Up-to-date: /home/benongnuel/dev_ws/install/xarm_msgs/include/xarm_msgs/xarm_msgs/msg/detail
[26.110s] -- Installing: /home/benongnuel/dev_ws/install/xarm_msgs/include/xarm_msgs/xarm_msgs/msg/detail/move_velocity__rosidl_typesupport_introspection_cpp.hpp
[26.110s] -- Installing: /home/benongnuel/dev_ws/install/xarm_msgs/include/xarm_msgs/xarm_msgs/msg/detail/io_state__type_support.cpp
[26.110s] -- Installing: /home/benongnuel/dev_ws/install/xarm_msgs/include/xarm_msgs/xarm_msgs/msg/detail/move_velocity__type_support.cpp
[26.110s] -- Installing: /home/benongnuel/dev_ws/install/xarm_msgs/include/xarm_msgs/xarm_msgs/msg/detail/robot_msg__rosidl_typesupport_introspection_cpp.hpp
[26.110s] -- Installing: /home/benongnuel/dev_ws/install/xarm_msgs/include/xarm_msgs/xarm_msgs/msg/detail/robot_msg__type_support.cpp
[26.110s] -- Installing: /home/benongnuel/dev_ws/install/xarm_msgs/include/xarm_msgs/xarm_msgs/msg/detail/cio_state__type_support.cpp
[26.110s] -- Installing: /home/benongnuel/dev_ws/install/xarm_msgs/include/xarm_msgs/xarm_msgs/msg/detail/cio_state__rosidl_typesupport_introspection_cpp.hpp
[26.110s] -- Installing: /home/benongnuel/dev_ws/install/xarm_msgs/include/xarm_msgs/xarm_msgs/msg/detail/io_state__rosidl_typesupport_introspection_cpp.hpp
[26.110s] -- Installing: /home/benongnuel/dev_ws/install/xarm_msgs/lib/libxarm_msgs__rosidl_typesupport_introspection_cpp.so
[26.110s] -- Set runtime path of "/home/benongnuel/dev_ws/install/xarm_msgs/lib/libxarm_msgs__rosidl_typesupport_introspection_cpp.so" to ""
[26.110s] -- Installing: /home/benongnuel/dev_ws/install/xarm_msgs/lib/libxarm_msgs__rosidl_typesupport_cpp.so
[26.110s] -- Set runtime path of "/home/benongnuel/dev_ws/install/xarm_msgs/lib/libxarm_msgs__rosidl_typesupport_cpp.so" to ""
[26.110s] -- Installing: /home/benongnuel/dev_ws/install/xarm_msgs/share/xarm_msgs/environment/pythonpath.sh
[26.110s] -- Installing: /home/benongnuel/dev_ws/install/xarm_msgs/share/xarm_msgs/environment/pythonpath.dsv
[26.111s] -- Installing: /home/benongnuel/dev_ws/install/xarm_msgs/local/lib/python3.10/dist-packages/xarm_msgs-0.0.0-py3.10.egg-info
[26.111s] -- Installing: /home/benongnuel/dev_ws/install/xarm_msgs/local/lib/python3.10/dist-packages/xarm_msgs-0.0.0-py3.10.egg-info/SOURCES.txt
[26.111s] -- Installing: /home/benongnuel/dev_ws/install/xarm_msgs/local/lib/python3.10/dist-packages/xarm_msgs-0.0.0-py3.10.egg-info/dependency_links.txt
[26.111s] -- Installing: /home/benongnuel/dev_ws/install/xarm_msgs/local/lib/python3.10/dist-packages/xarm_msgs-0.0.0-py3.10.egg-info/PKG-INFO
[26.111s] -- Installing: /home/benongnuel/dev_ws/install/xarm_msgs/local/lib/python3.10/dist-packages/xarm_msgs-0.0.0-py3.10.egg-info/top_level.txt
[26.111s] -- Installing: /home/benongnuel/dev_ws/install/xarm_msgs/local/lib/python3.10/dist-packages/xarm_msgs
[26.111s] -- Installing: /home/benongnuel/dev_ws/install/xarm_msgs/local/lib/python3.10/dist-packages/xarm_msgs/_xarm_msgs_s.ep.rosidl_typesupport_introspection_c.c
[26.111s] -- Installing: /home/benongnuel/dev_ws/install/xarm_msgs/local/lib/python3.10/dist-packages/xarm_msgs/_xarm_msgs_s.ep.rosidl_typesupport_fastrtps_c.c
[26.111s] -- Installing: /home/benongnuel/dev_ws/install/xarm_msgs/local/lib/python3.10/dist-packages/xarm_msgs/srv
[26.111s] -- Installing: /home/benongnuel/dev_ws/install/xarm_msgs/local/lib/python3.10/dist-packages/xarm_msgs/srv/_set_tcp_load.py
[26.111s] -- Installing: /home/benongnuel/dev_ws/install/xarm_msgs/local/lib/python3.10/dist-packages/xarm_msgs/srv/_gripper_move_s.c
[26.111s] -- Installing: /home/benongnuel/dev_ws/install/xarm_msgs/local/lib/python3.10/dist-packages/xarm_msgs/srv/_move_velocity_s.c
[26.111s] -- Installing: /home/benongnuel/dev_ws/install/xarm_msgs/local/lib/python3.10/dist-packages/xarm_msgs/srv/_linear_track_back_origin_s.c
[26.111s] -- Installing: /home/benongnuel/dev_ws/install/xarm_msgs/local/lib/python3.10/dist-packages/xarm_msgs/srv/_robotiq_move.py
[26.111s] -- Installing: /home/benongnuel/dev_ws/install/xarm_msgs/local/lib/python3.10/dist-packages/xarm_msgs/srv/_set_modbus_timeout_s.c
[26.111s] -- Installing: /home/benongnuel/dev_ws/install/xarm_msgs/local/lib/python3.10/dist-packages/xarm_msgs/srv/_ft_force_pid_s.c
[26.111s] -- Installing: /home/benongnuel/dev_ws/install/xarm_msgs/local/lib/python3.10/dist-packages/xarm_msgs/srv/_move_circle.py
[26.111s] -- Installing: /home/benongnuel/dev_ws/install/xarm_msgs/local/lib/python3.10/dist-packages/xarm_msgs/srv/_linear_track_set_pos_s.c
[26.111s] -- Installing: /home/benongnuel/dev_ws/install/xarm_msgs/local/lib/python3.10/dist-packages/xarm_msgs/srv/_set_int16_list.py
[26.111s] -- Installing: /home/benongnuel/dev_ws/install/xarm_msgs/local/lib/python3.10/dist-packages/xarm_msgs/srv/_get_float32.py
[26.111s] -- Installing: /home/benongnuel/dev_ws/install/xarm_msgs/local/lib/python3.10/dist-packages/xarm_msgs/srv/_ft_force_config_s.c
[26.111s] -- Installing: /home/benongnuel/dev_ws/install/xarm_msgs/local/lib/python3.10/dist-packages/xarm_msgs/srv/_move_circle_s.c
[26.111s] -- Installing: /home/benongnuel/dev_ws/install/xarm_msgs/local/lib/python3.10/dist-packages/xarm_msgs/srv/_plan_exec.py
[26.111s] -- Installing: /home/benongnuel/dev_ws/install/xarm_msgs/local/lib/python3.10/dist-packages/xarm_msgs/srv/_ft_impedance.py
[26.111s] -- Installing: /home/benongnuel/dev_ws/install/xarm_msgs/local/lib/python3.10/dist-packages/xarm_msgs/srv/_set_int32_s.c
[26.111s] -- Installing: /home/benongnuel/dev_ws/install/xarm_msgs/local/lib/python3.10/dist-packages/xarm_msgs/srv/_get_digital_io_s.c
[26.111s] -- Installing: /home/benongnuel/dev_ws/install/xarm_msgs/local/lib/python3.10/dist-packages/xarm_msgs/srv/_robotiq_activate_s.c
[26.111s] -- Installing: /home/benongnuel/dev_ws/install/xarm_msgs/local/lib/python3.10/dist-packages/xarm_msgs/srv/_bio_gripper_ctrl_s.c
[26.111s] -- Installing: /home/benongnuel/dev_ws/install/xarm_msgs/local/lib/python3.10/dist-packages/xarm_msgs/srv/_set_int16_s.c
[26.111s] -- Installing: /home/benongnuel/dev_ws/install/xarm_msgs/local/lib/python3.10/dist-packages/xarm_msgs/srv/_get_int16.py
[26.111s] -- Installing: /home/benongnuel/dev_ws/install/xarm_msgs/local/lib/python3.10/dist-packages/xarm_msgs/srv/_robotiq_get_status.py
[26.111s] -- Installing: /home/benongnuel/dev_ws/install/xarm_msgs/local/lib/python3.10/dist-packages/xarm_msgs/srv/_ft_cali_load_s.c
[26.111s] -- Installing: /home/benongnuel/dev_ws/install/xarm_msgs/local/lib/python3.10/dist-packages/xarm_msgs/srv/_get_float32_list_s.c
[26.111s] -- Installing: /home/benongnuel/dev_ws/install/xarm_msgs/local/lib/python3.10/dist-packages/xarm_msgs/srv/_get_float32_list.py
[26.111s] -- Installing: /home/benongnuel/dev_ws/install/xarm_msgs/local/lib/python3.10/dist-packages/xarm_msgs/srv/_ft_force_config.py
[26.111s] -- Installing: /home/benongnuel/dev_ws/install/xarm_msgs/local/lib/python3.10/dist-packages/xarm_msgs/srv/_get_int32_s.c
[26.111s] -- Installing: /home/benongnuel/dev_ws/install/xarm_msgs/local/lib/python3.10/dist-packages/xarm_msgs/srv/_bio_gripper_ctrl.py
[26.111s] -- Installing: /home/benongnuel/dev_ws/install/xarm_msgs/local/lib/python3.10/dist-packages/xarm_msgs/srv/_get_int32_by_type.py
[26.112s] -- Installing: /home/benongnuel/dev_ws/install/xarm_msgs/local/lib/python3.10/dist-packages/xarm_msgs/srv/_gripper_move.py
[26.112s] -- Installing: /home/benongnuel/dev_ws/install/xarm_msgs/local/lib/python3.10/dist-packages/xarm_msgs/srv/_call_s.c
[26.112s] -- Installing: /home/benongnuel/dev_ws/install/xarm_msgs/local/lib/python3.10/dist-packages/xarm_msgs/srv/_ft_force_pid.py
[26.112s] -- Installing: /home/benongnuel/dev_ws/install/xarm_msgs/local/lib/python3.10/dist-packages/xarm_msgs/srv/_set_analog_io.py
[26.112s] -- Installing: /home/benongnuel/dev_ws/install/xarm_msgs/local/lib/python3.10/dist-packages/xarm_msgs/srv/_plan_single_straight_s.c
[26.112s] -- Installing: /home/benongnuel/dev_ws/install/xarm_msgs/local/lib/python3.10/dist-packages/xarm_msgs/srv/_linear_track_set_pos.py
[26.112s] -- Installing: /home/benongnuel/dev_ws/install/xarm_msgs/local/lib/python3.10/dist-packages/xarm_msgs/srv/_robotiq_reset_s.c
[26.112s] -- Installing: /home/benongnuel/dev_ws/install/xarm_msgs/local/lib/python3.10/dist-packages/xarm_msgs/srv/_set_int32_by_type_s.c
[26.112s] -- Installing: /home/benongnuel/dev_ws/install/xarm_msgs/local/lib/python3.10/dist-packages/xarm_msgs/srv/_set_int16_by_id.py
[26.112s] -- Installing: /home/benongnuel/dev_ws/install/xarm_msgs/local/lib/python3.10/dist-packages/xarm_msgs/srv/_get_analog_io_s.c
[26.112s] -- Installing: /home/benongnuel/dev_ws/install/xarm_msgs/local/lib/python3.10/dist-packages/xarm_msgs/srv/_move_joint_s.c
[26.112s] -- Installing: /home/benongnuel/dev_ws/install/xarm_msgs/local/lib/python3.10/dist-packages/xarm_msgs/srv/_traj_ctrl.py
[26.112s] -- Installing: /home/benongnuel/dev_ws/install/xarm_msgs/local/lib/python3.10/dist-packages/xarm_msgs/srv/_robotiq_activate.py
[26.112s] -- Installing: /home/benongnuel/dev_ws/install/xarm_msgs/local/lib/python3.10/dist-packages/xarm_msgs/srv/_vacuum_gripper_ctrl.py
[26.112s] -- Installing: /home/benongnuel/dev_ws/install/xarm_msgs/local/lib/python3.10/dist-packages/xarm_msgs/srv/_set_digital_io_s.c
[26.112s] -- Installing: /home/benongnuel/dev_ws/install/xarm_msgs/local/lib/python3.10/dist-packages/xarm_msgs/srv/_plan_joint.py
[26.112s] -- Installing: /home/benongnuel/dev_ws/install/xarm_msgs/local/lib/python3.10/dist-packages/xarm_msgs/srv/_robotiq_move_s.c
[26.112s] -- Installing: /home/benongnuel/dev_ws/install/xarm_msgs/local/lib/python3.10/dist-packages/xarm_msgs/srv/_robotiq_reset.py
[26.112s] -- Installing: /home/benongnuel/dev_ws/install/xarm_msgs/local/lib/python3.10/dist-packages/xarm_msgs/srv/_vacuum_gripper_ctrl_s.c
[26.112s] -- Installing: /home/benongnuel/dev_ws/install/xarm_msgs/local/lib/python3.10/dist-packages/xarm_msgs/srv/_bio_gripper_enable_s.c
[26.112s] -- Installing: /home/benongnuel/dev_ws/install/xarm_msgs/local/lib/python3.10/dist-packages/xarm_msgs/srv/_traj_ctrl_s.c
[26.112s] -- Installing: /home/benongnuel/dev_ws/install/xarm_msgs/local/lib/python3.10/dist-packages/xarm_msgs/srv/_ft_cali_load.py
[26.112s] -- Installing: /home/benongnuel/dev_ws/install/xarm_msgs/local/lib/python3.10/dist-packages/xarm_msgs/srv/_set_float32_list.py
[26.112s] -- Installing: /home/benongnuel/dev_ws/install/xarm_msgs/local/lib/python3.10/dist-packages/xarm_msgs/srv/_get_set_modbus_data.py
[26.112s] -- Installing: /home/benongnuel/dev_ws/install/xarm_msgs/local/lib/python3.10/dist-packages/xarm_msgs/srv/_set_int16_by_id_s.c
[26.112s] -- Installing: /home/benongnuel/dev_ws/install/xarm_msgs/local/lib/python3.10/dist-packages/xarm_msgs/srv/_plan_pose.py
[26.112s] -- Installing: /home/benongnuel/dev_ws/install/xarm_msgs/local/lib/python3.10/dist-packages/xarm_msgs/srv/_get_int16_list_s.c
[26.112s] -- Installing: /home/benongnuel/dev_ws/install/xarm_msgs/local/lib/python3.10/dist-packages/xarm_msgs/srv/_iden_load_s.c
[26.112s] -- Installing: /home/benongnuel/dev_ws/install/xarm_msgs/local/lib/python3.10/dist-packages/xarm_msgs/srv/__init__.py
[26.112s] -- Installing: /home/benongnuel/dev_ws/install/xarm_msgs/local/lib/python3.10/dist-packages/xarm_msgs/srv/_set_float32_list_s.c
[26.112s] -- Installing: /home/benongnuel/dev_ws/install/xarm_msgs/local/lib/python3.10/dist-packages/xarm_msgs/srv/_get_int32.py
[26.112s] -- Installing: /home/benongnuel/dev_ws/install/xarm_msgs/local/lib/python3.10/dist-packages/xarm_msgs/srv/_move_cartesian.py
[26.112s] -- Installing: /home/benongnuel/dev_ws/install/xarm_msgs/local/lib/python3.10/dist-packages/xarm_msgs/srv/_move_cartesian_s.c
[26.112s] -- Installing: /home/benongnuel/dev_ws/install/xarm_msgs/local/lib/python3.10/dist-packages/xarm_msgs/srv/_linear_track_back_origin.py
[26.112s] -- Installing: /home/benongnuel/dev_ws/install/xarm_msgs/local/lib/python3.10/dist-packages/xarm_msgs/srv/_plan_pose_s.c
[26.113s] -- Installing: /home/benongnuel/dev_ws/install/xarm_msgs/local/lib/python3.10/dist-packages/xarm_msgs/srv/_set_modbus_timeout.py
[26.113s] -- Installing: /home/benongnuel/dev_ws/install/xarm_msgs/local/lib/python3.10/dist-packages/xarm_msgs/srv/_traj_play.py
[26.113s] -- Installing: /home/benongnuel/dev_ws/install/xarm_msgs/local/lib/python3.10/dist-packages/xarm_msgs/srv/_set_int16_list_s.c
[26.113s] -- Installing: /home/benongnuel/dev_ws/install/xarm_msgs/local/lib/python3.10/dist-packages/xarm_msgs/srv/_ft_impedance_s.c
[26.113s] -- Installing: /home/benongnuel/dev_ws/install/xarm_msgs/local/lib/python3.10/dist-packages/xarm_msgs/srv/_get_digital_io.py
[26.113s] -- Installing: /home/benongnuel/dev_ws/install/xarm_msgs/local/lib/python3.10/dist-packages/xarm_msgs/srv/_plan_single_straight.py
[26.113s] -- Installing: /home/benongnuel/dev_ws/install/xarm_msgs/local/lib/python3.10/dist-packages/xarm_msgs/srv/_get_float32_s.c
[26.113s] -- Installing: /home/benongnuel/dev_ws/install/xarm_msgs/local/lib/python3.10/dist-packages/xarm_msgs/srv/_set_int32_by_type.py
[26.113s] -- Installing: /home/benongnuel/dev_ws/install/xarm_msgs/local/lib/python3.10/dist-packages/xarm_msgs/srv/_move_home.py
[26.113s] -- Installing: /home/benongnuel/dev_ws/install/xarm_msgs/local/lib/python3.10/dist-packages/xarm_msgs/srv/_move_joint.py
[26.113s] -- Installing: /home/benongnuel/dev_ws/install/xarm_msgs/local/lib/python3.10/dist-packages/xarm_msgs/srv/_move_home_s.c
[26.113s] -- Installing: /home/benongnuel/dev_ws/install/xarm_msgs/local/lib/python3.10/dist-packages/xarm_msgs/srv/_get_analog_io.py
[26.113s] -- Installing: /home/benongnuel/dev_ws/install/xarm_msgs/local/lib/python3.10/dist-packages/xarm_msgs/srv/_set_int32.py
[26.113s] -- Installing: /home/benongnuel/dev_ws/install/xarm_msgs/local/lib/python3.10/dist-packages/xarm_msgs/srv/_get_int16_s.c
[26.113s] -- Installing: /home/benongnuel/dev_ws/install/xarm_msgs/local/lib/python3.10/dist-packages/xarm_msgs/srv/_get_set_modbus_data_s.c
[26.113s] -- Installing: /home/benongnuel/dev_ws/install/xarm_msgs/local/lib/python3.10/dist-packages/xarm_msgs/srv/_bio_gripper_enable.py
[26.113s] -- Installing: /home/benongnuel/dev_ws/install/xarm_msgs/local/lib/python3.10/dist-packages/xarm_msgs/srv/_set_digital_io.py
[26.113s] -- Installing: /home/benongnuel/dev_ws/install/xarm_msgs/local/lib/python3.10/dist-packages/xarm_msgs/srv/_set_int16.py
[26.113s] -- Installing: /home/benongnuel/dev_ws/install/xarm_msgs/local/lib/python3.10/dist-packages/xarm_msgs/srv/_set_float32_s.c
[26.113s] -- Installing: /home/benongnuel/dev_ws/install/xarm_msgs/local/lib/python3.10/dist-packages/xarm_msgs/srv/_move_velocity.py
[26.113s] -- Installing: /home/benongnuel/dev_ws/install/xarm_msgs/local/lib/python3.10/dist-packages/xarm_msgs/srv/_plan_joint_s.c
[26.113s] -- Installing: /home/benongnuel/dev_ws/install/xarm_msgs/local/lib/python3.10/dist-packages/xarm_msgs/srv/_set_analog_io_s.c
[26.113s] -- Installing: /home/benongnuel/dev_ws/install/xarm_msgs/local/lib/python3.10/dist-packages/xarm_msgs/srv/_get_int16_list.py
[26.113s] -- Installing: /home/benongnuel/dev_ws/install/xarm_msgs/local/lib/python3.10/dist-packages/xarm_msgs/srv/_set_float32.py
[26.113s] -- Installing: /home/benongnuel/dev_ws/install/xarm_msgs/local/lib/python3.10/dist-packages/xarm_msgs/srv/_plan_exec_s.c
[26.113s] -- Installing: /home/benongnuel/dev_ws/install/xarm_msgs/local/lib/python3.10/dist-packages/xarm_msgs/srv/_iden_load.py
[26.113s] -- Installing: /home/benongnuel/dev_ws/install/xarm_msgs/local/lib/python3.10/dist-packages/xarm_msgs/srv/_get_int32_by_type_s.c
[26.113s] -- Installing: /home/benongnuel/dev_ws/install/xarm_msgs/local/lib/python3.10/dist-packages/xarm_msgs/srv/_robotiq_get_status_s.c
[26.113s] -- Installing: /home/benongnuel/dev_ws/install/xarm_msgs/local/lib/python3.10/dist-packages/xarm_msgs/srv/_call.py
[26.113s] -- Installing: /home/benongnuel/dev_ws/install/xarm_msgs/local/lib/python3.10/dist-packages/xarm_msgs/srv/_traj_play_s.c
[26.113s] -- Installing: /home/benongnuel/dev_ws/install/xarm_msgs/local/lib/python3.10/dist-packages/xarm_msgs/srv/_set_tcp_load_s.c
[26.113s] -- Installing: /home/benongnuel/dev_ws/install/xarm_msgs/local/lib/python3.10/dist-packages/xarm_msgs/xarm_msgs_s__rosidl_typesupport_fastrtps_c.cpython-310-x86_64-linux-gnu.so
[26.113s] -- Installing: /home/benongnuel/dev_ws/install/xarm_msgs/local/lib/python3.10/dist-packages/xarm_msgs/__init__.py
[26.114s] -- Installing: /home/benongnuel/dev_ws/install/xarm_msgs/local/lib/python3.10/dist-packages/xarm_msgs/xarm_msgs_s__rosidl_typesupport_c.cpython-310-x86_64-linux-gnu.so
[26.114s] -- Installing: /home/benongnuel/dev_ws/install/xarm_msgs/local/lib/python3.10/dist-packages/xarm_msgs/msg
[26.114s] -- Installing: /home/benongnuel/dev_ws/install/xarm_msgs/local/lib/python3.10/dist-packages/xarm_msgs/msg/_move_velocity_s.c
[26.114s] -- Installing: /home/benongnuel/dev_ws/install/xarm_msgs/local/lib/python3.10/dist-packages/xarm_msgs/msg/_cio_state.py
[26.114s] -- Installing: /home/benongnuel/dev_ws/install/xarm_msgs/local/lib/python3.10/dist-packages/xarm_msgs/msg/_io_state.py
[26.114s] -- Installing: /home/benongnuel/dev_ws/install/xarm_msgs/local/lib/python3.10/dist-packages/xarm_msgs/msg/__init__.py
[26.114s] -- Installing: /home/benongnuel/dev_ws/install/xarm_msgs/local/lib/python3.10/dist-packages/xarm_msgs/msg/_robot_msg.py
[26.114s] -- Installing: /home/benongnuel/dev_ws/install/xarm_msgs/local/lib/python3.10/dist-packages/xarm_msgs/msg/_io_state_s.c
[26.114s] -- Installing: /home/benongnuel/dev_ws/install/xarm_msgs/local/lib/python3.10/dist-packages/xarm_msgs/msg/_robot_msg_s.c
[26.114s] -- Installing: /home/benongnuel/dev_ws/install/xarm_msgs/local/lib/python3.10/dist-packages/xarm_msgs/msg/_move_velocity.py
[26.114s] -- Installing: /home/benongnuel/dev_ws/install/xarm_msgs/local/lib/python3.10/dist-packages/xarm_msgs/msg/_cio_state_s.c
[26.114s] -- Installing: /home/benongnuel/dev_ws/install/xarm_msgs/local/lib/python3.10/dist-packages/xarm_msgs/_xarm_msgs_s.ep.rosidl_typesupport_c.c
[26.114s] -- Installing: /home/benongnuel/dev_ws/install/xarm_msgs/local/lib/python3.10/dist-packages/xarm_msgs/libxarm_msgs__rosidl_generator_py.so
[26.114s] -- Installing: /home/benongnuel/dev_ws/install/xarm_msgs/local/lib/python3.10/dist-packages/xarm_msgs/xarm_msgs_s__rosidl_typesupport_introspection_c.cpython-310-x86_64-linux-gnu.so
[26.192s] Listing '/home/benongnuel/dev_ws/install/xarm_msgs/local/lib/python3.10/dist-packages/xarm_msgs'...
[26.192s] Compiling '/home/benongnuel/dev_ws/install/xarm_msgs/local/lib/python3.10/dist-packages/xarm_msgs/__init__.py'...
[26.192s] Listing '/home/benongnuel/dev_ws/install/xarm_msgs/local/lib/python3.10/dist-packages/xarm_msgs/msg'...
[26.192s] Compiling '/home/benongnuel/dev_ws/install/xarm_msgs/local/lib/python3.10/dist-packages/xarm_msgs/msg/__init__.py'...
[26.192s] Compiling '/home/benongnuel/dev_ws/install/xarm_msgs/local/lib/python3.10/dist-packages/xarm_msgs/msg/_cio_state.py'...
[26.192s] Compiling '/home/benongnuel/dev_ws/install/xarm_msgs/local/lib/python3.10/dist-packages/xarm_msgs/msg/_io_state.py'...
[26.192s] Compiling '/home/benongnuel/dev_ws/install/xarm_msgs/local/lib/python3.10/dist-packages/xarm_msgs/msg/_move_velocity.py'...
[26.192s] Compiling '/home/benongnuel/dev_ws/install/xarm_msgs/local/lib/python3.10/dist-packages/xarm_msgs/msg/_robot_msg.py'...
[26.192s] Listing '/home/benongnuel/dev_ws/install/xarm_msgs/local/lib/python3.10/dist-packages/xarm_msgs/srv'...
[26.192s] Compiling '/home/benongnuel/dev_ws/install/xarm_msgs/local/lib/python3.10/dist-packages/xarm_msgs/srv/__init__.py'...
[26.192s] Compiling '/home/benongnuel/dev_ws/install/xarm_msgs/local/lib/python3.10/dist-packages/xarm_msgs/srv/_bio_gripper_ctrl.py'...
[26.192s] Compiling '/home/benongnuel/dev_ws/install/xarm_msgs/local/lib/python3.10/dist-packages/xarm_msgs/srv/_bio_gripper_enable.py'...
[26.192s] Compiling '/home/benongnuel/dev_ws/install/xarm_msgs/local/lib/python3.10/dist-packages/xarm_msgs/srv/_call.py'...
[26.192s] Compiling '/home/benongnuel/dev_ws/install/xarm_msgs/local/lib/python3.10/dist-packages/xarm_msgs/srv/_ft_cali_load.py'...
[26.192s] Compiling '/home/benongnuel/dev_ws/install/xarm_msgs/local/lib/python3.10/dist-packages/xarm_msgs/srv/_ft_force_config.py'...
[26.193s] Compiling '/home/benongnuel/dev_ws/install/xarm_msgs/local/lib/python3.10/dist-packages/xarm_msgs/srv/_ft_force_pid.py'...
[26.193s] Compiling '/home/benongnuel/dev_ws/install/xarm_msgs/local/lib/python3.10/dist-packages/xarm_msgs/srv/_ft_impedance.py'...
[26.193s] Compiling '/home/benongnuel/dev_ws/install/xarm_msgs/local/lib/python3.10/dist-packages/xarm_msgs/srv/_get_analog_io.py'...
[26.193s] Compiling '/home/benongnuel/dev_ws/install/xarm_msgs/local/lib/python3.10/dist-packages/xarm_msgs/srv/_get_digital_io.py'...
[26.193s] Compiling '/home/benongnuel/dev_ws/install/xarm_msgs/local/lib/python3.10/dist-packages/xarm_msgs/srv/_get_float32.py'...
[26.193s] Compiling '/home/benongnuel/dev_ws/install/xarm_msgs/local/lib/python3.10/dist-packages/xarm_msgs/srv/_get_float32_list.py'...
[26.193s] Compiling '/home/benongnuel/dev_ws/install/xarm_msgs/local/lib/python3.10/dist-packages/xarm_msgs/srv/_get_int16.py'...
[26.193s] Compiling '/home/benongnuel/dev_ws/install/xarm_msgs/local/lib/python3.10/dist-packages/xarm_msgs/srv/_get_int16_list.py'...
[26.193s] Compiling '/home/benongnuel/dev_ws/install/xarm_msgs/local/lib/python3.10/dist-packages/xarm_msgs/srv/_get_int32.py'...
[26.193s] Compiling '/home/benongnuel/dev_ws/install/xarm_msgs/local/lib/python3.10/dist-packages/xarm_msgs/srv/_get_int32_by_type.py'...
[26.193s] Compiling '/home/benongnuel/dev_ws/install/xarm_msgs/local/lib/python3.10/dist-packages/xarm_msgs/srv/_get_set_modbus_data.py'...
[26.193s] Compiling '/home/benongnuel/dev_ws/install/xarm_msgs/local/lib/python3.10/dist-packages/xarm_msgs/srv/_gripper_move.py'...
[26.193s] Compiling '/home/benongnuel/dev_ws/install/xarm_msgs/local/lib/python3.10/dist-packages/xarm_msgs/srv/_iden_load.py'...
[26.193s] Compiling '/home/benongnuel/dev_ws/install/xarm_msgs/local/lib/python3.10/dist-packages/xarm_msgs/srv/_linear_track_back_origin.py'...
[26.193s] Compiling '/home/benongnuel/dev_ws/install/xarm_msgs/local/lib/python3.10/dist-packages/xarm_msgs/srv/_linear_track_set_pos.py'...
[26.193s] Compiling '/home/benongnuel/dev_ws/install/xarm_msgs/local/lib/python3.10/dist-packages/xarm_msgs/srv/_move_cartesian.py'...
[26.193s] Compiling '/home/benongnuel/dev_ws/install/xarm_msgs/local/lib/python3.10/dist-packages/xarm_msgs/srv/_move_circle.py'...
[26.193s] Compiling '/home/benongnuel/dev_ws/install/xarm_msgs/local/lib/python3.10/dist-packages/xarm_msgs/srv/_move_home.py'...
[26.194s] Compiling '/home/benongnuel/dev_ws/install/xarm_msgs/local/lib/python3.10/dist-packages/xarm_msgs/srv/_move_joint.py'...
[26.194s] Compiling '/home/benongnuel/dev_ws/install/xarm_msgs/local/lib/python3.10/dist-packages/xarm_msgs/srv/_move_velocity.py'...
[26.194s] Compiling '/home/benongnuel/dev_ws/install/xarm_msgs/local/lib/python3.10/dist-packages/xarm_msgs/srv/_plan_exec.py'...
[26.194s] Compiling '/home/benongnuel/dev_ws/install/xarm_msgs/local/lib/python3.10/dist-packages/xarm_msgs/srv/_plan_joint.py'...
[26.194s] Compiling '/home/benongnuel/dev_ws/install/xarm_msgs/local/lib/python3.10/dist-packages/xarm_msgs/srv/_plan_pose.py'...
[26.194s] Compiling '/home/benongnuel/dev_ws/install/xarm_msgs/local/lib/python3.10/dist-packages/xarm_msgs/srv/_plan_single_straight.py'...
[26.194s] Compiling '/home/benongnuel/dev_ws/install/xarm_msgs/local/lib/python3.10/dist-packages/xarm_msgs/srv/_robotiq_activate.py'...
[26.194s] Compiling '/home/benongnuel/dev_ws/install/xarm_msgs/local/lib/python3.10/dist-packages/xarm_msgs/srv/_robotiq_get_status.py'...
[26.194s] Compiling '/home/benongnuel/dev_ws/install/xarm_msgs/local/lib/python3.10/dist-packages/xarm_msgs/srv/_robotiq_move.py'...
[26.194s] Compiling '/home/benongnuel/dev_ws/install/xarm_msgs/local/lib/python3.10/dist-packages/xarm_msgs/srv/_robotiq_reset.py'...
[26.194s] Compiling '/home/benongnuel/dev_ws/install/xarm_msgs/local/lib/python3.10/dist-packages/xarm_msgs/srv/_set_analog_io.py'...
[26.194s] Compiling '/home/benongnuel/dev_ws/install/xarm_msgs/local/lib/python3.10/dist-packages/xarm_msgs/srv/_set_digital_io.py'...
[26.194s] Compiling '/home/benongnuel/dev_ws/install/xarm_msgs/local/lib/python3.10/dist-packages/xarm_msgs/srv/_set_float32.py'...
[26.194s] Compiling '/home/benongnuel/dev_ws/install/xarm_msgs/local/lib/python3.10/dist-packages/xarm_msgs/srv/_set_float32_list.py'...
[26.194s] Compiling '/home/benongnuel/dev_ws/install/xarm_msgs/local/lib/python3.10/dist-packages/xarm_msgs/srv/_set_int16.py'...
[26.194s] Compiling '/home/benongnuel/dev_ws/install/xarm_msgs/local/lib/python3.10/dist-packages/xarm_msgs/srv/_set_int16_by_id.py'...
[26.194s] Compiling '/home/benongnuel/dev_ws/install/xarm_msgs/local/lib/python3.10/dist-packages/xarm_msgs/srv/_set_int16_list.py'...
[26.194s] Compiling '/home/benongnuel/dev_ws/install/xarm_msgs/local/lib/python3.10/dist-packages/xarm_msgs/srv/_set_int32.py'...
[26.194s] Compiling '/home/benongnuel/dev_ws/install/xarm_msgs/local/lib/python3.10/dist-packages/xarm_msgs/srv/_set_int32_by_type.py'...
[26.195s] Compiling '/home/benongnuel/dev_ws/install/xarm_msgs/local/lib/python3.10/dist-packages/xarm_msgs/srv/_set_modbus_timeout.py'...
[26.195s] Compiling '/home/benongnuel/dev_ws/install/xarm_msgs/local/lib/python3.10/dist-packages/xarm_msgs/srv/_set_tcp_load.py'...
[26.195s] Compiling '/home/benongnuel/dev_ws/install/xarm_msgs/local/lib/python3.10/dist-packages/xarm_msgs/srv/_traj_ctrl.py'...
[26.195s] Compiling '/home/benongnuel/dev_ws/install/xarm_msgs/local/lib/python3.10/dist-packages/xarm_msgs/srv/_traj_play.py'...
[26.195s] Compiling '/home/benongnuel/dev_ws/install/xarm_msgs/local/lib/python3.10/dist-packages/xarm_msgs/srv/_vacuum_gripper_ctrl.py'...
[26.195s] -- Installing: /home/benongnuel/dev_ws/install/xarm_msgs/local/lib/python3.10/dist-packages/xarm_msgs/xarm_msgs_s__rosidl_typesupport_fastrtps_c.cpython-310-x86_64-linux-gnu.so
[26.195s] -- Set runtime path of "/home/benongnuel/dev_ws/install/xarm_msgs/local/lib/python3.10/dist-packages/xarm_msgs/xarm_msgs_s__rosidl_typesupport_fastrtps_c.cpython-310-x86_64-linux-gnu.so" to ""
[26.195s] -- Installing: /home/benongnuel/dev_ws/install/xarm_msgs/local/lib/python3.10/dist-packages/xarm_msgs/xarm_msgs_s__rosidl_typesupport_introspection_c.cpython-310-x86_64-linux-gnu.so
[26.196s] -- Set runtime path of "/home/benongnuel/dev_ws/install/xarm_msgs/local/lib/python3.10/dist-packages/xarm_msgs/xarm_msgs_s__rosidl_typesupport_introspection_c.cpython-310-x86_64-linux-gnu.so" to ""
[26.196s] -- Installing: /home/benongnuel/dev_ws/install/xarm_msgs/local/lib/python3.10/dist-packages/xarm_msgs/xarm_msgs_s__rosidl_typesupport_c.cpython-310-x86_64-linux-gnu.so
[26.196s] -- Set runtime path of "/home/benongnuel/dev_ws/install/xarm_msgs/local/lib/python3.10/dist-packages/xarm_msgs/xarm_msgs_s__rosidl_typesupport_c.cpython-310-x86_64-linux-gnu.so" to ""
[26.196s] -- Installing: /home/benongnuel/dev_ws/install/xarm_msgs/lib/libxarm_msgs__rosidl_generator_py.so
[26.197s] -- Set runtime path of "/home/benongnuel/dev_ws/install/xarm_msgs/lib/libxarm_msgs__rosidl_generator_py.so" to ""
[26.197s] -- Installing: /home/benongnuel/dev_ws/install/xarm_msgs/share/xarm_msgs/msg/RobotMsg.idl
[26.197s] -- Installing: /home/benongnuel/dev_ws/install/xarm_msgs/share/xarm_msgs/msg/IOState.idl
[26.197s] -- Installing: /home/benongnuel/dev_ws/install/xarm_msgs/share/xarm_msgs/msg/CIOState.idl
[26.197s] -- Installing: /home/benongnuel/dev_ws/install/xarm_msgs/share/xarm_msgs/msg/MoveVelocity.idl
[26.197s] -- Installing: /home/benongnuel/dev_ws/install/xarm_msgs/share/xarm_msgs/srv/BioGripperCtrl.idl
[26.197s] -- Installing: /home/benongnuel/dev_ws/install/xarm_msgs/share/xarm_msgs/srv/BioGripperEnable.idl
[26.197s] -- Installing: /home/benongnuel/dev_ws/install/xarm_msgs/share/xarm_msgs/srv/Call.idl
[26.197s] -- Installing: /home/benongnuel/dev_ws/install/xarm_msgs/share/xarm_msgs/srv/GetAnalogIO.idl
[26.197s] -- Installing: /home/benongnuel/dev_ws/install/xarm_msgs/share/xarm_msgs/srv/GetDigitalIO.idl
[26.197s] -- Installing: /home/benongnuel/dev_ws/install/xarm_msgs/share/xarm_msgs/srv/GetFloat32.idl
[26.197s] -- Installing: /home/benongnuel/dev_ws/install/xarm_msgs/share/xarm_msgs/srv/GetFloat32List.idl
[26.197s] -- Installing: /home/benongnuel/dev_ws/install/xarm_msgs/share/xarm_msgs/srv/GetInt16.idl
[26.198s] -- Installing: /home/benongnuel/dev_ws/install/xarm_msgs/share/xarm_msgs/srv/GetInt16List.idl
[26.198s] -- Installing: /home/benongnuel/dev_ws/install/xarm_msgs/share/xarm_msgs/srv/GetInt32.idl
[26.198s] -- Installing: /home/benongnuel/dev_ws/install/xarm_msgs/share/xarm_msgs/srv/GetInt32ByType.idl
[26.198s] -- Installing: /home/benongnuel/dev_ws/install/xarm_msgs/share/xarm_msgs/srv/GetSetModbusData.idl
[26.198s] -- Installing: /home/benongnuel/dev_ws/install/xarm_msgs/share/xarm_msgs/srv/GripperMove.idl
[26.198s] -- Installing: /home/benongnuel/dev_ws/install/xarm_msgs/share/xarm_msgs/srv/MoveCartesian.idl
[26.198s] -- Installing: /home/benongnuel/dev_ws/install/xarm_msgs/share/xarm_msgs/srv/MoveCircle.idl
[26.198s] -- Installing: /home/benongnuel/dev_ws/install/xarm_msgs/share/xarm_msgs/srv/MoveHome.idl
[26.198s] -- Installing: /home/benongnuel/dev_ws/install/xarm_msgs/share/xarm_msgs/srv/MoveJoint.idl
[26.198s] -- Installing: /home/benongnuel/dev_ws/install/xarm_msgs/share/xarm_msgs/srv/MoveVelocity.idl
[26.198s] -- Installing: /home/benongnuel/dev_ws/install/xarm_msgs/share/xarm_msgs/srv/RobotiqActivate.idl
[26.198s] -- Installing: /home/benongnuel/dev_ws/install/xarm_msgs/share/xarm_msgs/srv/RobotiqGetStatus.idl
[26.198s] -- Installing: /home/benongnuel/dev_ws/install/xarm_msgs/share/xarm_msgs/srv/RobotiqMove.idl
[26.199s] -- Installing: /home/benongnuel/dev_ws/install/xarm_msgs/share/xarm_msgs/srv/RobotiqReset.idl
[26.199s] -- Installing: /home/benongnuel/dev_ws/install/xarm_msgs/share/xarm_msgs/srv/SetAnalogIO.idl
[26.199s] -- Installing: /home/benongnuel/dev_ws/install/xarm_msgs/share/xarm_msgs/srv/SetDigitalIO.idl
[26.199s] -- Installing: /home/benongnuel/dev_ws/install/xarm_msgs/share/xarm_msgs/srv/SetFloat32.idl
[26.199s] -- Installing: /home/benongnuel/dev_ws/install/xarm_msgs/share/xarm_msgs/srv/SetFloat32List.idl
[26.199s] -- Installing: /home/benongnuel/dev_ws/install/xarm_msgs/share/xarm_msgs/srv/SetInt16.idl
[26.199s] -- Installing: /home/benongnuel/dev_ws/install/xarm_msgs/share/xarm_msgs/srv/SetInt16ById.idl
[26.199s] -- Installing: /home/benongnuel/dev_ws/install/xarm_msgs/share/xarm_msgs/srv/SetInt16List.idl
[26.199s] -- Installing: /home/benongnuel/dev_ws/install/xarm_msgs/share/xarm_msgs/srv/SetInt32.idl
[26.199s] -- Installing: /home/benongnuel/dev_ws/install/xarm_msgs/share/xarm_msgs/srv/SetInt32ByType.idl
[26.199s] -- Installing: /home/benongnuel/dev_ws/install/xarm_msgs/share/xarm_msgs/srv/TrajCtrl.idl
[26.199s] -- Installing: /home/benongnuel/dev_ws/install/xarm_msgs/share/xarm_msgs/srv/TrajPlay.idl
[26.199s] -- Installing: /home/benongnuel/dev_ws/install/xarm_msgs/share/xarm_msgs/srv/VacuumGripperCtrl.idl
[26.200s] -- Installing: /home/benongnuel/dev_ws/install/xarm_msgs/share/xarm_msgs/srv/SetTcpLoad.idl
[26.200s] -- Installing: /home/benongnuel/dev_ws/install/xarm_msgs/share/xarm_msgs/srv/SetModbusTimeout.idl
[26.200s] -- Installing: /home/benongnuel/dev_ws/install/xarm_msgs/share/xarm_msgs/srv/IdenLoad.idl
[26.200s] -- Installing: /home/benongnuel/dev_ws/install/xarm_msgs/share/xarm_msgs/srv/FtCaliLoad.idl
[26.200s] -- Installing: /home/benongnuel/dev_ws/install/xarm_msgs/share/xarm_msgs/srv/FtForceConfig.idl
[26.200s] -- Installing: /home/benongnuel/dev_ws/install/xarm_msgs/share/xarm_msgs/srv/FtForcePid.idl
[26.200s] -- Installing: /home/benongnuel/dev_ws/install/xarm_msgs/share/xarm_msgs/srv/FtImpedance.idl
[26.200s] -- Installing: /home/benongnuel/dev_ws/install/xarm_msgs/share/xarm_msgs/srv/LinearTrackBackOrigin.idl
[26.200s] -- Installing: /home/benongnuel/dev_ws/install/xarm_msgs/share/xarm_msgs/srv/LinearTrackSetPos.idl
[26.200s] -- Installing: /home/benongnuel/dev_ws/install/xarm_msgs/share/xarm_msgs/srv/PlanExec.idl
[26.200s] -- Installing: /home/benongnuel/dev_ws/install/xarm_msgs/share/xarm_msgs/srv/PlanJoint.idl
[26.201s] -- Installing: /home/benongnuel/dev_ws/install/xarm_msgs/share/xarm_msgs/srv/PlanPose.idl
[26.201s] -- Installing: /home/benongnuel/dev_ws/install/xarm_msgs/share/xarm_msgs/srv/PlanSingleStraight.idl
[26.201s] -- Installing: /home/benongnuel/dev_ws/install/xarm_msgs/share/xarm_msgs/msg/RobotMsg.msg
[26.201s] -- Installing: /home/benongnuel/dev_ws/install/xarm_msgs/share/xarm_msgs/msg/IOState.msg
[26.201s] -- Installing: /home/benongnuel/dev_ws/install/xarm_msgs/share/xarm_msgs/msg/CIOState.msg
[26.201s] -- Installing: /home/benongnuel/dev_ws/install/xarm_msgs/share/xarm_msgs/msg/MoveVelocity.msg
[26.201s] -- Installing: /home/benongnuel/dev_ws/install/xarm_msgs/share/xarm_msgs/srv/BioGripperCtrl.srv
[26.201s] -- Installing: /home/benongnuel/dev_ws/install/xarm_msgs/share/xarm_msgs/srv/BioGripperCtrl_Request.msg
[26.201s] -- Installing: /home/benongnuel/dev_ws/install/xarm_msgs/share/xarm_msgs/srv/BioGripperCtrl_Response.msg
[26.201s] -- Installing: /home/benongnuel/dev_ws/install/xarm_msgs/share/xarm_msgs/srv/BioGripperEnable.srv
[26.202s] -- Installing: /home/benongnuel/dev_ws/install/xarm_msgs/share/xarm_msgs/srv/BioGripperEnable_Request.msg
[26.202s] -- Installing: /home/benongnuel/dev_ws/install/xarm_msgs/share/xarm_msgs/srv/BioGripperEnable_Response.msg
[26.202s] -- Installing: /home/benongnuel/dev_ws/install/xarm_msgs/share/xarm_msgs/srv/Call.srv
[26.202s] -- Installing: /home/benongnuel/dev_ws/install/xarm_msgs/share/xarm_msgs/srv/Call_Request.msg
[26.202s] -- Installing: /home/benongnuel/dev_ws/install/xarm_msgs/share/xarm_msgs/srv/Call_Response.msg
[26.202s] -- Installing: /home/benongnuel/dev_ws/install/xarm_msgs/share/xarm_msgs/srv/GetAnalogIO.srv
[26.202s] -- Installing: /home/benongnuel/dev_ws/install/xarm_msgs/share/xarm_msgs/srv/GetAnalogIO_Request.msg
[26.202s] -- Installing: /home/benongnuel/dev_ws/install/xarm_msgs/share/xarm_msgs/srv/GetAnalogIO_Response.msg
[26.202s] -- Installing: /home/benongnuel/dev_ws/install/xarm_msgs/share/xarm_msgs/srv/GetDigitalIO.srv
[26.202s] -- Installing: /home/benongnuel/dev_ws/install/xarm_msgs/share/xarm_msgs/srv/GetDigitalIO_Request.msg
[26.202s] -- Installing: /home/benongnuel/dev_ws/install/xarm_msgs/share/xarm_msgs/srv/GetDigitalIO_Response.msg
[26.203s] -- Installing: /home/benongnuel/dev_ws/install/xarm_msgs/share/xarm_msgs/srv/GetFloat32.srv
[26.203s] -- Installing: /home/benongnuel/dev_ws/install/xarm_msgs/share/xarm_msgs/srv/GetFloat32_Request.msg
[26.203s] -- Installing: /home/benongnuel/dev_ws/install/xarm_msgs/share/xarm_msgs/srv/GetFloat32_Response.msg
[26.203s] -- Installing: /home/benongnuel/dev_ws/install/xarm_msgs/share/xarm_msgs/srv/GetFloat32List.srv
[26.203s] -- Installing: /home/benongnuel/dev_ws/install/xarm_msgs/share/xarm_msgs/srv/GetFloat32List_Request.msg
[26.203s] -- Installing: /home/benongnuel/dev_ws/install/xarm_msgs/share/xarm_msgs/srv/GetFloat32List_Response.msg
[26.203s] -- Installing: /home/benongnuel/dev_ws/install/xarm_msgs/share/xarm_msgs/srv/GetInt16.srv
[26.203s] -- Installing: /home/benongnuel/dev_ws/install/xarm_msgs/share/xarm_msgs/srv/GetInt16_Request.msg
[26.203s] -- Installing: /home/benongnuel/dev_ws/install/xarm_msgs/share/xarm_msgs/srv/GetInt16_Response.msg
[26.203s] -- Installing: /home/benongnuel/dev_ws/install/xarm_msgs/share/xarm_msgs/srv/GetInt16List.srv
[26.203s] -- Installing: /home/benongnuel/dev_ws/install/xarm_msgs/share/xarm_msgs/srv/GetInt16List_Request.msg
[26.203s] -- Installing: /home/benongnuel/dev_ws/install/xarm_msgs/share/xarm_msgs/srv/GetInt16List_Response.msg
[26.204s] -- Installing: /home/benongnuel/dev_ws/install/xarm_msgs/share/xarm_msgs/srv/GetInt32.srv
[26.204s] -- Installing: /home/benongnuel/dev_ws/install/xarm_msgs/share/xarm_msgs/srv/GetInt32_Request.msg
[26.204s] -- Installing: /home/benongnuel/dev_ws/install/xarm_msgs/share/xarm_msgs/srv/GetInt32_Response.msg
[26.204s] -- Installing: /home/benongnuel/dev_ws/install/xarm_msgs/share/xarm_msgs/srv/GetInt32ByType.srv
[26.204s] -- Installing: /home/benongnuel/dev_ws/install/xarm_msgs/share/xarm_msgs/srv/GetInt32ByType_Request.msg
[26.204s] -- Installing: /home/benongnuel/dev_ws/install/xarm_msgs/share/xarm_msgs/srv/GetInt32ByType_Response.msg
[26.204s] -- Installing: /home/benongnuel/dev_ws/install/xarm_msgs/share/xarm_msgs/srv/GetSetModbusData.srv
[26.204s] -- Installing: /home/benongnuel/dev_ws/install/xarm_msgs/share/xarm_msgs/srv/GetSetModbusData_Request.msg
[26.204s] -- Installing: /home/benongnuel/dev_ws/install/xarm_msgs/share/xarm_msgs/srv/GetSetModbusData_Response.msg
[26.204s] -- Installing: /home/benongnuel/dev_ws/install/xarm_msgs/share/xarm_msgs/srv/GripperMove.srv
[26.204s] -- Installing: /home/benongnuel/dev_ws/install/xarm_msgs/share/xarm_msgs/srv/GripperMove_Request.msg
[26.204s] -- Installing: /home/benongnuel/dev_ws/install/xarm_msgs/share/xarm_msgs/srv/GripperMove_Response.msg
[26.205s] -- Installing: /home/benongnuel/dev_ws/install/xarm_msgs/share/xarm_msgs/srv/MoveCartesian.srv
[26.205s] -- Installing: /home/benongnuel/dev_ws/install/xarm_msgs/share/xarm_msgs/srv/MoveCartesian_Request.msg
[26.205s] -- Installing: /home/benongnuel/dev_ws/install/xarm_msgs/share/xarm_msgs/srv/MoveCartesian_Response.msg
[26.205s] -- Installing: /home/benongnuel/dev_ws/install/xarm_msgs/share/xarm_msgs/srv/MoveCircle.srv
[26.205s] -- Installing: /home/benongnuel/dev_ws/install/xarm_msgs/share/xarm_msgs/srv/MoveCircle_Request.msg
[26.205s] -- Installing: /home/benongnuel/dev_ws/install/xarm_msgs/share/xarm_msgs/srv/MoveCircle_Response.msg
[26.205s] -- Installing: /home/benongnuel/dev_ws/install/xarm_msgs/share/xarm_msgs/srv/MoveHome.srv
[26.205s] -- Installing: /home/benongnuel/dev_ws/install/xarm_msgs/share/xarm_msgs/srv/MoveHome_Request.msg
[26.205s] -- Installing: /home/benongnuel/dev_ws/install/xarm_msgs/share/xarm_msgs/srv/MoveHome_Response.msg
[26.205s] -- Installing: /home/benongnuel/dev_ws/install/xarm_msgs/share/xarm_msgs/srv/MoveJoint.srv
[26.205s] -- Installing: /home/benongnuel/dev_ws/install/xarm_msgs/share/xarm_msgs/srv/MoveJoint_Request.msg
[26.205s] -- Installing: /home/benongnuel/dev_ws/install/xarm_msgs/share/xarm_msgs/srv/MoveJoint_Response.msg
[26.206s] -- Installing: /home/benongnuel/dev_ws/install/xarm_msgs/share/xarm_msgs/srv/MoveVelocity.srv
[26.206s] -- Installing: /home/benongnuel/dev_ws/install/xarm_msgs/share/xarm_msgs/srv/MoveVelocity_Request.msg
[26.206s] -- Installing: /home/benongnuel/dev_ws/install/xarm_msgs/share/xarm_msgs/srv/MoveVelocity_Response.msg
[26.206s] -- Installing: /home/benongnuel/dev_ws/install/xarm_msgs/share/xarm_msgs/srv/RobotiqActivate.srv
[26.206s] -- Installing: /home/benongnuel/dev_ws/install/xarm_msgs/share/xarm_msgs/srv/RobotiqActivate_Request.msg
[26.206s] -- Installing: /home/benongnuel/dev_ws/install/xarm_msgs/share/xarm_msgs/srv/RobotiqActivate_Response.msg
[26.206s] -- Installing: /home/benongnuel/dev_ws/install/xarm_msgs/share/xarm_msgs/srv/RobotiqGetStatus.srv
[26.206s] -- Installing: /home/benongnuel/dev_ws/install/xarm_msgs/share/xarm_msgs/srv/RobotiqGetStatus_Request.msg
[26.206s] -- Installing: /home/benongnuel/dev_ws/install/xarm_msgs/share/xarm_msgs/srv/RobotiqGetStatus_Response.msg
[26.206s] -- Installing: /home/benongnuel/dev_ws/install/xarm_msgs/share/xarm_msgs/srv/RobotiqMove.srv
[26.206s] -- Installing: /home/benongnuel/dev_ws/install/xarm_msgs/share/xarm_msgs/srv/RobotiqMove_Request.msg
[26.206s] -- Installing: /home/benongnuel/dev_ws/install/xarm_msgs/share/xarm_msgs/srv/RobotiqMove_Response.msg
[26.207s] -- Installing: /home/benongnuel/dev_ws/install/xarm_msgs/share/xarm_msgs/srv/RobotiqReset.srv
[26.207s] -- Installing: /home/benongnuel/dev_ws/install/xarm_msgs/share/xarm_msgs/srv/RobotiqReset_Request.msg
[26.207s] -- Installing: /home/benongnuel/dev_ws/install/xarm_msgs/share/xarm_msgs/srv/RobotiqReset_Response.msg
[26.207s] -- Installing: /home/benongnuel/dev_ws/install/xarm_msgs/share/xarm_msgs/srv/SetAnalogIO.srv
[26.207s] -- Installing: /home/benongnuel/dev_ws/install/xarm_msgs/share/xarm_msgs/srv/SetAnalogIO_Request.msg
[26.207s] -- Installing: /home/benongnuel/dev_ws/install/xarm_msgs/share/xarm_msgs/srv/SetAnalogIO_Response.msg
[26.207s] -- Installing: /home/benongnuel/dev_ws/install/xarm_msgs/share/xarm_msgs/srv/SetDigitalIO.srv
[26.207s] -- Installing: /home/benongnuel/dev_ws/install/xarm_msgs/share/xarm_msgs/srv/SetDigitalIO_Request.msg
[26.207s] -- Installing: /home/benongnuel/dev_ws/install/xarm_msgs/share/xarm_msgs/srv/SetDigitalIO_Response.msg
[26.207s] -- Installing: /home/benongnuel/dev_ws/install/xarm_msgs/share/xarm_msgs/srv/SetFloat32.srv
[26.207s] -- Installing: /home/benongnuel/dev_ws/install/xarm_msgs/share/xarm_msgs/srv/SetFloat32_Request.msg
[26.208s] -- Installing: /home/benongnuel/dev_ws/install/xarm_msgs/share/xarm_msgs/srv/SetFloat32_Response.msg
[26.208s] -- Installing: /home/benongnuel/dev_ws/install/xarm_msgs/share/xarm_msgs/srv/SetFloat32List.srv
[26.208s] -- Installing: /home/benongnuel/dev_ws/install/xarm_msgs/share/xarm_msgs/srv/SetFloat32List_Request.msg
[26.208s] -- Installing: /home/benongnuel/dev_ws/install/xarm_msgs/share/xarm_msgs/srv/SetFloat32List_Response.msg
[26.208s] -- Installing: /home/benongnuel/dev_ws/install/xarm_msgs/share/xarm_msgs/srv/SetInt16.srv
[26.208s] -- Installing: /home/benongnuel/dev_ws/install/xarm_msgs/share/xarm_msgs/srv/SetInt16_Request.msg
[26.208s] -- Installing: /home/benongnuel/dev_ws/install/xarm_msgs/share/xarm_msgs/srv/SetInt16_Response.msg
[26.208s] -- Installing: /home/benongnuel/dev_ws/install/xarm_msgs/share/xarm_msgs/srv/SetInt16ById.srv
[26.208s] -- Installing: /home/benongnuel/dev_ws/install/xarm_msgs/share/xarm_msgs/srv/SetInt16ById_Request.msg
[26.208s] -- Installing: /home/benongnuel/dev_ws/install/xarm_msgs/share/xarm_msgs/srv/SetInt16ById_Response.msg
[26.208s] -- Installing: /home/benongnuel/dev_ws/install/xarm_msgs/share/xarm_msgs/srv/SetInt16List.srv
[26.208s] -- Installing: /home/benongnuel/dev_ws/install/xarm_msgs/share/xarm_msgs/srv/SetInt16List_Request.msg
[26.209s] -- Installing: /home/benongnuel/dev_ws/install/xarm_msgs/share/xarm_msgs/srv/SetInt16List_Response.msg
[26.209s] -- Installing: /home/benongnuel/dev_ws/install/xarm_msgs/share/xarm_msgs/srv/SetInt32.srv
[26.209s] -- Installing: /home/benongnuel/dev_ws/install/xarm_msgs/share/xarm_msgs/srv/SetInt32_Request.msg
[26.209s] -- Installing: /home/benongnuel/dev_ws/install/xarm_msgs/share/xarm_msgs/srv/SetInt32_Response.msg
[26.209s] -- Installing: /home/benongnuel/dev_ws/install/xarm_msgs/share/xarm_msgs/srv/SetInt32ByType.srv
[26.209s] -- Installing: /home/benongnuel/dev_ws/install/xarm_msgs/share/xarm_msgs/srv/SetInt32ByType_Request.msg
[26.209s] -- Installing: /home/benongnuel/dev_ws/install/xarm_msgs/share/xarm_msgs/srv/SetInt32ByType_Response.msg
[26.209s] -- Installing: /home/benongnuel/dev_ws/install/xarm_msgs/share/xarm_msgs/srv/TrajCtrl.srv
[26.210s] -- Installing: /home/benongnuel/dev_ws/install/xarm_msgs/share/xarm_msgs/srv/TrajCtrl_Request.msg
[26.210s] -- Installing: /home/benongnuel/dev_ws/install/xarm_msgs/share/xarm_msgs/srv/TrajCtrl_Response.msg
[26.210s] -- Installing: /home/benongnuel/dev_ws/install/xarm_msgs/share/xarm_msgs/srv/TrajPlay.srv
[26.210s] -- Installing: /home/benongnuel/dev_ws/install/xarm_msgs/share/xarm_msgs/srv/TrajPlay_Request.msg
[26.210s] -- Installing: /home/benongnuel/dev_ws/install/xarm_msgs/share/xarm_msgs/srv/TrajPlay_Response.msg
[26.210s] -- Installing: /home/benongnuel/dev_ws/install/xarm_msgs/share/xarm_msgs/srv/VacuumGripperCtrl.srv
[26.210s] -- Installing: /home/benongnuel/dev_ws/install/xarm_msgs/share/xarm_msgs/srv/VacuumGripperCtrl_Request.msg
[26.210s] -- Installing: /home/benongnuel/dev_ws/install/xarm_msgs/share/xarm_msgs/srv/VacuumGripperCtrl_Response.msg
[26.210s] -- Installing: /home/benongnuel/dev_ws/install/xarm_msgs/share/xarm_msgs/srv/SetTcpLoad.srv
[26.210s] -- Installing: /home/benongnuel/dev_ws/install/xarm_msgs/share/xarm_msgs/srv/SetTcpLoad_Request.msg
[26.211s] -- Installing: /home/benongnuel/dev_ws/install/xarm_msgs/share/xarm_msgs/srv/SetTcpLoad_Response.msg
[26.211s] -- Installing: /home/benongnuel/dev_ws/install/xarm_msgs/share/xarm_msgs/srv/SetModbusTimeout.srv
[26.211s] -- Installing: /home/benongnuel/dev_ws/install/xarm_msgs/share/xarm_msgs/srv/SetModbusTimeout_Request.msg
[26.211s] -- Installing: /home/benongnuel/dev_ws/install/xarm_msgs/share/xarm_msgs/srv/SetModbusTimeout_Response.msg
[26.211s] -- Installing: /home/benongnuel/dev_ws/install/xarm_msgs/share/xarm_msgs/srv/IdenLoad.srv
[26.211s] -- Installing: /home/benongnuel/dev_ws/install/xarm_msgs/share/xarm_msgs/srv/IdenLoad_Request.msg
[26.211s] -- Installing: /home/benongnuel/dev_ws/install/xarm_msgs/share/xarm_msgs/srv/IdenLoad_Response.msg
[26.211s] -- Installing: /home/benongnuel/dev_ws/install/xarm_msgs/share/xarm_msgs/srv/FtCaliLoad.srv
[26.211s] -- Installing: /home/benongnuel/dev_ws/install/xarm_msgs/share/xarm_msgs/srv/FtCaliLoad_Request.msg
[26.211s] -- Installing: /home/benongnuel/dev_ws/install/xarm_msgs/share/xarm_msgs/srv/FtCaliLoad_Response.msg
[26.211s] -- Installing: /home/benongnuel/dev_ws/install/xarm_msgs/share/xarm_msgs/srv/FtForceConfig.srv
[26.212s] -- Installing: /home/benongnuel/dev_ws/install/xarm_msgs/share/xarm_msgs/srv/FtForceConfig_Request.msg
[26.212s] -- Installing: /home/benongnuel/dev_ws/install/xarm_msgs/share/xarm_msgs/srv/FtForceConfig_Response.msg
[26.212s] -- Installing: /home/benongnuel/dev_ws/install/xarm_msgs/share/xarm_msgs/srv/FtForcePid.srv
[26.212s] -- Installing: /home/benongnuel/dev_ws/install/xarm_msgs/share/xarm_msgs/srv/FtForcePid_Request.msg
[26.212s] -- Installing: /home/benongnuel/dev_ws/install/xarm_msgs/share/xarm_msgs/srv/FtForcePid_Response.msg
[26.212s] -- Installing: /home/benongnuel/dev_ws/install/xarm_msgs/share/xarm_msgs/srv/FtImpedance.srv
[26.212s] -- Installing: /home/benongnuel/dev_ws/install/xarm_msgs/share/xarm_msgs/srv/FtImpedance_Request.msg
[26.212s] -- Installing: /home/benongnuel/dev_ws/install/xarm_msgs/share/xarm_msgs/srv/FtImpedance_Response.msg
[26.212s] -- Installing: /home/benongnuel/dev_ws/install/xarm_msgs/share/xarm_msgs/srv/LinearTrackBackOrigin.srv
[26.212s] -- Installing: /home/benongnuel/dev_ws/install/xarm_msgs/share/xarm_msgs/srv/LinearTrackBackOrigin_Request.msg
[26.212s] -- Installing: /home/benongnuel/dev_ws/install/xarm_msgs/share/xarm_msgs/srv/LinearTrackBackOrigin_Response.msg
[26.212s] -- Installing: /home/benongnuel/dev_ws/install/xarm_msgs/share/xarm_msgs/srv/LinearTrackSetPos.srv
[26.213s] -- Installing: /home/benongnuel/dev_ws/install/xarm_msgs/share/xarm_msgs/srv/LinearTrackSetPos_Request.msg
[26.213s] -- Installing: /home/benongnuel/dev_ws/install/xarm_msgs/share/xarm_msgs/srv/LinearTrackSetPos_Response.msg
[26.213s] -- Installing: /home/benongnuel/dev_ws/install/xarm_msgs/share/xarm_msgs/srv/PlanExec.srv
[26.213s] -- Installing: /home/benongnuel/dev_ws/install/xarm_msgs/share/xarm_msgs/srv/PlanExec_Request.msg
[26.213s] -- Installing: /home/benongnuel/dev_ws/install/xarm_msgs/share/xarm_msgs/srv/PlanExec_Response.msg
[26.213s] -- Installing: /home/benongnuel/dev_ws/install/xarm_msgs/share/xarm_msgs/srv/PlanJoint.srv
[26.213s] -- Installing: /home/benongnuel/dev_ws/install/xarm_msgs/share/xarm_msgs/srv/PlanJoint_Request.msg
[26.213s] -- Installing: /home/benongnuel/dev_ws/install/xarm_msgs/share/xarm_msgs/srv/PlanJoint_Response.msg
[26.213s] -- Installing: /home/benongnuel/dev_ws/install/xarm_msgs/share/xarm_msgs/srv/PlanPose.srv
[26.213s] -- Installing: /home/benongnuel/dev_ws/install/xarm_msgs/share/xarm_msgs/srv/PlanPose_Request.msg
[26.213s] -- Installing: /home/benongnuel/dev_ws/install/xarm_msgs/share/xarm_msgs/srv/PlanPose_Response.msg
[26.214s] -- Installing: /home/benongnuel/dev_ws/install/xarm_msgs/share/xarm_msgs/srv/PlanSingleStraight.srv
[26.214s] -- Installing: /home/benongnuel/dev_ws/install/xarm_msgs/share/xarm_msgs/srv/PlanSingleStraight_Request.msg
[26.214s] -- Installing: /home/benongnuel/dev_ws/install/xarm_msgs/share/xarm_msgs/srv/PlanSingleStraight_Response.msg
[26.214s] -- Installing: /home/benongnuel/dev_ws/install/xarm_msgs/share/ament_index/resource_index/package_run_dependencies/xarm_msgs
[26.214s] -- Installing: /home/benongnuel/dev_ws/install/xarm_msgs/share/ament_index/resource_index/parent_prefix_path/xarm_msgs
[26.214s] -- Installing: /home/benongnuel/dev_ws/install/xarm_msgs/share/xarm_msgs/environment/ament_prefix_path.sh
[26.214s] -- Installing: /home/benongnuel/dev_ws/install/xarm_msgs/share/xarm_msgs/environment/ament_prefix_path.dsv
[26.214s] -- Installing: /home/benongnuel/dev_ws/install/xarm_msgs/share/xarm_msgs/environment/path.sh
[26.214s] -- Installing: /home/benongnuel/dev_ws/install/xarm_msgs/share/xarm_msgs/environment/path.dsv
[26.214s] -- Installing: /home/benongnuel/dev_ws/install/xarm_msgs/share/xarm_msgs/local_setup.bash
[26.214s] -- Installing: /home/benongnuel/dev_ws/install/xarm_msgs/share/xarm_msgs/local_setup.sh
[26.214s] -- Installing: /home/benongnuel/dev_ws/install/xarm_msgs/share/xarm_msgs/local_setup.zsh
[26.215s] -- Installing: /home/benongnuel/dev_ws/install/xarm_msgs/share/xarm_msgs/local_setup.dsv
[26.215s] -- Installing: /home/benongnuel/dev_ws/install/xarm_msgs/share/xarm_msgs/package.dsv
[26.215s] -- Installing: /home/benongnuel/dev_ws/install/xarm_msgs/share/ament_index/resource_index/packages/xarm_msgs
[26.215s] -- Installing: /home/benongnuel/dev_ws/install/xarm_msgs/share/xarm_msgs/cmake/export_xarm_msgs__rosidl_generator_cExport.cmake
[26.215s] -- Installing: /home/benongnuel/dev_ws/install/xarm_msgs/share/xarm_msgs/cmake/export_xarm_msgs__rosidl_generator_cExport-noconfig.cmake
[26.215s] -- Installing: /home/benongnuel/dev_ws/install/xarm_msgs/share/xarm_msgs/cmake/export_xarm_msgs__rosidl_typesupport_fastrtps_cExport.cmake
[26.215s] -- Installing: /home/benongnuel/dev_ws/install/xarm_msgs/share/xarm_msgs/cmake/export_xarm_msgs__rosidl_typesupport_fastrtps_cExport-noconfig.cmake
[26.215s] -- Installing: /home/benongnuel/dev_ws/install/xarm_msgs/share/xarm_msgs/cmake/export_xarm_msgs__rosidl_generator_cppExport.cmake
[26.215s] -- Installing: /home/benongnuel/dev_ws/install/xarm_msgs/share/xarm_msgs/cmake/export_xarm_msgs__rosidl_typesupport_fastrtps_cppExport.cmake
[26.215s] -- Installing: /home/benongnuel/dev_ws/install/xarm_msgs/share/xarm_msgs/cmake/export_xarm_msgs__rosidl_typesupport_fastrtps_cppExport-noconfig.cmake
[26.216s] -- Installing: /home/benongnuel/dev_ws/install/xarm_msgs/share/xarm_msgs/cmake/xarm_msgs__rosidl_typesupport_introspection_cExport.cmake
[26.216s] -- Installing: /home/benongnuel/dev_ws/install/xarm_msgs/share/xarm_msgs/cmake/xarm_msgs__rosidl_typesupport_introspection_cExport-noconfig.cmake
[26.216s] -- Installing: /home/benongnuel/dev_ws/install/xarm_msgs/share/xarm_msgs/cmake/xarm_msgs__rosidl_typesupport_cExport.cmake
[26.216s] -- Installing: /home/benongnuel/dev_ws/install/xarm_msgs/share/xarm_msgs/cmake/xarm_msgs__rosidl_typesupport_cExport-noconfig.cmake
[26.216s] -- Installing: /home/benongnuel/dev_ws/install/xarm_msgs/share/xarm_msgs/cmake/xarm_msgs__rosidl_typesupport_introspection_cppExport.cmake
[26.216s] -- Installing: /home/benongnuel/dev_ws/install/xarm_msgs/share/xarm_msgs/cmake/xarm_msgs__rosidl_typesupport_introspection_cppExport-noconfig.cmake
[26.216s] -- Installing: /home/benongnuel/dev_ws/install/xarm_msgs/share/xarm_msgs/cmake/xarm_msgs__rosidl_typesupport_cppExport.cmake
[26.216s] -- Installing: /home/benongnuel/dev_ws/install/xarm_msgs/share/xarm_msgs/cmake/xarm_msgs__rosidl_typesupport_cppExport-noconfig.cmake
[26.216s] -- Installing: /home/benongnuel/dev_ws/install/xarm_msgs/share/xarm_msgs/cmake/export_xarm_msgs__rosidl_generator_pyExport.cmake
[26.216s] -- Installing: /home/benongnuel/dev_ws/install/xarm_msgs/share/xarm_msgs/cmake/export_xarm_msgs__rosidl_generator_pyExport-noconfig.cmake
[26.216s] -- Installing: /home/benongnuel/dev_ws/install/xarm_msgs/share/xarm_msgs/cmake/rosidl_cmake-extras.cmake
[26.217s] -- Installing: /home/benongnuel/dev_ws/install/xarm_msgs/share/xarm_msgs/cmake/ament_cmake_export_dependencies-extras.cmake
[26.217s] -- Installing: /home/benongnuel/dev_ws/install/xarm_msgs/share/xarm_msgs/cmake/ament_cmake_export_include_directories-extras.cmake
[26.217s] -- Installing: /home/benongnuel/dev_ws/install/xarm_msgs/share/xarm_msgs/cmake/ament_cmake_export_libraries-extras.cmake
[26.217s] -- Installing: /home/benongnuel/dev_ws/install/xarm_msgs/share/xarm_msgs/cmake/ament_cmake_export_targets-extras.cmake
[26.217s] -- Installing: /home/benongnuel/dev_ws/install/xarm_msgs/share/xarm_msgs/cmake/rosidl_cmake_export_typesupport_targets-extras.cmake
[26.217s] -- Installing: /home/benongnuel/dev_ws/install/xarm_msgs/share/xarm_msgs/cmake/rosidl_cmake_export_typesupport_libraries-extras.cmake
[26.217s] -- Installing: /home/benongnuel/dev_ws/install/xarm_msgs/share/xarm_msgs/cmake/xarm_msgsConfig.cmake
[26.217s] -- Installing: /home/benongnuel/dev_ws/install/xarm_msgs/share/xarm_msgs/cmake/xarm_msgsConfig-version.cmake
[26.217s] -- Installing: /home/benongnuel/dev_ws/install/xarm_msgs/share/xarm_msgs/package.xml
[26.219s] Invoked command in '/home/benongnuel/dev_ws/build/xarm_msgs' returned '0': CMAKE_PREFIX_PATH=${CMAKE_PREFIX_PATH}:/opt/ros/humble /usr/bin/cmake --install /home/benongnuel/dev_ws/build/xarm_msgs
